timestamp_utc,latitude,longitude,heart_rate,finish_time_utc,elapsed_race_time_s,finished_flag,seg_dist_m,dist_from_start_m,SOG_raw_mpm,COG_raw_deg,geom_leg_id,geom_from_mark,geom_to_mark,geom_leg_bearing_deg,target_lat_deg,target_lon_deg,dist_to_target_m,bearing_to_target_deg,COG_deg,ATB_angle_deg,ATB_offset_deg,axis_angle_signed_deg,is_upwind,upwind_dist_remaining_m
2026-05-12T12:28:38+00:00,43.51626617833972,16.370680667459965,136,2026-05-12T12:36:41.554952+00:00,484,1,0.0,0.0,0.0,0.0,1,Start,Finish,222,43.51087825005148,16.363954599943668,808,222,189,33,,,False,
2026-05-12T12:28:39+00:00,43.51624597795307,16.370676392689347,136,2026-05-12T12:36:41.554952+00:00,484,1,2.272,2.272,136.32,188.725,1,Start,Finish,222,43.51087825005148,16.363954599943668,806,222,189,33,,,False,
2026-05-12T12:28:40+00:00,43.51622431073338,16.370673060882837,137,2026-05-12T12:36:41.554952+00:00,484,1,2.424,4.697,145.44,186.363,1,Start,Finish,222,43.51087825005148,16.363954599943668,804,222,188,34,,,False,
2026-05-12T12:28:41+00:00,43.51620264351368,16.370669729076326,138,2026-05-12T12:36:41.554952+00:00,484,1,2.424,7.121,145.44,186.363,1,Start,Finish,222,43.51087825005148,16.363954599943668,802,222,188,34,,,False,
2026-05-12T12:28:42+00:00,43.51618097629398,16.370666397269815,138,2026-05-12T12:36:41.554952+00:00,484,1,2.424,9.545,145.44,186.363,1,Start,Finish,222,43.51087825005148,16.363954599943668,800,223,188,35,,,False,
2026-05-12T12:28:43+00:00,43.51615930907428,16.370663065463305,139,2026-05-12T12:36:41.554952+00:00,484,1,2.424,11.969,145.44,186.363,1,Start,Finish,222,43.51087825005148,16.363954599943668,798,223,187,36,,,False,
2026-05-12T12:28:44+00:00,43.51613758597523,16.370659545063972,138,2026-05-12T12:36:41.554952+00:00,484,1,2.432,14.401,145.92,186.703,1,Start,Finish,222,43.51087825005148,16.363954599943668,796,223,187,36,,,False,
2026-05-12T12:28:45+00:00,43.51611586287618,16.37065602466464,138,2026-05-12T12:36:41.554952+00:00,484,1,2.432,16.834,145.92,186.703,1,Start,Finish,222,43.51087825005148,16.363954599943668,794,223,187,36,,,False,
2026-05-12T12:28:46+00:00,43.51609413977712,16.37065250426531,138,2026-05-12T12:36:41.554952+00:00,484,1,2.432,19.266,145.92,186.703,1,Start,Finish,222,43.51087825005148,16.363954599943668,793,223,187,36,,,False,
2026-05-12T12:28:47+00:00,43.51607241667807,16.370648983865976,137,2026-05-12T12:36:41.554952+00:00,484,1,2.432,21.698,145.92,186.703,1,Start,Finish,222,43.51087825005148,16.363954599943668,791,223,186,37,,,False,
2026-05-12T12:28:48+00:00,43.51605069357902,16.370645463466644,136,2026-05-12T12:36:41.554952+00:00,484,1,2.432,24.13,145.92,186.703,1,Start,Finish,222,43.51087825005148,16.363954599943668,789,223,186,37,,,False,
2026-05-12T12:28:49+00:00,43.516028970479965,16.370641943067312,136,2026-05-12T12:36:41.554952+00:00,484,1,2.432,26.562,145.92,186.703,1,Start,Finish,222,43.51087825005148,16.363954599943668,787,223,187,36,,,False,
2026-05-12T12:28:50+00:00,43.51600910536945,16.37063923291862,136,2026-05-12T12:36:41.554952+00:00,484,1,2.22,28.782,133.2,185.65,1,Start,Finish,222,43.51087825005148,16.363954599943668,785,223,187,36,,,False,
2026-05-12T12:28:51+00:00,43.51598924025893,16.370636522769928,136,2026-05-12T12:36:41.554952+00:00,484,1,2.22,31.001,133.2,185.65,1,Start,Finish,222,43.51087825005148,16.363954599943668,783,223,187,36,,,False,
2026-05-12T12:28:52+00:00,43.515969375148416,16.370633812621236,136,2026-05-12T12:36:41.554952+00:00,484,1,2.22,33.221,133.2,185.65,1,Start,Finish,222,43.51087825005148,16.363954599943668,781,224,187,37,,,False,
2026-05-12T12:28:53+00:00,43.51594934239984,16.370629705488682,137,2026-05-12T12:36:41.554952+00:00,484,1,2.252,35.473,135.12,188.457,1,Start,Finish,222,43.51087825005148,16.363954599943668,780,224,187,37,,,False,
2026-05-12T12:28:54+00:00,43.515929309651256,16.370625598356128,138,2026-05-12T12:36:41.554952+00:00,484,1,2.252,37.725,135.12,188.457,1,Start,Finish,222,43.51087825005148,16.363954599943668,778,224,187,37,,,False,
2026-05-12T12:28:55+00:00,43.51590927690267,16.370621491223574,139,2026-05-12T12:36:41.554952+00:00,484,1,2.252,39.977,135.12,188.457,1,Start,Finish,222,43.51087825005148,16.363954599943668,776,224,187,37,,,False,
2026-05-12T12:28:56+00:00,43.51589012425393,16.370617300271988,141,2026-05-12T12:36:41.554952+00:00,484,1,2.156,42.134,129.36,189.017,1,Start,Finish,222,43.51087825005148,16.363954599943668,774,224,187,37,,,False,
2026-05-12T12:28:57+00:00,43.51587097160518,16.370613109320402,143,2026-05-12T12:36:41.554952+00:00,484,1,2.156,44.29,129.36,189.017,1,Start,Finish,222,43.51087825005148,16.363954599943668,772,224,187,37,,,False,
2026-05-12T12:28:58+00:00,43.51585116237402,16.370610650628805,144,2026-05-12T12:36:41.554952+00:00,484,1,2.212,46.501,132.72,185.143,1,Start,Finish,222,43.51087825005148,16.363954599943668,771,224,186,38,,,False,
2026-05-12T12:28:59+00:00,43.51583135314286,16.370608191937208,146,2026-05-12T12:36:41.554952+00:00,484,1,2.212,48.713,132.72,185.143,1,Start,Finish,222,43.51087825005148,16.363954599943668,769,224,185,39,,,False,
2026-05-12T12:29:00+00:00,43.515811543911695,16.37060573324561,147,2026-05-12T12:36:41.554952+00:00,484,1,2.212,50.925,132.72,185.143,1,Start,Finish,222,43.51087825005148,16.363954599943668,767,224,184,40,,,False,
2026-05-12T12:29:01+00:00,43.515790107194334,16.370604853145778,148,2026-05-12T12:36:41.554952+00:00,484,1,2.385,53.309,143.1,181.705,1,Start,Finish,222,43.51087825005148,16.363954599943668,765,224,184,40,,,False,
2026-05-12T12:29:02+00:00,43.51576867047697,16.370603973045945,148,2026-05-12T12:36:41.554952+00:00,484,1,2.385,55.694,143.1,181.705,1,Start,Finish,222,43.51087825005148,16.363954599943668,764,225,183,42,,,False,
2026-05-12T12:29:03+00:00,43.51574723375961,16.370603092946112,148,2026-05-12T12:36:41.554952+00:00,484,1,2.385,58.079,143.1,181.705,1,Start,Finish,222,43.51087825005148,16.363954599943668,762,225,183,42,,,False,
2026-05-12T12:29:04+00:00,43.51572579704225,16.37060221284628,149,2026-05-12T12:36:41.554952+00:00,484,1,2.385,60.463,143.1,181.705,1,Start,Finish,222,43.51087825005148,16.363954599943668,760,225,183,42,,,False,
2026-05-12T12:29:05+00:00,43.51570727303624,16.370600502938032,150,2026-05-12T12:36:41.554952+00:00,484,1,2.064,62.528,123.84,183.83,1,Start,Finish,222,43.51087825005148,16.363954599943668,759,225,183,42,,,False,
2026-05-12T12:29:06+00:00,43.51568874903023,16.370598793029785,150,2026-05-12T12:36:41.554952+00:00,484,1,2.064,64.592,123.84,183.83,1,Start,Finish,222,43.51087825005148,16.363954599943668,757,225,181,44,,,False,
2026-05-12T12:29:07+00:00,43.51567022502422,16.370597083121538,151,2026-05-12T12:36:41.554952+00:00,484,1,2.064,66.657,123.84,183.83,1,Start,Finish,222,43.51087825005148,16.363954599943668,756,225,180,45,,,False,
2026-05-12T12:29:08+00:00,43.515651701018214,16.37059537321329,151,2026-05-12T12:36:41.554952+00:00,484,1,2.064,68.721,123.84,183.83,1,Start,Finish,222,43.51087825005148,16.363954599943668,754,225,179,46,,,False,
2026-05-12T12:29:09+00:00,43.515633177012205,16.370593663305044,152,2026-05-12T12:36:41.554952+00:00,484,1,2.064,70.785,123.84,183.83,1,Start,Finish,222,43.51087825005148,16.363954599943668,752,225,188,37,,,False,
2026-05-12T12:29:10+00:00,43.51561737712473,16.37059655506164,152,2026-05-12T12:36:41.554952+00:00,484,1,1.772,72.558,106.32,172.44,1,Start,Finish,222,43.51087825005148,16.363954599943668,751,225,193,32,,,False,
2026-05-12T12:29:11+00:00,43.51560157723725,16.370599446818233,152,2026-05-12T12:36:41.554952+00:00,484,1,1.772,74.33,106.32,172.44,1,Start,Finish,222,43.51087825005148,16.363954599943668,750,226,198,28,,,False,
2026-05-12T12:29:12+00:00,43.51558577734977,16.370602338574827,153,2026-05-12T12:36:41.554952+00:00,484,1,1.772,76.102,106.32,172.44,1,Start,Finish,222,43.51087825005148,16.363954599943668,749,226,206,20,,,False,
2026-05-12T12:29:13+00:00,43.51556997746229,16.37060523033142,153,2026-05-12T12:36:41.554952+00:00,484,1,1.772,77.874,106.32,172.44,1,Start,Finish,222,43.51087825005148,16.363954599943668,748,226,214,12,,,False,
2026-05-12T12:29:14+00:00,43.51556366309523,16.370592741295695,154,2026-05-12T12:36:41.554952+00:00,484,1,1.228,79.102,73.68,235.116,1,Start,Finish,222,43.51087825005148,16.363954599943668,747,226,217,9,,,False,
2026-05-12T12:29:15+00:00,43.51555734872818,16.37058025225997,154,2026-05-12T12:36:41.554952+00:00,484,1,1.228,80.33,73.68,235.116,1,Start,Finish,222,43.51087825005148,16.363954599943668,746,226,223,3,,,False,
2026-05-12T12:29:16+00:00,43.51555103436112,16.370567763224244,155,2026-05-12T12:36:41.554952+00:00,484,1,1.228,81.558,73.68,235.116,1,Start,Finish,222,43.51087825005148,16.363954599943668,745,226,227,1,,,False,
2026-05-12T12:29:17+00:00,43.515551746822894,16.370543581433594,155,2026-05-12T12:36:41.554952+00:00,484,1,1.952,83.509,117.12,272.327,1,Start,Finish,222,43.51087825005148,16.363954599943668,743,226,238,12,,,False,
2026-05-12T12:29:18+00:00,43.51555245928466,16.370519399642944,155,2026-05-12T12:36:41.554952+00:00,484,1,1.952,85.461,117.12,272.327,1,Start,Finish,222,43.51087825005148,16.363954599943668,742,226,248,22,,,False,
2026-05-12T12:29:19+00:00,43.51555376446673,16.37049260150109,155,2026-05-12T12:36:41.554952+00:00,484,1,2.166,87.626,129.96,273.842,1,Start,Finish,222,43.51087825005148,16.363954599943668,740,225,256,31,,,False,
2026-05-12T12:29:20+00:00,43.51555506964879,16.370465803359235,156,2026-05-12T12:36:41.554952+00:00,484,1,2.166,89.792,129.96,273.842,1,Start,Finish,222,43.51087825005148,16.363954599943668,739,225,266,41,,,False,
2026-05-12T12:29:21+00:00,43.51555637483086,16.37043900521738,156,2026-05-12T12:36:41.554952+00:00,484,1,2.166,91.958,129.96,273.842,1,Start,Finish,222,43.51087825005148,16.363954599943668,738,225,274,49,,,False,
2026-05-12T12:29:22+00:00,43.515557680012925,16.37041220707553,156,2026-05-12T12:36:41.554952+00:00,484,1,2.166,94.124,129.96,273.842,1,Start,Finish,222,43.51087825005148,16.363954599943668,736,225,273,48,,,False,
2026-05-12T12:29:23+00:00,43.51555898519499,16.370385408933675,156,2026-05-12T12:36:41.554952+00:00,484,1,2.166,96.29,129.96,273.842,1,Start,Finish,222,43.51087825005148,16.363954599943668,735,225,273,48,,,False,
2026-05-12T12:29:24+00:00,43.51556029037705,16.37035861079182,157,2026-05-12T12:36:41.554952+00:00,484,1,2.166,98.455,129.96,273.842,1,Start,Finish,222,43.51087825005148,16.363954599943668,733,225,272,47,,,False,
2026-05-12T12:29:25+00:00,43.51556159555912,16.370331812649965,157,2026-05-12T12:36:41.554952+00:00,484,1,2.166,100.621,129.96,273.842,1,Start,Finish,222,43.51087825005148,16.363954599943668,732,225,271,46,,,False,
2026-05-12T12:29:26+00:00,43.515561152515666,16.370307050113166,157,2026-05-12T12:36:41.554952+00:00,484,1,1.997,102.619,119.82,268.587,1,Start,Finish,222,43.51087825005148,16.363954599943668,730,225,271,46,,,False,
2026-05-12T12:29:27+00:00,43.51556070947221,16.37028228757637,156,2026-05-12T12:36:41.554952+00:00,484,1,1.997,104.616,119.82,268.587,1,Start,Finish,222,43.51087825005148,16.363954599943668,729,224,270,46,,,False,
2026-05-12T12:29:28+00:00,43.51556026642876,16.37025752503957,156,2026-05-12T12:36:41.554952+00:00,484,1,1.997,106.613,119.82,268.587,1,Start,Finish,222,43.51087825005148,16.363954599943668,728,224,270,46,,,False,
2026-05-12T12:29:29+00:00,43.51555982338531,16.370232762502773,155,2026-05-12T12:36:41.554952+00:00,484,1,1.997,108.611,119.82,268.587,1,Start,Finish,222,43.51087825005148,16.363954599943668,726,224,269,45,,,False,
2026-05-12T12:29:30+00:00,43.515559380341855,16.370207999965974,155,2026-05-12T12:36:41.554952+00:00,484,1,1.997,110.608,119.82,268.587,1,Start,Finish,222,43.51087825005148,16.363954599943668,725,224,269,45,,,False,
2026-05-12T12:29:31+00:00,43.5155589372984,16.370183237429178,154,2026-05-12T12:36:41.554952+00:00,484,1,1.997,112.606,119.82,268.587,1,Start,Finish,222,43.51087825005148,16.363954599943668,723,224,268,44,,,False,
2026-05-12T12:29:32+00:00,43.51555849425495,16.370158474892378,154,2026-05-12T12:36:41.554952+00:00,484,1,1.997,114.603,119.82,268.587,1,Start,Finish,222,43.51087825005148,16.363954599943668,722,224,268,44,,,False,
2026-05-12T12:29:33+00:00,43.51555796340108,16.37013559229672,153,2026-05-12T12:36:41.554952+00:00,484,1,1.846,116.449,110.76,268.168,1,Start,Finish,222,43.51087825005148,16.363954599943668,721,224,268,44,,,False,
2026-05-12T12:29:34+00:00,43.51555743254721,16.37011270970106,152,2026-05-12T12:36:41.554952+00:00,484,1,1.846,118.295,110.76,268.168,1,Start,Finish,222,43.51087825005148,16.363954599943668,719,224,268,44,,,False,
2026-05-12T12:29:35+00:00,43.515556901693344,16.370089827105403,151,2026-05-12T12:36:41.554952+00:00,484,1,1.846,120.141,110.76,268.168,1,Start,Finish,222,43.51087825005148,16.363954599943668,718,224,268,44,,,False,
2026-05-12T12:29:36+00:00,43.515555979683995,16.370063801296055,150,2026-05-12T12:36:41.554952+00:00,484,1,2.101,122.242,126.06,267.203,1,Start,Finish,222,43.51087825005148,16.363954599943668,716,223,269,46,,,False,
2026-05-12T12:29:37+00:00,43.515555057674646,16.370037775486708,148,2026-05-12T12:36:41.554952+00:00,484,1,2.101,124.344,126.06,267.203,1,Start,Finish,222,43.51087825005148,16.363954599943668,715,223,269,46,,,False,
2026-05-12T12:29:38+00:00,43.51555468048901,16.370010660029948,146,2026-05-12T12:36:41.554952+00:00,484,1,2.187,126.531,131.22,268.901,1,Start,Finish,222,43.51087825005148,16.363954599943668,713,223,269,46,,,False,
2026-05-12T12:29:39+00:00,43.51555430330336,16.369983544573188,144,2026-05-12T12:36:41.554952+00:00,484,1,2.187,128.717,131.22,268.901,1,Start,Finish,222,43.51087825005148,16.363954599943668,712,223,269,46,,,False,
2026-05-12T12:29:40+00:00,43.51555489003658,16.369956680573523,142,2026-05-12T12:36:41.554952+00:00,484,1,2.167,130.885,130.02,271.725,1,Start,Finish,222,43.51087825005148,16.363954599943668,710,223,270,47,,,False,
2026-05-12T12:29:41+00:00,43.515555476769805,16.36992981657386,141,2026-05-12T12:36:41.554952+00:00,484,1,2.167,133.052,130.02,271.725,1,Start,Finish,222,43.51087825005148,16.363954599943668,709,223,270,47,,,False,
2026-05-12T12:29:42+00:00,43.51555553264916,16.369900228455663,141,2026-05-12T12:36:41.554952+00:00,484,1,2.386,135.438,143.16,270.149,1,Start,Finish,222,43.51087825005148,16.363954599943668,707,223,270,47,,,False,
2026-05-12T12:29:43+00:00,43.515555588528514,16.369870640337467,141,2026-05-12T12:36:41.554952+00:00,484,1,2.386,137.824,143.16,270.149,1,Start,Finish,222,43.51087825005148,16.363954599943668,706,223,270,47,,,False,
2026-05-12T12:29:44+00:00,43.51555564440787,16.36984105221927,141,2026-05-12T12:36:41.554952+00:00,484,1,2.386,140.21,143.16,270.149,1,Start,Finish,222,43.51087825005148,16.363954599943668,704,222,270,48,,,False,
2026-05-12T12:29:45+00:00,43.51555567793548,16.36981057561934,140,2026-05-12T12:36:41.554952+00:00,484,1,2.458,142.667,147.48,270.087,1,Start,Finish,222,43.51087825005148,16.363954599943668,703,222,270,48,,,False,
2026-05-12T12:29:46+00:00,43.515555711463094,16.36978009901941,140,2026-05-12T12:36:41.554952+00:00,484,1,2.458,145.125,147.48,270.087,1,Start,Finish,222,43.51087825005148,16.363954599943668,701,222,270,48,,,False,
2026-05-12T12:29:47+00:00,43.515555744990706,16.369749622419477,139,2026-05-12T12:36:41.554952+00:00,484,1,2.458,147.582,147.48,270.087,1,Start,Finish,222,43.51087825005148,16.363954599943668,699,222,269,47,,,False,
2026-05-12T12:29:48+00:00,43.51555577851832,16.369719145819545,139,2026-05-12T12:36:41.554952+00:00,484,1,2.458,150.04,147.48,270.087,1,Start,Finish,222,43.51087825005148,16.363954599943668,698,222,268,46,,,False,
2026-05-12T12:29:49+00:00,43.51555581204593,16.369688669219613,138,2026-05-12T12:36:41.554952+00:00,484,1,2.458,152.497,147.48,270.087,1,Start,Finish,222,43.51087825005148,16.363954599943668,696,222,268,46,,,False,
2026-05-12T12:29:50+00:00,43.51555394707248,16.369661050848663,139,2026-05-12T12:36:41.554952+00:00,484,1,2.237,154.734,134.22,264.68,1,Start,Finish,222,43.51087825005148,16.363954599943668,694,222,268,46,,,False,
2026-05-12T12:29:51+00:00,43.51555208209902,16.369633432477713,140,2026-05-12T12:36:41.554952+00:00,484,1,2.237,156.971,134.22,264.68,1,Start,Finish,222,43.51087825005148,16.363954599943668,693,221,267,46,,,False,
2026-05-12T12:29:52+00:00,43.515550217125565,16.369605814106762,140,2026-05-12T12:36:41.554952+00:00,484,1,2.237,159.207,134.22,264.68,1,Start,Finish,222,43.51087825005148,16.363954599943668,691,221,267,46,,,False,
2026-05-12T12:29:53+00:00,43.51554835215211,16.369578195735812,141,2026-05-12T12:36:41.554952+00:00,484,1,2.237,161.444,134.22,264.68,1,Start,Finish,222,43.51087825005148,16.363954599943668,689,221,267,46,,,False,
2026-05-12T12:29:54+00:00,43.515548100695014,16.36955141555518,142,2026-05-12T12:36:41.554952+00:00,484,1,2.16,163.604,129.6,269.258,1,Start,Finish,222,43.51087825005148,16.363954599943668,688,221,267,46,,,False,
2026-05-12T12:29:55+00:00,43.51554784923792,16.369524635374546,143,2026-05-12T12:36:41.554952+00:00,484,1,2.16,165.763,129.6,269.258,1,Start,Finish,222,43.51087825005148,16.363954599943668,687,221,268,47,,,False,
2026-05-12T12:29:56+00:00,43.515547597780824,16.369497855193913,144,2026-05-12T12:36:41.554952+00:00,484,1,2.16,167.923,129.6,269.258,1,Start,Finish,222,43.51087825005148,16.363954599943668,685,221,268,47,,,False,
2026-05-12T12:29:57+00:00,43.51554734632373,16.36947107501328,145,2026-05-12T12:36:41.554952+00:00,484,1,2.16,170.083,129.6,269.258,1,Start,Finish,222,43.51087825005148,16.363954599943668,684,221,269,48,,,False,
2026-05-12T12:29:58+00:00,43.51554699009285,16.369446432217956,146,2026-05-12T12:36:41.554952+00:00,484,1,1.988,172.07,119.28,268.858,1,Start,Finish,222,43.51087825005148,16.363954599943668,682,220,270,50,,,False,
2026-05-12T12:29:59+00:00,43.51554663386196,16.36942178942263,146,2026-05-12T12:36:41.554952+00:00,484,1,1.988,174.058,119.28,268.858,1,Start,Finish,222,43.51087825005148,16.363954599943668,681,220,270,50,,,False,
2026-05-12T12:30:00+00:00,43.515546277631074,16.369397146627307,146,2026-05-12T12:36:41.554952+00:00,484,1,1.988,176.045,119.28,268.858,1,Start,Finish,222,43.51087825005148,16.363954599943668,680,220,271,51,,,False,
2026-05-12T12:30:01+00:00,43.51554592140019,16.369372503831983,147,2026-05-12T12:36:41.554952+00:00,484,1,1.988,178.033,119.28,268.858,1,Start,Finish,222,43.51087825005148,16.363954599943668,678,220,271,51,,,False,
2026-05-12T12:30:02+00:00,43.51554715074599,16.3693462125957,146,2026-05-12T12:36:41.554952+00:00,484,1,2.124,180.157,127.44,273.689,1,Start,Finish,222,43.51087825005148,16.363954599943668,677,220,271,51,,,False,
2026-05-12T12:30:03+00:00,43.515548380091786,16.36931992135942,144,2026-05-12T12:36:41.554952+00:00,484,1,2.124,182.282,127.44,273.689,1,Start,Finish,222,43.51087825005148,16.363954599943668,676,220,271,51,,,False,
2026-05-12T12:30:04+00:00,43.515549609437585,16.36929363012314,143,2026-05-12T12:36:41.554952+00:00,484,1,2.124,184.406,127.44,273.689,1,Start,Finish,222,43.51087825005148,16.363954599943668,675,220,271,51,,,False,
2026-05-12T12:30:05+00:00,43.51554969325662,16.36926467064768,140,2026-05-12T12:36:41.554952+00:00,484,1,2.335,186.741,140.1,270.229,1,Start,Finish,222,43.51087825005148,16.363954599943668,673,220,271,51,,,False,
2026-05-12T12:30:06+00:00,43.51554977707565,16.369235711172223,138,2026-05-12T12:36:41.554952+00:00,484,1,2.335,189.077,140.1,270.229,1,Start,Finish,222,43.51087825005148,16.363954599943668,672,219,271,52,,,False,
2026-05-12T12:30:07+00:00,43.51554981898517,16.369205557275563,139,2026-05-12T12:36:41.554952+00:00,484,1,2.432,191.508,145.92,270.11,1,Start,Finish,222,43.51087825005148,16.363954599943668,670,219,271,52,,,False,
2026-05-12T12:30:08+00:00,43.51554986089468,16.369175403378904,140,2026-05-12T12:36:41.554952+00:00,484,1,2.432,193.94,145.92,270.11,1,Start,Finish,222,43.51087825005148,16.363954599943668,669,219,271,52,,,False,
2026-05-12T12:30:09+00:00,43.51554990280419,16.369145249482244,141,2026-05-12T12:36:41.554952+00:00,484,1,2.432,196.371,145.92,270.11,1,Start,Finish,222,43.51087825005148,16.363954599943668,667,219,270,51,,,False,
2026-05-12T12:30:10+00:00,43.51554994471371,16.369115095585585,142,2026-05-12T12:36:41.554952+00:00,484,1,2.432,198.803,145.92,270.11,1,Start,Finish,222,43.51087825005148,16.363954599943668,666,219,270,51,,,False,
2026-05-12T12:30:11+00:00,43.51555120199919,16.369088692590594,144,2026-05-12T12:36:41.554952+00:00,484,1,2.134,200.936,128.04,273.757,1,Start,Finish,222,43.51087825005148,16.363954599943668,664,219,269,50,,,False,
2026-05-12T12:30:12+00:00,43.5155504476279,16.36905949562788,143,2026-05-12T12:36:41.554952+00:00,484,1,2.356,203.292,141.36,267.96,1,Start,Finish,222,43.51087825005148,16.363954599943668,663,218,266,48,,,False,
2026-05-12T12:30:13+00:00,43.51554969325662,16.369030298665166,141,2026-05-12T12:36:41.554952+00:00,484,1,2.356,205.648,141.36,267.96,1,Start,Finish,222,43.51087825005148,16.363954599943668,661,218,262,44,,,False,
2026-05-12T12:30:14+00:00,43.51554893888533,16.36900110170245,140,2026-05-12T12:36:41.554952+00:00,484,1,2.356,208.004,141.36,267.96,1,Start,Finish,222,43.51087825005148,16.363954599943668,660,218,255,37,,,False,
2026-05-12T12:30:15+00:00,43.5155470110476,16.368975033983588,135,2026-05-12T12:36:41.554952+00:00,484,1,2.113,210.117,126.78,264.177,1,Start,Finish,222,43.51087825005148,16.363954599943668,658,218,248,30,,,False,
2026-05-12T12:30:16+00:00,43.51554066175595,16.36895609088242,135,2026-05-12T12:36:41.554952+00:00,484,1,1.683,211.8,100.98,245.194,1,Start,Finish,222,43.51087825005148,16.363954599943668,657,218,239,21,,,False,
2026-05-12T12:30:17+00:00,43.5155343124643,16.368937147781253,136,2026-05-12T12:36:41.554952+00:00,484,1,1.683,213.483,100.98,245.194,1,Start,Finish,222,43.51087825005148,16.363954599943668,655,218,236,18,,,False,
2026-05-12T12:30:18+00:00,43.51552796317264,16.368918204680085,136,2026-05-12T12:36:41.554952+00:00,484,1,1.683,215.165,100.98,245.194,1,Start,Finish,222,43.51087825005148,16.363954599943668,654,218,229,11,,,False,
2026-05-12T12:30:19+00:00,43.51552161388099,16.368899261578918,136,2026-05-12T12:36:41.554952+00:00,484,1,1.683,216.848,100.98,245.194,1,Start,Finish,222,43.51087825005148,16.363954599943668,652,218,219,1,,,False,
2026-05-12T12:30:20+00:00,43.51551272906363,16.36889213696122,139,2026-05-12T12:36:41.554952+00:00,484,1,1.143,217.991,68.58,210.179,1,Start,Finish,222,43.51087825005148,16.363954599943668,651,218,219,1,,,False,
2026-05-12T12:30:21+00:00,43.515498312190175,16.36889255605638,141,2026-05-12T12:36:41.554952+00:00,484,1,1.603,219.594,96.18,178.792,1,Start,Finish,222,43.51087825005148,16.363954599943668,650,218,209,9,,,False,
2026-05-12T12:30:22+00:00,43.51548054255545,16.368897585198283,144,2026-05-12T12:36:41.554952+00:00,484,1,2.017,221.611,121.02,168.402,1,Start,Finish,222,43.51087825005148,16.363954599943668,649,218,199,19,,,False,
2026-05-12T12:30:23+00:00,43.51545958779752,16.368906260468066,145,2026-05-12T12:36:41.554952+00:00,484,1,2.433,224.044,145.98,163.289,1,Start,Finish,222,43.51087825005148,16.363954599943668,647,218,187,31,,,False,
2026-05-12T12:30:24+00:00,43.515438633039594,16.36891493573785,146,2026-05-12T12:36:41.554952+00:00,484,1,2.433,226.477,145.98,163.289,1,Start,Finish,222,43.51087825005148,16.363954599943668,646,218,180,38,,,False,
2026-05-12T12:30:25+00:00,43.51541822310537,16.36892046779394,148,2026-05-12T12:36:41.554952+00:00,484,1,2.313,228.79,138.78,168.88,1,Start,Finish,222,43.51087825005148,16.363954599943668,644,218,170,48,,,False,
2026-05-12T12:30:26+00:00,43.51539781317115,16.368925999850035,149,2026-05-12T12:36:41.554952+00:00,484,1,2.313,231.103,138.78,168.88,1,Start,Finish,222,43.51087825005148,16.363954599943668,643,219,169,50,,,False,
2026-05-12T12:30:27+00:00,43.51537551730871,16.36892973817885,148,2026-05-12T12:36:41.554952+00:00,484,1,2.497,233.6,149.82,173.067,1,Start,Finish,222,43.51087825005148,16.363954599943668,641,219,170,49,,,False,
2026-05-12T12:30:28+00:00,43.51535322144627,16.368933476507664,147,2026-05-12T12:36:41.554952+00:00,484,1,2.497,236.098,149.82,173.067,1,Start,Finish,222,43.51087825005148,16.363954599943668,639,219,172,47,,,False,
2026-05-12T12:30:29+00:00,43.51533092558384,16.36893721483648,146,2026-05-12T12:36:41.554952+00:00,484,1,2.497,238.595,149.82,173.067,1,Start,Finish,222,43.51087825005148,16.363954599943668,638,219,175,44,,,False,
2026-05-12T12:30:30+00:00,43.5153086297214,16.368940953165293,145,2026-05-12T12:36:41.554952+00:00,484,1,2.497,241.093,149.82,173.067,1,Start,Finish,222,43.51087825005148,16.363954599943668,636,219,177,42,,,False,
2026-05-12T12:30:31+00:00,43.51528633385897,16.368944691494107,144,2026-05-12T12:36:41.554952+00:00,484,1,2.497,243.59,149.82,173.067,1,Start,Finish,222,43.51087825005148,16.363954599943668,634,219,178,41,,,False,
2026-05-12T12:30:32+00:00,43.51526403799653,16.368941548280418,144,2026-05-12T12:36:41.554952+00:00,484,1,2.492,246.082,149.52,185.837,1,Start,Finish,222,43.51087825005148,16.363954599943668,632,220,180,40,,,False,
2026-05-12T12:30:33+00:00,43.515241742134094,16.36893840506673,143,2026-05-12T12:36:41.554952+00:00,484,1,2.492,248.574,149.52,185.837,1,Start,Finish,222,43.51087825005148,16.363954599943668,630,220,181,39,,,False,
2026-05-12T12:30:34+00:00,43.51522024255246,16.36893698014319,142,2026-05-12T12:36:41.554952+00:00,484,1,2.393,250.968,143.58,182.752,1,Start,Finish,222,43.51087825005148,16.363954599943668,628,220,183,37,,,False,
2026-05-12T12:30:35+00:00,43.515198742970824,16.36893555521965,140,2026-05-12T12:36:41.554952+00:00,484,1,2.393,253.361,143.58,182.752,1,Start,Finish,222,43.51087825005148,16.363954599943668,626,220,184,36,,,False,
2026-05-12T12:30:36+00:00,43.51517731882632,16.368932085111737,139,2026-05-12T12:36:41.554952+00:00,484,1,2.399,255.76,143.94,186.699,1,Start,Finish,222,43.51087825005148,16.363954599943668,624,220,186,34,,,False,
2026-05-12T12:30:37+00:00,43.51515589468181,16.368928615003824,139,2026-05-12T12:36:41.554952+00:00,484,1,2.399,258.158,143.94,186.699,1,Start,Finish,222,43.51087825005148,16.363954599943668,622,220,186,34,,,False,
2026-05-12T12:30:38+00:00,43.515134470537305,16.36892514489591,138,2026-05-12T12:36:41.554952+00:00,484,1,2.399,260.557,143.94,186.699,1,Start,Finish,222,43.51087825005148,16.363954599943668,620,220,187,33,,,False,
2026-05-12T12:30:39+00:00,43.5151130463928,16.368921674787998,138,2026-05-12T12:36:41.554952+00:00,484,1,2.399,262.956,143.94,186.699,1,Start,Finish,222,43.51087825005148,16.363954599943668,618,220,187,33,,,False,
2026-05-12T12:30:40+00:00,43.51509162224829,16.368918204680085,137,2026-05-12T12:36:41.554952+00:00,484,1,2.399,265.354,143.94,186.699,1,Start,Finish,222,43.51087825005148,16.363954599943668,616,221,187,34,,,False,
2026-05-12T12:30:41+00:00,43.51507121231407,16.368913343176246,138,2026-05-12T12:36:41.554952+00:00,484,1,2.303,267.657,138.18,189.8,1,Start,Finish,222,43.51087825005148,16.363954599943668,614,221,187,34,,,False,
2026-05-12T12:30:42+00:00,43.51505080237985,16.368908481672406,140,2026-05-12T12:36:41.554952+00:00,484,1,2.303,269.961,138.18,189.8,1,Start,Finish,222,43.51087825005148,16.363954599943668,612,221,187,34,,,False,
2026-05-12T12:30:43+00:00,43.51502838078886,16.368905170820653,141,2026-05-12T12:36:41.554952+00:00,484,1,2.507,272.468,150.42,186.112,1,Start,Finish,222,43.51087825005148,16.363954599943668,610,221,187,34,,,False,
2026-05-12T12:30:44+00:00,43.51500595919788,16.3689018599689,142,2026-05-12T12:36:41.554952+00:00,484,1,2.507,274.975,150.42,186.112,1,Start,Finish,222,43.51087825005148,16.363954599943668,608,221,186,35,,,False,
2026-05-12T12:30:45+00:00,43.514983537606895,16.368898549117148,142,2026-05-12T12:36:41.554952+00:00,484,1,2.507,277.483,150.42,186.112,1,Start,Finish,222,43.51087825005148,16.363954599943668,606,221,186,35,,,False,
2026-05-12T12:30:46+00:00,43.51496111601591,16.368895238265395,143,2026-05-12T12:36:41.554952+00:00,484,1,2.507,279.99,150.42,186.112,1,Start,Finish,222,43.51087825005148,16.363954599943668,604,221,185,36,,,False,
2026-05-12T12:30:47+00:00,43.51494028698653,16.36889377143234,144,2026-05-12T12:36:41.554952+00:00,484,1,2.319,282.309,139.14,182.924,1,Start,Finish,222,43.51087825005148,16.363954599943668,602,221,184,37,,,False,
2026-05-12T12:30:48+00:00,43.51491945795715,16.368892304599285,144,2026-05-12T12:36:41.554952+00:00,484,1,2.319,284.628,139.14,182.924,1,Start,Finish,222,43.51087825005148,16.363954599943668,600,222,184,38,,,False,
2026-05-12T12:30:49+00:00,43.51489862892777,16.36889083776623,145,2026-05-12T12:36:41.554952+00:00,484,1,2.319,286.947,139.14,182.924,1,Start,Finish,222,43.51087825005148,16.363954599943668,599,222,184,38,,,False,
2026-05-12T12:30:50+00:00,43.514877799898386,16.368889370933175,146,2026-05-12T12:36:41.554952+00:00,484,1,2.319,289.267,139.14,182.924,1,Start,Finish,222,43.51087825005148,16.363954599943668,597,222,183,39,,,False,
2026-05-12T12:30:51+00:00,43.51485550403595,16.36888861656189,147,2026-05-12T12:36:41.554952+00:00,484,1,2.48,291.747,148.8,181.406,1,Start,Finish,222,43.51087825005148,16.363954599943668,595,222,187,35,,,False,
2026-05-12T12:30:52+00:00,43.51483698002994,16.36888721259311,146,2026-05-12T12:36:41.554952+00:00,484,1,2.063,293.809,123.78,183.146,1,Start,Finish,222,43.51087825005148,16.363954599943668,593,222,194,28,,,False,
2026-05-12T12:30:53+00:00,43.51481845602393,16.368885808624327,146,2026-05-12T12:36:41.554952+00:00,484,1,2.063,295.872,123.78,183.146,1,Start,Finish,222,43.51087825005148,16.363954599943668,592,222,202,20,,,False,
2026-05-12T12:30:54+00:00,43.51479993201792,16.368884404655546,146,2026-05-12T12:36:41.554952+00:00,484,1,2.063,297.935,123.78,183.146,1,Start,Finish,222,43.51087825005148,16.363954599943668,590,222,211,11,,,False,
2026-05-12T12:30:55+00:00,43.51478140801191,16.368883000686765,145,2026-05-12T12:36:41.554952+00:00,484,1,2.063,299.998,123.78,183.146,1,Start,Finish,222,43.51087825005148,16.363954599943668,588,222,215,7,,,False,
2026-05-12T12:30:56+00:00,43.51477134972811,16.368869673460722,145,2026-05-12T12:36:41.554952+00:00,484,1,1.551,301.549,93.06,223.857,1,Start,Finish,222,43.51087825005148,16.363954599943668,587,222,221,1,,,False,
2026-05-12T12:30:57+00:00,43.51477202028036,16.368851149454713,146,2026-05-12T12:36:41.554952+00:00,484,1,1.496,303.045,89.76,272.858,1,Start,Finish,222,43.51087825005148,16.363954599943668,586,222,232,10,,,False,
2026-05-12T12:30:58+00:00,43.51477248128504,16.368823028169572,148,2026-05-12T12:36:41.554952+00:00,484,1,2.268,305.313,136.08,271.295,1,Start,Finish,222,43.51087825005148,16.363954599943668,584,222,238,16,,,False,
2026-05-12T12:30:59+00:00,43.51477294228971,16.368794906884432,149,2026-05-12T12:36:41.554952+00:00,484,1,2.268,307.581,136.08,271.295,1,Start,Finish,222,43.51087825005148,16.363954599943668,583,222,248,26,,,False,
2026-05-12T12:31:00+00:00,43.5147734452039,16.368759367614985,149,2026-05-12T12:36:41.554952+00:00,484,1,2.866,310.448,171.96,271.118,1,Start,Finish,222,43.51087825005148,16.363954599943668,581,222,264,42,,,False,
2026-05-12T12:31:01+00:00,43.5147718526423,16.368727572262287,150,2026-05-12T12:36:41.554952+00:00,484,1,2.57,313.018,154.2,266.049,1,Start,Finish,222,43.51087825005148,16.363954599943668,579,222,269,47,,,False,
2026-05-12T12:31:02+00:00,43.514770260080695,16.36869577690959,151,2026-05-12T12:36:41.554952+00:00,484,1,2.57,315.588,154.2,266.049,1,Start,Finish,222,43.51087825005148,16.363954599943668,577,221,268,47,,,False,
2026-05-12T12:31:03+00:00,43.51476866751909,16.368663981556892,152,2026-05-12T12:36:41.554952+00:00,484,1,2.57,318.158,154.2,266.049,1,Start,Finish,222,43.51087825005148,16.363954599943668,576,221,268,47,,,False,
2026-05-12T12:31:04+00:00,43.51476786285639,16.368632113561034,152,2026-05-12T12:36:41.554952+00:00,484,1,2.571,320.729,154.26,268.006,1,Start,Finish,222,43.51087825005148,16.363954599943668,574,221,267,46,,,False,
2026-05-12T12:31:05+00:00,43.51476705819368,16.368600245565176,152,2026-05-12T12:36:41.554952+00:00,484,1,2.571,323.3,154.26,268.006,1,Start,Finish,222,43.51087825005148,16.363954599943668,572,221,267,46,,,False,
2026-05-12T12:31:06+00:00,43.51476625353098,16.368568377569318,153,2026-05-12T12:36:41.554952+00:00,484,1,2.571,325.872,154.26,268.006,1,Start,Finish,222,43.51087825005148,16.363954599943668,570,221,268,47,,,False,
2026-05-12T12:31:07+00:00,43.514765448868275,16.36853650957346,153,2026-05-12T12:36:41.554952+00:00,484,1,2.571,328.443,154.26,268.006,1,Start,Finish,222,43.51087825005148,16.363954599943668,569,221,268,47,,,False,
2026-05-12T12:31:08+00:00,43.51476464420557,16.3685046415776,153,2026-05-12T12:36:41.554952+00:00,484,1,2.571,331.014,154.26,268.006,1,Start,Finish,222,43.51087825005148,16.363954599943668,567,220,268,48,,,False,
2026-05-12T12:31:09+00:00,43.5147639233619,16.36847527138889,154,2026-05-12T12:36:41.554952+00:00,484,1,2.37,333.384,142.2,268.062,1,Start,Finish,222,43.51087825005148,16.363954599943668,565,220,268,48,,,False,
2026-05-12T12:31:10+00:00,43.514763202518225,16.368445901200175,154,2026-05-12T12:36:41.554952+00:00,484,1,2.37,335.754,142.2,268.062,1,Start,Finish,222,43.51087825005148,16.363954599943668,564,220,268,48,,,False,
2026-05-12T12:31:11+00:00,43.51476248167455,16.368416531011462,155,2026-05-12T12:36:41.554952+00:00,484,1,2.37,338.123,142.2,268.062,1,Start,Finish,222,43.51087825005148,16.363954599943668,562,220,268,48,,,False,
2026-05-12T12:31:12+00:00,43.51476176083088,16.36838716082275,155,2026-05-12T12:36:41.554952+00:00,484,1,2.37,340.493,142.2,268.062,1,Start,Finish,222,43.51087825005148,16.363954599943668,561,220,268,48,,,False,
2026-05-12T12:31:13+00:00,43.51476103998721,16.368357790634036,156,2026-05-12T12:36:41.554952+00:00,484,1,2.37,342.863,142.2,268.062,1,Start,Finish,222,43.51087825005148,16.363954599943668,559,219,267,48,,,False,
2026-05-12T12:31:14+00:00,43.51475976174697,16.36832933407277,156,2026-05-12T12:36:41.554952+00:00,484,1,2.299,345.162,137.94,266.456,1,Start,Finish,222,43.51087825005148,16.363954599943668,557,219,267,48,,,False,
2026-05-12T12:31:15+00:00,43.51475848350674,16.3683008775115,156,2026-05-12T12:36:41.554952+00:00,484,1,2.299,347.461,137.94,266.456,1,Start,Finish,222,43.51087825005148,16.363954599943668,556,219,268,49,,,False,
2026-05-12T12:31:16+00:00,43.514757205266505,16.368272420950234,157,2026-05-12T12:36:41.554952+00:00,484,1,2.299,349.76,137.94,266.456,1,Start,Finish,222,43.51087825005148,16.363954599943668,554,219,268,49,,,False,
2026-05-12T12:31:17+00:00,43.51475592702627,16.368243964388967,157,2026-05-12T12:36:41.554952+00:00,484,1,2.299,352.059,137.94,266.456,1,Start,Finish,222,43.51087825005148,16.363954599943668,553,219,268,49,,,False,
2026-05-12T12:31:18+00:00,43.51475550793111,16.368215286305972,157,2026-05-12T12:36:41.554952+00:00,484,1,2.313,354.372,138.78,268.846,1,Start,Finish,222,43.51087825005148,16.363954599943668,551,219,268,49,,,False,
2026-05-12T12:31:19+00:00,43.514755088835955,16.368186608222977,156,2026-05-12T12:36:41.554952+00:00,484,1,2.313,356.685,138.78,268.846,1,Start,Finish,222,43.51087825005148,16.363954599943668,550,218,268,50,,,False,
2026-05-12T12:31:20+00:00,43.5147546697408,16.368157930139983,156,2026-05-12T12:36:41.554952+00:00,484,1,2.313,358.998,138.78,268.846,1,Start,Finish,222,43.51087825005148,16.363954599943668,548,218,268,50,,,False,
2026-05-12T12:31:21+00:00,43.51475425064564,16.368129252056992,155,2026-05-12T12:36:41.554952+00:00,484,1,2.313,361.311,138.78,268.846,1,Start,Finish,222,43.51087825005148,16.363954599943668,547,218,262,44,,,False,
2026-05-12T12:31:22+00:00,43.51475383155048,16.368100573973997,155,2026-05-12T12:36:41.554952+00:00,484,1,2.313,363.624,138.78,268.846,1,Start,Finish,222,43.51087825005148,16.363954599943668,545,218,257,39,,,False,
2026-05-12T12:31:23+00:00,43.51475341245532,16.368071895891003,154,2026-05-12T12:36:41.554952+00:00,484,1,2.313,365.937,138.78,268.846,1,Start,Finish,222,43.51087825005148,16.363954599943668,544,218,249,31,,,False,
2026-05-12T12:31:24+00:00,43.51475299336016,16.368043217808008,154,2026-05-12T12:36:41.554952+00:00,484,1,2.313,368.25,138.78,268.846,1,Start,Finish,222,43.51087825005148,16.363954599943668,543,217,241,24,,,False,
2026-05-12T12:31:25+00:00,43.51474855095148,16.36802922002971,152,2026-05-12T12:36:41.554952+00:00,484,1,1.232,369.483,73.92,246.365,1,Start,Finish,222,43.51087825005148,16.363954599943668,541,217,231,14,,,False,
2026-05-12T12:31:26+00:00,43.51473954040557,16.36801911983639,152,2026-05-12T12:36:41.554952+00:00,484,1,1.291,370.774,77.46,219.108,1,Start,Finish,222,43.51087825005148,16.363954599943668,540,217,231,14,,,False,
2026-05-12T12:31:27+00:00,43.51473052985966,16.36800901964307,153,2026-05-12T12:36:41.554952+00:00,484,1,1.291,372.065,77.46,219.108,1,Start,Finish,222,43.51087825005148,16.363954599943668,539,217,221,4,,,False,
2026-05-12T12:31:28+00:00,43.51471002213657,16.36800890788436,154,2026-05-12T12:36:41.554952+00:00,484,1,2.28,374.345,136.8,180.226,1,Start,Finish,222,43.51087825005148,16.363954599943668,537,218,212,6,,,False,
2026-05-12T12:31:29+00:00,43.51468951441347,16.36800879612565,155,2026-05-12T12:36:41.554952+00:00,484,1,2.28,376.626,136.8,180.226,1,Start,Finish,222,43.51087825005148,16.363954599943668,535,218,206,12,,,False,
2026-05-12T12:31:30+00:00,43.51466900669038,16.36800868436694,156,2026-05-12T12:36:41.554952+00:00,484,1,2.28,378.906,136.8,180.226,1,Start,Finish,222,43.51087825005148,16.363954599943668,533,218,197,21,,,False,
2026-05-12T12:31:31+00:00,43.514645202085376,16.368005638942122,157,2026-05-12T12:36:41.554952+00:00,484,1,2.658,381.564,159.48,185.301,1,Start,Finish,222,43.51087825005148,16.363954599943668,531,218,189,29,,,False,
2026-05-12T12:31:32+00:00,43.51462139748037,16.368002593517303,158,2026-05-12T12:36:41.554952+00:00,484,1,2.658,384.223,159.48,185.301,1,Start,Finish,222,43.51087825005148,16.363954599943668,529,218,186,32,,,False,
2026-05-12T12:31:33+00:00,43.51459759287536,16.367999548092484,159,2026-05-12T12:36:41.554952+00:00,484,1,2.658,386.881,159.48,185.301,1,Start,Finish,222,43.51087825005148,16.363954599943668,527,218,190,28,,,False,
2026-05-12T12:31:34+00:00,43.5145760178566,16.367990478873253,160,2026-05-12T12:36:41.554952+00:00,484,1,2.508,389.389,150.48,196.953,1,Start,Finish,222,43.51087825005148,16.363954599943668,524,218,192,26,,,False,
2026-05-12T12:31:35+00:00,43.514554442837834,16.36798140965402,160,2026-05-12T12:36:41.554952+00:00,484,1,2.508,391.897,150.48,196.953,1,Start,Finish,222,43.51087825005148,16.363954599943668,522,218,194,24,,,False,
2026-05-12T12:31:36+00:00,43.51453286781907,16.36797234043479,161,2026-05-12T12:36:41.554952+00:00,484,1,2.508,394.405,150.48,196.953,1,Start,Finish,222,43.51087825005148,16.363954599943668,520,219,195,24,,,False,
2026-05-12T12:31:37+00:00,43.51451129280031,16.367963271215558,161,2026-05-12T12:36:41.554952+00:00,484,1,2.508,396.913,150.48,196.953,1,Start,Finish,222,43.51087825005148,16.363954599943668,517,219,196,23,,,False,
2026-05-12T12:31:38+00:00,43.514489717781544,16.367954201996326,162,2026-05-12T12:36:41.554952+00:00,484,1,2.508,399.421,150.48,196.953,1,Start,Finish,222,43.51087825005148,16.363954599943668,515,219,195,24,,,False,
2026-05-12T12:31:39+00:00,43.514466751366854,16.36794657446444,162,2026-05-12T12:36:41.554952+00:00,484,1,2.627,402.048,157.62,193.542,1,Start,Finish,222,43.51087825005148,16.363954599943668,513,219,194,25,,,False,
2026-05-12T12:31:40+00:00,43.51444400846958,16.367940679192543,163,2026-05-12T12:36:41.554952+00:00,484,1,2.573,404.621,154.38,190.646,1,Start,Finish,222,43.51087825005148,16.363954599943668,510,219,192,27,,,False,
2026-05-12T12:31:41+00:00,43.51442126557231,16.367934783920646,164,2026-05-12T12:36:41.554952+00:00,484,1,2.573,407.194,154.38,190.646,1,Start,Finish,222,43.51087825005148,16.363954599943668,508,219,190,29,,,False,
2026-05-12T12:31:42+00:00,43.51439852267504,16.36792888864875,165,2026-05-12T12:36:41.554952+00:00,484,1,2.573,409.767,154.38,190.646,1,Start,Finish,222,43.51087825005148,16.363954599943668,506,219,188,31,,,False,
2026-05-12T12:31:43+00:00,43.51437646429986,16.36792633216828,166,2026-05-12T12:36:41.554952+00:00,484,1,2.461,412.229,147.66,184.804,1,Start,Finish,222,43.51087825005148,16.363954599943668,504,219,187,32,,,False,
2026-05-12T12:31:44+00:00,43.51435440592468,16.367923775687814,166,2026-05-12T12:36:41.554952+00:00,484,1,2.461,414.69,147.66,184.804,1,Start,Finish,222,43.51087825005148,16.363954599943668,502,220,186,34,,,False,
2026-05-12T12:31:45+00:00,43.5143323475495,16.367921219207346,166,2026-05-12T12:36:41.554952+00:00,484,1,2.461,417.152,147.66,184.804,1,Start,Finish,222,43.51087825005148,16.363954599943668,500,220,185,35,,,False,
2026-05-12T12:31:46+00:00,43.51431028917432,16.36791866272688,167,2026-05-12T12:36:41.554952+00:00,484,1,2.461,419.613,147.66,184.804,1,Start,Finish,222,43.51087825005148,16.363954599943668,498,220,184,36,,,False,
2026-05-12T12:31:47+00:00,43.51428823079914,16.367916106246412,168,2026-05-12T12:36:41.554952+00:00,484,1,2.461,422.075,147.66,184.804,1,Start,Finish,222,43.51087825005148,16.363954599943668,496,220,182,38,,,False,
2026-05-12T12:31:48+00:00,43.51426617242396,16.367913549765944,168,2026-05-12T12:36:41.554952+00:00,484,1,2.461,424.536,147.66,184.804,1,Start,Finish,222,43.51087825005148,16.363954599943668,494,220,181,39,,,False,
2026-05-12T12:31:49+00:00,43.514245772967115,16.367915131850168,168,2026-05-12T12:36:41.554952+00:00,484,1,2.272,426.808,136.32,176.781,1,Start,Finish,222,43.51087825005148,16.363954599943668,492,220,180,40,,,False,
2026-05-12T12:31:50+00:00,43.51422537351027,16.36791671393439,168,2026-05-12T12:36:41.554952+00:00,484,1,2.272,429.08,136.32,176.781,1,Start,Finish,222,43.51087825005148,16.363954599943668,491,221,179,42,,,False,
2026-05-12T12:31:51+00:00,43.51420497405343,16.367918296018615,168,2026-05-12T12:36:41.554952+00:00,484,1,2.272,431.352,136.32,176.781,1,Start,Finish,222,43.51087825005148,16.363954599943668,489,221,179,42,,,False,
2026-05-12T12:31:52+00:00,43.514184574596584,16.36791987810284,168,2026-05-12T12:36:41.554952+00:00,484,1,2.272,433.624,136.32,176.781,1,Start,Finish,222,43.51087825005148,16.363954599943668,487,221,178,43,,,False,
2026-05-12T12:31:53+00:00,43.51416417513974,16.367921460187063,168,2026-05-12T12:36:41.554952+00:00,484,1,2.272,435.896,136.32,176.781,1,Start,Finish,222,43.51087825005148,16.363954599943668,486,221,177,44,,,False,
2026-05-12T12:31:54+00:00,43.514143775682896,16.367923042271286,168,2026-05-12T12:36:41.554952+00:00,484,1,2.272,438.167,136.32,176.781,1,Start,Finish,222,43.51087825005148,16.363954599943668,484,221,177,44,,,False,
2026-05-12T12:31:55+00:00,43.51412337622605,16.36792462435551,168,2026-05-12T12:36:41.554952+00:00,484,1,2.272,440.439,136.32,176.781,1,Start,Finish,222,43.51087825005148,16.363954599943668,482,222,176,46,,,False,
2026-05-12T12:31:56+00:00,43.51410297676921,16.367926206439734,168,2026-05-12T12:36:41.554952+00:00,484,1,2.272,442.711,136.32,176.781,1,Start,Finish,222,43.51087825005148,16.363954599943668,481,222,176,46,,,False,
2026-05-12T12:31:57+00:00,43.51408295599477,16.367928301915526,168,2026-05-12T12:36:41.554952+00:00,484,1,2.233,444.944,133.98,175.659,1,Start,Finish,222,43.51087825005148,16.363954599943668,479,222,176,46,,,False,
2026-05-12T12:31:58+00:00,43.514062935220345,16.36793039739132,167,2026-05-12T12:36:41.554952+00:00,484,1,2.233,447.176,133.98,175.659,1,Start,Finish,222,43.51087825005148,16.363954599943668,478,222,176,46,,,False,
2026-05-12T12:31:59+00:00,43.51404291444591,16.367932492867112,167,2026-05-12T12:36:41.554952+00:00,484,1,2.233,449.409,133.98,175.659,1,Start,Finish,222,43.51087825005148,16.363954599943668,476,222,176,46,,,False,
2026-05-12T12:32:00+00:00,43.51402289367148,16.367934588342905,166,2026-05-12T12:36:41.554952+00:00,484,1,2.233,451.642,133.98,175.659,1,Start,Finish,222,43.51087825005148,16.363954599943668,475,223,176,47,,,False,
2026-05-12T12:32:01+00:00,43.514002872897045,16.367936683818698,166,2026-05-12T12:36:41.554952+00:00,484,1,2.233,453.874,133.98,175.659,1,Start,Finish,222,43.51087825005148,16.363954599943668,473,223,176,47,,,False,
2026-05-12T12:32:02+00:00,43.513982852122616,16.36793877929449,165,2026-05-12T12:36:41.554952+00:00,484,1,2.233,456.107,133.98,175.659,1,Start,Finish,222,43.51087825005148,16.363954599943668,472,223,176,47,,,False,
2026-05-12T12:32:03+00:00,43.51396283134818,16.367940874770284,165,2026-05-12T12:36:41.554952+00:00,484,1,2.233,458.34,133.98,175.659,1,Start,Finish,222,43.51087825005148,16.363954599943668,470,223,176,47,,,False,
2026-05-12T12:32:04+00:00,43.51394149940461,16.36794263496995,164,2026-05-12T12:36:41.554952+00:00,484,1,2.376,460.716,142.56,176.575,1,Start,Finish,222,43.51087825005148,16.363954599943668,468,223,176,47,,,False,
2026-05-12T12:32:05+00:00,43.51392016746104,16.367944395169616,163,2026-05-12T12:36:41.554952+00:00,484,1,2.376,463.092,142.56,176.575,1,Start,Finish,222,43.51087825005148,16.363954599943668,467,224,176,48,,,False,
2026-05-12T12:32:06+00:00,43.51390042209199,16.367946035627806,162,2026-05-12T12:36:41.554952+00:00,484,1,2.2,465.292,132.0,176.552,1,Start,Finish,222,43.51087825005148,16.363954599943668,465,224,176,48,,,False,
2026-05-12T12:32:07+00:00,43.513880676722955,16.367947676086,161,2026-05-12T12:36:41.554952+00:00,484,1,2.2,467.491,132.0,176.552,1,Start,Finish,222,43.51087825005148,16.363954599943668,464,224,176,48,,,False,
2026-05-12T12:32:08+00:00,43.51386093135391,16.36794931654419,160,2026-05-12T12:36:41.554952+00:00,484,1,2.2,469.691,132.0,176.552,1,Start,Finish,222,43.51087825005148,16.363954599943668,462,224,177,47,,,False,
2026-05-12T12:32:09+00:00,43.513841185984866,16.367950957002385,160,2026-05-12T12:36:41.554952+00:00,484,1,2.2,471.89,132.0,176.552,1,Start,Finish,222,43.51087825005148,16.363954599943668,461,224,176,48,,,False,
2026-05-12T12:32:10+00:00,43.51382144061582,16.367952597460576,159,2026-05-12T12:36:41.554952+00:00,484,1,2.2,474.09,132.0,176.552,1,Start,Finish,222,43.51087825005148,16.363954599943668,459,225,176,49,,,False,
2026-05-12T12:32:11+00:00,43.513801695246784,16.36795423791877,158,2026-05-12T12:36:41.554952+00:00,484,1,2.2,476.289,132.0,176.552,1,Start,Finish,222,43.51087825005148,16.363954599943668,458,225,176,49,,,False,
2026-05-12T12:32:12+00:00,43.51378194987774,16.36795587837696,157,2026-05-12T12:36:41.554952+00:00,484,1,2.2,478.489,132.0,176.552,1,Start,Finish,222,43.51087825005148,16.363954599943668,456,225,176,49,,,False,
2026-05-12T12:32:13+00:00,43.513762252405286,16.367959398776293,155,2026-05-12T12:36:41.554952+00:00,484,1,2.209,480.698,132.54,172.615,1,Start,Finish,222,43.51087825005148,16.363954599943668,455,225,176,49,,,False,
2026-05-12T12:32:14+00:00,43.51374255493283,16.367962919175625,153,2026-05-12T12:36:41.554952+00:00,484,1,2.209,482.906,132.54,172.615,1,Start,Finish,222,43.51087825005148,16.363954599943668,454,225,177,48,,,False,
2026-05-12T12:32:15+00:00,43.513719867914915,16.367963952943683,153,2026-05-12T12:36:41.554952+00:00,484,1,2.524,485.43,151.44,178.107,1,Start,Finish,222,43.51087825005148,16.363954599943668,452,226,179,47,,,False,
2026-05-12T12:32:16+00:00,43.513697180897,16.36796498671174,153,2026-05-12T12:36:41.554952+00:00,484,1,2.524,487.954,151.44,178.107,1,Start,Finish,222,43.51087825005148,16.363954599943668,450,226,179,47,,,False,
2026-05-12T12:32:17+00:00,43.51367449387908,16.3679660204798,153,2026-05-12T12:36:41.554952+00:00,484,1,2.524,490.478,151.44,178.107,1,Start,Finish,222,43.51087825005148,16.363954599943668,449,226,180,46,,,False,
2026-05-12T12:32:18+00:00,43.51365291047841,16.36796187143773,150,2026-05-12T12:36:41.554952+00:00,484,1,2.423,492.901,145.38,187.936,1,Start,Finish,222,43.51087825005148,16.363954599943668,447,226,181,45,,,False,
2026-05-12T12:32:19+00:00,43.513631327077746,16.36795772239566,148,2026-05-12T12:36:41.554952+00:00,484,1,2.423,495.325,145.38,187.936,1,Start,Finish,222,43.51087825005148,16.363954599943668,445,227,182,45,,,False,
2026-05-12T12:32:20+00:00,43.513609293149784,16.367956622270867,148,2026-05-12T12:36:41.554952+00:00,484,1,2.452,497.776,147.12,182.074,1,Start,Finish,222,43.51087825005148,16.363954599943668,443,227,182,45,,,False,
2026-05-12T12:32:21+00:00,43.51358725922182,16.367955522146076,147,2026-05-12T12:36:41.554952+00:00,484,1,2.452,500.228,147.12,182.074,1,Start,Finish,222,43.51087825005148,16.363954599943668,441,227,183,44,,,False,
2026-05-12T12:32:22+00:00,43.51356522529386,16.367954422021285,147,2026-05-12T12:36:41.554952+00:00,484,1,2.452,502.68,147.12,182.074,1,Start,Finish,222,43.51087825005148,16.363954599943668,440,227,183,44,,,False,
2026-05-12T12:32:23+00:00,43.5135431913659,16.367953321896493,146,2026-05-12T12:36:41.554952+00:00,484,1,2.452,505.131,147.12,182.074,1,Start,Finish,222,43.51087825005148,16.363954599943668,438,227,183,44,,,False,
2026-05-12T12:32:24+00:00,43.513521157437935,16.367952221771702,146,2026-05-12T12:36:41.554952+00:00,484,1,2.452,507.583,147.12,182.074,1,Start,Finish,222,43.51087825005148,16.363954599943668,436,228,182,46,,,False,
2026-05-12T12:32:25+00:00,43.51349912350997,16.36795112164691,146,2026-05-12T12:36:41.554952+00:00,484,1,2.452,510.035,147.12,182.074,1,Start,Finish,222,43.51087825005148,16.363954599943668,435,228,183,45,,,False,
2026-05-12T12:32:26+00:00,43.51347708958201,16.36795002152212,145,2026-05-12T12:36:41.554952+00:00,484,1,2.452,512.486,147.12,182.074,1,Start,Finish,222,43.51087825005148,16.363954599943668,433,228,184,44,,,False,
2026-05-12T12:32:27+00:00,43.51345505565405,16.36794892139733,145,2026-05-12T12:36:41.554952+00:00,484,1,2.452,514.938,147.12,182.074,1,Start,Finish,222,43.51087825005148,16.363954599943668,431,228,185,43,,,False,
2026-05-12T12:32:28+00:00,43.51343460381031,16.367948250845075,145,2026-05-12T12:36:41.554952+00:00,484,1,2.275,517.213,136.5,181.362,1,Start,Finish,222,43.51087825005148,16.363954599943668,430,229,186,43,,,False,
2026-05-12T12:32:29+00:00,43.51341862231493,16.367944576777518,146,2026-05-12T12:36:41.554952+00:00,484,1,1.802,519.014,108.12,189.465,1,Start,Finish,222,43.51087825005148,16.363954599943668,428,229,186,43,,,False,
2026-05-12T12:32:30+00:00,43.51340264081955,16.36794090270996,146,2026-05-12T12:36:41.554952+00:00,484,1,1.802,520.816,108.12,189.465,1,Start,Finish,222,43.51087825005148,16.363954599943668,427,229,192,37,,,False,
2026-05-12T12:32:31+00:00,43.51338665932417,16.367937228642404,147,2026-05-12T12:36:41.554952+00:00,484,1,1.802,522.618,108.12,189.465,1,Start,Finish,222,43.51087825005148,16.363954599943668,425,229,198,31,,,False,
2026-05-12T12:32:32+00:00,43.51337067782879,16.367933554574847,148,2026-05-12T12:36:41.554952+00:00,484,1,1.802,524.419,108.12,189.465,1,Start,Finish,222,43.51087825005148,16.363954599943668,424,229,204,25,,,False,
2026-05-12T12:32:33+00:00,43.51335469633341,16.36792988050729,148,2026-05-12T12:36:41.554952+00:00,484,1,1.802,526.221,108.12,189.465,1,Start,Finish,222,43.51087825005148,16.363954599943668,423,229,212,17,,,False,
2026-05-12T12:32:34+00:00,43.51333871483803,16.367926206439734,149,2026-05-12T12:36:41.554952+00:00,484,1,1.802,528.022,108.12,189.465,1,Start,Finish,222,43.51087825005148,16.363954599943668,421,229,222,7,,,False,
2026-05-12T12:32:35+00:00,43.513332679867744,16.367908772081137,150,2026-05-12T12:36:41.554952+00:00,484,1,1.558,529.58,93.48,244.484,1,Start,Finish,222,43.51087825005148,16.363954599943668,420,229,226,3,,,False,
2026-05-12T12:32:36+00:00,43.513326309621334,16.367890164256096,153,2026-05-12T12:36:41.554952+00:00,484,1,1.659,531.239,99.54,244.73,1,Start,Finish,222,43.51087825005148,16.363954599943668,418,229,237,8,,,False,
2026-05-12T12:32:37+00:00,43.51332689635456,16.36786443181336,154,2026-05-12T12:36:41.554952+00:00,484,1,2.076,533.316,124.56,271.801,1,Start,Finish,222,43.51087825005148,16.363954599943668,417,229,247,18,,,False,
2026-05-12T12:32:38+00:00,43.51332748308778,16.367838699370623,156,2026-05-12T12:36:41.554952+00:00,484,1,2.076,535.392,124.56,271.801,1,Start,Finish,222,43.51087825005148,16.363954599943668,415,229,253,24,,,False,
2026-05-12T12:32:39+00:00,43.51333305705339,16.36780927889049,158,2026-05-12T12:36:41.554952+00:00,484,1,2.452,537.844,147.12,284.641,1,Start,Finish,222,43.51087825005148,16.363954599943668,414,229,263,34,,,False,
2026-05-12T12:32:40+00:00,43.51333863101899,16.36777985841036,159,2026-05-12T12:36:41.554952+00:00,484,1,2.452,540.296,147.12,284.641,1,Start,Finish,222,43.51087825005148,16.363954599943668,412,228,273,45,,,False,
2026-05-12T12:32:41+00:00,43.51334189996123,16.367747043259442,160,2026-05-12T12:36:41.554952+00:00,484,1,2.671,542.967,160.26,277.821,1,Start,Finish,222,43.51087825005148,16.363954599943668,411,228,276,48,,,False,
2026-05-12T12:32:42+00:00,43.51334516890347,16.367714228108525,160,2026-05-12T12:36:41.554952+00:00,484,1,2.671,545.638,160.26,277.821,1,Start,Finish,222,43.51087825005148,16.363954599943668,409,228,276,48,,,False,
2026-05-12T12:32:43+00:00,43.51334578357637,16.36768371798098,160,2026-05-12T12:36:41.554952+00:00,484,1,2.461,548.099,147.66,271.591,1,Start,Finish,222,43.51087825005148,16.363954599943668,407,228,275,47,,,False,
2026-05-12T12:32:44+00:00,43.51334639824927,16.367653207853436,160,2026-05-12T12:36:41.554952+00:00,484,1,2.461,550.561,147.66,271.591,1,Start,Finish,222,43.51087825005148,16.363954599943668,405,227,273,46,,,False,
2026-05-12T12:32:45+00:00,43.51334701292217,16.367622697725892,161,2026-05-12T12:36:41.554952+00:00,484,1,2.461,553.022,147.66,271.591,1,Start,Finish,222,43.51087825005148,16.363954599943668,404,227,272,45,,,False,
2026-05-12T12:32:46+00:00,43.51334762759507,16.367592187598348,161,2026-05-12T12:36:41.554952+00:00,484,1,2.461,555.483,147.66,271.591,1,Start,Finish,222,43.51087825005148,16.363954599943668,402,227,272,45,,,False,
2026-05-12T12:32:47+00:00,43.513348242267966,16.367561677470803,161,2026-05-12T12:36:41.554952+00:00,484,1,2.461,557.944,147.66,271.591,1,Start,Finish,222,43.51087825005148,16.363954599943668,400,227,272,45,,,False,
2026-05-12T12:32:48+00:00,43.513348856940866,16.36753116734326,161,2026-05-12T12:36:41.554952+00:00,484,1,2.461,560.406,147.66,271.591,1,Start,Finish,222,43.51087825005148,16.363954599943668,398,226,271,45,,,False,
2026-05-12T12:32:49+00:00,43.513349471613765,16.367500657215714,162,2026-05-12T12:36:41.554952+00:00,484,1,2.461,562.867,147.66,271.591,1,Start,Finish,222,43.51087825005148,16.363954599943668,397,226,270,44,,,False,
2026-05-12T12:32:50+00:00,43.513350086286664,16.36747014708817,162,2026-05-12T12:36:41.554952+00:00,484,1,2.461,565.328,147.66,271.591,1,Start,Finish,222,43.51087825005148,16.363954599943668,395,226,270,44,,,False,
2026-05-12T12:32:51+00:00,43.51335070095956,16.367439636960626,162,2026-05-12T12:36:41.554952+00:00,484,1,2.461,567.79,147.66,271.591,1,Start,Finish,222,43.51087825005148,16.363954599943668,393,226,269,43,,,False,
2026-05-12T12:32:52+00:00,43.51334917359054,16.367409117519855,162,2026-05-12T12:36:41.554952+00:00,484,1,2.467,570.257,148.02,266.052,1,Start,Finish,222,43.51087825005148,16.363954599943668,391,225,269,44,,,False,
2026-05-12T12:32:53+00:00,43.51334764622152,16.367378598079085,163,2026-05-12T12:36:41.554952+00:00,484,1,2.467,572.723,148.02,266.052,1,Start,Finish,222,43.51087825005148,16.363954599943668,389,225,268,43,,,False,
2026-05-12T12:32:54+00:00,43.513346118852496,16.367348078638315,163,2026-05-12T12:36:41.554952+00:00,484,1,2.467,575.19,148.02,266.052,1,Start,Finish,222,43.51087825005148,16.363954599943668,388,225,267,42,,,False,
2026-05-12T12:32:55+00:00,43.513344591483474,16.367317559197545,163,2026-05-12T12:36:41.554952+00:00,484,1,2.467,577.657,148.02,266.052,1,Start,Finish,222,43.51087825005148,16.363954599943668,386,225,267,42,,,False,
2026-05-12T12:32:56+00:00,43.51334306411445,16.367287039756775,164,2026-05-12T12:36:41.554952+00:00,484,1,2.467,580.124,148.02,266.052,1,Start,Finish,222,43.51087825005148,16.363954599943668,384,224,266,42,,,False,
2026-05-12T12:32:57+00:00,43.51334153674543,16.367256520316005,164,2026-05-12T12:36:41.554952+00:00,484,1,2.467,582.591,148.02,266.052,1,Start,Finish,222,43.51087825005148,16.363954599943668,382,224,266,42,,,False,
2026-05-12T12:32:58+00:00,43.51334000937641,16.367226000875235,164,2026-05-12T12:36:41.554952+00:00,484,1,2.467,585.058,148.02,266.052,1,Start,Finish,222,43.51087825005148,16.363954599943668,380,224,267,43,,,False,
2026-05-12T12:32:59+00:00,43.513338482007384,16.367195481434464,165,2026-05-12T12:36:41.554952+00:00,484,1,2.467,587.525,148.02,266.052,1,Start,Finish,222,43.51087825005148,16.363954599943668,378,224,267,43,,,False,
2026-05-12T12:33:00+00:00,43.51333695463836,16.367164961993694,165,2026-05-12T12:36:41.554952+00:00,484,1,2.467,589.992,148.02,266.052,1,Start,Finish,222,43.51087825005148,16.363954599943668,377,223,267,44,,,False,
2026-05-12T12:33:01+00:00,43.51333632000855,16.367135445720383,165,2026-05-12T12:36:41.554952+00:00,484,1,2.381,592.373,142.86,268.302,1,Start,Finish,222,43.51087825005148,16.363954599943668,375,223,267,44,,,False,
2026-05-12T12:33:02+00:00,43.51333568537874,16.36710592944707,166,2026-05-12T12:36:41.554952+00:00,484,1,2.381,594.755,142.86,268.302,1,Start,Finish,222,43.51087825005148,16.363954599943668,373,223,268,45,,,False,
2026-05-12T12:33:03+00:00,43.51333505074893,16.36707641317376,166,2026-05-12T12:36:41.554952+00:00,484,1,2.381,597.136,142.86,268.302,1,Start,Finish,222,43.51087825005148,16.363954599943668,371,223,268,45,,,False,
2026-05-12T12:33:04+00:00,43.513334416119115,16.36704689690045,166,2026-05-12T12:36:41.554952+00:00,484,1,2.381,599.517,142.86,268.302,1,Start,Finish,222,43.51087825005148,16.363954599943668,370,222,267,45,,,False,
2026-05-12T12:33:05+00:00,43.5133337814893,16.36701738062714,166,2026-05-12T12:36:41.554952+00:00,484,1,2.381,601.898,142.86,268.302,1,Start,Finish,222,43.51087825005148,16.363954599943668,368,222,267,45,,,False,
2026-05-12T12:33:06+00:00,43.513333146859495,16.366987864353828,167,2026-05-12T12:36:41.554952+00:00,484,1,2.381,604.28,142.86,268.302,1,Start,Finish,222,43.51087825005148,16.363954599943668,367,222,267,45,,,False,
2026-05-12T12:33:07+00:00,43.51333251222968,16.366958348080516,167,2026-05-12T12:36:41.554952+00:00,484,1,2.381,606.661,142.86,268.302,1,Start,Finish,222,43.51087825005148,16.363954599943668,365,222,266,44,,,False,
2026-05-12T12:33:08+00:00,43.51332952268422,16.366926678456366,166,2026-05-12T12:36:41.554952+00:00,484,1,2.575,609.236,154.5,262.584,1,Start,Finish,222,43.51087825005148,16.363954599943668,363,221,265,44,,,False,
2026-05-12T12:33:09+00:00,43.51332653313875,16.366895008832216,166,2026-05-12T12:36:41.554952+00:00,484,1,2.575,611.812,154.5,262.584,1,Start,Finish,222,43.51087825005148,16.363954599943668,361,221,265,44,,,False,
2026-05-12T12:33:10+00:00,43.51332354359329,16.366863339208066,166,2026-05-12T12:36:41.554952+00:00,484,1,2.575,614.387,154.5,262.584,1,Start,Finish,222,43.51087825005148,16.363954599943668,359,221,263,42,,,False,
2026-05-12T12:33:11+00:00,43.51332055404782,16.366831669583917,165,2026-05-12T12:36:41.554952+00:00,484,1,2.575,616.962,154.5,262.584,1,Start,Finish,222,43.51087825005148,16.363954599943668,357,221,261,40,,,False,
2026-05-12T12:33:12+00:00,43.51331756450236,16.366799999959767,164,2026-05-12T12:36:41.554952+00:00,484,1,2.575,619.538,154.5,262.584,1,Start,Finish,222,43.51087825005148,16.363954599943668,355,220,260,40,,,False,
2026-05-12T12:33:13+00:00,43.513314574956894,16.366768330335617,164,2026-05-12T12:36:41.554952+00:00,484,1,2.575,622.113,154.5,262.584,1,Start,Finish,222,43.51087825005148,16.363954599943668,353,220,258,38,,,False,
2026-05-12T12:33:14+00:00,43.51330742239952,16.3667369261384,163,2026-05-12T12:36:41.554952+00:00,484,1,2.654,624.768,159.24,252.565,1,Start,Finish,222,43.51087825005148,16.363954599943668,351,220,257,37,,,False,
2026-05-12T12:33:15+00:00,43.51330026984215,16.366705521941185,163,2026-05-12T12:36:41.554952+00:00,484,1,2.654,627.422,159.24,252.565,1,Start,Finish,222,43.51087825005148,16.363954599943668,349,219,256,37,,,False,
2026-05-12T12:33:16+00:00,43.513293117284775,16.36667411774397,162,2026-05-12T12:36:41.554952+00:00,484,1,2.654,630.076,159.24,252.565,1,Start,Finish,222,43.51087825005148,16.363954599943668,347,219,255,36,,,False,
2026-05-12T12:33:17+00:00,43.51328761316836,16.366646010428667,163,2026-05-12T12:36:41.554952+00:00,484,1,2.348,632.424,140.88,254.889,1,Start,Finish,222,43.51087825005148,16.363954599943668,345,219,254,35,,,False,
2026-05-12T12:33:18+00:00,43.51328210905194,16.366617903113365,164,2026-05-12T12:36:41.554952+00:00,484,1,2.348,634.772,140.88,254.889,1,Start,Finish,222,43.51087825005148,16.363954599943668,343,219,255,36,,,False,
2026-05-12T12:33:19+00:00,43.51327660493553,16.366589795798063,165,2026-05-12T12:36:41.554952+00:00,484,1,2.348,637.12,140.88,254.889,1,Start,Finish,222,43.51087825005148,16.363954599943668,341,219,255,36,,,False,
2026-05-12T12:33:20+00:00,43.513271268457174,16.366560542955995,166,2026-05-12T12:36:41.554952+00:00,484,1,2.432,639.552,145.92,255.88,1,Start,Finish,222,43.51087825005148,16.363954599943668,339,218,255,37,,,False,
2026-05-12T12:33:21+00:00,43.51326593197882,16.366531290113926,167,2026-05-12T12:36:41.554952+00:00,484,1,2.432,641.984,145.92,255.88,1,Start,Finish,222,43.51087825005148,16.363954599943668,337,218,256,38,,,False,
2026-05-12T12:33:22+00:00,43.51326059550047,16.366502037271857,168,2026-05-12T12:36:41.554952+00:00,484,1,2.432,644.417,145.92,255.88,1,Start,Finish,222,43.51087825005148,16.363954599943668,335,218,256,38,,,False,
2026-05-12T12:33:23+00:00,43.5132553987205,16.366473203524947,168,2026-05-12T12:36:41.554952+00:00,484,1,2.396,646.813,143.76,256.043,1,Start,Finish,222,43.51087825005148,16.363954599943668,333,218,256,38,,,False,
2026-05-12T12:33:24+00:00,43.51325020194054,16.366444369778037,168,2026-05-12T12:36:41.554952+00:00,484,1,2.396,649.209,143.76,256.043,1,Start,Finish,222,43.51087825005148,16.363954599943668,331,217,256,39,,,False,
2026-05-12T12:33:25+00:00,43.51324500516057,16.366415536031127,169,2026-05-12T12:36:41.554952+00:00,484,1,2.396,651.605,143.76,256.043,1,Start,Finish,222,43.51087825005148,16.363954599943668,330,217,256,39,,,False,
2026-05-12T12:33:26+00:00,43.51323980838061,16.366386702284217,169,2026-05-12T12:36:41.554952+00:00,484,1,2.396,654.0,143.76,256.043,1,Start,Finish,222,43.51087825005148,16.363954599943668,328,217,256,39,,,False,
2026-05-12T12:33:27+00:00,43.513234443962574,16.366357596125454,169,2026-05-12T12:36:41.554952+00:00,484,1,2.422,656.422,145.32,255.741,1,Start,Finish,222,43.51087825005148,16.363954599943668,326,216,256,40,,,False,
2026-05-12T12:33:28+00:00,43.513229079544544,16.36632848996669,168,2026-05-12T12:36:41.554952+00:00,484,1,2.422,658.844,145.32,255.741,1,Start,Finish,222,43.51087825005148,16.363954599943668,324,216,256,40,,,False,
2026-05-12T12:33:29+00:00,43.513223715126514,16.366299383807927,168,2026-05-12T12:36:41.554952+00:00,484,1,2.422,661.266,145.32,255.741,1,Start,Finish,222,43.51087825005148,16.363954599943668,322,216,256,40,,,False,
2026-05-12T12:33:30+00:00,43.513218350708485,16.366270277649164,168,2026-05-12T12:36:41.554952+00:00,484,1,2.422,663.687,145.32,255.741,1,Start,Finish,222,43.51087825005148,16.363954599943668,320,216,256,40,,,False,
2026-05-12T12:33:31+00:00,43.513212986290455,16.3662411714904,168,2026-05-12T12:36:41.554952+00:00,484,1,2.422,666.109,145.32,255.741,1,Start,Finish,222,43.51087825005148,16.363954599943668,318,215,255,40,,,False,
2026-05-12T12:33:32+00:00,43.513207621872425,16.366212065331638,168,2026-05-12T12:36:41.554952+00:00,484,1,2.422,668.531,145.32,255.741,1,Start,Finish,222,43.51087825005148,16.363954599943668,317,215,255,40,,,False,
2026-05-12T12:33:33+00:00,43.513202257454395,16.366182959172875,167,2026-05-12T12:36:41.554952+00:00,484,1,2.422,670.953,145.32,255.741,1,Start,Finish,222,43.51087825005148,16.363954599943668,315,215,254,39,,,False,
2026-05-12T12:33:34+00:00,43.513196893036366,16.36615385301411,167,2026-05-12T12:36:41.554952+00:00,484,1,2.422,673.374,145.32,255.741,1,Start,Finish,222,43.51087825005148,16.363954599943668,313,215,254,39,,,False,
2026-05-12T12:33:35+00:00,43.51318991929293,16.366125321015716,167,2026-05-12T12:36:41.554952+00:00,484,1,2.428,675.802,145.68,251.375,1,Start,Finish,222,43.51087825005148,16.363954599943668,311,214,253,39,,,False,
2026-05-12T12:33:36+00:00,43.51318294554949,16.36609678901732,167,2026-05-12T12:36:41.554952+00:00,484,1,2.428,678.23,145.68,251.375,1,Start,Finish,222,43.51087825005148,16.363954599943668,309,214,253,39,,,False,
2026-05-12T12:33:37+00:00,43.51317597180605,16.366068257018924,167,2026-05-12T12:36:41.554952+00:00,484,1,2.428,680.658,145.68,251.375,1,Start,Finish,222,43.51087825005148,16.363954599943668,307,214,252,38,,,False,
2026-05-12T12:33:38+00:00,43.51316899806261,16.366039725020528,167,2026-05-12T12:36:41.554952+00:00,484,1,2.428,683.086,145.68,251.375,1,Start,Finish,222,43.51087825005148,16.363954599943668,305,213,252,39,,,False,
2026-05-12T12:33:39+00:00,43.51316202431917,16.366011193022132,166,2026-05-12T12:36:41.554952+00:00,484,1,2.428,685.514,145.68,251.375,1,Start,Finish,222,43.51087825005148,16.363954599943668,303,213,251,38,,,False,
2026-05-12T12:33:40+00:00,43.51315505057573,16.365982661023736,166,2026-05-12T12:36:41.554952+00:00,484,1,2.428,687.942,145.68,251.375,1,Start,Finish,222,43.51087825005148,16.363954599943668,301,213,251,38,,,False,
2026-05-12T12:33:41+00:00,43.513148076832294,16.36595412902534,166,2026-05-12T12:36:41.554952+00:00,484,1,2.428,690.37,145.68,251.375,1,Start,Finish,222,43.51087825005148,16.363954599943668,300,213,251,38,,,False,
2026-05-12T12:33:42+00:00,43.513141103088856,16.365925597026944,166,2026-05-12T12:36:41.554952+00:00,484,1,2.428,692.798,145.68,251.375,1,Start,Finish,222,43.51087825005148,16.363954599943668,298,212,251,39,,,False,
2026-05-12T12:33:43+00:00,43.51313412934542,16.36589706502855,166,2026-05-12T12:36:41.554952+00:00,484,1,2.428,695.226,145.68,251.375,1,Start,Finish,222,43.51087825005148,16.363954599943668,296,212,251,39,,,False,
2026-05-12T12:33:44+00:00,43.51312715560198,16.365868533030152,166,2026-05-12T12:36:41.554952+00:00,484,1,2.428,697.654,145.68,251.375,1,Start,Finish,222,43.51087825005148,16.363954599943668,294,212,251,39,,,False,
2026-05-12T12:33:45+00:00,43.513120418647304,16.365841082297266,166,2026-05-12T12:36:41.554952+00:00,484,1,2.337,699.991,140.22,251.304,1,Start,Finish,222,43.51087825005148,16.363954599943668,292,211,251,40,,,False,
2026-05-12T12:33:46+00:00,43.51311368169263,16.36581363156438,166,2026-05-12T12:36:41.554952+00:00,484,1,2.337,702.328,140.22,251.304,1,Start,Finish,222,43.51087825005148,16.363954599943668,290,211,251,40,,,False,
2026-05-12T12:33:47+00:00,43.51310694473795,16.365786180831492,166,2026-05-12T12:36:41.554952+00:00,484,1,2.337,704.665,140.22,251.304,1,Start,Finish,222,43.51087825005148,16.363954599943668,288,211,251,40,,,False,
2026-05-12T12:33:48+00:00,43.51310020778328,16.365758730098605,166,2026-05-12T12:36:41.554952+00:00,484,1,2.337,707.002,140.22,251.304,1,Start,Finish,222,43.51087825005148,16.363954599943668,287,210,251,41,,,False,
2026-05-12T12:33:49+00:00,43.51309347082861,16.36573127936572,166,2026-05-12T12:36:41.554952+00:00,484,1,2.337,709.339,140.22,251.304,1,Start,Finish,222,43.51087825005148,16.363954599943668,285,210,251,41,,,False,
2026-05-12T12:33:50+00:00,43.513086733873934,16.36570382863283,166,2026-05-12T12:36:41.554952+00:00,484,1,2.337,711.676,140.22,251.304,1,Start,Finish,222,43.51087825005148,16.363954599943668,283,210,250,40,,,False,
2026-05-12T12:33:51+00:00,43.51307999691926,16.365676377899945,166,2026-05-12T12:36:41.554952+00:00,484,1,2.337,714.013,140.22,251.304,1,Start,Finish,222,43.51087825005148,16.363954599943668,281,210,250,40,,,False,
2026-05-12T12:33:52+00:00,43.513073259964585,16.365648927167058,166,2026-05-12T12:36:41.554952+00:00,484,1,2.337,716.35,140.22,251.304,1,Start,Finish,222,43.51087825005148,16.363954599943668,280,209,249,40,,,False,
2026-05-12T12:33:53+00:00,43.51306512951851,16.365623350388237,166,2026-05-12T12:36:41.554952+00:00,484,1,2.252,718.602,135.12,246.331,1,Start,Finish,222,43.51087825005148,16.363954599943668,278,209,249,40,,,False,
2026-05-12T12:33:54+00:00,43.51305699907243,16.365597773609416,167,2026-05-12T12:36:41.554952+00:00,484,1,2.252,720.854,135.12,246.331,1,Start,Finish,222,43.51087825005148,16.363954599943668,276,209,248,39,,,False,
2026-05-12T12:33:55+00:00,43.51304886862635,16.365572196830595,167,2026-05-12T12:36:41.554952+00:00,484,1,2.252,723.106,135.12,246.331,1,Start,Finish,222,43.51087825005148,16.363954599943668,274,208,247,39,,,False,
2026-05-12T12:33:56+00:00,43.51304073818028,16.365546620051777,168,2026-05-12T12:36:41.554952+00:00,484,1,2.252,725.358,135.12,246.331,1,Start,Finish,222,43.51087825005148,16.363954599943668,273,208,248,40,,,False,
2026-05-12T12:33:57+00:00,43.5130326077342,16.365521043272956,168,2026-05-12T12:36:41.554952+00:00,484,1,2.252,727.61,135.12,246.331,1,Start,Finish,222,43.51087825005148,16.363954599943668,271,208,247,39,,,False,
2026-05-12T12:33:58+00:00,43.51302447728813,16.365495466494135,169,2026-05-12T12:36:41.554952+00:00,484,1,2.252,729.862,135.12,246.331,1,Start,Finish,222,43.51087825005148,16.363954599943668,269,208,247,39,,,False,
2026-05-12T12:33:59+00:00,43.51301634684205,16.365469889715314,169,2026-05-12T12:36:41.554952+00:00,484,1,2.252,732.114,135.12,246.331,1,Start,Finish,222,43.51087825005148,16.363954599943668,267,207,248,41,,,False,
2026-05-12T12:34:00+00:00,43.51301031187177,16.36544382199645,169,2026-05-12T12:36:41.554952+00:00,484,1,2.207,734.32,132.42,252.295,1,Start,Finish,222,43.51087825005148,16.363954599943668,266,207,248,41,,,False,
2026-05-12T12:34:01+00:00,43.51300235604867,16.36541651096195,169,2026-05-12T12:36:41.554952+00:00,484,1,2.373,736.694,142.38,248.116,1,Start,Finish,222,43.51087825005148,16.363954599943668,264,207,248,41,,,False,
2026-05-12T12:34:02+00:00,43.51299440022558,16.36538919992745,168,2026-05-12T12:36:41.554952+00:00,484,1,2.373,739.067,142.38,248.116,1,Start,Finish,222,43.51087825005148,16.363954599943668,262,206,248,42,,,False,
2026-05-12T12:34:03+00:00,43.512986444402486,16.36536188889295,168,2026-05-12T12:36:41.554952+00:00,484,1,2.373,741.441,142.38,248.116,1,Start,Finish,222,43.51087825005148,16.363954599943668,260,206,248,42,,,False,
2026-05-12T12:34:04+00:00,43.51297848857939,16.365334577858448,168,2026-05-12T12:36:41.554952+00:00,484,1,2.373,743.814,142.38,248.116,1,Start,Finish,222,43.51087825005148,16.363954599943668,259,205,249,44,,,False,
2026-05-12T12:34:05+00:00,43.5129705327563,16.365307266823947,167,2026-05-12T12:36:41.554952+00:00,484,1,2.373,746.187,142.38,248.116,1,Start,Finish,222,43.51087825005148,16.363954599943668,257,205,248,43,,,False,
2026-05-12T12:34:06+00:00,43.512962576933205,16.365279955789447,167,2026-05-12T12:36:41.554952+00:00,484,1,2.373,748.561,142.38,248.116,1,Start,Finish,222,43.51087825005148,16.363954599943668,255,205,248,43,,,False,
2026-05-12T12:34:07+00:00,43.51295462111011,16.365252644754946,167,2026-05-12T12:36:41.554952+00:00,484,1,2.373,750.934,142.38,248.116,1,Start,Finish,222,43.51087825005148,16.363954599943668,254,204,248,44,,,False,
2026-05-12T12:34:08+00:00,43.51294666528702,16.365225333720446,166,2026-05-12T12:36:41.554952+00:00,484,1,2.373,753.308,142.38,248.116,1,Start,Finish,222,43.51087825005148,16.363954599943668,252,204,248,44,,,False,
2026-05-12T12:34:09+00:00,43.51293870946392,16.365198022685945,166,2026-05-12T12:36:41.554952+00:00,484,1,2.373,755.681,142.38,248.116,1,Start,Finish,222,43.51087825005148,16.363954599943668,250,204,248,44,,,False,
2026-05-12T12:34:10+00:00,43.51293075364083,16.365170711651444,166,2026-05-12T12:36:41.554952+00:00,484,1,2.373,758.054,142.38,248.116,1,Start,Finish,222,43.51087825005148,16.363954599943668,248,203,248,45,,,False,
2026-05-12T12:34:11+00:00,43.51292279781774,16.365143400616944,165,2026-05-12T12:36:41.554952+00:00,484,1,2.373,760.428,142.38,248.116,1,Start,Finish,222,43.51087825005148,16.363954599943668,247,203,248,45,,,False,
2026-05-12T12:34:12+00:00,43.51291484199464,16.365116089582443,165,2026-05-12T12:36:41.554952+00:00,484,1,2.373,762.801,142.38,248.116,1,Start,Finish,222,43.51087825005148,16.363954599943668,245,202,248,46,,,False,
2026-05-12T12:34:13+00:00,43.51290840888396,16.3650932488963,165,2026-05-12T12:36:41.554952+00:00,484,1,1.976,764.777,118.56,248.775,1,Start,Finish,222,43.51087825005148,16.363954599943668,244,202,249,47,,,False,
2026-05-12T12:34:14+00:00,43.512901975773275,16.36507040821016,165,2026-05-12T12:36:41.554952+00:00,484,1,1.976,766.753,118.56,248.775,1,Start,Finish,222,43.51087825005148,16.363954599943668,242,202,249,47,,,False,
2026-05-12T12:34:15+00:00,43.51289554266259,16.365047567524016,165,2026-05-12T12:36:41.554952+00:00,484,1,1.976,768.729,118.56,248.775,1,Start,Finish,222,43.51087825005148,16.363954599943668,241,201,249,48,,,False,
2026-05-12T12:34:16+00:00,43.51288910955191,16.365024726837873,166,2026-05-12T12:36:41.554952+00:00,484,1,1.976,770.705,118.56,248.775,1,Start,Finish,222,43.51087825005148,16.363954599943668,240,201,248,47,,,False,
2026-05-12T12:34:17+00:00,43.51288267644122,16.36500188615173,166,2026-05-12T12:36:41.554952+00:00,484,1,1.976,772.681,118.56,248.775,1,Start,Finish,222,43.51087825005148,16.363954599943668,238,201,247,46,,,False,
2026-05-12T12:34:18+00:00,43.51287624333054,16.36497904546559,166,2026-05-12T12:36:41.554952+00:00,484,1,1.976,774.657,118.56,248.775,1,Start,Finish,222,43.51087825005148,16.363954599943668,237,200,247,47,,,False,
2026-05-12T12:34:19+00:00,43.512869810219854,16.364956204779446,166,2026-05-12T12:36:41.554952+00:00,484,1,1.976,776.633,118.56,248.775,1,Start,Finish,222,43.51087825005148,16.363954599943668,236,200,246,46,,,False,
2026-05-12T12:34:20+00:00,43.51286337710917,16.364933364093304,166,2026-05-12T12:36:41.554952+00:00,484,1,1.976,778.609,118.56,248.775,1,Start,Finish,222,43.51087825005148,16.363954599943668,234,200,242,42,,,False,
2026-05-12T12:34:21+00:00,43.512856202200055,16.36491535976529,166,2026-05-12T12:36:41.554952+00:00,484,1,1.657,780.265,99.42,241.211,1,Start,Finish,222,43.51087825005148,16.363954599943668,233,199,237,38,,,False,
2026-05-12T12:34:22+00:00,43.51284902729094,16.36489735543728,166,2026-05-12T12:36:41.554952+00:00,484,1,1.657,781.922,99.42,241.211,1,Start,Finish,222,43.51087825005148,16.363954599943668,232,199,231,32,,,False,
2026-05-12T12:34:23+00:00,43.512841852381825,16.364879351109266,166,2026-05-12T12:36:41.554952+00:00,484,1,1.657,783.579,99.42,241.211,1,Start,Finish,222,43.51087825005148,16.363954599943668,231,199,223,24,,,False,
2026-05-12T12:34:24+00:00,43.51283467747271,16.364861346781254,166,2026-05-12T12:36:41.554952+00:00,484,1,1.657,785.235,99.42,241.211,1,Start,Finish,222,43.51087825005148,16.363954599943668,230,199,221,22,,,False,
2026-05-12T12:34:25+00:00,43.5128275025636,16.36484334245324,166,2026-05-12T12:36:41.554952+00:00,484,1,1.657,786.892,99.42,241.211,1,Start,Finish,222,43.51087825005148,16.363954599943668,228,198,212,14,,,False,
2026-05-12T12:34:26+00:00,43.51281794719398,16.364838061854243,166,2026-05-12T12:36:41.554952+00:00,484,1,1.145,788.036,68.7,201.84,1,Start,Finish,222,43.51087825005148,16.363954599943668,227,198,206,8,,,False,
2026-05-12T12:34:27+00:00,43.51280386559665,16.36484053451568,166,2026-05-12T12:36:41.554952+00:00,484,1,1.578,789.615,94.68,172.743,1,Start,Finish,222,43.51087825005148,16.363954599943668,226,198,202,4,,,False,
2026-05-12T12:34:28+00:00,43.51278978399933,16.364843007177114,167,2026-05-12T12:36:41.554952+00:00,484,1,1.578,791.193,94.68,172.743,1,Start,Finish,222,43.51087825005148,16.363954599943668,224,199,193,6,,,False,
2026-05-12T12:34:29+00:00,43.512771259993315,16.364854658022523,167,2026-05-12T12:36:41.554952+00:00,484,1,2.264,793.457,135.84,155.481,1,Start,Finish,222,43.51087825005148,16.363954599943668,223,199,185,14,,,False,
2026-05-12T12:34:30+00:00,43.512752735987306,16.36486630886793,166,2026-05-12T12:36:41.554952+00:00,484,1,2.264,795.721,135.84,155.481,1,Start,Finish,222,43.51087825005148,16.363954599943668,221,199,171,28,,,False,
2026-05-12T12:34:31+00:00,43.5127342119813,16.36487795971334,166,2026-05-12T12:36:41.554952+00:00,484,1,2.264,797.985,135.84,155.481,1,Start,Finish,222,43.51087825005148,16.363954599943668,219,200,164,36,,,False,
2026-05-12T12:34:32+00:00,43.51271568797529,16.36488961055875,166,2026-05-12T12:36:41.554952+00:00,484,1,2.264,800.249,135.84,155.481,1,Start,Finish,222,43.51087825005148,16.363954599943668,218,200,159,41,,,False,
2026-05-12T12:34:33+00:00,43.51269588992,16.36489987000823,166,2026-05-12T12:36:41.554952+00:00,484,1,2.352,802.601,141.12,159.403,1,Start,Finish,222,43.51087825005148,16.363954599943668,216,201,158,43,,,False,
2026-05-12T12:34:34+00:00,43.512676091864705,16.364910129457712,165,2026-05-12T12:36:41.554952+00:00,484,1,2.352,804.953,141.12,159.403,1,Start,Finish,222,43.51087825005148,16.363954599943668,214,201,158,43,,,False,
2026-05-12T12:34:35+00:00,43.512656293809414,16.364920388907194,165,2026-05-12T12:36:41.554952+00:00,484,1,2.352,807.304,141.12,159.403,1,Start,Finish,222,43.51087825005148,16.363954599943668,212,202,159,43,,,False,
2026-05-12T12:34:36+00:00,43.51263649575412,16.364930648356676,165,2026-05-12T12:36:41.554952+00:00,484,1,2.352,809.656,141.12,159.403,1,Start,Finish,222,43.51087825005148,16.363954599943668,211,202,159,43,,,False,
2026-05-12T12:34:37+00:00,43.51261669769883,16.364940907806158,164,2026-05-12T12:36:41.554952+00:00,484,1,2.352,812.008,141.12,159.403,1,Start,Finish,222,43.51087825005148,16.363954599943668,209,202,159,43,,,False,
2026-05-12T12:34:38+00:00,43.51259689964354,16.36495116725564,164,2026-05-12T12:36:41.554952+00:00,484,1,2.352,814.36,141.12,159.403,1,Start,Finish,222,43.51087825005148,16.363954599943668,207,203,159,44,,,False,
2026-05-12T12:34:39+00:00,43.51257710158825,16.364961426705122,164,2026-05-12T12:36:41.554952+00:00,484,1,2.352,816.712,141.12,159.403,1,Start,Finish,222,43.51087825005148,16.363954599943668,206,203,160,43,,,False,
2026-05-12T12:34:40+00:00,43.51255730353296,16.364971686154604,164,2026-05-12T12:36:41.554952+00:00,484,1,2.352,819.063,141.12,159.403,1,Start,Finish,222,43.51087825005148,16.363954599943668,204,204,161,43,,,False,
2026-05-12T12:34:41+00:00,43.51253750547767,16.364981945604086,163,2026-05-12T12:36:41.554952+00:00,484,1,2.352,821.415,141.12,159.403,1,Start,Finish,222,43.51087825005148,16.363954599943668,202,204,161,43,,,False,
2026-05-12T12:34:42+00:00,43.512517707422376,16.364992205053568,163,2026-05-12T12:36:41.554952+00:00,484,1,2.352,823.767,141.12,159.403,1,Start,Finish,222,43.51087825005148,16.363954599943668,201,205,162,43,,,False,
2026-05-12T12:34:43+00:00,43.51249923929572,16.36499907821417,163,2026-05-12T12:36:41.554952+00:00,484,1,2.127,825.894,127.62,164.896,1,Start,Finish,222,43.51087825005148,16.363954599943668,199,205,163,42,,,False,
2026-05-12T12:34:44+00:00,43.512480771169066,16.36500595137477,162,2026-05-12T12:36:41.554952+00:00,484,1,2.127,828.021,127.62,164.896,1,Start,Finish,222,43.51087825005148,16.363954599943668,197,205,165,40,,,False,
2026-05-12T12:34:45+00:00,43.51246230304241,16.36501282453537,162,2026-05-12T12:36:41.554952+00:00,484,1,2.127,830.148,127.62,164.896,1,Start,Finish,222,43.51087825005148,16.363954599943668,196,206,166,40,,,False,
2026-05-12T12:34:46+00:00,43.51244310848415,16.365017853677273,161,2026-05-12T12:36:41.554952+00:00,484,1,2.173,832.32,130.38,169.241,1,Start,Finish,222,43.51087825005148,16.363954599943668,194,206,167,39,,,False,
2026-05-12T12:34:47+00:00,43.512423913925886,16.365022882819176,160,2026-05-12T12:36:41.554952+00:00,484,1,2.173,834.493,130.38,169.241,1,Start,Finish,222,43.51087825005148,16.363954599943668,192,207,167,40,,,False,
2026-05-12T12:34:48+00:00,43.51240471936762,16.36502791196108,159,2026-05-12T12:36:41.554952+00:00,484,1,2.173,836.666,130.38,169.241,1,Start,Finish,222,43.51087825005148,16.363954599943668,191,207,167,40,,,False,
2026-05-12T12:34:49+00:00,43.51238539908081,16.365032815374434,158,2026-05-12T12:36:41.554952+00:00,484,1,2.184,838.85,131.04,169.571,1,Start,Finish,222,43.51087825005148,16.363954599943668,189,207,167,40,,,False,
2026-05-12T12:34:50+00:00,43.512366078794,16.36503771878779,156,2026-05-12T12:36:41.554952+00:00,484,1,2.184,841.034,131.04,169.571,1,Start,Finish,222,43.51087825005148,16.363954599943668,187,208,167,41,,,False,
2026-05-12T12:34:51+00:00,43.51234550720879,16.36504578936313,156,2026-05-12T12:36:41.554952+00:00,484,1,2.378,843.413,142.68,164.118,1,Start,Finish,222,43.51087825005148,16.363954599943668,185,208,166,42,,,False,
2026-05-12T12:34:52+00:00,43.512324935623575,16.365053859938467,156,2026-05-12T12:36:41.554952+00:00,484,1,2.378,845.791,142.68,164.118,1,Start,Finish,222,43.51087825005148,16.363954599943668,184,209,166,43,,,False,
2026-05-12T12:34:53+00:00,43.51230436403837,16.365061930513807,156,2026-05-12T12:36:41.554952+00:00,484,1,2.378,848.169,142.68,164.118,1,Start,Finish,222,43.51087825005148,16.363954599943668,182,209,165,44,,,False,
2026-05-12T12:34:54+00:00,43.512283792453154,16.365070001089148,157,2026-05-12T12:36:41.554952+00:00,484,1,2.378,850.547,142.68,164.118,1,Start,Finish,222,43.51087825005148,16.363954599943668,180,210,165,45,,,False,
2026-05-12T12:34:55+00:00,43.51226322086794,16.365078071664488,157,2026-05-12T12:36:41.554952+00:00,484,1,2.378,852.926,142.68,164.118,1,Start,Finish,222,43.51087825005148,16.363954599943668,179,210,164,46,,,False,
2026-05-12T12:34:56+00:00,43.512242649282726,16.365086142239825,157,2026-05-12T12:36:41.554952+00:00,484,1,2.378,855.304,142.68,164.118,1,Start,Finish,222,43.51087825005148,16.363954599943668,177,211,164,47,,,False,
2026-05-12T12:34:57+00:00,43.512222077697515,16.365094212815166,157,2026-05-12T12:36:41.554952+00:00,484,1,2.378,857.682,142.68,164.118,1,Start,Finish,222,43.51087825005148,16.363954599943668,175,212,165,47,,,False,
2026-05-12T12:34:58+00:00,43.51220081560314,16.365102538838983,156,2026-05-12T12:36:41.554952+00:00,484,1,2.458,860.14,147.48,164.146,1,Start,Finish,222,43.51087825005148,16.363954599943668,174,212,165,47,,,False,
2026-05-12T12:34:59+00:00,43.51217955350876,16.3651108648628,155,2026-05-12T12:36:41.554952+00:00,484,1,2.458,862.597,147.48,164.146,1,Start,Finish,222,43.51087825005148,16.363954599943668,172,213,166,47,,,False,
2026-05-12T12:35:00+00:00,43.51215829141438,16.365119190886617,154,2026-05-12T12:36:41.554952+00:00,484,1,2.458,865.055,147.48,164.146,1,Start,Finish,222,43.51087825005148,16.363954599943668,171,213,166,47,,,False,
2026-05-12T12:35:01+00:00,43.51213954947889,16.36512448824942,153,2026-05-12T12:36:41.554952+00:00,484,1,2.127,867.183,127.62,168.416,1,Start,Finish,222,43.51087825005148,16.363954599943668,169,214,167,47,,,False,
2026-05-12T12:35:02+00:00,43.5121208075434,16.365129785612226,153,2026-05-12T12:36:41.554952+00:00,484,1,2.127,869.31,127.62,168.416,1,Start,Finish,222,43.51087825005148,16.363954599943668,168,214,166,48,,,False,
2026-05-12T12:35:03+00:00,43.512102065607905,16.36513508297503,152,2026-05-12T12:36:41.554952+00:00,484,1,2.127,871.437,127.62,168.416,1,Start,Finish,222,43.51087825005148,16.363954599943668,166,215,167,48,,,False,
2026-05-12T12:35:04+00:00,43.512083323672414,16.365140380337834,152,2026-05-12T12:36:41.554952+00:00,484,1,2.127,873.565,127.62,168.416,1,Start,Finish,222,43.51087825005148,16.363954599943668,165,216,168,48,,,False,
2026-05-12T12:35:05+00:00,43.51206458173692,16.36514567770064,151,2026-05-12T12:36:41.554952+00:00,484,1,2.127,875.692,127.62,168.416,1,Start,Finish,222,43.51087825005148,16.363954599943668,163,216,168,48,,,False,
2026-05-12T12:35:06+00:00,43.51204580627382,16.365153221413493,151,2026-05-12T12:36:41.554952+00:00,484,1,2.175,877.866,130.5,163.755,1,Start,Finish,222,43.51087825005148,16.363954599943668,162,217,168,49,,,False,
2026-05-12T12:35:07+00:00,43.512027030810714,16.36515802424401,151,2026-05-12T12:36:41.554952+00:00,484,1,2.123,879.99,127.38,169.49,1,Start,Finish,222,43.51087825005148,16.363954599943668,160,217,168,49,,,False,
2026-05-12T12:35:08+00:00,43.51200825534761,16.365162827074528,151,2026-05-12T12:36:41.554952+00:00,484,1,2.123,882.113,127.38,169.49,1,Start,Finish,222,43.51087825005148,16.363954599943668,159,218,169,49,,,False,
2026-05-12T12:35:09+00:00,43.511989479884505,16.365167629905045,151,2026-05-12T12:36:41.554952+00:00,484,1,2.123,884.237,127.38,169.49,1,Start,Finish,222,43.51087825005148,16.363954599943668,158,218,169,49,,,False,
2026-05-12T12:35:10+00:00,43.5119707044214,16.365172432735562,151,2026-05-12T12:36:41.554952+00:00,484,1,2.123,886.36,127.38,169.49,1,Start,Finish,222,43.51087825005148,16.363954599943668,156,219,169,50,,,False,
2026-05-12T12:35:11+00:00,43.5119519289583,16.36517723556608,150,2026-05-12T12:36:41.554952+00:00,484,1,2.123,888.483,127.38,169.49,1,Start,Finish,222,43.51087825005148,16.363954599943668,155,220,169,51,,,False,
2026-05-12T12:35:12+00:00,43.51193315349519,16.365182038396597,150,2026-05-12T12:36:41.554952+00:00,484,1,2.123,890.607,127.38,169.49,1,Start,Finish,222,43.51087825005148,16.363954599943668,153,220,169,51,,,False,
2026-05-12T12:35:13+00:00,43.51191437803209,16.365186841227114,150,2026-05-12T12:36:41.554952+00:00,484,1,2.123,892.73,127.38,169.49,1,Start,Finish,222,43.51087825005148,16.363954599943668,152,221,170,51,,,False,
2026-05-12T12:35:14+00:00,43.511895602568984,16.36519164405763,150,2026-05-12T12:36:41.554952+00:00,484,1,2.123,894.853,127.38,169.49,1,Start,Finish,222,43.51087825005148,16.363954599943668,151,221,170,51,,,False,
2026-05-12T12:35:15+00:00,43.51187682710588,16.36519644688815,150,2026-05-12T12:36:41.554952+00:00,484,1,2.123,896.977,127.38,169.49,1,Start,Finish,222,43.51087825005148,16.363954599943668,150,222,170,52,,,False,
2026-05-12T12:35:16+00:00,43.511858051642776,16.365201249718666,150,2026-05-12T12:36:41.554952+00:00,484,1,2.123,899.1,127.38,169.49,1,Start,Finish,222,43.51087825005148,16.363954599943668,148,223,170,53,,,False,
2026-05-12T12:35:17+00:00,43.51183848828077,16.365205189213157,149,2026-05-12T12:36:41.554952+00:00,484,1,2.198,901.298,131.88,171.691,1,Start,Finish,222,43.51087825005148,16.363954599943668,147,223,171,52,,,False,
2026-05-12T12:35:18+00:00,43.51181892491877,16.365209128707647,148,2026-05-12T12:36:41.554952+00:00,484,1,2.198,903.497,131.88,171.691,1,Start,Finish,222,43.51087825005148,16.363954599943668,146,224,170,54,,,False,
2026-05-12T12:35:19+00:00,43.51179936155677,16.365213068202138,147,2026-05-12T12:36:41.554952+00:00,484,1,2.198,905.695,131.88,171.691,1,Start,Finish,222,43.51087825005148,16.363954599943668,144,225,170,55,,,False,
2026-05-12T12:35:20+00:00,43.511779798194766,16.36521700769663,146,2026-05-12T12:36:41.554952+00:00,484,1,2.198,907.894,131.88,171.691,1,Start,Finish,222,43.51087825005148,16.363954599943668,143,225,169,56,,,False,
2026-05-12T12:35:21+00:00,43.51176023483277,16.36522094719112,145,2026-05-12T12:36:41.554952+00:00,484,1,2.198,910.092,131.88,171.691,1,Start,Finish,222,43.51087825005148,16.363954599943668,142,226,169,57,,,False,
2026-05-12T12:35:22+00:00,43.511740285903215,16.365227778442204,144,2026-05-12T12:36:41.554952+00:00,484,1,2.286,912.378,137.16,166.053,1,Start,Finish,222,43.51087825005148,16.363954599943668,140,227,168,59,,,False,
2026-05-12T12:35:23+00:00,43.51172033697367,16.36523460969329,142,2026-05-12T12:36:41.554952+00:00,484,1,2.286,914.663,137.16,166.053,1,Start,Finish,222,43.51087825005148,16.363954599943668,139,228,167,61,,,False,
2026-05-12T12:35:24+00:00,43.51170027628541,16.36524290777743,141,2026-05-12T12:36:41.554952+00:00,484,1,2.329,916.992,139.74,163.301,1,Start,Finish,222,43.51087825005148,16.363954599943668,138,229,167,62,,,False,
2026-05-12T12:35:25+00:00,43.51168021559715,16.36525120586157,140,2026-05-12T12:36:41.554952+00:00,484,1,2.329,919.321,139.74,163.301,1,Start,Finish,222,43.51087825005148,16.363954599943668,137,230,166,64,,,False,
2026-05-12T12:35:26+00:00,43.511660154908895,16.36525950394571,139,2026-05-12T12:36:41.554952+00:00,484,1,2.329,921.65,139.74,163.301,1,Start,Finish,222,43.51087825005148,16.363954599943668,137,230,165,65,,,False,
2026-05-12T12:35:27+00:00,43.51163949351758,16.365265622735023,138,2026-05-12T12:36:41.554952+00:00,484,1,2.35,924.0,141.0,167.878,1,Start,Finish,222,43.51087825005148,16.363954599943668,135,231,165,66,,,False,
2026-05-12T12:35:28+00:00,43.51161883212626,16.36527174152434,138,2026-05-12T12:36:41.554952+00:00,484,1,2.35,926.35,141.0,167.878,1,Start,Finish,222,43.51087825005148,16.363954599943668,134,232,165,67,,,False,
2026-05-12T12:35:29+00:00,43.51159967947751,16.36527880327776,139,2026-05-12T12:36:41.554952+00:00,484,1,2.205,928.554,132.3,165.029,1,Start,Finish,222,43.51087825005148,16.363954599943668,134,233,169,64,,,False,
2026-05-12T12:35:30+00:00,43.511580526828766,16.365285865031183,140,2026-05-12T12:36:41.554952+00:00,484,1,2.205,930.759,132.3,165.029,1,Start,Finish,222,43.51087825005148,16.363954599943668,133,234,171,63,,,False,
2026-05-12T12:35:31+00:00,43.51156137418002,16.365292926784605,140,2026-05-12T12:36:41.554952+00:00,484,1,2.205,932.963,132.3,165.029,1,Start,Finish,222,43.51087825005148,16.363954599943668,132,235,174,61,,,False,
2026-05-12T12:35:32+00:00,43.51154222153127,16.365299988538027,141,2026-05-12T12:36:41.554952+00:00,484,1,2.205,935.168,132.3,165.029,1,Start,Finish,222,43.51087825005148,16.363954599943668,131,236,181,55,,,False,
2026-05-12T12:35:33+00:00,43.51152815669775,16.36529822833836,141,2026-05-12T12:36:41.554952+00:00,484,1,1.57,936.738,94.2,185.186,1,Start,Finish,222,43.51087825005148,16.363954599943668,130,236,182,54,,,False,
2026-05-12T12:35:34+00:00,43.51151409186423,16.365296468138695,141,2026-05-12T12:36:41.554952+00:00,484,1,1.57,938.308,94.2,185.186,1,Start,Finish,222,43.51087825005148,16.363954599943668,129,237,187,50,,,False,
2026-05-12T12:35:35+00:00,43.511500027030706,16.36529470793903,141,2026-05-12T12:36:41.554952+00:00,484,1,1.57,939.879,94.2,185.186,1,Start,Finish,222,43.51087825005148,16.363954599943668,128,237,195,42,,,False,
2026-05-12T12:35:36+00:00,43.511485962197185,16.365292947739363,141,2026-05-12T12:36:41.554952+00:00,484,1,1.57,941.449,94.2,185.186,1,Start,Finish,222,43.51087825005148,16.363954599943668,127,238,199,39,,,False,
2026-05-12T12:35:37+00:00,43.51147189736366,16.365291187539697,141,2026-05-12T12:36:41.554952+00:00,484,1,1.57,943.019,94.2,185.186,1,Start,Finish,222,43.51087825005148,16.363954599943668,126,239,209,30,,,False,
2026-05-12T12:35:38+00:00,43.51146385073662,16.365268472582102,143,2026-05-12T12:36:41.554952+00:00,484,1,2.039,945.058,122.34,243.967,1,Start,Finish,222,43.51087825005148,16.363954599943668,124,238,213,25,,,False,
2026-05-12T12:35:39+00:00,43.51145580410957,16.365245757624507,145,2026-05-12T12:36:41.554952+00:00,484,1,2.039,947.097,122.34,243.967,1,Start,Finish,222,43.51087825005148,16.363954599943668,122,238,225,13,,,False,
2026-05-12T12:35:40+00:00,43.51145115215331,16.365216630510986,146,2026-05-12T12:36:41.554952+00:00,484,1,2.405,949.502,144.3,257.581,1,Start,Finish,222,43.51087825005148,16.363954599943668,120,238,232,6,,,False,
2026-05-12T12:35:41+00:00,43.51144650019705,16.365187503397465,148,2026-05-12T12:36:41.554952+00:00,484,1,2.405,951.907,144.3,257.581,1,Start,Finish,222,43.51087825005148,16.363954599943668,118,238,243,5,,,False,
2026-05-12T12:35:42+00:00,43.51143862120807,16.36515913065523,148,2026-05-12T12:36:41.554952+00:00,484,1,2.45,954.357,147.0,249.048,1,Start,Finish,222,43.51087825005148,16.363954599943668,115,237,249,12,,,False,
2026-05-12T12:35:43+00:00,43.51143074221909,16.365130757912993,149,2026-05-12T12:36:41.554952+00:00,484,1,2.45,956.807,147.0,249.048,1,Start,Finish,222,43.51087825005148,16.363954599943668,113,237,250,13,,,False,
2026-05-12T12:35:44+00:00,43.5114228297025,16.365104354918003,148,2026-05-12T12:36:41.554952+00:00,484,1,2.304,959.111,138.24,247.549,1,Start,Finish,222,43.51087825005148,16.363954599943668,111,237,250,13,,,False,
2026-05-12T12:35:45+00:00,43.5114149171859,16.365077951923013,148,2026-05-12T12:36:41.554952+00:00,484,1,2.304,961.415,138.24,247.549,1,Start,Finish,222,43.51087825005148,16.363954599943668,108,237,248,11,,,False,
2026-05-12T12:35:46+00:00,43.51140700466931,16.365051548928022,147,2026-05-12T12:36:41.554952+00:00,484,1,2.304,963.719,138.24,247.549,1,Start,Finish,222,43.51087825005148,16.363954599943668,106,236,247,11,,,False,
2026-05-12T12:35:47+00:00,43.511399092152715,16.365025145933032,147,2026-05-12T12:36:41.554952+00:00,484,1,2.304,966.023,138.24,247.549,1,Start,Finish,222,43.51087825005148,16.363954599943668,104,236,246,10,,,False,
2026-05-12T12:35:48+00:00,43.51139117963612,16.36499874293804,146,2026-05-12T12:36:41.554952+00:00,484,1,2.304,968.326,138.24,247.549,1,Start,Finish,222,43.51087825005148,16.363954599943668,102,236,246,10,,,False,
2026-05-12T12:35:49+00:00,43.5113812610507,16.36497183702886,145,2026-05-12T12:36:41.554952+00:00,484,1,2.434,970.76,146.04,243.056,1,Start,Finish,222,43.51087825005148,16.363954599943668,99,236,245,9,,,False,
2026-05-12T12:35:50+00:00,43.51137134246528,16.36494493111968,144,2026-05-12T12:36:41.554952+00:00,484,1,2.434,973.194,146.04,243.056,1,Start,Finish,222,43.51087825005148,16.363954599943668,97,236,244,8,,,False,
2026-05-12T12:35:51+00:00,43.51136142387986,16.3649180252105,143,2026-05-12T12:36:41.554952+00:00,484,1,2.434,975.628,146.04,243.056,1,Start,Finish,222,43.51087825005148,16.363954599943668,94,235,243,8,,,False,
2026-05-12T12:35:52+00:00,43.51134929805994,16.364888241514564,143,2026-05-12T12:36:41.554952+00:00,484,1,2.754,978.383,165.24,240.691,1,Start,Finish,222,43.51087825005148,16.363954599943668,92,235,242,7,,,False,
2026-05-12T12:35:53+00:00,43.51133717224002,16.364858457818627,144,2026-05-12T12:36:41.554952+00:00,484,1,2.754,981.137,165.24,240.691,1,Start,Finish,222,43.51087825005148,16.363954599943668,89,235,243,8,,,False,
2026-05-12T12:35:54+00:00,43.5113250464201,16.36482867412269,144,2026-05-12T12:36:41.554952+00:00,484,1,2.754,983.892,165.24,240.691,1,Start,Finish,222,43.51087825005148,16.363954599943668,86,235,243,8,,,False,
2026-05-12T12:35:55+00:00,43.511316371150315,16.364802606403828,146,2026-05-12T12:36:41.554952+00:00,484,1,2.313,986.204,138.78,245.351,1,Start,Finish,222,43.51087825005148,16.363954599943668,84,235,243,8,,,False,
2026-05-12T12:35:56+00:00,43.51130769588053,16.364776538684964,147,2026-05-12T12:36:41.554952+00:00,484,1,2.313,988.517,138.78,245.351,1,Start,Finish,222,43.51087825005148,16.363954599943668,82,234,243,9,,,False,
2026-05-12T12:35:57+00:00,43.511298978701234,16.3647504709661,148,2026-05-12T12:36:41.554952+00:00,484,1,2.315,990.832,138.9,245.246,1,Start,Finish,222,43.51087825005148,16.363954599943668,79,234,244,10,,,False,
2026-05-12T12:35:58+00:00,43.511290261521935,16.364724403247237,150,2026-05-12T12:36:41.554952+00:00,484,1,2.315,993.147,138.9,245.246,1,Start,Finish,222,43.51087825005148,16.363954599943668,77,234,244,10,,,False,
2026-05-12T12:35:59+00:00,43.5112801194191,16.364699006080627,152,2026-05-12T12:36:41.554952+00:00,484,1,2.338,995.485,140.28,241.161,1,Start,Finish,222,43.51087825005148,16.363954599943668,75,233,245,12,,,False,
2026-05-12T12:36:00+00:00,43.51126997731626,16.364673608914018,153,2026-05-12T12:36:41.554952+00:00,484,1,2.338,997.823,140.28,241.161,1,Start,Finish,222,43.51087825005148,16.363954599943668,73,233,245,12,,,False,
2026-05-12T12:36:01+00:00,43.51126251742244,16.364649259485304,154,2026-05-12T12:36:41.554952+00:00,484,1,2.132,999.955,127.92,247.099,1,Start,Finish,222,43.51087825005148,16.363954599943668,70,233,244,11,,,False,
2026-05-12T12:36:02+00:00,43.511255057528615,16.36462491005659,154,2026-05-12T12:36:41.554952+00:00,484,1,2.132,1002.087,127.92,247.099,1,Start,Finish,222,43.51087825005148,16.363954599943668,68,232,244,12,,,False,
2026-05-12T12:36:03+00:00,43.511245963163674,16.364596746861935,156,2026-05-12T12:36:41.554952+00:00,484,1,2.486,1004.573,149.16,245.999,1,Start,Finish,222,43.51087825005148,16.363954599943668,66,232,243,11,,,False,
2026-05-12T12:36:04+00:00,43.51123686879873,16.36456858366728,158,2026-05-12T12:36:41.554952+00:00,484,1,2.486,1007.059,149.16,245.999,1,Start,Finish,222,43.51087825005148,16.363954599943668,64,231,243,12,,,False,
2026-05-12T12:36:05+00:00,43.51122779538855,16.3645463087596,158,2026-05-12T12:36:41.554952+00:00,484,1,2.06,1009.119,123.6,240.679,1,Start,Finish,222,43.51087825005148,16.363954599943668,62,231,243,12,,,False,
2026-05-12T12:36:06+00:00,43.511218721978366,16.36452403385192,159,2026-05-12T12:36:41.554952+00:00,484,1,2.06,1011.179,123.6,240.679,1,Start,Finish,222,43.51087825005148,16.363954599943668,60,230,241,11,,,False,
2026-05-12T12:36:07+00:00,43.51120964856818,16.364501758944243,160,2026-05-12T12:36:41.554952+00:00,484,1,2.06,1013.24,123.6,240.679,1,Start,Finish,222,43.51087825005148,16.363954599943668,57,230,240,10,,,False,
2026-05-12T12:36:08+00:00,43.511200575158,16.364479484036565,160,2026-05-12T12:36:41.554952+00:00,484,1,2.06,1015.3,123.6,240.679,1,Start,Finish,222,43.51087825005148,16.363954599943668,55,230,239,9,,,False,
2026-05-12T12:36:09+00:00,43.5111894691363,16.364457230083644,160,2026-05-12T12:36:41.554952+00:00,484,1,2.178,1017.478,130.68,235.467,1,Start,Finish,222,43.51087825005148,16.363954599943668,53,230,238,8,,,False,
2026-05-12T12:36:10+00:00,43.511178363114595,16.364434976130724,159,2026-05-12T12:36:41.554952+00:00,484,1,2.178,1019.657,130.68,235.467,1,Start,Finish,222,43.51087825005148,16.363954599943668,51,229,237,8,,,False,
2026-05-12T12:36:11+00:00,43.51116725709289,16.364412722177804,158,2026-05-12T12:36:41.554952+00:00,484,1,2.178,1021.835,130.68,235.467,1,Start,Finish,222,43.51087825005148,16.363954599943668,49,229,236,7,,,False,
2026-05-12T12:36:12+00:00,43.51115615107119,16.364390468224883,158,2026-05-12T12:36:41.554952+00:00,484,1,2.178,1024.014,130.68,235.467,1,Start,Finish,222,43.51087825005148,16.363954599943668,47,229,235,6,,,False,
2026-05-12T12:36:13+00:00,43.51114504504949,16.364368214271963,158,2026-05-12T12:36:41.554952+00:00,484,1,2.178,1026.192,130.68,235.467,1,Start,Finish,222,43.51087825005148,16.363954599943668,45,228,235,7,,,False,
2026-05-12T12:36:14+00:00,43.511133939027786,16.364345960319042,157,2026-05-12T12:36:41.554952+00:00,484,1,2.178,1028.371,130.68,235.467,1,Start,Finish,222,43.51087825005148,16.363954599943668,42,228,235,7,,,False,
2026-05-12T12:36:15+00:00,43.511121198534966,16.36432341299951,153,2026-05-12T12:36:41.554952+00:00,484,1,2.305,1030.676,138.3,232.077,1,Start,Finish,222,43.51087825005148,16.363954599943668,40,228,235,7,,,False,
2026-05-12T12:36:16+00:00,43.51110904477537,16.364300530403852,153,2026-05-12T12:36:41.554952+00:00,484,1,2.287,1032.963,137.22,233.783,1,Start,Finish,222,43.51087825005148,16.363954599943668,38,227,236,9,,,False,
2026-05-12T12:36:17+00:00,43.51109689101577,16.364277647808194,153,2026-05-12T12:36:41.554952+00:00,484,1,2.287,1035.25,137.22,233.783,1,Start,Finish,222,43.51087825005148,16.363954599943668,36,227,236,9,,,False,
2026-05-12T12:36:18+00:00,43.51108542457223,16.364251412451267,154,2026-05-12T12:36:41.554952+00:00,484,1,2.47,1037.72,148.2,238.925,1,Start,Finish,222,43.51087825005148,16.363954599943668,33,226,237,11,,,False,
2026-05-12T12:36:19+00:00,43.51107395812869,16.36422517709434,154,2026-05-12T12:36:41.554952+00:00,484,1,2.47,1040.191,148.2,238.925,1,Start,Finish,222,43.51087825005148,16.363954599943668,31,225,237,12,,,False,
2026-05-12T12:36:20+00:00,43.51106249168515,16.364198941737413,155,2026-05-12T12:36:41.554952+00:00,484,1,2.47,1042.661,148.2,238.925,1,Start,Finish,222,43.51087825005148,16.363954599943668,28,224,238,14,,,False,
2026-05-12T12:36:21+00:00,43.51105102524161,16.364172706380486,155,2026-05-12T12:36:41.554952+00:00,484,1,2.47,1045.131,148.2,238.925,1,Start,Finish,222,43.51087825005148,16.363954599943668,26,222,241,19,,,False,
2026-05-12T12:36:22+00:00,43.511039558798075,16.36414647102356,156,2026-05-12T12:36:41.554952+00:00,484,1,2.47,1047.601,148.2,238.925,1,Start,Finish,222,43.51087825005148,16.363954599943668,24,221,242,21,,,False,
2026-05-12T12:36:23+00:00,43.51103109307587,16.364128617569804,156,2026-05-12T12:36:41.554952+00:00,484,1,1.72,1049.321,103.2,236.822,1,Start,Finish,222,43.51087825005148,16.363954599943668,22,220,245,25,,,False,
2026-05-12T12:36:24+00:00,43.511025100015104,16.364108752459288,157,2026-05-12T12:36:41.554952+00:00,484,1,1.735,1051.056,104.1,247.414,1,Start,Finish,222,43.51087825005148,16.363954599943668,21,217,248,31,,,False,
2026-05-12T12:36:25+00:00,43.511019106954336,16.36408888734877,158,2026-05-12T12:36:41.554952+00:00,484,1,1.735,1052.792,104.1,247.414,1,Start,Finish,222,43.51087825005148,16.363954599943668,19,215,251,36,,,False,
2026-05-12T12:36:26+00:00,43.51101311389357,16.364069022238255,158,2026-05-12T12:36:41.554952+00:00,484,1,1.735,1054.527,104.1,247.414,1,Start,Finish,222,43.51087825005148,16.363954599943668,18,212,251,39,,,False,
2026-05-12T12:36:27+00:00,43.5110071208328,16.364049157127738,159,2026-05-12T12:36:41.554952+00:00,484,1,1.735,1056.262,104.1,247.414,1,Start,Finish,222,43.51087825005148,16.363954599943668,16,208,253,45,,,False,
2026-05-12T12:36:28+00:00,43.51100684143603,16.364022670313716,158,2026-05-12T12:36:41.554952+00:00,484,1,2.136,1058.398,128.16,269.167,1,Start,Finish,222,43.51087825005148,16.363954599943668,15,201,255,54,,,False,
2026-05-12T12:36:29+00:00,43.511006562039256,16.363996183499694,158,2026-05-12T12:36:41.554952+00:00,484,1,2.136,1060.534,128.16,269.167,1,Start,Finish,222,43.51087825005148,16.363954599943668,15,193,250,57,,,False,
2026-05-12T12:36:30+00:00,43.51100628264248,16.363969696685672,157,2026-05-12T12:36:41.554952+00:00,484,1,2.136,1062.67,128.16,269.167,1,Start,Finish,222,43.51087825005148,16.363954599943668,14,185,244,59,,,False,
2026-05-12T12:36:31+00:00,43.51100196596235,16.363944592885673,156,2026-05-12T12:36:41.554952+00:00,484,1,2.081,1064.751,124.86,256.662,1,Start,Finish,222,43.51087825005148,16.363954599943668,14,177,230,53,,,False,
2026-05-12T12:36:32+00:00,43.51099764928222,16.363919489085674,154,2026-05-12T12:36:41.554952+00:00,484,1,2.081,1066.831,124.86,256.662,1,Start,Finish,222,43.51087825005148,16.363954599943668,14,168,221,53,,,False,
2026-05-12T12:36:33+00:00,43.51098595652729,16.363907754421234,152,2026-05-12T12:36:41.554952+00:00,484,1,1.608,1068.44,96.48,216.049,1,Start,Finish,222,43.51087825005148,16.363954599943668,13,162,208,46,,,False,
2026-05-12T12:36:34+00:00,43.51097426377237,16.363896019756794,150,2026-05-12T12:36:41.554952+00:00,484,1,1.608,1070.048,96.48,216.049,1,Start,Finish,222,43.51087825005148,16.363954599943668,12,156,201,45,,,False,
2026-05-12T12:36:35+00:00,43.51096261292696,16.363896606490016,148,2026-05-12T12:36:41.554952+00:00,484,1,1.296,1071.344,77.76,177.908,1,Start,Finish,222,43.51087825005148,16.363954599943668,10,154,188,34,,,False,
2026-05-12T12:36:36+00:00,43.51095050107688,16.363900965079665,146,2026-05-12T12:36:41.554952+00:00,484,1,1.392,1072.736,83.52,165.373,1,Start,Finish,222,43.51087825005148,16.363954599943668,9,152,182,30,,,False,
2026-05-12T12:36:37+00:00,43.510938389226794,16.363905323669314,145,2026-05-12T12:36:41.554952+00:00,484,1,1.392,1074.128,83.52,165.373,1,Start,Finish,222,43.51087825005148,16.363954599943668,8,149,176,27,,,False,
2026-05-12T12:36:38+00:00,43.51092493627221,16.363915926776826,144,2026-05-12T12:36:41.554952+00:00,484,1,1.723,1075.851,103.38,150.247,1,Start,Finish,222,43.51087825005148,16.363954599943668,6,149,166,17,,,False,
2026-05-12T12:36:39+00:00,43.510911483317614,16.36392652988434,142,2026-05-12T12:36:41.554952+00:00,484,1,1.723,1077.574,103.38,150.247,1,Start,Finish,222,43.51087825005148,16.363954599943668,4,149,157,8,,,False,
2026-05-12T12:36:40+00:00,43.51089987438172,16.3639414915815,142,2026-05-12T12:36:41.554952+00:00,484,1,1.767,1079.341,106.02,136.933,1,Start,Finish,222,43.51087825005148,16.363954599943668,3,156,149,7,,,False,
2026-05-12T12:36:41+00:00,43.51088826544583,16.36395645327866,141,2026-05-12T12:36:41.554952+00:00,484,1,1.767,1081.108,106.02,136.933,1,Start,Finish,222,43.51087825005148,16.363954599943668,1,188,142,46,,,False,
2026-05-12T12:36:42+00:00,43.51087703369558,16.363976821303368,142,2026-05-12T12:36:41.554952+00:00,484,1,2.063,1083.171,123.78,127.248,1,Start,Finish,222,43.51087825005148,16.363954599943668,2,274,135,139,,,False,
2026-05-12T12:36:43+00:00,43.51086580194533,16.363997189328074,144,2026-05-12T12:36:41.554952+00:00,484,1,2.063,1085.235,123.78,127.248,1,Start,Finish,222,43.51087825005148,16.363954599943668,4,292,128,164,,,False,
2026-05-12T12:36:44+00:00,43.510856023058295,16.364016635343432,143,2026-05-12T12:36:41.554952+00:00,484,1,1.908,1087.143,114.48,124.737,1,Start,Finish,222,43.51087825005148,16.363954599943668,6,296,124,172,,,False,
2026-05-12T12:36:45+00:00,43.51084624417126,16.36403608135879,141,2026-05-12T12:36:41.554952+00:00,484,1,1.908,1089.051,114.48,124.737,1,Start,Finish,222,43.51087825005148,16.363954599943668,7,298,109,171,,,False,
2026-05-12T12:36:46+00:00,43.51083646528423,16.36405552737415,140,2026-05-12T12:36:41.554952+00:00,484,1,1.908,1090.959,114.48,124.737,1,Start,Finish,222,43.51087825005148,16.363954599943668,9,300,102,162,,,False,
2026-05-12T12:36:47+00:00,43.510830011218786,16.364072961732745,140,2026-05-12T12:36:41.554952+00:00,484,1,1.579,1092.538,94.74,117.041,1,Start,Finish,222,43.51087825005148,16.363954599943668,11,299,97,158,,,False,
2026-05-12T12:36:48+00:00,43.510823557153344,16.364090396091342,139,2026-05-12T12:36:41.554952+00:00,484,1,1.579,1094.117,94.74,117.041,1,Start,Finish,222,43.51087825005148,16.363954599943668,13,299,94,155,,,False,
2026-05-12T12:36:49+00:00,43.510821769014,16.364102689549327,137,2026-05-12T12:36:41.554952+00:00,484,1,1.011,1095.128,60.66,101.341,1,Start,Finish,222,43.51087825005148,16.363954599943668,13,298,93,155,,,False,
2026-05-12T12:36:50+00:00,43.51081998087466,16.364114983007312,134,2026-05-12T12:36:41.554952+00:00,484,1,1.011,1096.139,60.66,101.341,1,Start,Finish,222,43.51087825005148,16.363954599943668,14,297,91,154,,,False,
2026-05-12T12:36:51+00:00,43.510818192735314,16.364127276465297,132,2026-05-12T12:36:41.554952+00:00,484,1,1.011,1097.15,60.66,101.341,1,Start,Finish,222,43.51087825005148,16.363954599943668,15,296,89,153,,,False,
2026-05-12T12:36:52+00:00,43.51082012057304,16.36413251515478,130,2026-05-12T12:36:41.554952+00:00,484,1,0.474,1097.624,28.44,63.096,1,Start,Finish,222,43.51087825005148,16.363954599943668,16,294,88,154,,,False,
2026-05-12T12:36:53+00:00,43.51082204841077,16.36413775384426,129,2026-05-12T12:36:41.554952+00:00,484,1,0.474,1098.097,28.44,63.096,1,Start,Finish,222,43.51087825005148,16.363954599943668,16,293,88,155,,,False,
2026-05-12T12:36:54+00:00,43.51082221604884,16.364140352234244,128,2026-05-12T12:36:41.554952+00:00,484,1,0.21,1098.308,12.6,84.916,1,Start,Finish,222,43.51087825005148,16.363954599943668,16,293,88,155,,,False,
2026-05-12T12:36:55+00:00,43.510822341777384,16.364145632833242,127,2026-05-12T12:36:41.554952+00:00,484,1,0.426,1098.734,25.56,88.12,1,Start,Finish,222,43.51087825005148,16.363954599943668,17,292,87,155,,,False,
2026-05-12T12:36:56+00:00,43.51082246750593,16.36415091343224,126,2026-05-12T12:36:41.554952+00:00,484,1,0.426,1099.16,25.56,88.12,1,Start,Finish,222,43.51087825005148,16.363954599943668,17,291,86,155,,,False,
2026-05-12T12:36:57+00:00,43.51082259323448,16.36415619403124,125,2026-05-12T12:36:41.554952+00:00,484,1,0.426,1099.586,25.56,88.12,1,Start,Finish,222,43.51087825005148,16.363954599943668,17,291,86,155,,,False,
2026-05-12T12:36:58+00:00,43.51082271896303,16.364161474630237,124,2026-05-12T12:36:41.554952+00:00,484,1,0.426,1100.012,25.56,88.12,1,Start,Finish,222,43.51087825005148,16.363954599943668,18,290,85,155,,,False,
2026-05-12T12:36:59+00:00,43.51082328474149,16.364167080027983,124,2026-05-12T12:36:41.554952+00:00,484,1,0.456,1100.468,27.36,82.077,1,Start,Finish,222,43.51087825005148,16.363954599943668,18,290,85,155,,,False,
2026-05-12T12:37:00+00:00,43.510823850519955,16.36417268542573,123,2026-05-12T12:36:41.554952+00:00,484,1,0.456,1100.925,27.36,82.077,1,Start,Finish,222,43.51087825005148,16.363954599943668,19,289,85,156,,,False,
2026-05-12T12:37:01+00:00,43.51082441629842,16.364178290823475,122,2026-05-12T12:36:41.554952+00:00,484,1,0.456,1101.381,27.36,82.077,1,Start,Finish,222,43.51087825005148,16.363954599943668,19,288,84,156,,,False,
2026-05-12T12:37:02+00:00,43.51082498207688,16.36418389622122,122,2026-05-12T12:36:41.554952+00:00,484,1,0.456,1101.838,27.36,82.077,1,Start,Finish,222,43.51087825005148,16.363954599943668,19,288,83,155,,,False,
2026-05-12T12:37:03+00:00,43.51082554785535,16.364189501618966,122,2026-05-12T12:36:41.554952+00:00,484,1,0.456,1102.294,27.36,82.077,1,Start,Finish,222,43.51087825005148,16.363954599943668,20,287,83,156,,,False,
2026-05-12T12:37:04+00:00,43.51082611363381,16.364195107016712,121,2026-05-12T12:36:41.554952+00:00,484,1,0.456,1102.75,27.36,82.077,1,Start,Finish,222,43.51087825005148,16.363954599943668,20,287,81,154,,,False,
2026-05-12T12:37:05+00:00,43.51082667941227,16.36420071241446,120,2026-05-12T12:36:41.554952+00:00,484,1,0.456,1103.207,27.36,82.077,1,Start,Finish,222,43.51087825005148,16.363954599943668,21,286,80,154,,,False,
2026-05-12T12:37:06+00:00,43.51082724519074,16.364206317812204,120,2026-05-12T12:36:41.554952+00:00,484,1,0.456,1103.663,27.36,82.077,1,Start,Finish,222,43.51087825005148,16.363954599943668,21,286,79,153,,,False,
2026-05-12T12:37:07+00:00,43.51082833483815,16.3642126461491,118,2026-05-12T12:36:41.554952+00:00,484,1,0.525,1104.188,31.5,76.644,1,Start,Finish,222,43.51087825005148,16.363954599943668,22,285,78,153,,,False,
2026-05-12T12:37:08+00:00,43.51082942448557,16.364218974485993,116,2026-05-12T12:36:41.554952+00:00,484,1,0.525,1104.712,31.5,76.644,1,Start,Finish,222,43.51087825005148,16.363954599943668,22,284,79,155,,,False,
2026-05-12T12:37:09+00:00,43.51082959212363,16.3642255961895,117,2026-05-12T12:36:41.554952+00:00,484,1,0.534,1105.247,32.04,88.001,1,Start,Finish,222,43.51087825005148,16.363954599943668,23,284,78,154,,,False,
2026-05-12T12:37:10+00:00,43.51083047222346,16.3642316730693,116,2026-05-12T12:36:41.554952+00:00,484,1,0.5,1105.746,30.0,78.707,1,Start,Finish,222,43.51087825005148,16.363954599943668,23,283,78,155,,,False,
2026-05-12T12:37:11+00:00,43.510831352323294,16.364237749949098,116,2026-05-12T12:36:41.554952+00:00,484,1,0.5,1106.246,30.0,78.707,1,Start,Finish,222,43.51087825005148,16.363954599943668,23,283,77,154,,,False,
2026-05-12T12:37:12+00:00,43.51083223242313,16.364243826828897,115,2026-05-12T12:36:41.554952+00:00,484,1,0.5,1106.746,30.0,78.707,1,Start,Finish,222,43.51087825005148,16.363954599943668,24,282,76,154,,,False,
2026-05-12T12:37:13+00:00,43.51083311252296,16.364249903708696,114,2026-05-12T12:36:41.554952+00:00,484,1,0.5,1107.246,30.0,78.707,1,Start,Finish,222,43.51087825005148,16.363954599943668,24,282,76,154,,,False,
2026-05-12T12:37:14+00:00,43.51083399262279,16.364255980588496,114,2026-05-12T12:36:41.554952+00:00,484,1,0.5,1107.745,30.0,78.707,1,Start,Finish,222,43.51087825005148,16.363954599943668,25,281,75,154,,,False,
2026-05-12T12:37:15+00:00,43.510834872722626,16.364262057468295,113,2026-05-12T12:36:41.554952+00:00,484,1,0.5,1108.245,30.0,78.707,1,Start,Finish,222,43.51087825005148,16.363954599943668,25,281,75,154,,,False,
2026-05-12T12:37:16+00:00,43.510836088098586,16.364267694298178,112,2026-05-12T12:36:41.554952+00:00,484,1,0.474,1108.719,28.44,73.443,1,Start,Finish,222,43.51087825005148,16.363954599943668,26,281,74,153,,,False,
2026-05-12T12:37:17+00:00,43.510837303474545,16.36427333112806,111,2026-05-12T12:36:41.554952+00:00,484,1,0.474,1109.194,28.44,73.443,1,Start,Finish,222,43.51087825005148,16.363954599943668,26,280,73,153,,,False,
2026-05-12T12:37:18+00:00,43.510838518850505,16.364278967957944,110,2026-05-12T12:36:41.554952+00:00,484,1,0.474,1109.668,28.44,73.443,1,Start,Finish,222,43.51087825005148,16.363954599943668,27,280,72,152,,,False,
2026-05-12T12:37:19+00:00,43.510839734226465,16.364284604787827,109,2026-05-12T12:36:41.554952+00:00,484,1,0.474,1110.142,28.44,73.443,1,Start,Finish,222,43.51087825005148,16.363954599943668,27,279,72,153,,,False,
2026-05-12T12:37:20+00:00,43.51084090769291,16.364292735233903,107,2026-05-12T12:36:41.554952+00:00,484,1,0.669,1110.811,40.14,78.745,1,Start,Finish,222,43.51087825005148,16.363954599943668,28,279,71,152,,,False,
2026-05-12T12:37:21+00:00,43.51084262598306,16.364301703870296,105,2026-05-12T12:36:41.554952+00:00,484,1,0.748,1111.559,44.88,75.202,1,Start,Finish,222,43.51087825005148,16.363954599943668,28,278,70,152,,,False,
2026-05-12T12:37:22+00:00,43.51084434427321,16.36431067250669,103,2026-05-12T12:36:41.554952+00:00,484,1,0.748,1112.307,44.88,75.202,1,Start,Finish,222,43.51087825005148,16.363954599943668,29,277,70,153,,,False,
2026-05-12T12:37:23+00:00,43.51084574824199,16.36431339662522,104,2026-05-12T12:36:41.554952+00:00,484,1,0.27,1112.576,16.2,54.601,1,Start,Finish,222,43.51087825005148,16.363954599943668,29,277,70,153,,,False,
2026-05-12T12:37:24+00:00,43.51084715221077,16.36431612074375,106,2026-05-12T12:36:41.554952+00:00,484,1,0.27,1112.846,16.2,54.601,1,Start,Finish,222,43.51087825005148,16.363954599943668,29,277,69,152,,,False,
2026-05-12T12:37:25+00:00,43.51084855617955,16.364318844862282,107,2026-05-12T12:36:41.554952+00:00,484,1,0.27,1113.115,16.2,54.601,1,Start,Finish,222,43.51087825005148,16.363954599943668,30,276,70,154,,,False,
2026-05-12T12:37:26+00:00,43.510849960148335,16.364321568980813,108,2026-05-12T12:36:41.554952+00:00,484,1,0.27,1113.385,16.2,54.601,1,Start,Finish,222,43.51087825005148,16.363954599943668,30,276,69,153,,,False,
2026-05-12T12:37:27+00:00,43.51085088215768,16.36432676576078,108,2026-05-12T12:36:41.554952+00:00,484,1,0.431,1113.816,25.86,76.253,1,Start,Finish,222,43.51087825005148,16.363954599943668,30,276,69,153,,,False,
2026-05-12T12:37:28+00:00,43.510851175524294,16.3643334293738,108,2026-05-12T12:36:41.554952+00:00,484,1,0.538,1114.355,32.28,86.526,1,Start,Finish,222,43.51087825005148,16.363954599943668,31,276,69,153,,,False,
2026-05-12T12:37:29+00:00,43.510851468890905,16.364340092986822,108,2026-05-12T12:36:41.554952+00:00,484,1,0.538,1114.893,32.28,86.526,1,Start,Finish,222,43.51087825005148,16.363954599943668,31,275,69,154,,,False,
2026-05-12T12:37:30+00:00,43.51085324585438,16.364345155656338,107,2026-05-12T12:36:41.554952+00:00,484,1,0.454,1115.346,27.24,64.175,1,Start,Finish,222,43.51087825005148,16.363954599943668,32,275,69,154,,,False,
2026-05-12T12:37:31+00:00,43.51085502281785,16.364350218325853,106,2026-05-12T12:36:41.554952+00:00,484,1,0.454,1115.8,27.24,64.175,1,Start,Finish,222,43.51087825005148,16.363954599943668,32,275,69,154,,,False,
2026-05-12T12:37:32+00:00,43.51085679978132,16.36435528099537,106,2026-05-12T12:36:41.554952+00:00,484,1,0.454,1116.254,27.24,64.175,1,Start,Finish,222,43.51087825005148,16.363954599943668,32,274,69,155,,,False,
2026-05-12T12:37:33+00:00,43.510858576744795,16.364360343664885,105,2026-05-12T12:36:41.554952+00:00,484,1,0.454,1116.707,27.24,64.175,1,Start,Finish,222,43.51087825005148,16.363954599943668,33,274,69,155,,,False,
2026-05-12T12:37:34+00:00,43.51086035370827,16.3643654063344,104,2026-05-12T12:36:41.554952+00:00,484,1,0.454,1117.161,27.24,64.175,1,Start,Finish,222,43.51087825005148,16.363954599943668,33,273,69,156,,,False,
2026-05-12T12:37:35+00:00,43.510862910188735,16.364369429647923,106,2026-05-12T12:36:41.554952+00:00,484,1,0.431,1117.592,25.86,48.777,1,Start,Finish,222,43.51087825005148,16.363954599943668,33,273,69,156,,,False,
2026-05-12T12:37:36+00:00,43.5108654666692,16.364373452961445,107,2026-05-12T12:36:41.554952+00:00,484,1,0.431,1118.023,25.86,48.777,1,Start,Finish,222,43.51087825005148,16.363954599943668,34,272,69,157,,,False,
2026-05-12T12:37:37+00:00,43.51086772978306,16.364375967532396,110,2026-05-12T12:36:41.554952+00:00,484,1,0.323,1118.347,19.38,38.863,1,Start,Finish,222,43.51087825005148,16.363954599943668,34,272,69,157,,,False,
2026-05-12T12:37:38+00:00,43.51086923852563,16.364380158483982,113,2026-05-12T12:36:41.554952+00:00,484,1,0.377,1118.724,22.62,63.601,1,Start,Finish,222,43.51087825005148,16.363954599943668,34,272,69,157,,,False,
2026-05-12T12:37:39+00:00,43.51087138429284,16.36438617669046,114,2026-05-12T12:36:41.554952+00:00,484,1,0.541,1119.265,32.46,63.82,1,Start,Finish,222,43.51087825005148,16.363954599943668,35,271,69,158,,,False,
2026-05-12T12:37:40+00:00,43.51087353006005,16.364392194896936,114,2026-05-12T12:36:41.554952+00:00,484,1,0.541,1119.806,32.46,63.82,1,Start,Finish,222,43.51087825005148,16.363954599943668,35,271,69,158,,,False,
2026-05-12T12:37:41+00:00,43.510875675827265,16.364398213103414,115,2026-05-12T12:36:41.554952+00:00,484,1,0.541,1120.346,32.46,63.82,1,Start,Finish,222,43.51087825005148,16.363954599943668,36,270,69,159,,,False,
2026-05-12T12:37:42+00:00,43.51087782159448,16.36440423130989,115,2026-05-12T12:36:41.554952+00:00,484,1,0.541,1120.887,32.46,63.82,1,Start,Finish,222,43.51087825005148,16.363954599943668,36,270,69,159,,,False,
2026-05-12T12:37:43+00:00,43.51087996736169,16.364410249516368,116,2026-05-12T12:36:41.554952+00:00,484,1,0.541,1121.428,32.46,63.82,1,Start,Finish,222,43.51087825005148,16.363954599943668,37,270,69,159,,,False,
2026-05-12T12:37:44+00:00,43.51088155992329,16.36441569775343,114,2026-05-12T12:36:41.554952+00:00,484,1,0.474,1121.902,28.44,68.048,1,Start,Finish,222,43.51087825005148,16.363954599943668,37,269,69,160,,,False,
2026-05-12T12:37:45+00:00,43.510883152484894,16.36442114599049,111,2026-05-12T12:36:41.554952+00:00,484,1,0.474,1122.375,28.44,68.048,1,Start,Finish,222,43.51087825005148,16.363954599943668,38,269,69,160,,,False,
2026-05-12T12:37:46+00:00,43.51088407449424,16.364428102970123,108,2026-05-12T12:36:41.554952+00:00,484,1,0.57,1122.946,34.2,79.644,1,Start,Finish,222,43.51087825005148,16.363954599943668,38,269,70,161,,,False,
2026-05-12T12:37:47+00:00,43.510884661227465,16.3644362334162,107,2026-05-12T12:36:41.554952+00:00,484,1,0.659,1123.605,39.54,84.318,1,Start,Finish,222,43.51087825005148,16.363954599943668,39,269,72,163,,,False,
2026-05-12T12:37:48+00:00,43.51088544353843,16.364447297528386,106,2026-05-12T12:36:41.554952+00:00,484,1,0.896,1124.501,53.76,84.432,1,Start,Finish,222,43.51087825005148,16.363954599943668,40,269,71,162,,,False,
2026-05-12T12:37:49+00:00,43.51088622584939,16.364458361640573,106,2026-05-12T12:36:41.554952+00:00,484,1,0.896,1125.398,53.76,84.432,1,Start,Finish,222,43.51087825005148,16.363954599943668,41,269,73,164,,,False,
2026-05-12T12:37:50+00:00,43.51088700816035,16.36446942575276,105,2026-05-12T12:36:41.554952+00:00,484,1,0.896,1126.294,53.76,84.432,1,Start,Finish,222,43.51087825005148,16.363954599943668,42,269,74,165,,,False,
2026-05-12T12:37:51+00:00,43.510887790471315,16.364480489864945,104,2026-05-12T12:36:41.554952+00:00,484,1,0.896,1127.191,53.76,84.432,1,Start,Finish,222,43.51087825005148,16.363954599943668,42,269,77,168,,,False,
2026-05-12T12:37:52+00:00,43.51088857278228,16.364491553977132,104,2026-05-12T12:36:41.554952+00:00,484,1,0.896,1128.087,53.76,84.432,1,Start,Finish,222,43.51087825005148,16.363954599943668,43,268,80,172,,,False,
2026-05-12T12:37:53+00:00,43.51088935509324,16.36450261808932,103,2026-05-12T12:36:41.554952+00:00,484,1,0.896,1128.984,53.76,84.432,1,Start,Finish,222,43.51087825005148,16.363954599943668,44,268,85,177,,,False,
2026-05-12T12:37:54+00:00,43.51088843308389,16.364528266713023,103,2026-05-12T12:36:41.554952+00:00,484,1,2.071,1131.054,124.26,92.838,1,Start,Finish,222,43.51087825005148,16.363954599943668,46,269,93,176,,,False,
2026-05-12T12:37:55+00:00,43.51088508032262,16.36455399915576,102,2026-05-12T12:36:41.554952+00:00,484,1,2.108,1133.163,126.48,100.185,1,Start,Finish,222,43.51087825005148,16.363954599943668,48,269,104,165,,,False,
2026-05-12T12:37:56+00:00,43.51087430957705,16.36457038577646,103,2026-05-12T12:36:41.554952+00:00,484,1,1.783,1134.946,106.98,132.186,1,Start,Finish,222,43.51087825005148,16.363954599943668,50,271,110,161,,,False,
2026-05-12T12:37:57+00:00,43.51086353883147,16.36458677239716,104,2026-05-12T12:36:41.554952+00:00,484,1,1.783,1136.73,106.98,132.186,1,Start,Finish,222,43.51087825005148,16.363954599943668,51,272,119,153,,,False,
2026-05-12T12:37:58+00:00,43.5108527680859,16.36460315901786,106,2026-05-12T12:36:41.554952+00:00,484,1,1.783,1138.513,106.98,132.186,1,Start,Finish,222,43.51087825005148,16.363954599943668,52,273,129,144,,,False,
2026-05-12T12:37:59+00:00,43.51084199734032,16.36461954563856,107,2026-05-12T12:36:41.554952+00:00,484,1,1.783,1140.297,106.98,132.186,1,Start,Finish,222,43.51087825005148,16.363954599943668,54,274,135,139,,,False,
2026-05-12T12:38:00+00:00,43.51083009503782,16.364630023017526,109,2026-05-12T12:36:41.554952+00:00,484,1,1.57,1141.867,94.2,147.445,1,Start,Finish,222,43.51087825005148,16.363954599943668,55,276,141,135,,,False,
2026-05-12T12:38:01+00:00,43.51081693544984,16.364642176777124,114,2026-05-12T12:36:41.554952+00:00,484,1,1.761,1143.628,105.66,146.185,1,Start,Finish,222,43.51087825005148,16.363954599943668,56,277,146,131,,,False,
2026-05-12T12:38:02+00:00,43.51080344058573,16.364652486518025,119,2026-05-12T12:36:41.554952+00:00,484,1,1.715,1145.343,102.9,151.011,1,Start,Finish,222,43.51087825005148,16.363954599943668,57,278,149,129,,,False,
2026-05-12T12:38:03+00:00,43.51078714377114,16.36466104803341,118,2026-05-12T12:36:41.554952+00:00,484,1,1.939,1147.283,116.34,159.143,1,Start,Finish,222,43.51087825005148,16.363954599943668,58,280,151,129,,,False,
2026-05-12T12:38:04+00:00,43.51077084695654,16.36466960954879,118,2026-05-12T12:36:41.554952+00:00,484,1,1.939,1149.222,116.34,159.143,1,Start,Finish,222,43.51087825005148,16.363954599943668,59,282,154,128,,,False,
2026-05-12T12:38:05+00:00,43.51075455014195,16.364678171064174,117,2026-05-12T12:36:41.554952+00:00,484,1,1.939,1151.161,116.34,159.143,1,Start,Finish,222,43.51087825005148,16.363954599943668,60,283,156,127,,,False,
2026-05-12T12:38:06+00:00,43.510738253327354,16.364686732579553,117,2026-05-12T12:36:41.554952+00:00,484,1,1.939,1153.1,116.34,159.143,1,Start,Finish,222,43.51087825005148,16.363954599943668,61,285,157,128,,,False,
2026-05-12T12:38:07+00:00,43.51072195651276,16.364695294094936,116,2026-05-12T12:36:41.554952+00:00,484,1,1.939,1155.039,116.34,159.143,1,Start,Finish,222,43.51087825005148,16.363954599943668,62,286,158,128,,,False,
2026-05-12T12:38:08+00:00,43.51070565969816,16.36470385561032,116,2026-05-12T12:36:41.554952+00:00,484,1,1.939,1156.979,116.34,159.143,1,Start,Finish,222,43.51087825005148,16.363954599943668,63,288,158,130,,,False,
2026-05-12T12:38:09+00:00,43.51068936288357,16.364712417125702,115,2026-05-12T12:36:41.554952+00:00,484,1,1.939,1158.918,116.34,159.143,1,Start,Finish,222,43.51087825005148,16.363954599943668,65,289,158,131,,,False,
2026-05-12T12:38:10+00:00,43.51067247334868,16.36472264304757,114,2026-05-12T12:36:41.554952+00:00,484,1,2.051,1160.969,123.06,156.293,1,Start,Finish,222,43.51087825005148,16.363954599943668,66,290,158,132,,,False,
2026-05-12T12:38:11+00:00,43.51065558381379,16.36473286896944,112,2026-05-12T12:36:41.554952+00:00,484,1,2.051,1163.02,123.06,156.293,1,Start,Finish,222,43.51087825005148,16.363954599943668,67,292,158,134,,,False,
2026-05-12T12:38:12+00:00,43.510638694278896,16.36474309489131,111,2026-05-12T12:36:41.554952+00:00,484,1,2.051,1165.071,123.06,156.293,1,Start,Finish,222,43.51087825005148,16.363954599943668,69,293,159,134,,,False,
2026-05-12T12:38:13+00:00,43.510621804744005,16.36475332081318,110,2026-05-12T12:36:41.554952+00:00,484,1,2.051,1167.122,123.06,156.293,1,Start,Finish,222,43.51087825005148,16.363954599943668,70,294,159,135,,,False,
2026-05-12T12:38:14+00:00,43.51060428656638,16.364762876182795,111,2026-05-12T12:36:41.554952+00:00,484,1,2.095,1169.217,125.7,158.417,1,Start,Finish,222,43.51087825005148,16.363954599943668,72,295,160,135,,,False,
2026-05-12T12:38:15+00:00,43.51058661272483,16.364769797239983,111,2026-05-12T12:36:41.554952+00:00,484,1,2.043,1171.26,122.58,164.145,1,Start,Finish,222,43.51087825005148,16.363954599943668,73,296,161,135,,,False,
2026-05-12T12:38:16+00:00,43.51056893888329,16.364776718297176,111,2026-05-12T12:36:41.554952+00:00,484,1,2.043,1173.303,122.58,164.145,1,Start,Finish,222,43.51087825005148,16.363954599943668,75,297,162,135,,,False,
2026-05-12T12:38:17+00:00,43.51055126504174,16.364783639354364,111,2026-05-12T12:36:41.554952+00:00,484,1,2.043,1175.346,122.58,164.145,1,Start,Finish,222,43.51087825005148,16.363954599943668,76,299,164,135,,,False,
2026-05-12T12:38:18+00:00,43.5105335912002,16.364790560411556,110,2026-05-12T12:36:41.554952+00:00,484,1,2.043,1177.389,122.58,164.145,1,Start,Finish,222,43.51087825005148,16.363954599943668,78,300,165,135,,,False,
2026-05-12T12:38:19+00:00,43.51051591735865,16.364797481468745,110,2026-05-12T12:36:41.554952+00:00,484,1,2.043,1179.432,122.58,164.145,1,Start,Finish,222,43.51087825005148,16.363954599943668,79,301,166,135,,,False,
2026-05-12T12:38:20+00:00,43.51049824351711,16.364804402525937,110,2026-05-12T12:36:41.554952+00:00,484,1,2.043,1181.475,122.58,164.145,1,Start,Finish,222,43.51087825005148,16.363954599943668,81,302,173,129,,,False,
2026-05-12T12:38:21+00:00,43.510480569675565,16.364811323583126,110,2026-05-12T12:36:41.554952+00:00,484,1,2.043,1183.518,122.58,164.145,1,Start,Finish,222,43.51087825005148,16.363954599943668,82,303,184,119,,,False,
2026-05-12T12:38:22+00:00,43.51046422496438,16.364813335239887,106,2026-05-12T12:36:41.554952+00:00,484,1,1.825,1185.343,109.5,174.899,1,Start,Finish,222,43.51087825005148,16.363954599943668,83,304,188,116,,,False,
2026-05-12T12:38:23+00:00,43.51045047864318,16.36481735855341,104,2026-05-12T12:36:41.554952+00:00,484,1,1.563,1186.905,93.78,168.016,1,Start,Finish,222,43.51087825005148,16.363954599943668,84,304,196,108,,,False,
2026-05-12T12:38:24+00:00,43.51043673232198,16.364821381866932,102,2026-05-12T12:36:41.554952+00:00,484,1,1.563,1188.468,93.78,168.016,1,Start,Finish,222,43.51087825005148,16.363954599943668,85,305,202,103,,,False,
2026-05-12T12:38:25+00:00,43.51042348891497,16.364821381866932,96,2026-05-12T12:36:41.554952+00:00,484,1,1.473,1189.94,88.38,180.0,1,Start,Finish,222,43.51087825005148,16.363954599943668,86,306,217,89,,,False,
2026-05-12T12:38:26+00:00,43.51041992660612,16.364812455140054,95,2026-05-12T12:36:41.554952+00:00,484,1,0.822,1190.762,49.32,241.179,1,Start,Finish,222,43.51087825005148,16.363954599943668,86,306,217,89,,,False,
2026-05-12T12:38:27+00:00,43.51041636429727,16.364803528413177,94,2026-05-12T12:36:41.554952+00:00,484,1,0.822,1191.584,49.32,241.179,1,Start,Finish,222,43.51087825005148,16.363954599943668,86,307,239,68,,,False,
2026-05-12T12:38:28+00:00,43.51042566820979,16.364791793748736,94,2026-05-12T12:36:41.554952+00:00,484,1,1.402,1192.986,84.12,317.55,1,Start,Finish,222,43.51087825005148,16.363954599943668,84,307,239,68,,,False,
2026-05-12T12:38:29+00:00,43.51043497212231,16.364780059084296,94,2026-05-12T12:36:41.554952+00:00,484,1,1.402,1194.388,84.12,317.55,1,Start,Finish,222,43.51087825005148,16.363954599943668,83,307,279,28,,,False,
2026-05-12T12:38:30+00:00,43.51045240648091,16.364771090447903,97,2026-05-12T12:36:41.554952+00:00,484,1,2.069,1196.457,124.14,339.54,1,Start,Finish,222,43.51087825005148,16.363954599943668,81,306,316,10,,,False,
2026-05-12T12:38:31+00:00,43.51047143340111,16.36476664803922,99,2026-05-12T12:36:41.554952+00:00,484,1,2.146,1198.603,128.76,350.389,1,Start,Finish,222,43.51087825005148,16.363954599943668,80,305,328,23,,,False,
2026-05-12T12:38:32+00:00,43.51049369573593,16.364777024835348,99,2026-05-12T12:36:41.554952+00:00,484,1,2.613,1201.216,156.78,18.678,1,Start,Finish,222,43.51087825005148,16.363954599943668,79,303,348,45,,,False,
2026-05-12T12:38:33+00:00,43.510515958070755,16.364787401631474,100,2026-05-12T12:36:41.554952+00:00,484,1,2.613,1203.829,156.78,18.678,1,Start,Finish,222,43.51087825005148,16.363954599943668,78,301,3,62,,,False,
2026-05-12T12:38:34+00:00,43.51053822040558,16.3647977784276,100,2026-05-12T12:36:41.554952+00:00,484,1,2.613,1206.442,156.78,18.678,1,Start,Finish,222,43.51087825005148,16.363954599943668,78,299,15,76,,,False,
2026-05-12T12:38:35+00:00,43.5105604827404,16.364808155223727,101,2026-05-12T12:36:41.554952+00:00,484,1,2.613,1209.055,156.78,18.678,1,Start,Finish,222,43.51087825005148,16.363954599943668,77,297,23,86,,,False,
2026-05-12T12:38:36+00:00,43.510582745075226,16.364818532019854,101,2026-05-12T12:36:41.554952+00:00,484,1,2.613,1211.668,156.78,18.678,1,Start,Finish,222,43.51087825005148,16.363954599943668,77,295,23,88,,,False,
2026-05-12T12:38:37+00:00,43.510600556619465,16.364834583364427,100,2026-05-12T12:36:41.554952+00:00,484,1,2.366,1214.034,141.96,33.168,1,Start,Finish,222,43.51087825005148,16.363954599943668,77,294,21,87,,,False,
2026-05-12T12:38:38+00:00,43.510618368163705,16.364850634709,98,2026-05-12T12:36:41.554952+00:00,484,1,2.366,1216.4,141.96,33.168,1,Start,Finish,222,43.51087825005148,16.363954599943668,78,292,20,88,,,False,
2026-05-12T12:38:39+00:00,43.510637981817126,16.36486337520182,102,2026-05-12T12:36:41.554952+00:00,484,1,2.411,1218.811,144.66,25.225,1,Start,Finish,222,43.51087825005148,16.363954599943668,78,290,18,88,,,False,
2026-05-12T12:38:40+00:00,43.51065952330828,16.364871421828866,106,2026-05-12T12:36:41.554952+00:00,484,1,2.482,1221.293,148.92,15.158,1,Start,Finish,222,43.51087825005148,16.363954599943668,78,288,16,88,,,False,
2026-05-12T12:38:41+00:00,43.510679891332984,16.364874774590135,109,2026-05-12T12:36:41.554952+00:00,484,1,2.281,1223.574,136.86,6.808,1,Start,Finish,222,43.51087825005148,16.363954599943668,77,287,14,87,,,False,
2026-05-12T12:38:42+00:00,43.51069984026253,16.36487846262753,108,2026-05-12T12:36:41.554952+00:00,484,1,2.238,1225.812,134.28,7.637,1,Start,Finish,222,43.51087825005148,16.363954599943668,77,285,11,86,,,False,
2026-05-12T12:38:43+00:00,43.510719537734985,16.364878839813173,106,2026-05-12T12:36:41.554952+00:00,484,1,2.19,1228.002,131.4,0.796,1,Start,Finish,222,43.51087825005148,16.363954599943668,77,283,8,85,,,False,
2026-05-12T12:38:44+00:00,43.51073923520744,16.364879216998816,104,2026-05-12T12:36:41.554952+00:00,484,1,2.19,1230.193,131.4,0.796,1,Start,Finish,222,43.51087825005148,16.363954599943668,76,282,5,83,,,False,
2026-05-12T12:38:45+00:00,43.51075968705118,16.364881647750735,105,2026-05-12T12:36:41.554952+00:00,484,1,2.283,1232.475,136.98,4.927,1,Start,Finish,222,43.51087825005148,16.363954599943668,76,280,4,84,,,False,
2026-05-12T12:38:46+00:00,43.51078013889491,16.364884078502655,106,2026-05-12T12:36:41.554952+00:00,484,1,2.283,1234.758,136.98,4.927,1,Start,Finish,222,43.51087825005148,16.363954599943668,76,278,4,86,,,False,
2026-05-12T12:38:47+00:00,43.510800590738654,16.364886509254575,107,2026-05-12T12:36:41.554952+00:00,484,1,2.283,1237.04,136.98,4.927,1,Start,Finish,222,43.51087825005148,16.363954599943668,76,277,3,86,,,False,
2026-05-12T12:38:48+00:00,43.510823347605765,16.36488805990666,106,2026-05-12T12:36:41.554952+00:00,484,1,2.534,1239.574,152.04,2.829,1,Start,Finish,222,43.51087825005148,16.363954599943668,76,275,3,88,,,False,
2026-05-12T12:38:49+00:00,43.51084610447288,16.36488961055875,106,2026-05-12T12:36:41.554952+00:00,484,1,2.534,1242.107,152.04,2.829,1,Start,Finish,222,43.51087825005148,16.363954599943668,75,273,2,89,,,False,
2026-05-12T12:38:50+00:00,43.51086835842579,16.364890784025192,102,2026-05-12T12:36:41.554952+00:00,484,1,2.476,1244.584,148.56,2.19,1,Start,Finish,222,43.51087825005148,16.363954599943668,76,271,1,90,,,False,
2026-05-12T12:38:51+00:00,43.51089061237872,16.364891957491636,98,2026-05-12T12:36:41.554952+00:00,484,1,2.476,1247.06,148.56,2.19,1,Start,Finish,222,43.51087825005148,16.363954599943668,76,269,359,90,,,False,
2026-05-12T12:38:52+00:00,43.51091320160776,16.36488898191601,96,2026-05-12T12:36:41.554952+00:00,484,1,2.523,1249.583,151.38,354.543,1,Start,Finish,222,43.51087825005148,16.363954599943668,75,267,356,89,,,False,
2026-05-12T12:38:53+00:00,43.51093579083681,16.364886006340384,95,2026-05-12T12:36:41.554952+00:00,484,1,2.523,1252.107,151.38,354.543,1,Start,Finish,222,43.51087825005148,16.363954599943668,75,265,355,90,,,False,
2026-05-12T12:38:54+00:00,43.51095838006586,16.364883868955076,96,2026-05-12T12:36:41.554952+00:00,484,1,2.518,1254.624,151.08,356.074,1,Start,Finish,222,43.51087825005148,16.363954599943668,75,263,349,86,,,False,
2026-05-12T12:38:55+00:00,43.510980969294906,16.364881731569767,98,2026-05-12T12:36:41.554952+00:00,484,1,2.518,1257.142,151.08,356.074,1,Start,Finish,222,43.51087825005148,16.363954599943668,76,261,342,81,,,False,
2026-05-12T12:38:56+00:00,43.511000499129295,16.36487259529531,100,2026-05-12T12:36:41.554952+00:00,484,1,2.293,1259.435,137.58,341.259,1,Start,Finish,222,43.51087825005148,16.363954599943668,75,260,338,78,,,False,
2026-05-12T12:38:57+00:00,43.511020028963685,16.364863459020853,102,2026-05-12T12:36:41.554952+00:00,484,1,2.293,1261.728,137.58,341.259,1,Start,Finish,222,43.51087825005148,16.363954599943668,75,258,328,70,,,False,
2026-05-12T12:38:58+00:00,43.51103721186519,16.364846443757415,106,2026-05-12T12:36:41.554952+00:00,484,1,2.352,1264.081,141.12,324.315,1,Start,Finish,222,43.51087825005148,16.363954599943668,74,256,317,61,,,False,
2026-05-12T12:38:59+00:00,43.511047130450606,16.364828143268824,107,2026-05-12T12:36:41.554952+00:00,484,1,1.842,1265.923,110.52,306.771,1,Start,Finish,222,43.51087825005148,16.363954599943668,73,255,303,48,,,False,
2026-05-12T12:39:00+00:00,43.511057049036026,16.364809842780232,108,2026-05-12T12:36:41.554952+00:00,484,1,1.842,1267.765,110.52,306.771,1,Start,Finish,222,43.51087825005148,16.363954599943668,72,254,297,43,,,False,
2026-05-12T12:39:01+00:00,43.511066967621446,16.36479154229164,109,2026-05-12T12:36:41.554952+00:00,484,1,1.842,1269.608,110.52,306.771,1,Start,Finish,222,43.51087825005148,16.363954599943668,71,253,294,41,,,False,
2026-05-12T12:39:02+00:00,43.51106967777014,16.36477617546916,110,2026-05-12T12:36:41.554952+00:00,484,1,1.275,1270.883,76.5,283.668,1,Start,Finish,222,43.51087825005148,16.363954599943668,70,252,297,45,,,False,
2026-05-12T12:39:03+00:00,43.51107238791883,16.36476080864668,111,2026-05-12T12:36:41.554952+00:00,484,1,1.275,1272.159,76.5,283.668,1,Start,Finish,222,43.51087825005148,16.363954599943668,69,252,297,45,,,False,
2026-05-12T12:39:04+00:00,43.51107509806752,16.364745441824198,112,2026-05-12T12:36:41.554952+00:00,484,1,1.275,1273.434,76.5,283.668,1,Start,Finish,222,43.51087825005148,16.363954599943668,67,251,300,49,,,False,
2026-05-12T12:39:05+00:00,43.511075265705585,16.364735746756196,110,2026-05-12T12:36:41.554952+00:00,484,1,0.782,1274.216,46.92,271.366,1,Start,Finish,222,43.51087825005148,16.363954599943668,67,251,301,50,,,False,
2026-05-12T12:39:06+00:00,43.51107543334365,16.364726051688194,109,2026-05-12T12:36:41.554952+00:00,484,1,0.782,1274.998,46.92,271.366,1,Start,Finish,222,43.51087825005148,16.363954599943668,66,251,303,52,,,False,
2026-05-12T12:39:07+00:00,43.51107560098171,16.364716356620193,107,2026-05-12T12:36:41.554952+00:00,484,1,0.782,1275.78,46.92,271.366,1,Start,Finish,222,43.51087825005148,16.363954599943668,65,250,309,59,,,False,
2026-05-12T12:39:08+00:00,43.51107731927186,16.36471009813249,106,2026-05-12T12:36:41.554952+00:00,484,1,0.54,1276.32,32.4,290.735,1,Start,Finish,222,43.51087825005148,16.363954599943668,65,250,309,59,,,False,
2026-05-12T12:39:09+00:00,43.51107903756201,16.36470383964479,106,2026-05-12T12:36:41.554952+00:00,484,1,0.54,1276.859,32.4,290.735,1,Start,Finish,222,43.51087825005148,16.363954599943668,64,250,309,59,,,False,
2026-05-12T12:39:10+00:00,43.51108075585216,16.36469758115709,106,2026-05-12T12:36:41.554952+00:00,484,1,0.54,1277.399,32.4,290.735,1,Start,Finish,222,43.51087825005148,16.363954599943668,64,249,309,60,,,False,
2026-05-12T12:39:11+00:00,43.51108247414231,16.364691322669387,105,2026-05-12T12:36:41.554952+00:00,484,1,0.54,1277.939,32.4,290.735,1,Start,Finish,222,43.51087825005148,16.363954599943668,64,249,309,60,,,False,
2026-05-12T12:39:12+00:00,43.51108419243246,16.364685064181685,104,2026-05-12T12:36:41.554952+00:00,484,1,0.54,1278.478,32.4,290.735,1,Start,Finish,222,43.51087825005148,16.363954599943668,63,249,309,60,,,False,
2026-05-12T12:39:13+00:00,43.51108591072261,16.364678805693984,104,2026-05-12T12:36:41.554952+00:00,484,1,0.54,1279.018,32.4,290.735,1,Start,Finish,222,43.51087825005148,16.363954599943668,63,248,309,61,,,False,
2026-05-12T12:39:14+00:00,43.51108951494098,16.36467318981886,101,2026-05-12T12:36:41.554952+00:00,484,1,0.605,1279.623,36.3,311.507,1,Start,Finish,222,43.51087825005148,16.363954599943668,63,248,309,61,,,False,
2026-05-12T12:39:15+00:00,43.51109311915934,16.36466883122921,101,2026-05-12T12:36:41.554952+00:00,484,1,0.533,1280.156,31.98,318.748,1,Start,Finish,222,43.51087825005148,16.363954599943668,62,247,309,62,,,False,
2026-05-12T12:39:16+00:00,43.511095667257905,16.3646651096642,102,2026-05-12T12:36:41.554952+00:00,484,1,0.413,1280.569,24.78,313.352,1,Start,Finish,222,43.51087825005148,16.363954599943668,62,247,309,62,,,False,
2026-05-12T12:39:17+00:00,43.51109821535647,16.364661388099194,102,2026-05-12T12:36:41.554952+00:00,484,1,0.413,1280.981,24.78,313.352,1,Start,Finish,222,43.51087825005148,16.363954599943668,62,247,310,63,,,False,
2026-05-12T12:39:18+00:00,43.51110076345503,16.364657666534185,103,2026-05-12T12:36:41.554952+00:00,484,1,0.413,1281.394,24.78,313.352,1,Start,Finish,222,43.51087825005148,16.363954599943668,62,246,310,64,,,False,
2026-05-12T12:39:19+00:00,43.5111033115536,16.364653944969177,103,2026-05-12T12:36:41.554952+00:00,484,1,0.413,1281.807,24.78,313.352,1,Start,Finish,222,43.51087825005148,16.363954599943668,62,246,310,64,,,False,
2026-05-12T12:39:20+00:00,43.51110585965216,16.36465022340417,104,2026-05-12T12:36:41.554952+00:00,484,1,0.413,1282.22,24.78,313.352,1,Start,Finish,222,43.51087825005148,16.363954599943668,62,246,310,64,,,False,
2026-05-12T12:39:21+00:00,43.51110757195523,16.364647732781513,104,2026-05-12T12:36:41.554952+00:00,484,1,0.277,1282.496,16.62,313.47,1,Start,Finish,222,43.51087825005148,16.363954599943668,61,245,310,65,,,False,
2026-05-12T12:39:22+00:00,43.51110928425832,16.364645242158854,105,2026-05-12T12:36:41.554952+00:00,484,1,0.277,1282.773,16.62,313.47,1,Start,Finish,222,43.51087825005148,16.363954599943668,61,245,310,65,,,False,
2026-05-12T12:39:23+00:00,43.51111099656139,16.3646427515362,105,2026-05-12T12:36:41.554952+00:00,484,1,0.277,1283.05,16.62,313.47,1,Start,Finish,222,43.51087825005148,16.363954599943668,61,245,310,65,,,False,
2026-05-12T12:39:24+00:00,43.51111270886447,16.364640260913543,106,2026-05-12T12:36:41.554952+00:00,484,1,0.277,1283.327,16.62,313.47,1,Start,Finish,222,43.51087825005148,16.363954599943668,61,245,310,65,,,False,
2026-05-12T12:39:25+00:00,43.51111442116754,16.364637770290887,106,2026-05-12T12:36:41.554952+00:00,484,1,0.277,1283.603,16.62,313.47,1,Start,Finish,222,43.51087825005148,16.363954599943668,61,245,311,66,,,False,
2026-05-12T12:39:26+00:00,43.51111613347062,16.364635279668228,107,2026-05-12T12:36:41.554952+00:00,484,1,0.277,1283.88,16.62,313.47,1,Start,Finish,222,43.51087825005148,16.363954599943668,61,244,311,67,,,False,
2026-05-12T12:39:27+00:00,43.5111178457737,16.364632789045572,107,2026-05-12T12:36:41.554952+00:00,484,1,0.277,1284.157,16.62,313.47,1,Start,Finish,222,43.51087825005148,16.363954599943668,61,244,311,67,,,False,
2026-05-12T12:39:28+00:00,43.51112044416368,16.364631573669612,104,2026-05-12T12:36:41.554952+00:00,484,1,0.305,1284.462,18.3,341.262,1,Start,Finish,222,43.51087825005148,16.363954599943668,61,244,313,69,,,False,
2026-05-12T12:39:29+00:00,43.51112304255366,16.364630358293653,100,2026-05-12T12:36:41.554952+00:00,484,1,0.305,1284.767,18.3,341.262,1,Start,Finish,222,43.51087825005148,16.363954599943668,61,243,313,70,,,False,
2026-05-12T12:39:30+00:00,43.51112543139607,16.36463006492704,98,2026-05-12T12:36:41.554952+00:00,484,1,0.267,1285.034,16.02,354.91,1,Start,Finish,222,43.51087825005148,16.363954599943668,61,243,314,71,,,False,
2026-05-12T12:39:31+00:00,43.51112782023847,16.36462977156043,96,2026-05-12T12:36:41.554952+00:00,484,1,0.267,1285.3,16.02,354.91,1,Start,Finish,222,43.51087825005148,16.363954599943668,61,243,314,71,,,False,
2026-05-12T12:39:32+00:00,43.511128490790725,16.36462956201285,94,2026-05-12T12:36:41.554952+00:00,484,1,0.076,1285.377,4.56,347.23,1,Start,Finish,222,43.51087825005148,16.363954599943668,61,243,314,71,,,False,
2026-05-12T12:39:33+00:00,43.51112916134298,16.364629352465272,92,2026-05-12T12:36:41.554952+00:00,484,1,0.076,1285.453,4.56,347.23,1,Start,Finish,222,43.51087825005148,16.363954599943668,61,243,314,71,,,False,
2026-05-12T12:39:34+00:00,43.51112995762378,16.36462826281786,95,2026-05-12T12:36:41.554952+00:00,484,1,0.125,1285.578,7.5,315.218,1,Start,Finish,222,43.51087825005148,16.363954599943668,61,243,314,71,,,False,
2026-05-12T12:39:35+00:00,43.51113075390458,16.364627173170447,98,2026-05-12T12:36:41.554952+00:00,484,1,0.125,1285.703,7.5,315.218,1,Start,Finish,222,43.51087825005148,16.363954599943668,61,243,314,71,,,False,
2026-05-12T12:39:36+00:00,43.51113377138972,16.36462004855275,101,2026-05-12T12:36:41.554952+00:00,484,1,0.665,1286.368,39.9,300.284,1,Start,Finish,222,43.51087825005148,16.363954599943668,61,242,316,74,,,False,
2026-05-12T12:39:37+00:00,43.51113854907453,16.36461418122053,101,2026-05-12T12:36:41.554952+00:00,484,1,0.711,1287.08,42.66,318.31,1,Start,Finish,222,43.51087825005148,16.363954599943668,61,241,318,77,,,False,
2026-05-12T12:39:38+00:00,43.51114139892161,16.3646080205217,98,2026-05-12T12:36:41.554952+00:00,484,1,0.589,1287.669,35.34,302.531,1,Start,Finish,222,43.51087825005148,16.363954599943668,60,241,319,78,,,False,
2026-05-12T12:39:39+00:00,43.51114424876869,16.36460185982287,94,2026-05-12T12:36:41.554952+00:00,484,1,0.589,1288.258,35.34,302.531,1,Start,Finish,222,43.51087825005148,16.363954599943668,60,240,320,80,,,False,
2026-05-12T12:39:40+00:00,43.51115223951638,16.36458911933005,95,2026-05-12T12:36:41.554952+00:00,484,1,1.358,1289.616,81.48,310.853,1,Start,Finish,222,43.51087825005148,16.363954599943668,60,239,323,84,,,False,
2026-05-12T12:39:41+00:00,43.51116023026407,16.364576378837228,96,2026-05-12T12:36:41.554952+00:00,484,1,1.358,1290.975,81.48,310.853,1,Start,Finish,222,43.51087825005148,16.363954599943668,59,238,324,86,,,False,
2026-05-12T12:39:42+00:00,43.51116822101176,16.364563638344407,97,2026-05-12T12:36:41.554952+00:00,484,1,1.358,1292.333,81.48,310.853,1,Start,Finish,222,43.51087825005148,16.363954599943668,59,237,328,91,,,False,
2026-05-12T12:39:43+00:00,43.51118645165115,16.364561961963773,96,2026-05-12T12:36:41.554952+00:00,484,1,2.032,1294.365,121.92,356.185,1,Start,Finish,222,43.51087825005148,16.363954599943668,60,235,336,101,,,False,
2026-05-12T12:39:44+00:00,43.511204682290554,16.36456028558314,95,2026-05-12T12:36:41.554952+00:00,484,1,2.032,1296.396,121.92,356.185,1,Start,Finish,222,43.51087825005148,16.363954599943668,61,233,334,101,,,False,
2026-05-12T12:39:45+00:00,43.511224798858166,16.36457411572337,92,2026-05-12T12:36:41.554952+00:00,484,1,2.499,1298.896,149.94,26.501,1,Start,Finish,222,43.51087825005148,16.363954599943668,63,232,339,107,,,False,
2026-05-12T12:39:46+00:00,43.51124491542578,16.364587945863605,90,2026-05-12T12:36:41.554952+00:00,484,1,2.499,1301.395,149.94,26.501,1,Start,Finish,222,43.51087825005148,16.363954599943668,65,231,340,109,,,False,
2026-05-12T12:39:47+00:00,43.51126310415566,16.364591466262937,89,2026-05-12T12:36:41.554952+00:00,484,1,2.042,1303.438,122.52,7.99,1,Start,Finish,222,43.51087825005148,16.363954599943668,67,230,339,109,,,False,
2026-05-12T12:39:48+00:00,43.5112737910822,16.364580863155425,88,2026-05-12T12:36:41.554952+00:00,484,1,1.464,1304.902,87.84,324.263,1,Start,Finish,222,43.51087825005148,16.363954599943668,67,229,330,101,,,False,
2026-05-12T12:39:49+00:00,43.51128447800875,16.364570260047913,88,2026-05-12T12:36:41.554952+00:00,484,1,1.464,1306.366,87.84,324.263,1,Start,Finish,222,43.51087825005148,16.363954599943668,67,228,330,102,,,False,
2026-05-12T12:39:50+00:00,43.51129182614386,16.364547964185476,89,2026-05-12T12:36:41.554952+00:00,484,1,1.975,1308.341,118.5,294.439,1,Start,Finish,222,43.51087825005148,16.363954599943668,66,226,321,95,,,False,
2026-05-12T12:39:51+00:00,43.511299174278975,16.36452566832304,90,2026-05-12T12:36:41.554952+00:00,484,1,1.975,1310.316,118.5,294.439,1,Start,Finish,222,43.51087825005148,16.363954599943668,66,225,310,85,,,False,
2026-05-12T12:39:52+00:00,43.51130652241409,16.364503372460604,91,2026-05-12T12:36:41.554952+00:00,484,1,1.975,1312.291,118.5,294.439,1,Start,Finish,222,43.51087825005148,16.363954599943668,65,223,299,76,,,False,
2026-05-12T12:39:53+00:00,43.511309903115034,16.364476131275296,92,2026-05-12T12:36:41.554952+00:00,484,1,2.229,1314.519,133.74,279.71,1,Start,Finish,222,43.51087825005148,16.363954599943668,64,221,290,69,,,False,
2026-05-12T12:39:54+00:00,43.51131328381598,16.36444889008999,94,2026-05-12T12:36:41.554952+00:00,484,1,2.229,1316.748,133.74,279.71,1,Start,Finish,222,43.51087825005148,16.363954599943668,63,219,279,60,,,False,
2026-05-12T12:39:55+00:00,43.511316664516926,16.36442164890468,95,2026-05-12T12:36:41.554952+00:00,484,1,2.229,1318.977,133.74,279.71,1,Start,Finish,222,43.51087825005148,16.363954599943668,62,218,275,57,,,False,
2026-05-12T12:39:56+00:00,43.511314652860165,16.364392563700676,97,2026-05-12T12:36:41.554952+00:00,484,1,2.356,1321.333,141.36,264.552,1,Start,Finish,222,43.51087825005148,16.363954599943668,60,216,271,55,,,False,
2026-05-12T12:39:57+00:00,43.511311928741634,16.364364568144083,100,2026-05-12T12:36:41.554952+00:00,484,1,2.278,1323.611,136.68,262.358,1,Start,Finish,222,43.51087825005148,16.363954599943668,58,214,268,54,,,False,
2026-05-12T12:39:58+00:00,43.5113092046231,16.36433657258749,102,2026-05-12T12:36:41.554952+00:00,484,1,2.278,1325.889,136.68,262.358,1,Start,Finish,222,43.51087825005148,16.363954599943668,57,213,266,53,,,False,
2026-05-12T12:39:59+00:00,43.51130514778197,16.364311762154102,101,2026-05-12T12:36:41.554952+00:00,484,1,2.051,1327.94,123.06,257.294,1,Start,Finish,222,43.51087825005148,16.363954599943668,56,211,264,53,,,False,
2026-05-12T12:40:00+00:00,43.51130109094083,16.364286951720715,101,2026-05-12T12:36:41.554952+00:00,484,1,2.051,1329.991,123.06,257.294,1,Start,Finish,222,43.51087825005148,16.363954599943668,54,210,261,51,,,False,
