timestamp_utc,latitude,longitude,heart_rate,finish_time_utc,elapsed_race_time_s,finished_flag,seg_dist_m,dist_from_start_m,SOG_raw_mpm,COG_raw_deg,geom_leg_id,geom_from_mark,geom_to_mark,geom_leg_bearing_deg,target_lat_deg,target_lon_deg,dist_to_target_m,bearing_to_target_deg,COG_deg,ATB_angle_deg,ATB_offset_deg,axis_angle_signed_deg,is_upwind,upwind_dist_remaining_m
2026-05-12T11:56:07+00:00,43.51524232886731,16.377544440329075,116,2026-05-12T12:09:50.123787+00:00,823,1,0.0,0.0,0.0,0.0,1,Start,Finish,245,43.5109103500155,16.363974050014804,1196,246,299,53,,,False,
2026-05-12T11:56:08+00:00,43.515249621123075,16.377511247992516,119,2026-05-12T12:09:50.123787+00:00,823,1,2.797,2.797,167.82,286.854,1,Start,Finish,245,43.5109103500155,16.363974050014804,1194,246,294,48,,,False,
2026-05-12T11:56:09+00:00,43.515253476798534,16.377477552741766,121,2026-05-12T12:09:50.123787+00:00,823,1,2.751,5.547,165.06,278.967,1,Start,Finish,245,43.5109103500155,16.363974050014804,1191,246,291,45,,,False,
2026-05-12T11:56:10+00:00,43.51525733247399,16.377443857491016,123,2026-05-12T12:09:50.123787+00:00,823,1,2.751,8.298,165.06,278.967,1,Start,Finish,245,43.5109103500155,16.363974050014804,1189,246,290,44,,,False,
2026-05-12T11:56:11+00:00,43.51526110433042,16.377410287968814,124,2026-05-12T12:09:50.123787+00:00,823,1,2.739,11.037,164.34,278.807,1,Start,Finish,245,43.5109103500155,16.363974050014804,1187,246,281,35,,,False,
2026-05-12T11:56:12+00:00,43.51526487618685,16.377376718446612,126,2026-05-12T12:09:50.123787+00:00,823,1,2.739,13.777,164.34,278.807,1,Start,Finish,245,43.5109103500155,16.363974050014804,1184,246,280,34,,,False,
2026-05-12T11:56:13+00:00,43.51526948623359,16.37734415475279,128,2026-05-12T12:09:50.123787+00:00,823,1,2.675,16.452,160.5,281.046,1,Start,Finish,245,43.5109103500155,16.363974050014804,1182,246,281,35,,,False,
2026-05-12T11:56:14+00:00,43.515274096280336,16.37731159105897,129,2026-05-12T12:09:50.123787+00:00,823,1,2.675,19.127,160.5,281.046,1,Start,Finish,245,43.5109103500155,16.363974050014804,1180,246,282,36,,,False,
2026-05-12T11:56:15+00:00,43.515280270949006,16.377280354499817,130,2026-05-12T12:09:50.123787+00:00,823,1,2.611,21.738,156.66,285.247,1,Start,Finish,245,43.5109103500155,16.363974050014804,1178,246,284,38,,,False,
2026-05-12T11:56:16+00:00,43.51528644561768,16.377249117940664,131,2026-05-12T12:09:50.123787+00:00,823,1,2.611,24.349,156.66,285.247,1,Start,Finish,245,43.5109103500155,16.363974050014804,1176,246,286,40,,,False,
2026-05-12T11:56:17+00:00,43.515292620286345,16.37721788138151,132,2026-05-12T12:09:50.123787+00:00,823,1,2.611,26.96,156.66,285.247,1,Start,Finish,245,43.5109103500155,16.363974050014804,1174,245,287,42,,,False,
2026-05-12T11:56:18+00:00,43.51529947249219,16.37719097547233,133,2026-05-12T12:09:50.123787+00:00,823,1,2.3,29.259,138.0,289.35,1,Start,Finish,245,43.5109103500155,16.363974050014804,1172,245,288,43,,,False,
2026-05-12T11:56:19+00:00,43.51530632469803,16.37716406956315,134,2026-05-12T12:09:50.123787+00:00,823,1,2.3,31.559,138.0,289.35,1,Start,Finish,245,43.5109103500155,16.363974050014804,1171,245,288,43,,,False,
2026-05-12T11:56:20+00:00,43.515313176903874,16.37713716365397,134,2026-05-12T12:09:50.123787+00:00,823,1,2.3,33.858,138.0,289.35,1,Start,Finish,245,43.5109103500155,16.363974050014804,1169,245,289,44,,,False,
2026-05-12T11:56:21+00:00,43.51532002910971,16.37711025774479,135,2026-05-12T12:09:50.123787+00:00,823,1,2.3,36.158,138.0,289.35,1,Start,Finish,245,43.5109103500155,16.363974050014804,1167,245,289,44,,,False,
2026-05-12T11:56:22+00:00,43.51532677654177,16.377085028216243,136,2026-05-12T12:09:50.123787+00:00,823,1,2.168,38.326,130.08,290.243,1,Start,Finish,245,43.5109103500155,16.363974050014804,1166,245,289,44,,,False,
2026-05-12T11:56:23+00:00,43.51533352397382,16.377059798687696,136,2026-05-12T12:09:50.123787+00:00,823,1,2.168,40.495,130.08,290.243,1,Start,Finish,245,43.5109103500155,16.363974050014804,1164,245,289,44,,,False,
2026-05-12T11:56:24+00:00,43.51534027140587,16.37703456915915,137,2026-05-12T12:09:50.123787+00:00,823,1,2.168,42.663,130.08,290.243,1,Start,Finish,245,43.5109103500155,16.363974050014804,1163,245,289,44,,,False,
2026-05-12T11:56:25+00:00,43.51534701883793,16.377009339630604,138,2026-05-12T12:09:50.123787+00:00,823,1,2.168,44.831,130.08,290.243,1,Start,Finish,245,43.5109103500155,16.363974050014804,1161,245,289,44,,,False,
2026-05-12T11:56:26+00:00,43.51535317953676,16.376980002969503,140,2026-05-12T12:09:50.123787+00:00,823,1,2.463,47.294,147.78,286.15,1,Start,Finish,245,43.5109103500155,16.363974050014804,1159,245,289,44,,,False,
2026-05-12T11:56:27+00:00,43.51535934023559,16.376950666308403,141,2026-05-12T12:09:50.123787+00:00,823,1,2.463,49.757,147.78,286.15,1,Start,Finish,245,43.5109103500155,16.363974050014804,1157,245,289,44,,,False,
2026-05-12T11:56:28+00:00,43.51536554284394,16.376922754570842,141,2026-05-12T12:09:50.123787+00:00,823,1,2.354,52.111,141.24,287.037,1,Start,Finish,245,43.5109103500155,16.363974050014804,1156,245,289,44,,,False,
2026-05-12T11:56:29+00:00,43.515372667461634,16.37689534574747,140,2026-05-12T12:09:50.123787+00:00,823,1,2.348,54.459,140.88,289.72,1,Start,Finish,245,43.5109103500155,16.363974050014804,1154,245,289,44,,,False,
2026-05-12T11:56:30+00:00,43.51537979207933,16.3768679369241,138,2026-05-12T12:09:50.123787+00:00,823,1,2.348,56.807,140.88,289.72,1,Start,Finish,245,43.5109103500155,16.363974050014804,1152,244,288,44,,,False,
2026-05-12T11:56:31+00:00,43.51538788061589,16.37683717533946,136,2026-05-12T12:09:50.123787+00:00,823,1,2.639,59.445,158.34,289.93,1,Start,Finish,245,43.5109103500155,16.363974050014804,1151,244,289,45,,,False,
2026-05-12T11:56:32+00:00,43.51539596915245,16.37680641375482,134,2026-05-12T12:09:50.123787+00:00,823,1,2.639,62.084,158.34,289.93,1,Start,Finish,245,43.5109103500155,16.363974050014804,1149,244,289,45,,,False,
2026-05-12T11:56:33+00:00,43.515403114724904,16.376777328550816,133,2026-05-12T12:09:50.123787+00:00,823,1,2.476,64.56,148.56,288.715,1,Start,Finish,245,43.5109103500155,16.363974050014804,1147,244,289,45,,,False,
2026-05-12T11:56:34+00:00,43.51541026029736,16.37674824334681,132,2026-05-12T12:09:50.123787+00:00,823,1,2.476,67.036,148.56,288.715,1,Start,Finish,245,43.5109103500155,16.363974050014804,1145,244,289,45,,,False,
2026-05-12T11:56:35+00:00,43.51541740586981,16.376719158142805,132,2026-05-12T12:09:50.123787+00:00,823,1,2.476,69.513,148.56,288.715,1,Start,Finish,245,43.5109103500155,16.363974050014804,1143,244,288,44,,,False,
2026-05-12T11:56:36+00:00,43.515424551442266,16.3766900729388,131,2026-05-12T12:09:50.123787+00:00,823,1,2.476,71.989,148.56,288.715,1,Start,Finish,245,43.5109103500155,16.363974050014804,1142,244,288,44,,,False,
2026-05-12T11:56:37+00:00,43.515430334955454,16.376662077382207,130,2026-05-12T12:09:50.123787+00:00,823,1,2.347,74.336,140.82,285.901,1,Start,Finish,245,43.5109103500155,16.363974050014804,1140,244,288,44,,,False,
2026-05-12T11:56:38+00:00,43.515437208116055,16.376632070168853,128,2026-05-12T12:09:50.123787+00:00,823,1,2.538,76.874,152.28,287.529,1,Start,Finish,245,43.5109103500155,16.363974050014804,1138,244,287,43,,,False,
2026-05-12T11:56:39+00:00,43.515444081276655,16.3766020629555,127,2026-05-12T12:09:50.123787+00:00,823,1,2.538,79.411,152.28,287.529,1,Start,Finish,245,43.5109103500155,16.363974050014804,1136,244,287,43,,,False,
2026-05-12T11:56:40+00:00,43.51544980891049,16.376574249006808,128,2026-05-12T12:09:50.123787+00:00,823,1,2.332,81.743,139.92,285.853,1,Start,Finish,245,43.5109103500155,16.363974050014804,1135,244,287,43,,,False,
2026-05-12T11:56:41+00:00,43.51545553654432,16.376546435058117,128,2026-05-12T12:09:50.123787+00:00,823,1,2.332,84.074,139.92,285.853,1,Start,Finish,245,43.5109103500155,16.363974050014804,1133,244,286,42,,,False,
2026-05-12T11:56:42+00:00,43.51546126417816,16.376518621109426,128,2026-05-12T12:09:50.123787+00:00,823,1,2.332,86.406,139.92,285.853,1,Start,Finish,245,43.5109103500155,16.363974050014804,1131,243,286,43,,,False,
2026-05-12T11:56:43+00:00,43.51546699181199,16.376490807160735,129,2026-05-12T12:09:50.123787+00:00,823,1,2.332,88.737,139.92,285.853,1,Start,Finish,245,43.5109103500155,16.363974050014804,1129,243,286,43,,,False,
2026-05-12T11:56:44+00:00,43.515472719445825,16.376462993212044,130,2026-05-12T12:09:50.123787+00:00,823,1,2.332,91.069,139.92,285.853,1,Start,Finish,245,43.5109103500155,16.363974050014804,1128,243,286,43,,,False,
2026-05-12T11:56:45+00:00,43.51547844707966,16.376435179263353,130,2026-05-12T12:09:50.123787+00:00,823,1,2.332,93.4,139.92,285.853,1,Start,Finish,245,43.5109103500155,16.363974050014804,1126,243,286,43,,,False,
2026-05-12T11:56:46+00:00,43.51548502687365,16.376405213959515,132,2026-05-12T12:09:50.123787+00:00,823,1,2.525,95.925,151.5,286.846,1,Start,Finish,245,43.5109103500155,16.363974050014804,1124,243,285,42,,,False,
2026-05-12T11:56:47+00:00,43.51549160666764,16.376375248655677,134,2026-05-12T12:09:50.123787+00:00,823,1,2.525,98.45,151.5,286.846,1,Start,Finish,245,43.5109103500155,16.363974050014804,1122,243,285,42,,,False,
2026-05-12T11:56:48+00:00,43.51549713872373,16.376343397423625,134,2026-05-12T12:09:50.123787+00:00,823,1,2.641,101.091,158.46,283.469,1,Start,Finish,245,43.5109103500155,16.363974050014804,1120,243,284,41,,,False,
2026-05-12T11:56:49+00:00,43.515501748770475,16.376312468200922,136,2026-05-12T12:09:50.123787+00:00,823,1,2.546,103.637,152.76,281.615,1,Start,Finish,245,43.5109103500155,16.363974050014804,1118,243,283,40,,,False,
2026-05-12T11:56:50+00:00,43.51550635881722,16.37628153897822,138,2026-05-12T12:09:50.123787+00:00,823,1,2.546,106.183,152.76,281.615,1,Start,Finish,245,43.5109103500155,16.363974050014804,1116,243,283,40,,,False,
2026-05-12T11:56:51+00:00,43.51551027037203,16.376253878697753,139,2026-05-12T12:09:50.123787+00:00,823,1,2.272,108.456,136.32,281.034,1,Start,Finish,245,43.5109103500155,16.363974050014804,1115,243,283,40,,,False,
2026-05-12T11:56:52+00:00,43.51551418192685,16.376226218417287,140,2026-05-12T12:09:50.123787+00:00,823,1,2.272,110.728,136.32,281.034,1,Start,Finish,245,43.5109103500155,16.363974050014804,1113,243,284,41,,,False,
2026-05-12T11:56:53+00:00,43.51551809348166,16.37619855813682,141,2026-05-12T12:09:50.123787+00:00,823,1,2.272,113.001,136.32,281.034,1,Start,Finish,245,43.5109103500155,16.363974050014804,1111,243,284,41,,,False,
2026-05-12T11:56:54+00:00,43.51552446372807,16.376171121373773,142,2026-05-12T12:09:50.123787+00:00,823,1,2.323,115.324,139.38,287.753,1,Start,Finish,245,43.5109103500155,16.363974050014804,1109,242,285,43,,,False,
2026-05-12T11:56:55+00:00,43.51553083397448,16.376143684610724,143,2026-05-12T12:09:50.123787+00:00,823,1,2.323,117.647,139.38,287.753,1,Start,Finish,245,43.5109103500155,16.363974050014804,1108,242,286,44,,,False,
2026-05-12T11:56:56+00:00,43.51553720422089,16.376116247847676,144,2026-05-12T12:09:50.123787+00:00,823,1,2.323,119.97,139.38,287.753,1,Start,Finish,245,43.5109103500155,16.363974050014804,1106,242,287,45,,,False,
2026-05-12T11:56:57+00:00,43.515543532557786,16.37609022203833,146,2026-05-12T12:09:50.123787+00:00,823,1,2.213,122.183,132.78,288.536,1,Start,Finish,245,43.5109103500155,16.363974050014804,1105,242,288,46,,,False,
2026-05-12T11:56:58+00:00,43.51554986089468,16.37606419622898,147,2026-05-12T12:09:50.123787+00:00,823,1,2.213,124.397,132.78,288.536,1,Start,Finish,245,43.5109103500155,16.363974050014804,1103,242,289,47,,,False,
2026-05-12T11:56:59+00:00,43.5155567759648,16.376038547605276,148,2026-05-12T12:09:50.123787+00:00,823,1,2.207,126.603,132.42,290.394,1,Start,Finish,245,43.5109103500155,16.363974050014804,1102,242,289,47,,,False,
2026-05-12T11:57:00+00:00,43.51556369103491,16.37601289898157,148,2026-05-12T12:09:50.123787+00:00,823,1,2.207,128.81,132.42,290.394,1,Start,Finish,245,43.5109103500155,16.363974050014804,1100,242,289,47,,,False,
2026-05-12T11:57:01+00:00,43.51557060610503,16.375987250357866,149,2026-05-12T12:09:50.123787+00:00,823,1,2.207,131.016,132.42,290.394,1,Start,Finish,245,43.5109103500155,16.363974050014804,1099,242,289,47,,,False,
2026-05-12T11:57:02+00:00,43.515577521175146,16.37596160173416,150,2026-05-12T12:09:50.123787+00:00,823,1,2.207,133.223,132.42,290.394,1,Start,Finish,245,43.5109103500155,16.363974050014804,1097,242,288,46,,,False,
2026-05-12T11:57:03+00:00,43.515583095140755,16.375935743562877,150,2026-05-12T12:09:50.123787+00:00,823,1,2.175,135.398,130.5,286.554,1,Start,Finish,245,43.5109103500155,16.363974050014804,1096,242,288,46,,,False,
2026-05-12T11:57:04+00:00,43.51558866910637,16.375909885391593,150,2026-05-12T12:09:50.123787+00:00,823,1,2.175,137.573,130.5,286.554,1,Start,Finish,245,43.5109103500155,16.363974050014804,1094,242,287,45,,,False,
2026-05-12T11:57:05+00:00,43.51559386588633,16.37588310521096,147,2026-05-12T12:09:50.123787+00:00,823,1,2.235,139.809,134.1,284.981,1,Start,Finish,245,43.5109103500155,16.363974050014804,1092,242,286,44,,,False,
2026-05-12T11:57:06+00:00,43.5155990626663,16.375856325030327,144,2026-05-12T12:09:50.123787+00:00,823,1,2.235,142.044,134.1,284.981,1,Start,Finish,245,43.5109103500155,16.363974050014804,1091,241,286,45,,,False,
2026-05-12T11:57:07+00:00,43.51560367271304,16.375828916206956,140,2026-05-12T12:09:50.123787+00:00,823,1,2.269,144.313,136.14,283.058,1,Start,Finish,245,43.5109103500155,16.363974050014804,1089,241,285,44,,,False,
2026-05-12T11:57:08+00:00,43.515608282759786,16.375801926478744,136,2026-05-12T12:09:50.123787+00:00,823,1,2.236,146.549,134.16,283.254,1,Start,Finish,245,43.5109103500155,16.363974050014804,1087,241,286,45,,,False,
2026-05-12T11:57:09+00:00,43.515614066272974,16.37577443383634,134,2026-05-12T12:09:50.123787+00:00,823,1,2.308,148.857,138.48,286.177,1,Start,Finish,245,43.5109103500155,16.363974050014804,1086,241,287,46,,,False,
2026-05-12T11:57:10+00:00,43.51561984978616,16.37574694119394,131,2026-05-12T12:09:50.123787+00:00,823,1,2.308,151.166,138.48,286.177,1,Start,Finish,245,43.5109103500155,16.363974050014804,1084,241,288,47,,,False,
2026-05-12T11:57:11+00:00,43.515625800937414,16.375718442723155,128,2026-05-12T12:09:50.123787+00:00,823,1,2.391,153.557,143.46,286.064,1,Start,Finish,245,43.5109103500155,16.363974050014804,1083,241,289,48,,,False,
2026-05-12T11:57:12+00:00,43.515634993091226,16.375689804553986,127,2026-05-12T12:09:50.123787+00:00,823,1,2.525,156.083,151.5,293.875,1,Start,Finish,245,43.5109103500155,16.363974050014804,1081,241,290,49,,,False,
2026-05-12T11:57:13+00:00,43.51564418524504,16.375661166384816,127,2026-05-12T12:09:50.123787+00:00,823,1,2.525,158.608,151.5,293.875,1,Start,Finish,245,43.5109103500155,16.363974050014804,1079,241,291,50,,,False,
2026-05-12T11:57:14+00:00,43.51565337739885,16.375632528215647,126,2026-05-12T12:09:50.123787+00:00,823,1,2.525,161.133,151.5,293.875,1,Start,Finish,245,43.5109103500155,16.363974050014804,1078,241,291,50,,,False,
2026-05-12T11:57:15+00:00,43.5156611725688,16.375606670044363,128,2026-05-12T12:09:50.123787+00:00,823,1,2.258,163.391,135.48,292.573,1,Start,Finish,245,43.5109103500155,16.363974050014804,1077,241,291,50,,,False,
2026-05-12T11:57:16+00:00,43.51566896773875,16.37558081187308,130,2026-05-12T12:09:50.123787+00:00,823,1,2.258,165.65,135.48,292.573,1,Start,Finish,245,43.5109103500155,16.363974050014804,1075,241,292,51,,,False,
2026-05-12T11:57:17+00:00,43.5156754553318,16.3755554985255,130,2026-05-12T12:09:50.123787+00:00,823,1,2.165,167.814,129.9,289.464,1,Start,Finish,245,43.5109103500155,16.363974050014804,1074,240,291,51,,,False,
2026-05-12T11:57:18+00:00,43.51568194292486,16.375530185177922,130,2026-05-12T12:09:50.123787+00:00,823,1,2.165,169.979,129.9,289.464,1,Start,Finish,245,43.5109103500155,16.363974050014804,1072,240,291,51,,,False,
2026-05-12T11:57:19+00:00,43.51568843051791,16.375504871830344,131,2026-05-12T12:09:50.123787+00:00,823,1,2.165,172.144,129.9,289.464,1,Start,Finish,245,43.5109103500155,16.363974050014804,1071,240,290,50,,,False,
2026-05-12T11:57:20+00:00,43.51569491811097,16.375479558482766,131,2026-05-12T12:09:50.123787+00:00,823,1,2.165,174.309,129.9,289.464,1,Start,Finish,245,43.5109103500155,16.363974050014804,1070,240,290,50,,,False,
2026-05-12T11:57:21+00:00,43.51570140570402,16.375454245135188,131,2026-05-12T12:09:50.123787+00:00,823,1,2.165,176.474,129.9,289.464,1,Start,Finish,245,43.5109103500155,16.363974050014804,1068,240,289,49,,,False,
2026-05-12T11:57:22+00:00,43.515707636252046,16.375429648905993,131,2026-05-12T12:09:50.123787+00:00,823,1,2.101,178.575,126.06,289.255,1,Start,Finish,245,43.5109103500155,16.363974050014804,1067,240,289,49,,,False,
2026-05-12T11:57:23+00:00,43.51571386680007,16.375405052676797,131,2026-05-12T12:09:50.123787+00:00,823,1,2.101,180.676,126.06,289.255,1,Start,Finish,245,43.5109103500155,16.363974050014804,1065,240,289,49,,,False,
2026-05-12T11:57:24+00:00,43.515720097348094,16.3753804564476,132,2026-05-12T12:09:50.123787+00:00,823,1,2.101,182.777,126.06,289.255,1,Start,Finish,245,43.5109103500155,16.363974050014804,1064,240,289,49,,,False,
2026-05-12T11:57:25+00:00,43.51572632789612,16.375355860218406,132,2026-05-12T12:09:50.123787+00:00,823,1,2.101,184.878,126.06,289.255,1,Start,Finish,245,43.5109103500155,16.363974050014804,1063,240,289,49,,,False,
2026-05-12T11:57:26+00:00,43.51573255844414,16.37533126398921,132,2026-05-12T12:09:50.123787+00:00,823,1,2.101,186.979,126.06,289.255,1,Start,Finish,245,43.5109103500155,16.363974050014804,1061,240,289,49,,,False,
2026-05-12T11:57:27+00:00,43.51573878899217,16.375306667760015,132,2026-05-12T12:09:50.123787+00:00,823,1,2.101,189.079,126.06,289.255,1,Start,Finish,245,43.5109103500155,16.363974050014804,1060,240,290,50,,,False,
2026-05-12T11:57:28+00:00,43.51574501954019,16.37528207153082,133,2026-05-12T12:09:50.123787+00:00,823,1,2.101,191.18,126.06,289.255,1,Start,Finish,245,43.5109103500155,16.363974050014804,1059,239,290,51,,,False,
2026-05-12T11:57:29+00:00,43.515751250088215,16.375257475301623,133,2026-05-12T12:09:50.123787+00:00,823,1,2.101,193.281,126.06,289.255,1,Start,Finish,245,43.5109103500155,16.363974050014804,1057,239,291,52,,,False,
2026-05-12T11:57:30+00:00,43.51575748063624,16.375232879072428,133,2026-05-12T12:09:50.123787+00:00,823,1,2.101,195.382,126.06,289.255,1,Start,Finish,245,43.5109103500155,16.363974050014804,1056,239,291,52,,,False,
2026-05-12T11:57:31+00:00,43.51576544344425,16.375206517986953,130,2026-05-12T12:09:50.123787+00:00,823,1,2.303,197.685,138.18,292.614,1,Start,Finish,245,43.5109103500155,16.363974050014804,1054,239,292,53,,,False,
2026-05-12T11:57:32+00:00,43.515773406252265,16.37518015690148,127,2026-05-12T12:09:50.123787+00:00,823,1,2.303,199.987,138.18,292.614,1,Start,Finish,245,43.5109103500155,16.363974050014804,1053,239,293,54,,,False,
2026-05-12T11:57:33+00:00,43.5157805907407,16.375158962660603,127,2026-05-12T12:09:50.123787+00:00,823,1,1.887,201.874,113.22,295.053,1,Start,Finish,245,43.5109103500155,16.363974050014804,1052,239,293,54,,,False,
2026-05-12T11:57:34+00:00,43.51578777522913,16.375137768419727,127,2026-05-12T12:09:50.123787+00:00,823,1,1.887,203.761,113.22,295.053,1,Start,Finish,245,43.5109103500155,16.363974050014804,1051,239,294,55,,,False,
2026-05-12T11:57:35+00:00,43.51579495971756,16.37511657417885,127,2026-05-12T12:09:50.123787+00:00,823,1,1.887,205.647,113.22,295.053,1,Start,Finish,245,43.5109103500155,16.363974050014804,1050,239,294,55,,,False,
2026-05-12T11:57:36+00:00,43.515802144206,16.37509537993797,127,2026-05-12T12:09:50.123787+00:00,823,1,1.887,207.534,113.22,295.053,1,Start,Finish,245,43.5109103500155,16.363974050014804,1049,239,293,54,,,False,
2026-05-12T11:57:37+00:00,43.51580932869443,16.375074185697095,127,2026-05-12T12:09:50.123787+00:00,823,1,1.887,209.42,113.22,295.053,1,Start,Finish,245,43.5109103500155,16.363974050014804,1048,239,293,54,,,False,
2026-05-12T11:57:38+00:00,43.51581651318286,16.37505299145622,127,2026-05-12T12:09:50.123787+00:00,823,1,1.887,211.307,113.22,295.053,1,Start,Finish,245,43.5109103500155,16.363974050014804,1047,239,293,54,,,False,
2026-05-12T11:57:39+00:00,43.515823697671294,16.375031797215343,127,2026-05-12T12:09:50.123787+00:00,823,1,1.887,213.193,113.22,295.053,1,Start,Finish,245,43.5109103500155,16.363974050014804,1046,239,292,53,,,False,
2026-05-12T11:57:40+00:00,43.515828754752874,16.375010954216123,126,2026-05-12T12:09:50.123787+00:00,823,1,1.772,214.966,106.32,288.499,1,Start,Finish,245,43.5109103500155,16.363974050014804,1045,238,292,54,,,False,
2026-05-12T11:57:41+00:00,43.515833811834455,16.374990111216903,125,2026-05-12T12:09:50.123787+00:00,823,1,1.772,216.738,106.32,288.499,1,Start,Finish,245,43.5109103500155,16.363974050014804,1043,238,292,54,,,False,
2026-05-12T11:57:42+00:00,43.515838868916035,16.374969268217683,124,2026-05-12T12:09:50.123787+00:00,823,1,1.772,218.51,106.32,288.499,1,Start,Finish,245,43.5109103500155,16.363974050014804,1042,238,292,54,,,False,
2026-05-12T11:57:43+00:00,43.515844065696,16.374949738383293,122,2026-05-12T12:09:50.123787+00:00,823,1,1.677,220.188,100.62,290.15,1,Start,Finish,245,43.5109103500155,16.363974050014804,1041,238,291,53,,,False,
2026-05-12T11:57:44+00:00,43.51584926247597,16.374930208548903,120,2026-05-12T12:09:50.123787+00:00,823,1,1.677,221.865,100.62,290.15,1,Start,Finish,245,43.5109103500155,16.363974050014804,1040,238,290,52,,,False,
2026-05-12T11:57:45+00:00,43.51585568860173,16.374909421429038,118,2026-05-12T12:09:50.123787+00:00,823,1,1.822,223.687,109.32,293.088,1,Start,Finish,245,43.5109103500155,16.363974050014804,1039,238,283,45,,,False,
2026-05-12T11:57:46+00:00,43.5158621147275,16.374888634309173,117,2026-05-12T12:09:50.123787+00:00,823,1,1.822,225.509,109.32,293.088,1,Start,Finish,245,43.5109103500155,16.363974050014804,1038,238,279,41,,,False,
2026-05-12T11:57:47+00:00,43.51586854085326,16.374867847189307,115,2026-05-12T12:09:50.123787+00:00,823,1,1.822,227.332,109.32,293.088,1,Start,Finish,245,43.5109103500155,16.363974050014804,1037,238,271,33,,,False,
2026-05-12T11:57:48+00:00,43.51587369572371,16.37484240811318,115,2026-05-12T12:09:50.123787+00:00,823,1,2.13,229.461,127.8,285.612,1,Start,Finish,245,43.5109103500155,16.363974050014804,1036,238,265,27,,,False,
2026-05-12T11:57:49+00:00,43.51587885059416,16.374816969037056,115,2026-05-12T12:09:50.123787+00:00,823,1,2.13,231.591,127.8,285.612,1,Start,Finish,245,43.5109103500155,16.363974050014804,1034,238,257,19,,,False,
2026-05-12T11:57:50+00:00,43.515874973963946,16.37480538105592,116,2026-05-12T12:09:50.123787+00:00,823,1,1.029,232.62,61.74,245.235,1,Start,Finish,245,43.5109103500155,16.363974050014804,1033,238,250,12,,,False,
2026-05-12T11:57:51+00:00,43.51587109733373,16.374793793074787,118,2026-05-12T12:09:50.123787+00:00,823,1,1.029,233.649,61.74,245.235,1,Start,Finish,245,43.5109103500155,16.363974050014804,1032,238,250,12,,,False,
2026-05-12T11:57:52+00:00,43.51586722070351,16.374782205093652,120,2026-05-12T12:09:50.123787+00:00,823,1,1.029,234.679,61.74,245.235,1,Start,Finish,245,43.5109103500155,16.363974050014804,1031,238,242,4,,,False,
2026-05-12T11:57:53+00:00,43.515863344073296,16.374770617112517,121,2026-05-12T12:09:50.123787+00:00,823,1,1.029,235.708,61.74,245.235,1,Start,Finish,245,43.5109103500155,16.363974050014804,1030,238,238,0,,,False,
2026-05-12T11:57:54+00:00,43.51585362106562,16.374764246866107,126,2026-05-12T12:09:50.123787+00:00,823,1,1.197,236.905,71.82,205.413,1,Start,Finish,245,43.5109103500155,16.363974050014804,1029,238,234,4,,,False,
2026-05-12T11:57:55+00:00,43.515839874744415,16.374753853306174,129,2026-05-12T12:09:50.123787+00:00,823,1,1.743,238.648,104.58,208.736,1,Start,Finish,245,43.5109103500155,16.363974050014804,1028,238,229,9,,,False,
2026-05-12T11:57:56+00:00,43.51582357194275,16.374745555222034,131,2026-05-12T12:09:50.123787+00:00,823,1,1.932,240.58,115.92,200.26,1,Start,Finish,245,43.5109103500155,16.363974050014804,1026,238,221,17,,,False,
2026-05-12T11:57:57+00:00,43.51580726914108,16.374737257137895,133,2026-05-12T12:09:50.123787+00:00,823,1,1.932,242.512,115.92,200.26,1,Start,Finish,245,43.5109103500155,16.363974050014804,1025,238,214,24,,,False,
2026-05-12T11:57:58+00:00,43.5157890804112,16.374728456139565,136,2026-05-12T12:09:50.123787+00:00,823,1,2.143,244.656,128.58,199.336,1,Start,Finish,245,43.5109103500155,16.363974050014804,1023,238,207,31,,,False,
2026-05-12T11:57:59+00:00,43.51577101740986,16.374722379259765,138,2026-05-12T12:09:50.123787+00:00,823,1,2.067,246.723,124.02,193.711,1,Start,Finish,245,43.5109103500155,16.363974050014804,1021,238,198,40,,,False,
2026-05-12T11:58:00+00:00,43.515752954408526,16.374716302379966,140,2026-05-12T12:09:50.123787+00:00,823,1,2.067,248.791,124.02,193.711,1,Start,Finish,245,43.5109103500155,16.363974050014804,1020,238,196,42,,,False,
2026-05-12T11:58:01+00:00,43.51573250256479,16.374711357057095,142,2026-05-12T12:09:50.123787+00:00,823,1,2.309,251.1,138.54,189.946,1,Start,Finish,245,43.5109103500155,16.363974050014804,1018,238,196,42,,,False,
2026-05-12T11:58:02+00:00,43.5157129727304,16.374703855253756,144,2026-05-12T12:09:50.123787+00:00,823,1,2.254,253.354,135.24,195.566,1,Start,Finish,245,43.5109103500155,16.363974050014804,1017,238,195,43,,,False,
2026-05-12T11:58:03+00:00,43.51569344289601,16.374696353450418,146,2026-05-12T12:09:50.123787+00:00,823,1,2.254,255.608,135.24,195.566,1,Start,Finish,245,43.5109103500155,16.363974050014804,1015,238,195,43,,,False,
2026-05-12T11:58:04+00:00,43.51567592471838,16.3746888696083,146,2026-05-12T12:09:50.123787+00:00,823,1,2.039,257.647,122.34,197.213,1,Start,Finish,245,43.5109103500155,16.363974050014804,1014,238,196,42,,,False,
2026-05-12T11:58:05+00:00,43.51565840654075,16.374681385766184,145,2026-05-12T12:09:50.123787+00:00,823,1,2.039,259.687,122.34,197.213,1,Start,Finish,245,43.5109103500155,16.363974050014804,1012,239,196,43,,,False,
2026-05-12T11:58:06+00:00,43.51564088836312,16.374673901924066,145,2026-05-12T12:09:50.123787+00:00,823,1,2.039,261.726,122.34,197.213,1,Start,Finish,245,43.5109103500155,16.363974050014804,1011,239,197,42,,,False,
2026-05-12T11:58:07+00:00,43.515623370185494,16.374666418081947,144,2026-05-12T12:09:50.123787+00:00,823,1,2.039,263.765,122.34,197.213,1,Start,Finish,245,43.5109103500155,16.363974050014804,1009,239,198,41,,,False,
2026-05-12T11:58:08+00:00,43.515605852007866,16.37465893423983,144,2026-05-12T12:09:50.123787+00:00,823,1,2.039,265.804,122.34,197.213,1,Start,Finish,245,43.5109103500155,16.363974050014804,1007,239,199,40,,,False,
2026-05-12T11:58:09+00:00,43.51558833383024,16.374651450397714,143,2026-05-12T12:09:50.123787+00:00,823,1,2.039,267.844,122.34,197.213,1,Start,Finish,245,43.5109103500155,16.363974050014804,1006,239,200,39,,,False,
2026-05-12T11:58:10+00:00,43.51557081565261,16.374643966555595,143,2026-05-12T12:09:50.123787+00:00,823,1,2.039,269.883,122.34,197.213,1,Start,Finish,245,43.5109103500155,16.363974050014804,1004,239,200,39,,,False,
2026-05-12T11:58:11+00:00,43.515552434138954,16.374632600694895,143,2026-05-12T12:09:50.123787+00:00,823,1,2.24,272.123,134.4,204.152,1,Start,Finish,245,43.5109103500155,16.363974050014804,1003,239,201,38,,,False,
2026-05-12T11:58:12+00:00,43.5155340526253,16.374621234834194,143,2026-05-12T12:09:50.123787+00:00,823,1,2.24,274.363,134.4,204.152,1,Start,Finish,245,43.5109103500155,16.363974050014804,1001,239,202,37,,,False,
2026-05-12T11:58:13+00:00,43.51551567111164,16.374609868973494,142,2026-05-12T12:09:50.123787+00:00,823,1,2.24,276.603,134.4,204.152,1,Start,Finish,245,43.5109103500155,16.363974050014804,999,239,203,36,,,False,
2026-05-12T11:58:14+00:00,43.51549728959799,16.374598503112793,142,2026-05-12T12:09:50.123787+00:00,823,1,2.24,278.843,134.4,204.152,1,Start,Finish,245,43.5109103500155,16.363974050014804,997,239,203,36,,,False,
2026-05-12T11:58:15+00:00,43.51547890808433,16.374587137252092,142,2026-05-12T12:09:50.123787+00:00,823,1,2.24,281.083,134.4,204.152,1,Start,Finish,245,43.5109103500155,16.363974050014804,995,239,204,35,,,False,
2026-05-12T11:58:16+00:00,43.51546052657068,16.37457577139139,142,2026-05-12T12:09:50.123787+00:00,823,1,2.24,283.323,134.4,204.152,1,Start,Finish,245,43.5109103500155,16.363974050014804,993,239,204,35,,,False,
2026-05-12T11:58:17+00:00,43.51544214505702,16.37456440553069,142,2026-05-12T12:09:50.123787+00:00,823,1,2.24,285.563,134.4,204.152,1,Start,Finish,245,43.5109103500155,16.363974050014804,992,239,204,35,,,False,
2026-05-12T11:58:18+00:00,43.51542376354337,16.37455303966999,141,2026-05-12T12:09:50.123787+00:00,823,1,2.24,287.803,134.4,204.152,1,Start,Finish,245,43.5109103500155,16.363974050014804,990,240,204,36,,,False,
2026-05-12T11:58:19+00:00,43.51540538202971,16.37454167380929,141,2026-05-12T12:09:50.123787+00:00,823,1,2.24,290.043,134.4,204.152,1,Start,Finish,245,43.5109103500155,16.363974050014804,988,240,203,37,,,False,
2026-05-12T11:58:20+00:00,43.51538700051606,16.37453030794859,141,2026-05-12T12:09:50.123787+00:00,823,1,2.24,292.283,134.4,204.152,1,Start,Finish,245,43.5109103500155,16.363974050014804,986,240,203,37,,,False,
2026-05-12T11:58:21+00:00,43.5153683507815,16.374519537203014,140,2026-05-12T12:09:50.123787+00:00,823,1,2.248,294.531,134.88,202.725,1,Start,Finish,245,43.5109103500155,16.363974050014804,984,240,202,38,,,False,
2026-05-12T11:58:22+00:00,43.515349701046944,16.37450876645744,138,2026-05-12T12:09:50.123787+00:00,823,1,2.248,296.78,134.88,202.725,1,Start,Finish,245,43.5109103500155,16.363974050014804,983,240,202,38,,,False,
2026-05-12T11:58:23+00:00,43.515331973321736,16.37450004927814,136,2026-05-12T12:09:50.123787+00:00,823,1,2.093,298.873,125.58,199.626,1,Start,Finish,245,43.5109103500155,16.363974050014804,981,240,202,38,,,False,
2026-05-12T11:58:24+00:00,43.51531424559653,16.37449133209884,135,2026-05-12T12:09:50.123787+00:00,823,1,2.093,300.965,125.58,199.626,1,Start,Finish,245,43.5109103500155,16.363974050014804,979,240,202,38,,,False,
2026-05-12T11:58:25+00:00,43.51529735606164,16.374482573010027,134,2026-05-12T12:09:50.123787+00:00,823,1,2.006,302.972,120.36,200.611,1,Start,Finish,245,43.5109103500155,16.363974050014804,978,240,201,39,,,False,
2026-05-12T11:58:26+00:00,43.51528046652675,16.374473813921213,132,2026-05-12T12:09:50.123787+00:00,823,1,2.006,304.978,120.36,200.611,1,Start,Finish,245,43.5109103500155,16.363974050014804,976,240,201,39,,,False,
2026-05-12T11:58:27+00:00,43.515263074077666,16.37446394423023,132,2026-05-12T12:09:50.123787+00:00,823,1,2.091,307.07,125.46,202.368,1,Start,Finish,245,43.5109103500155,16.363974050014804,975,240,201,39,,,False,
2026-05-12T11:58:28+00:00,43.515245681628585,16.374454074539244,132,2026-05-12T12:09:50.123787+00:00,823,1,2.091,309.161,125.46,202.368,1,Start,Finish,245,43.5109103500155,16.363974050014804,973,240,202,38,,,False,
2026-05-12T11:58:29+00:00,43.515228289179504,16.37444420484826,132,2026-05-12T12:09:50.123787+00:00,823,1,2.091,311.252,125.46,202.368,1,Start,Finish,245,43.5109103500155,16.363974050014804,971,240,202,38,,,False,
2026-05-12T11:58:30+00:00,43.51521089673042,16.374434335157275,132,2026-05-12T12:09:50.123787+00:00,823,1,2.091,313.343,125.46,202.368,1,Start,Finish,245,43.5109103500155,16.363974050014804,970,240,203,37,,,False,
2026-05-12T11:58:31+00:00,43.515191548503935,16.3744227681309,132,2026-05-12T12:09:50.123787+00:00,823,1,2.345,315.688,140.7,203.439,1,Start,Finish,245,43.5109103500155,16.363974050014804,968,241,203,38,,,False,
2026-05-12T11:58:32+00:00,43.51517220027745,16.37441120110452,131,2026-05-12T12:09:50.123787+00:00,823,1,2.345,318.033,140.7,203.439,1,Start,Finish,245,43.5109103500155,16.363974050014804,966,241,203,38,,,False,
2026-05-12T11:58:33+00:00,43.51515285205096,16.374399634078145,130,2026-05-12T12:09:50.123787+00:00,823,1,2.345,320.378,140.7,203.439,1,Start,Finish,245,43.5109103500155,16.363974050014804,964,241,203,38,,,False,
2026-05-12T11:58:34+00:00,43.51513350382447,16.37438806705177,130,2026-05-12T12:09:50.123787+00:00,823,1,2.345,322.723,140.7,203.439,1,Start,Finish,245,43.5109103500155,16.363974050014804,962,241,203,38,,,False,
2026-05-12T11:58:35+00:00,43.515114155597985,16.37437650002539,130,2026-05-12T12:09:50.123787+00:00,823,1,2.345,325.068,140.7,203.439,1,Start,Finish,245,43.5109103500155,16.363974050014804,960,241,203,38,,,False,
2026-05-12T11:58:36+00:00,43.5150948073715,16.374364932999015,129,2026-05-12T12:09:50.123787+00:00,823,1,2.345,327.413,140.7,203.439,1,Start,Finish,245,43.5109103500155,16.363974050014804,958,241,202,39,,,False,
2026-05-12T11:58:37+00:00,43.515073265880346,16.374352108687162,124,2026-05-12T12:09:50.123787+00:00,823,1,2.609,330.022,156.54,203.351,1,Start,Finish,245,43.5109103500155,16.363974050014804,956,241,202,39,,,False,
2026-05-12T11:58:38+00:00,43.51505381986499,16.37434029020369,120,2026-05-12T12:09:50.123787+00:00,823,1,2.363,332.385,141.78,203.785,1,Start,Finish,245,43.5109103500155,16.363974050014804,954,241,202,39,,,False,
2026-05-12T11:58:39+00:00,43.51503630168736,16.37433190830052,121,2026-05-12T12:09:50.123787+00:00,823,1,2.062,334.447,123.72,199.136,1,Start,Finish,245,43.5109103500155,16.363974050014804,953,241,200,41,,,False,
2026-05-12T11:58:40+00:00,43.51501878350973,16.374323945492506,124,2026-05-12T12:09:50.123787+00:00,823,1,2.051,336.498,123.06,198.244,1,Start,Finish,245,43.5109103500155,16.363974050014804,951,241,199,42,,,False,
2026-05-12T11:58:41+00:00,43.51500101387501,16.374314473941922,127,2026-05-12T12:09:50.123787+00:00,823,1,2.118,338.616,127.08,201.134,1,Start,Finish,245,43.5109103500155,16.363974050014804,950,241,199,42,,,False,
2026-05-12T11:58:42+00:00,43.514982825145125,16.374306427314878,131,2026-05-12T12:09:50.123787+00:00,823,1,2.124,340.74,127.44,197.787,1,Start,Finish,245,43.5109103500155,16.363974050014804,948,241,198,43,,,False,
2026-05-12T11:58:43+00:00,43.514964426867664,16.3743001408875,134,2026-05-12T12:09:50.123787+00:00,823,1,2.108,342.848,126.48,193.917,1,Start,Finish,245,43.5109103500155,16.363974050014804,947,242,197,45,,,False,
2026-05-12T11:58:44+00:00,43.5149460285902,16.37429385446012,136,2026-05-12T12:09:50.123787+00:00,823,1,2.108,344.956,126.48,193.917,1,Start,Finish,245,43.5109103500155,16.363974050014804,945,242,197,45,,,False,
2026-05-12T11:58:45+00:00,43.51492825895548,16.374286488862708,136,2026-05-12T12:09:50.123787+00:00,823,1,2.063,347.019,123.78,196.731,1,Start,Finish,245,43.5109103500155,16.363974050014804,944,242,197,45,,,False,
2026-05-12T11:58:46+00:00,43.514910489320755,16.374279123265296,136,2026-05-12T12:09:50.123787+00:00,823,1,2.063,349.082,123.78,196.731,1,Start,Finish,245,43.5109103500155,16.363974050014804,943,242,196,46,,,False,
2026-05-12T11:58:47+00:00,43.51489271968603,16.374271757667884,136,2026-05-12T12:09:50.123787+00:00,823,1,2.063,351.145,123.78,196.731,1,Start,Finish,245,43.5109103500155,16.363974050014804,941,242,196,46,,,False,
2026-05-12T11:58:48+00:00,43.51487495005131,16.374264392070472,136,2026-05-12T12:09:50.123787+00:00,823,1,2.063,353.209,123.78,196.731,1,Start,Finish,245,43.5109103500155,16.363974050014804,940,242,196,46,,,False,
2026-05-12T11:58:49+00:00,43.514857180416584,16.37425702647306,135,2026-05-12T12:09:50.123787+00:00,823,1,2.063,355.272,123.78,196.731,1,Start,Finish,245,43.5109103500155,16.363974050014804,938,242,197,45,,,False,
2026-05-12T11:58:50+00:00,43.51483941078186,16.37424966087565,135,2026-05-12T12:09:50.123787+00:00,823,1,2.063,357.335,123.78,196.731,1,Start,Finish,245,43.5109103500155,16.363974050014804,937,242,198,44,,,False,
2026-05-12T11:58:51+00:00,43.51482164114714,16.374242295278236,135,2026-05-12T12:09:50.123787+00:00,823,1,2.063,359.398,123.78,196.731,1,Start,Finish,245,43.5109103500155,16.363974050014804,935,242,199,43,,,False,
2026-05-12T11:58:52+00:00,43.51480387151241,16.374234929680824,135,2026-05-12T12:09:50.123787+00:00,823,1,2.063,361.461,123.78,196.731,1,Start,Finish,245,43.5109103500155,16.363974050014804,934,242,200,42,,,False,
2026-05-12T11:58:53+00:00,43.51478497032076,16.37422394938767,132,2026-05-12T12:09:50.123787+00:00,823,1,2.281,363.742,136.86,202.845,1,Start,Finish,245,43.5109103500155,16.363974050014804,932,242,201,41,,,False,
2026-05-12T11:58:54+00:00,43.51476606912911,16.374212969094515,129,2026-05-12T12:09:50.123787+00:00,823,1,2.281,366.023,136.86,202.845,1,Start,Finish,245,43.5109103500155,16.363974050014804,930,243,202,41,,,False,
2026-05-12T11:58:55+00:00,43.51474712602794,16.374200312420726,122,2026-05-12T12:09:50.123787+00:00,823,1,2.341,368.363,140.46,205.852,1,Start,Finish,245,43.5109103500155,16.363974050014804,928,243,203,40,,,False,
2026-05-12T11:58:56+00:00,43.51472843438387,16.37418882921338,118,2026-05-12T12:09:50.123787+00:00,823,1,2.275,370.639,136.5,204.014,1,Start,Finish,245,43.5109103500155,16.363974050014804,927,243,204,39,,,False,
2026-05-12T11:58:57+00:00,43.51471125148237,16.374178268015385,115,2026-05-12T12:09:50.123787+00:00,823,1,2.092,372.731,125.52,204.024,1,Start,Finish,245,43.5109103500155,16.363974050014804,925,243,205,38,,,False,
2026-05-12T11:58:58+00:00,43.51469352375716,16.37416567420587,115,2026-05-12T12:09:50.123787+00:00,823,1,2.217,374.948,133.02,207.257,1,Start,Finish,245,43.5109103500155,16.363974050014804,923,243,206,37,,,False,
2026-05-12T11:58:59+00:00,43.51467579603195,16.374153080396354,114,2026-05-12T12:09:50.123787+00:00,823,1,2.217,377.165,133.02,207.257,1,Start,Finish,245,43.5109103500155,16.363974050014804,921,243,207,36,,,False,
2026-05-12T11:59:00+00:00,43.514658068306744,16.37414048658684,114,2026-05-12T12:09:50.123787+00:00,823,1,2.217,379.383,133.02,207.257,1,Start,Finish,245,43.5109103500155,16.363974050014804,920,243,206,37,,,False,
2026-05-12T11:59:01+00:00,43.514640340581536,16.374127892777324,114,2026-05-12T12:09:50.123787+00:00,823,1,2.217,381.6,133.02,207.257,1,Start,Finish,245,43.5109103500155,16.363974050014804,918,243,206,37,,,False,
2026-05-12T11:59:02+00:00,43.514623241499066,16.374114649370313,117,2026-05-12T12:09:50.123787+00:00,823,1,2.181,383.781,130.86,209.322,1,Start,Finish,245,43.5109103500155,16.363974050014804,916,243,206,37,,,False,
2026-05-12T11:59:03+00:00,43.51460614241659,16.3741014059633,120,2026-05-12T12:09:50.123787+00:00,823,1,2.181,385.962,130.86,209.322,1,Start,Finish,245,43.5109103500155,16.363974050014804,914,243,206,37,,,False,
2026-05-12T11:59:04+00:00,43.51458875595459,16.374091491369263,120,2026-05-12T12:09:50.123787+00:00,823,1,2.092,388.054,125.52,202.467,1,Start,Finish,245,43.5109103500155,16.363974050014804,913,243,205,38,,,False,
2026-05-12T11:59:05+00:00,43.51457136949258,16.37408157677523,121,2026-05-12T12:09:50.123787+00:00,823,1,2.092,390.146,125.52,202.467,1,Start,Finish,245,43.5109103500155,16.363974050014804,911,243,205,38,,,False,
2026-05-12T11:59:06+00:00,43.514553983030574,16.37407166218119,121,2026-05-12T12:09:50.123787+00:00,823,1,2.092,392.238,125.52,202.467,1,Start,Finish,245,43.5109103500155,16.363974050014804,910,244,204,40,,,False,
2026-05-12T11:59:07+00:00,43.51453659656857,16.374061747587152,122,2026-05-12T12:09:50.123787+00:00,823,1,2.092,394.33,125.52,202.467,1,Start,Finish,245,43.5109103500155,16.363974050014804,908,244,203,41,,,False,
2026-05-12T11:59:08+00:00,43.51451921010656,16.374051832993114,122,2026-05-12T12:09:50.123787+00:00,823,1,2.092,396.422,125.52,202.467,1,Start,Finish,245,43.5109103500155,16.363974050014804,906,244,202,42,,,False,
2026-05-12T11:59:09+00:00,43.51450182364455,16.37404191839908,123,2026-05-12T12:09:50.123787+00:00,823,1,2.092,398.514,125.52,202.467,1,Start,Finish,245,43.5109103500155,16.363974050014804,905,244,201,43,,,False,
2026-05-12T11:59:10+00:00,43.514484437182546,16.37403200380504,123,2026-05-12T12:09:50.123787+00:00,823,1,2.092,400.606,125.52,202.467,1,Start,Finish,245,43.5109103500155,16.363974050014804,903,244,201,43,,,False,
2026-05-12T11:59:11+00:00,43.514465326443315,16.374021526426077,123,2026-05-12T12:09:50.123787+00:00,823,1,2.287,402.893,137.22,201.682,1,Start,Finish,245,43.5109103500155,16.363974050014804,902,244,201,43,,,False,
2026-05-12T11:59:12+00:00,43.514446006156504,16.37401289306581,122,2026-05-12T12:09:50.123787+00:00,823,1,2.258,405.151,135.48,197.955,1,Start,Finish,245,43.5109103500155,16.363974050014804,900,244,201,43,,,False,
2026-05-12T11:59:13+00:00,43.514426685869694,16.374004259705544,120,2026-05-12T12:09:50.123787+00:00,823,1,2.258,407.41,135.48,197.955,1,Start,Finish,245,43.5109103500155,16.363974050014804,898,244,200,44,,,False,
2026-05-12T11:59:14+00:00,43.51440826430917,16.373994974419475,120,2026-05-12T12:09:50.123787+00:00,823,1,2.181,409.591,130.86,200.079,1,Start,Finish,245,43.5109103500155,16.363974050014804,897,244,200,44,,,False,
2026-05-12T11:59:15+00:00,43.51438984274864,16.373985689133406,119,2026-05-12T12:09:50.123787+00:00,823,1,2.181,411.772,130.86,200.079,1,Start,Finish,245,43.5109103500155,16.363974050014804,895,244,200,44,,,False,
2026-05-12T11:59:16+00:00,43.51437142118811,16.373976403847337,119,2026-05-12T12:09:50.123787+00:00,823,1,2.181,413.953,130.86,200.079,1,Start,Finish,245,43.5109103500155,16.363974050014804,894,244,200,44,,,False,
2026-05-12T11:59:17+00:00,43.51435299962759,16.373967118561268,119,2026-05-12T12:09:50.123787+00:00,823,1,2.181,416.134,130.86,200.079,1,Start,Finish,245,43.5109103500155,16.363974050014804,892,245,200,45,,,False,
2026-05-12T11:59:18+00:00,43.514334578067064,16.3739578332752,118,2026-05-12T12:09:50.123787+00:00,823,1,2.181,418.314,130.86,200.079,1,Start,Finish,245,43.5109103500155,16.363974050014804,891,245,200,45,,,False,
2026-05-12T11:59:19+00:00,43.51431615650654,16.37394854798913,118,2026-05-12T12:09:50.123787+00:00,823,1,2.181,420.495,130.86,200.079,1,Start,Finish,245,43.5109103500155,16.363974050014804,889,245,200,45,,,False,
2026-05-12T11:59:20+00:00,43.51429773494601,16.37393926270306,118,2026-05-12T12:09:50.123787+00:00,823,1,2.181,422.676,130.86,200.079,1,Start,Finish,245,43.5109103500155,16.363974050014804,887,245,200,45,,,False,
2026-05-12T11:59:21+00:00,43.51427931338549,16.373929977416992,117,2026-05-12T12:09:50.123787+00:00,823,1,2.181,424.857,130.86,200.079,1,Start,Finish,245,43.5109103500155,16.363974050014804,886,245,200,45,,,False,
2026-05-12T11:59:22+00:00,43.51426089182496,16.373920692130923,117,2026-05-12T12:09:50.123787+00:00,823,1,2.181,427.038,130.86,200.079,1,Start,Finish,245,43.5109103500155,16.363974050014804,884,245,200,45,,,False,
2026-05-12T11:59:23+00:00,43.51424291264266,16.373911164700985,118,2026-05-12T12:09:50.123787+00:00,823,1,2.142,429.18,128.52,201.022,1,Start,Finish,245,43.5109103500155,16.363974050014804,883,245,201,44,,,False,
2026-05-12T11:59:24+00:00,43.514224933460355,16.373901637271047,119,2026-05-12T12:09:50.123787+00:00,823,1,2.142,431.322,128.52,201.022,1,Start,Finish,245,43.5109103500155,16.363974050014804,881,245,201,44,,,False,
2026-05-12T11:59:25+00:00,43.51420695427805,16.37389210984111,120,2026-05-12T12:09:50.123787+00:00,823,1,2.142,433.463,128.52,201.022,1,Start,Finish,245,43.5109103500155,16.363974050014804,880,245,201,44,,,False,
2026-05-12T11:59:26+00:00,43.51418897509575,16.37388258241117,120,2026-05-12T12:09:50.123787+00:00,823,1,2.142,435.605,128.52,201.022,1,Start,Finish,245,43.5109103500155,16.363974050014804,878,245,200,45,,,False,
2026-05-12T11:59:27+00:00,43.514170995913446,16.37387305498123,121,2026-05-12T12:09:50.123787+00:00,823,1,2.142,437.747,128.52,201.022,1,Start,Finish,245,43.5109103500155,16.363974050014804,877,246,200,46,,,False,
2026-05-12T11:59:28+00:00,43.51415301673114,16.373863527551293,122,2026-05-12T12:09:50.123787+00:00,823,1,2.142,439.889,128.52,201.022,1,Start,Finish,245,43.5109103500155,16.363974050014804,875,246,200,46,,,False,
2026-05-12T11:59:29+00:00,43.51413474418223,16.373855229467154,125,2026-05-12T12:09:50.123787+00:00,823,1,2.139,442.028,128.34,198.229,1,Start,Finish,245,43.5109103500155,16.363974050014804,874,246,200,46,,,False,
2026-05-12T11:59:30+00:00,43.51411634590477,16.373846428468823,126,2026-05-12T12:09:50.123787+00:00,823,1,2.165,444.193,129.9,199.132,1,Start,Finish,245,43.5109103500155,16.363974050014804,872,246,200,46,,,False,
2026-05-12T11:59:31+00:00,43.514097947627306,16.373837627470493,128,2026-05-12T12:09:50.123787+00:00,823,1,2.165,446.359,129.9,199.132,1,Start,Finish,245,43.5109103500155,16.363974050014804,871,246,200,46,,,False,
2026-05-12T11:59:32+00:00,43.51407814538106,16.373827066272497,129,2026-05-12T12:09:50.123787+00:00,823,1,2.361,448.719,141.66,201.145,1,Start,Finish,245,43.5109103500155,16.363974050014804,869,246,201,45,,,False,
2026-05-12T11:59:33+00:00,43.51405834313482,16.3738165050745,130,2026-05-12T12:09:50.123787+00:00,823,1,2.361,451.08,141.66,201.145,1,Start,Finish,245,43.5109103500155,16.363974050014804,867,246,202,44,,,False,
2026-05-12T11:59:34+00:00,43.51403854088858,16.373805943876505,131,2026-05-12T12:09:50.123787+00:00,823,1,2.361,453.441,141.66,201.145,1,Start,Finish,245,43.5109103500155,16.363974050014804,866,246,203,43,,,False,
2026-05-12T11:59:35+00:00,43.514018738642335,16.37379538267851,132,2026-05-12T12:09:50.123787+00:00,823,1,2.361,455.802,141.66,201.145,1,Start,Finish,245,43.5109103500155,16.363974050014804,864,246,204,42,,,False,
2026-05-12T11:59:36+00:00,43.51400127634406,16.373782055452466,131,2026-05-12T12:09:50.123787+00:00,823,1,2.219,458.021,133.14,208.964,1,Start,Finish,245,43.5109103500155,16.363974050014804,862,247,205,42,,,False,
2026-05-12T11:59:37+00:00,43.51398381404579,16.373768728226423,130,2026-05-12T12:09:50.123787+00:00,823,1,2.219,460.241,133.14,208.964,1,Start,Finish,245,43.5109103500155,16.363974050014804,861,247,205,42,,,False,
2026-05-12T11:59:38+00:00,43.51396635174751,16.37375540100038,129,2026-05-12T12:09:50.123787+00:00,823,1,2.219,462.46,133.14,208.964,1,Start,Finish,245,43.5109103500155,16.363974050014804,859,247,206,41,,,False,
2026-05-12T11:59:39+00:00,43.51394900120795,16.37374366633594,126,2026-05-12T12:09:50.123787+00:00,823,1,2.149,464.609,128.94,206.127,1,Start,Finish,245,43.5109103500155,16.363974050014804,857,247,206,41,,,False,
2026-05-12T11:59:40+00:00,43.51392975077033,16.373731149360538,126,2026-05-12T12:09:50.123787+00:00,823,1,2.367,466.975,142.02,205.246,1,Start,Finish,245,43.5109103500155,16.363974050014804,855,247,207,40,,,False,
2026-05-12T11:59:41+00:00,43.51391050033271,16.373718632385135,126,2026-05-12T12:09:50.123787+00:00,823,1,2.367,469.342,142.02,205.246,1,Start,Finish,245,43.5109103500155,16.363974050014804,854,247,207,40,,,False,
2026-05-12T11:59:42+00:00,43.513891249895096,16.373706115409732,126,2026-05-12T12:09:50.123787+00:00,823,1,2.367,471.709,142.02,205.246,1,Start,Finish,245,43.5109103500155,16.363974050014804,852,247,207,40,,,False,
2026-05-12T11:59:43+00:00,43.51387387840077,16.37369339587167,125,2026-05-12T12:09:50.123787+00:00,823,1,2.187,473.896,131.22,207.968,1,Start,Finish,245,43.5109103500155,16.363974050014804,850,247,206,41,,,False,
2026-05-12T11:59:44+00:00,43.51385650690645,16.373680676333606,124,2026-05-12T12:09:50.123787+00:00,823,1,2.187,476.083,131.22,207.968,1,Start,Finish,245,43.5109103500155,16.363974050014804,849,247,206,41,,,False,
2026-05-12T11:59:45+00:00,43.51383913541213,16.373667956795543,124,2026-05-12T12:09:50.123787+00:00,823,1,2.187,478.27,131.22,207.968,1,Start,Finish,245,43.5109103500155,16.363974050014804,847,247,205,42,,,False,
2026-05-12T11:59:46+00:00,43.51382176391781,16.37365523725748,123,2026-05-12T12:09:50.123787+00:00,823,1,2.187,480.457,131.22,207.968,1,Start,Finish,245,43.5109103500155,16.363974050014804,845,247,205,42,,,False,
2026-05-12T11:59:47+00:00,43.51380438543856,16.373645486310124,125,2026-05-12T12:09:50.123787+00:00,823,1,2.086,482.543,125.16,202.142,1,Start,Finish,245,43.5109103500155,16.363974050014804,844,248,203,45,,,False,
2026-05-12T11:59:48+00:00,43.51378700695932,16.373635735362768,126,2026-05-12T12:09:50.123787+00:00,823,1,2.086,484.629,125.16,202.142,1,Start,Finish,245,43.5109103500155,16.363974050014804,842,248,202,46,,,False,
2026-05-12T11:59:49+00:00,43.51376962848008,16.373625984415412,128,2026-05-12T12:09:50.123787+00:00,823,1,2.086,486.716,125.16,202.142,1,Start,Finish,245,43.5109103500155,16.363974050014804,841,248,201,47,,,False,
2026-05-12T11:59:50+00:00,43.51375345140696,16.373617560602725,128,2026-05-12T12:09:50.123787+00:00,823,1,1.923,488.638,115.38,200.688,1,Start,Finish,245,43.5109103500155,16.363974050014804,839,248,199,49,,,False,
2026-05-12T11:59:51+00:00,43.513737274333835,16.373609136790037,129,2026-05-12T12:09:50.123787+00:00,823,1,1.923,490.561,115.38,200.688,1,Start,Finish,245,43.5109103500155,16.363974050014804,838,248,198,50,,,False,
2026-05-12T11:59:52+00:00,43.51372002856806,16.37360314372927,128,2026-05-12T12:09:50.123787+00:00,823,1,1.978,492.539,118.68,194.145,1,Start,Finish,245,43.5109103500155,16.363974050014804,837,248,199,49,,,False,
2026-05-12T11:59:53+00:00,43.51370278280229,16.373597150668502,128,2026-05-12T12:09:50.123787+00:00,823,1,1.978,494.516,118.68,194.145,1,Start,Finish,245,43.5109103500155,16.363974050014804,836,248,199,49,,,False,
2026-05-12T11:59:54+00:00,43.51368553703651,16.373591157607734,127,2026-05-12T12:09:50.123787+00:00,823,1,1.978,496.494,118.68,194.145,1,Start,Finish,245,43.5109103500155,16.363974050014804,835,248,199,49,,,False,
2026-05-12T11:59:55+00:00,43.51366829127073,16.373585164546967,126,2026-05-12T12:09:50.123787+00:00,823,1,1.978,498.472,118.68,194.145,1,Start,Finish,245,43.5109103500155,16.363974050014804,834,248,199,49,,,False,
2026-05-12T11:59:56+00:00,43.51364959962666,16.373574687168002,125,2026-05-12T12:09:50.123787+00:00,823,1,2.244,500.715,134.64,202.122,1,Start,Finish,245,43.5109103500155,16.363974050014804,832,249,200,49,,,False,
2026-05-12T11:59:57+00:00,43.51363090798259,16.373564209789038,124,2026-05-12T12:09:50.123787+00:00,823,1,2.244,502.959,134.64,202.122,1,Start,Finish,245,43.5109103500155,16.363974050014804,830,249,201,48,,,False,
2026-05-12T11:59:58+00:00,43.513612216338515,16.373553732410073,123,2026-05-12T12:09:50.123787+00:00,823,1,2.244,505.202,134.64,202.122,1,Start,Finish,245,43.5109103500155,16.363974050014804,829,249,202,47,,,False,
2026-05-12T11:59:59+00:00,43.51359469816089,16.373540447093546,122,2026-05-12T12:09:50.123787+00:00,823,1,2.223,507.425,133.38,208.81,1,Start,Finish,245,43.5109103500155,16.363974050014804,827,249,204,45,,,False,
2026-05-12T12:00:00+00:00,43.51357717998326,16.37352716177702,120,2026-05-12T12:09:50.123787+00:00,823,1,2.223,509.649,133.38,208.81,1,Start,Finish,245,43.5109103500155,16.363974050014804,825,249,203,46,,,False,
2026-05-12T12:00:01+00:00,43.51356066763401,16.373516600579023,119,2026-05-12T12:09:50.123787+00:00,823,1,2.024,511.673,121.44,204.884,1,Start,Finish,245,43.5109103500155,16.363974050014804,824,249,202,47,,,False,
2026-05-12T12:00:02+00:00,43.51354415528476,16.373506039381027,117,2026-05-12T12:09:50.123787+00:00,823,1,2.024,513.697,121.44,204.884,1,Start,Finish,245,43.5109103500155,16.363974050014804,823,249,201,48,,,False,
2026-05-12T12:00:03+00:00,43.513527642935514,16.37349547818303,116,2026-05-12T12:09:50.123787+00:00,823,1,2.024,515.72,121.44,204.884,1,Start,Finish,245,43.5109103500155,16.363974050014804,821,249,201,48,,,False,
2026-05-12T12:00:04+00:00,43.5135108162649,16.37348923366517,117,2026-05-12T12:09:50.123787+00:00,823,1,1.938,517.658,116.28,195.063,1,Start,Finish,245,43.5109103500155,16.363974050014804,820,249,200,49,,,False,
2026-05-12T12:00:05+00:00,43.51349398959428,16.373482989147305,118,2026-05-12T12:09:50.123787+00:00,823,1,1.938,519.596,116.28,195.063,1,Start,Finish,245,43.5109103500155,16.363974050014804,819,249,199,50,,,False,
2026-05-12T12:00:06+00:00,43.513477162923664,16.373476744629443,120,2026-05-12T12:09:50.123787+00:00,823,1,1.938,521.533,116.28,195.063,1,Start,Finish,245,43.5109103500155,16.363974050014804,818,250,198,52,,,False,
2026-05-12T12:00:07+00:00,43.51346033625305,16.37347050011158,121,2026-05-12T12:09:50.123787+00:00,823,1,1.938,523.471,116.28,195.063,1,Start,Finish,245,43.5109103500155,16.363974050014804,817,250,197,53,,,False,
2026-05-12T12:00:08+00:00,43.513444075360894,16.373462285846472,124,2026-05-12T12:09:50.123787+00:00,823,1,1.926,525.397,115.56,200.12,1,Start,Finish,245,43.5109103500155,16.363974050014804,815,250,196,54,,,False,
2026-05-12T12:00:09+00:00,43.51342689245939,16.373456390574574,125,2026-05-12T12:09:50.123787+00:00,823,1,1.969,527.366,118.14,193.972,1,Start,Finish,245,43.5109103500155,16.363974050014804,814,250,195,55,,,False,
2026-05-12T12:00:10+00:00,43.51340970955789,16.373450495302677,125,2026-05-12T12:09:50.123787+00:00,823,1,1.969,529.334,118.14,193.972,1,Start,Finish,245,43.5109103500155,16.363974050014804,813,250,195,55,,,False,
2026-05-12T12:00:11+00:00,43.51339252665639,16.37344460003078,126,2026-05-12T12:09:50.123787+00:00,823,1,1.969,531.303,118.14,193.972,1,Start,Finish,245,43.5109103500155,16.363974050014804,812,250,195,55,,,False,
2026-05-12T12:00:12+00:00,43.51337614841759,16.37343863211572,125,2026-05-12T12:09:50.123787+00:00,823,1,1.884,533.187,113.04,194.802,1,Start,Finish,245,43.5109103500155,16.363974050014804,811,250,195,55,,,False,
2026-05-12T12:00:13+00:00,43.513359770178795,16.373432664200664,125,2026-05-12T12:09:50.123787+00:00,823,1,1.884,535.071,113.04,194.802,1,Start,Finish,245,43.5109103500155,16.363974050014804,810,250,195,55,,,False,
2026-05-12T12:00:14+00:00,43.51334339194,16.373426696285605,124,2026-05-12T12:09:50.123787+00:00,823,1,1.884,536.954,113.04,194.802,1,Start,Finish,245,43.5109103500155,16.363974050014804,809,250,194,56,,,False,
2026-05-12T12:00:15+00:00,43.5133270137012,16.373420728370547,124,2026-05-12T12:09:50.123787+00:00,823,1,1.884,538.838,113.04,194.802,1,Start,Finish,245,43.5109103500155,16.363974050014804,808,251,194,57,,,False,
2026-05-12T12:00:16+00:00,43.5133106354624,16.37341476045549,123,2026-05-12T12:09:50.123787+00:00,823,1,1.884,540.722,113.04,194.802,1,Start,Finish,245,43.5109103500155,16.363974050014804,807,251,194,57,,,False,
2026-05-12T12:00:17+00:00,43.51329420693219,16.37340899091214,122,2026-05-12T12:09:50.123787+00:00,823,1,1.885,542.607,113.1,194.289,1,Start,Finish,245,43.5109103500155,16.363974050014804,806,251,195,56,,,False,
2026-05-12T12:00:18+00:00,43.51327777840197,16.37340322136879,122,2026-05-12T12:09:50.123787+00:00,823,1,1.885,544.492,113.1,194.289,1,Start,Finish,245,43.5109103500155,16.363974050014804,805,251,195,56,,,False,
2026-05-12T12:00:19+00:00,43.513261349871755,16.37339745182544,122,2026-05-12T12:09:50.123787+00:00,823,1,1.885,546.377,113.1,194.289,1,Start,Finish,245,43.5109103500155,16.363974050014804,804,251,195,56,,,False,
2026-05-12T12:00:20+00:00,43.51324492134154,16.37339168228209,121,2026-05-12T12:09:50.123787+00:00,823,1,1.885,548.262,113.1,194.289,1,Start,Finish,245,43.5109103500155,16.363974050014804,803,251,195,56,,,False,
2026-05-12T12:00:21+00:00,43.51322849281132,16.37338591273874,120,2026-05-12T12:09:50.123787+00:00,823,1,1.885,550.147,113.1,194.289,1,Start,Finish,245,43.5109103500155,16.363974050014804,802,251,194,57,,,False,
2026-05-12T12:00:22+00:00,43.513212064281106,16.37338014319539,120,2026-05-12T12:09:50.123787+00:00,823,1,1.885,552.032,113.1,194.289,1,Start,Finish,245,43.5109103500155,16.363974050014804,801,251,194,57,,,False,
2026-05-12T12:00:23+00:00,43.51319655776024,16.373374443501234,113,2026-05-12T12:09:50.123787+00:00,823,1,1.784,553.817,107.04,194.926,1,Start,Finish,245,43.5109103500155,16.363974050014804,800,251,194,57,,,False,
2026-05-12T12:00:24+00:00,43.51318063214421,16.373367151245475,113,2026-05-12T12:09:50.123787+00:00,823,1,1.866,555.683,111.96,198.37,1,Start,Finish,245,43.5109103500155,16.363974050014804,798,252,194,58,,,False,
2026-05-12T12:00:25+00:00,43.51316407788545,16.373362625017762,114,2026-05-12T12:09:50.123787+00:00,823,1,1.877,557.559,112.62,191.216,1,Start,Finish,245,43.5109103500155,16.363974050014804,798,252,194,58,,,False,
2026-05-12T12:00:26+00:00,43.513147523626685,16.37335809879005,114,2026-05-12T12:09:50.123787+00:00,823,1,1.877,559.436,112.62,191.216,1,Start,Finish,245,43.5109103500155,16.363974050014804,797,252,193,59,,,False,
2026-05-12T12:00:27+00:00,43.51313096936792,16.373353572562337,115,2026-05-12T12:09:50.123787+00:00,823,1,1.877,561.312,112.62,191.216,1,Start,Finish,245,43.5109103500155,16.363974050014804,796,252,193,59,,,False,
2026-05-12T12:00:28+00:00,43.51311441510916,16.373349046334624,116,2026-05-12T12:09:50.123787+00:00,823,1,1.877,563.189,112.62,191.216,1,Start,Finish,245,43.5109103500155,16.363974050014804,795,252,193,59,,,False,
2026-05-12T12:00:29+00:00,43.513096729293466,16.373343053273857,115,2026-05-12T12:09:50.123787+00:00,823,1,2.025,565.214,121.5,193.807,1,Start,Finish,245,43.5109103500155,16.363974050014804,794,252,193,59,,,False,
2026-05-12T12:00:30+00:00,43.513079043477774,16.37333706021309,114,2026-05-12T12:09:50.123787+00:00,823,1,2.025,567.239,121.5,193.807,1,Start,Finish,245,43.5109103500155,16.363974050014804,793,252,193,59,,,False,
2026-05-12T12:00:31+00:00,43.51306135766208,16.37333106715232,112,2026-05-12T12:09:50.123787+00:00,823,1,2.025,569.264,121.5,193.807,1,Start,Finish,245,43.5109103500155,16.363974050014804,792,252,194,58,,,False,
2026-05-12T12:00:32+00:00,43.51304367184639,16.373325074091554,111,2026-05-12T12:09:50.123787+00:00,823,1,2.025,571.289,121.5,193.807,1,Start,Finish,245,43.5109103500155,16.363974050014804,791,253,194,59,,,False,
2026-05-12T12:00:33+00:00,43.513025902211666,16.373318452388048,108,2026-05-12T12:09:50.123787+00:00,823,1,2.047,573.336,122.82,195.123,1,Start,Finish,245,43.5109103500155,16.363974050014804,789,253,195,58,,,False,
2026-05-12T12:00:34+00:00,43.51300762966275,16.373311411589384,109,2026-05-12T12:09:50.123787+00:00,823,1,2.11,575.446,126.6,195.613,1,Start,Finish,245,43.5109103500155,16.363974050014804,788,253,195,58,,,False,
2026-05-12T12:00:35+00:00,43.512990404851735,16.37330487370491,110,2026-05-12T12:09:50.123787+00:00,823,1,1.987,577.432,119.22,195.39,1,Start,Finish,245,43.5109103500155,16.363974050014804,787,253,195,58,,,False,
2026-05-12T12:00:36+00:00,43.51297318004072,16.373298335820436,110,2026-05-12T12:09:50.123787+00:00,823,1,1.987,579.419,119.22,195.39,1,Start,Finish,245,43.5109103500155,16.363974050014804,786,253,195,58,,,False,
2026-05-12T12:00:37+00:00,43.5129559552297,16.373291797935963,111,2026-05-12T12:09:50.123787+00:00,823,1,1.987,581.405,119.22,195.39,1,Start,Finish,245,43.5109103500155,16.363974050014804,785,253,196,57,,,False,
2026-05-12T12:00:38+00:00,43.51293873041868,16.37328526005149,112,2026-05-12T12:09:50.123787+00:00,823,1,1.987,583.392,119.22,195.39,1,Start,Finish,245,43.5109103500155,16.363974050014804,784,253,196,57,,,False,
2026-05-12T12:00:39+00:00,43.51291961967945,16.37327756965533,111,2026-05-12T12:09:50.123787+00:00,823,1,2.214,585.606,132.84,196.269,1,Start,Finish,245,43.5109103500155,16.363974050014804,783,253,196,57,,,False,
2026-05-12T12:00:40+00:00,43.51290050894022,16.37326987925917,110,2026-05-12T12:09:50.123787+00:00,823,1,2.214,587.819,132.84,196.269,1,Start,Finish,245,43.5109103500155,16.363974050014804,782,254,196,58,,,False,
2026-05-12T12:00:41+00:00,43.51288139820099,16.37326218886301,110,2026-05-12T12:09:50.123787+00:00,823,1,2.214,590.033,132.84,196.269,1,Start,Finish,245,43.5109103500155,16.363974050014804,780,254,196,58,,,False,
2026-05-12T12:00:42+00:00,43.51286228746176,16.37325449846685,109,2026-05-12T12:09:50.123787+00:00,823,1,2.214,592.247,132.84,196.269,1,Start,Finish,245,43.5109103500155,16.363974050014804,779,254,196,58,,,False,
2026-05-12T12:00:43+00:00,43.5128446854651,16.373247248120606,108,2026-05-12T12:09:50.123787+00:00,823,1,2.043,594.289,122.58,196.632,1,Start,Finish,245,43.5109103500155,16.363974050014804,778,254,196,58,,,False,
2026-05-12T12:00:44+00:00,43.51282708346844,16.373239997774363,107,2026-05-12T12:09:50.123787+00:00,823,1,2.043,596.332,122.58,196.632,1,Start,Finish,245,43.5109103500155,16.363974050014804,777,254,195,59,,,False,
2026-05-12T12:00:45+00:00,43.51280917413533,16.373233515769243,106,2026-05-12T12:09:50.123787+00:00,823,1,2.059,598.391,123.54,194.707,1,Start,Finish,245,43.5109103500155,16.363974050014804,776,254,195,59,,,False,
2026-05-12T12:00:46+00:00,43.51279126480222,16.373227033764124,104,2026-05-12T12:09:50.123787+00:00,823,1,2.059,600.45,123.54,194.707,1,Start,Finish,245,43.5109103500155,16.363974050014804,775,254,194,60,,,False,
2026-05-12T12:00:47+00:00,43.51277335546911,16.373220551759005,103,2026-05-12T12:09:50.123787+00:00,823,1,2.059,602.509,123.54,194.707,1,Start,Finish,245,43.5109103500155,16.363974050014804,774,254,194,60,,,False,
2026-05-12T12:00:48+00:00,43.5127552864807,16.373215486694658,103,2026-05-12T12:09:50.123787+00:00,823,1,2.05,604.559,123.0,191.491,1,Start,Finish,245,43.5109103500155,16.363974050014804,773,255,193,62,,,False,
2026-05-12T12:00:49+00:00,43.512737217492294,16.373210421630315,104,2026-05-12T12:09:50.123787+00:00,823,1,2.05,606.609,123.0,191.491,1,Start,Finish,245,43.5109103500155,16.363974050014804,772,255,193,62,,,False,
2026-05-12T12:00:50+00:00,43.51271914850389,16.37320535656597,104,2026-05-12T12:09:50.123787+00:00,823,1,2.05,608.66,123.0,191.491,1,Start,Finish,245,43.5109103500155,16.363974050014804,771,255,192,63,,,False,
2026-05-12T12:00:51+00:00,43.51270107951547,16.373200291501625,104,2026-05-12T12:09:50.123787+00:00,823,1,2.05,610.71,123.0,191.491,1,Start,Finish,245,43.5109103500155,16.363974050014804,770,255,193,62,,,False,
2026-05-12T12:00:52+00:00,43.51268301052706,16.37319522643728,104,2026-05-12T12:09:50.123787+00:00,823,1,2.05,612.76,123.0,191.491,1,Start,Finish,245,43.5109103500155,16.363974050014804,769,255,194,61,,,False,
2026-05-12T12:00:53+00:00,43.51266494153866,16.373190161372936,105,2026-05-12T12:09:50.123787+00:00,823,1,2.05,614.81,123.0,191.491,1,Start,Finish,245,43.5109103500155,16.363974050014804,768,255,194,61,,,False,
2026-05-12T12:00:54+00:00,43.51264687255025,16.37318509630859,105,2026-05-12T12:09:50.123787+00:00,823,1,2.05,616.861,123.0,191.491,1,Start,Finish,245,43.5109103500155,16.363974050014804,767,255,195,60,,,False,
2026-05-12T12:00:55+00:00,43.51262985728681,16.373176127672195,107,2026-05-12T12:09:50.123787+00:00,823,1,2.026,618.886,121.56,200.92,1,Start,Finish,245,43.5109103500155,16.363974050014804,766,256,195,61,,,False,
2026-05-12T12:00:56+00:00,43.51261284202337,16.373167159035802,109,2026-05-12T12:09:50.123787+00:00,823,1,2.026,620.912,121.56,200.92,1,Start,Finish,245,43.5109103500155,16.363974050014804,765,256,195,61,,,False,
2026-05-12T12:00:57+00:00,43.51259503047913,16.373159447684884,110,2026-05-12T12:09:50.123787+00:00,823,1,2.076,622.988,124.56,197.431,1,Start,Finish,245,43.5109103500155,16.363974050014804,764,256,196,60,,,False,
2026-05-12T12:00:58+00:00,43.512577218934894,16.373151736333966,112,2026-05-12T12:09:50.123787+00:00,823,1,2.076,625.064,124.56,197.431,1,Start,Finish,245,43.5109103500155,16.363974050014804,763,256,197,59,,,False,
2026-05-12T12:00:59+00:00,43.51255947723985,16.373145869001746,111,2026-05-12T12:09:50.123787+00:00,823,1,2.029,627.092,121.74,193.487,1,Start,Finish,245,43.5109103500155,16.363974050014804,762,256,198,58,,,False,
2026-05-12T12:01:00+00:00,43.5125417355448,16.373140001669526,110,2026-05-12T12:09:50.123787+00:00,823,1,2.029,629.121,121.74,193.487,1,Start,Finish,245,43.5109103500155,16.363974050014804,761,256,197,59,,,False,
2026-05-12T12:01:01+00:00,43.512523993849754,16.373134134337306,109,2026-05-12T12:09:50.123787+00:00,823,1,2.029,631.15,121.74,193.487,1,Start,Finish,245,43.5109103500155,16.363974050014804,760,256,197,59,,,False,
2026-05-12T12:01:02+00:00,43.51250731386244,16.37312659062445,106,2026-05-12T12:09:50.123787+00:00,823,1,1.952,633.102,117.12,198.159,1,Start,Finish,245,43.5109103500155,16.363974050014804,759,256,197,59,,,False,
2026-05-12T12:01:03+00:00,43.512491220608354,16.373117663897574,106,2026-05-12T12:09:50.123787+00:00,823,1,1.929,635.031,115.74,201.914,1,Start,Finish,245,43.5109103500155,16.363974050014804,758,257,197,60,,,False,
2026-05-12T12:01:04+00:00,43.512475127354264,16.373108737170696,105,2026-05-12T12:09:50.123787+00:00,823,1,1.929,636.959,115.74,201.914,1,Start,Finish,245,43.5109103500155,16.363974050014804,757,257,197,60,,,False,
2026-05-12T12:01:05+00:00,43.51245878264308,16.373101947829127,106,2026-05-12T12:09:50.123787+00:00,823,1,1.898,638.857,113.88,196.765,1,Start,Finish,245,43.5109103500155,16.363974050014804,756,257,197,60,,,False,
2026-05-12T12:01:06+00:00,43.512442437931895,16.37309515848756,108,2026-05-12T12:09:50.123787+00:00,823,1,1.898,640.756,113.88,196.765,1,Start,Finish,245,43.5109103500155,16.363974050014804,755,257,198,59,,,False,
2026-05-12T12:01:07+00:00,43.5124250035733,16.373088788241148,112,2026-05-12T12:09:50.123787+00:00,823,1,2.006,642.761,120.36,194.841,1,Start,Finish,245,43.5109103500155,16.363974050014804,754,257,198,59,,,False,
2026-05-12T12:01:08+00:00,43.51240694057197,16.37308078352362,114,2026-05-12T12:09:50.123787+00:00,823,1,2.11,644.871,126.6,197.817,1,Start,Finish,245,43.5109103500155,16.363974050014804,753,257,198,59,,,False,
2026-05-12T12:01:09+00:00,43.51238887757063,16.37307277880609,116,2026-05-12T12:09:50.123787+00:00,823,1,2.11,646.981,126.6,197.817,1,Start,Finish,245,43.5109103500155,16.363974050014804,752,257,196,61,,,False,
2026-05-12T12:01:10+00:00,43.512371107935905,16.373065570369363,119,2026-05-12T12:09:50.123787+00:00,823,1,2.06,649.04,123.6,196.394,1,Start,Finish,245,43.5109103500155,16.363974050014804,751,258,198,60,,,False,
2026-05-12T12:01:11+00:00,43.51235413458198,16.3730585295707,120,2026-05-12T12:09:50.123787+00:00,823,1,1.971,651.011,118.26,196.743,1,Start,Finish,245,43.5109103500155,16.363974050014804,750,258,198,60,,,False,
2026-05-12T12:01:12+00:00,43.51233716122806,16.373051488772035,122,2026-05-12T12:09:50.123787+00:00,823,1,1.971,652.982,118.26,196.743,1,Start,Finish,245,43.5109103500155,16.363974050014804,749,258,200,58,,,False,
2026-05-12T12:01:13+00:00,43.51231985259801,16.373045118525624,124,2026-05-12T12:09:50.123787+00:00,823,1,1.992,654.974,119.52,194.945,1,Start,Finish,245,43.5109103500155,16.363974050014804,748,258,202,56,,,False,
2026-05-12T12:01:14+00:00,43.51230254396796,16.373038748279214,125,2026-05-12T12:09:50.123787+00:00,823,1,1.992,656.966,119.52,194.945,1,Start,Finish,245,43.5109103500155,16.363974050014804,747,258,203,55,,,False,
2026-05-12T12:01:15+00:00,43.51228696410544,16.373025159118697,124,2026-05-12T12:09:50.123787+00:00,823,1,2.05,659.016,123.0,212.316,1,Start,Finish,245,43.5109103500155,16.363974050014804,746,258,204,54,,,False,
2026-05-12T12:01:16+00:00,43.51227138424292,16.37301156995818,124,2026-05-12T12:09:50.123787+00:00,823,1,2.05,661.066,123.0,212.316,1,Start,Finish,245,43.5109103500155,16.363974050014804,744,258,207,51,,,False,
2026-05-12T12:01:17+00:00,43.5122558043804,16.372997980797663,123,2026-05-12T12:09:50.123787+00:00,823,1,2.05,663.116,123.0,212.316,1,Start,Finish,245,43.5109103500155,16.363974050014804,743,258,208,50,,,False,
2026-05-12T12:01:18+00:00,43.51224022451788,16.372984391637146,122,2026-05-12T12:09:50.123787+00:00,823,1,2.05,665.166,123.0,212.316,1,Start,Finish,245,43.5109103500155,16.363974050014804,742,258,210,48,,,False,
2026-05-12T12:01:19+00:00,43.51222464465536,16.37297080247663,122,2026-05-12T12:09:50.123787+00:00,823,1,2.05,667.215,123.0,212.316,1,Start,Finish,245,43.5109103500155,16.363974050014804,740,259,213,46,,,False,
2026-05-12T12:01:20+00:00,43.51220906479284,16.372957213316113,121,2026-05-12T12:09:50.123787+00:00,823,1,2.05,669.265,123.0,212.316,1,Start,Finish,245,43.5109103500155,16.363974050014804,739,259,213,46,,,False,
2026-05-12T12:01:21+00:00,43.51219348493032,16.372943624155596,121,2026-05-12T12:09:50.123787+00:00,823,1,2.05,671.315,123.0,212.316,1,Start,Finish,245,43.5109103500155,16.363974050014804,737,259,213,46,,,False,
2026-05-12T12:01:22+00:00,43.5121779050678,16.37293003499508,120,2026-05-12T12:09:50.123787+00:00,823,1,2.05,673.365,123.0,212.316,1,Start,Finish,245,43.5109103500155,16.363974050014804,736,259,213,46,,,False,
2026-05-12T12:01:23+00:00,43.512163907289505,16.37291536666453,117,2026-05-12T12:09:50.123787+00:00,823,1,1.955,675.32,117.3,217.234,1,Start,Finish,245,43.5109103500155,16.363974050014804,734,259,214,45,,,False,
2026-05-12T12:01:24+00:00,43.512150244787335,16.37290291953832,114,2026-05-12T12:09:50.123787+00:00,823,1,1.821,677.141,109.26,213.453,1,Start,Finish,245,43.5109103500155,16.363974050014804,733,259,215,44,,,False,
2026-05-12T12:01:25+00:00,43.512136582285166,16.37289047241211,110,2026-05-12T12:09:50.123787+00:00,823,1,1.821,678.962,109.26,213.453,1,Start,Finish,245,43.5109103500155,16.363974050014804,732,259,218,41,,,False,
2026-05-12T12:01:26+00:00,43.51212287787348,16.372877564281225,108,2026-05-12T12:09:50.123787+00:00,823,1,1.845,680.807,110.7,214.337,1,Start,Finish,245,43.5109103500155,16.363974050014804,731,259,223,36,,,False,
2026-05-12T12:01:27+00:00,43.512109173461795,16.37286465615034,106,2026-05-12T12:09:50.123787+00:00,823,1,1.845,682.653,110.7,214.337,1,Start,Finish,245,43.5109103500155,16.363974050014804,729,259,229,30,,,False,
2026-05-12T12:01:28+00:00,43.51209739688784,16.37285149656236,102,2026-05-12T12:09:50.123787+00:00,823,1,1.686,684.338,101.16,219.021,1,Start,Finish,245,43.5109103500155,16.363974050014804,728,260,236,24,,,False,
2026-05-12T12:01:29+00:00,43.51208562031388,16.372838336974382,99,2026-05-12T12:09:50.123787+00:00,823,1,1.686,686.024,101.16,219.021,1,Start,Finish,245,43.5109103500155,16.363974050014804,727,260,244,16,,,False,
2026-05-12T12:01:30+00:00,43.512078411877155,16.372823920100927,98,2026-05-12T12:09:50.123787+00:00,823,1,1.412,687.436,84.72,235.416,1,Start,Finish,245,43.5109103500155,16.363974050014804,725,260,253,7,,,False,
2026-05-12T12:01:31+00:00,43.51207120344043,16.372809503227472,98,2026-05-12T12:09:50.123787+00:00,823,1,1.412,688.848,84.72,235.416,1,Start,Finish,245,43.5109103500155,16.363974050014804,724,260,259,1,,,False,
2026-05-12T12:01:32+00:00,43.51207308936864,16.372797559015453,98,2026-05-12T12:09:50.123787+00:00,823,1,0.986,689.834,59.16,282.283,1,Start,Finish,245,43.5109103500155,16.363974050014804,723,260,263,3,,,False,
2026-05-12T12:01:33+00:00,43.512074975296855,16.372785614803433,99,2026-05-12T12:09:50.123787+00:00,823,1,0.986,690.82,59.16,282.283,1,Start,Finish,245,43.5109103500155,16.363974050014804,722,260,269,9,,,False,
2026-05-12T12:01:34+00:00,43.512087911367416,16.372769186273217,99,2026-05-12T12:09:50.123787+00:00,823,1,1.956,692.775,117.36,317.354,1,Start,Finish,245,43.5109103500155,16.363974050014804,721,260,279,19,,,False,
2026-05-12T12:01:35+00:00,43.51210084743798,16.372752757743,99,2026-05-12T12:09:50.123787+00:00,823,1,1.956,694.731,117.36,317.354,1,Start,Finish,245,43.5109103500155,16.363974050014804,720,259,289,30,,,False,
2026-05-12T12:01:36+00:00,43.51211378350854,16.372736329212785,99,2026-05-12T12:09:50.123787+00:00,823,1,1.956,696.686,117.36,317.354,1,Start,Finish,245,43.5109103500155,16.363974050014804,719,259,296,37,,,False,
2026-05-12T12:01:37+00:00,43.51212509907782,16.372720235958695,104,2026-05-12T12:09:50.123787+00:00,823,1,1.808,698.494,108.48,314.113,1,Start,Finish,245,43.5109103500155,16.363974050014804,718,259,303,44,,,False,
2026-05-12T12:01:38+00:00,43.51214085705578,16.37269894592464,109,2026-05-12T12:09:50.123787+00:00,823,1,2.453,700.947,147.18,315.584,1,Start,Finish,245,43.5109103500155,16.363974050014804,717,259,314,55,,,False,
2026-05-12T12:01:39+00:00,43.51215644739568,16.37267606332898,113,2026-05-12T12:09:50.123787+00:00,823,1,2.532,703.479,151.92,313.212,1,Start,Finish,245,43.5109103500155,16.363974050014804,715,259,312,53,,,False,
2026-05-12T12:01:40+00:00,43.51216960698366,16.37265452183783,119,2026-05-12T12:09:50.123787+00:00,823,1,2.271,705.75,136.26,310.109,1,Start,Finish,245,43.5109103500155,16.363974050014804,714,259,311,52,,,False,
2026-05-12T12:01:41+00:00,43.51218184456229,16.372633147984743,122,2026-05-12T12:09:50.123787+00:00,823,1,2.196,707.946,131.76,308.29,1,Start,Finish,245,43.5109103500155,16.363974050014804,712,259,310,51,,,False,
2026-05-12T12:01:42+00:00,43.51219391450286,16.3726129475981,125,2026-05-12T12:09:50.123787+00:00,823,1,2.111,710.057,126.66,309.485,1,Start,Finish,245,43.5109103500155,16.363974050014804,711,258,309,51,,,False,
2026-05-12T12:01:43+00:00,43.51220556534827,16.37259098701179,131,2026-05-12T12:09:50.123787+00:00,823,1,2.194,712.251,131.64,306.187,1,Start,Finish,245,43.5109103500155,16.363974050014804,710,258,309,51,,,False,
2026-05-12T12:01:44+00:00,43.51221654564142,16.37257003225386,134,2026-05-12T12:09:50.123787+00:00,823,1,2.085,714.336,125.1,305.849,1,Start,Finish,245,43.5109103500155,16.363974050014804,708,258,309,51,,,False,
2026-05-12T12:01:45+00:00,43.512227945029736,16.372549538500607,132,2026-05-12T12:09:50.123787+00:00,823,1,2.083,716.419,124.98,307.488,1,Start,Finish,245,43.5109103500155,16.363974050014804,707,258,309,51,,,False,
2026-05-12T12:01:46+00:00,43.51223934441805,16.372529044747353,131,2026-05-12T12:09:50.123787+00:00,823,1,2.083,718.501,124.98,307.488,1,Start,Finish,245,43.5109103500155,16.363974050014804,706,258,309,51,,,False,
2026-05-12T12:01:47+00:00,43.5122509393841,16.372510604560375,130,2026-05-12T12:09:50.123787+00:00,823,1,1.968,720.47,118.08,310.926,1,Start,Finish,245,43.5109103500155,16.363974050014804,704,258,310,52,,,False,
2026-05-12T12:01:48+00:00,43.51226253435016,16.372492164373398,129,2026-05-12T12:09:50.123787+00:00,823,1,1.968,722.438,118.08,310.926,1,Start,Finish,245,43.5109103500155,16.363974050014804,703,258,311,53,,,False,
2026-05-12T12:01:49+00:00,43.51227412931621,16.37247372418642,128,2026-05-12T12:09:50.123787+00:00,823,1,1.968,724.406,118.08,310.926,1,Start,Finish,245,43.5109103500155,16.363974050014804,702,258,311,53,,,False,
2026-05-12T12:01:50+00:00,43.51228422950953,16.37245813384652,126,2026-05-12T12:09:50.123787+00:00,823,1,1.686,726.092,101.16,311.775,1,Start,Finish,245,43.5109103500155,16.363974050014804,701,257,310,53,,,False,
2026-05-12T12:01:51+00:00,43.512294329702854,16.372442543506622,124,2026-05-12T12:09:50.123787+00:00,823,1,1.686,727.777,101.16,311.775,1,Start,Finish,245,43.5109103500155,16.363974050014804,700,257,310,53,,,False,
2026-05-12T12:01:52+00:00,43.512305058538914,16.37242800090462,124,2026-05-12T12:09:50.123787+00:00,823,1,1.673,729.45,100.38,315.491,1,Start,Finish,245,43.5109103500155,16.363974050014804,699,257,310,53,,,False,
2026-05-12T12:01:53+00:00,43.51231578737497,16.372413458302617,125,2026-05-12T12:09:50.123787+00:00,823,1,1.673,731.123,100.38,315.491,1,Start,Finish,245,43.5109103500155,16.363974050014804,698,257,310,53,,,False,
2026-05-12T12:01:54+00:00,43.512325175106525,16.3723954455927,125,2026-05-12T12:09:50.123787+00:00,823,1,1.789,732.912,107.34,305.702,1,Start,Finish,245,43.5109103500155,16.363974050014804,697,257,309,52,,,False,
2026-05-12T12:01:55+00:00,43.51233456283808,16.372377432882786,125,2026-05-12T12:09:50.123787+00:00,823,1,1.789,734.701,107.34,305.702,1,Start,Finish,245,43.5109103500155,16.363974050014804,696,257,309,52,,,False,
2026-05-12T12:01:56+00:00,43.51234395056963,16.37235942017287,125,2026-05-12T12:09:50.123787+00:00,823,1,1.789,736.489,107.34,305.702,1,Start,Finish,245,43.5109103500155,16.363974050014804,695,257,308,51,,,False,
2026-05-12T12:01:57+00:00,43.51235333830118,16.372341407462955,125,2026-05-12T12:09:50.123787+00:00,823,1,1.789,738.278,107.34,305.702,1,Start,Finish,245,43.5109103500155,16.363974050014804,694,257,307,50,,,False,
2026-05-12T12:01:58+00:00,43.512362726032734,16.37232339475304,125,2026-05-12T12:09:50.123787+00:00,823,1,1.789,740.067,107.34,305.702,1,Start,Finish,245,43.5109103500155,16.363974050014804,692,257,307,50,,,False,
2026-05-12T12:01:59+00:00,43.512372113764286,16.372305382043123,125,2026-05-12T12:09:50.123787+00:00,823,1,1.789,741.856,107.34,305.702,1,Start,Finish,245,43.5109103500155,16.363974050014804,691,256,305,49,,,False,
2026-05-12T12:02:00+00:00,43.51238150149584,16.372287369333208,125,2026-05-12T12:09:50.123787+00:00,823,1,1.789,743.644,107.34,305.702,1,Start,Finish,245,43.5109103500155,16.363974050014804,690,256,305,49,,,False,
2026-05-12T12:02:01+00:00,43.51239088922739,16.372269356623292,125,2026-05-12T12:09:50.123787+00:00,823,1,1.789,745.433,107.34,305.702,1,Start,Finish,245,43.5109103500155,16.363974050014804,689,256,304,48,,,False,
2026-05-12T12:02:02+00:00,43.51240027695894,16.372251343913376,125,2026-05-12T12:09:50.123787+00:00,823,1,1.789,747.222,107.34,305.702,1,Start,Finish,245,43.5109103500155,16.363974050014804,688,256,304,48,,,False,
2026-05-12T12:02:03+00:00,43.512409664690495,16.37223333120346,125,2026-05-12T12:09:50.123787+00:00,823,1,1.789,749.011,107.34,305.702,1,Start,Finish,245,43.5109103500155,16.363974050014804,687,256,304,48,,,False,
2026-05-12T12:02:04+00:00,43.51241800468415,16.372215100564063,127,2026-05-12T12:09:50.123787+00:00,823,1,1.738,750.749,104.28,302.244,1,Start,Finish,245,43.5109103500155,16.363974050014804,685,256,304,48,,,False,
2026-05-12T12:02:05+00:00,43.512426344677806,16.372196869924664,129,2026-05-12T12:09:50.123787+00:00,823,1,1.738,752.487,104.28,302.244,1,Start,Finish,245,43.5109103500155,16.363974050014804,684,256,304,48,,,False,
2026-05-12T12:02:06+00:00,43.512434139847755,16.37217759154737,128,2026-05-12T12:09:50.123787+00:00,823,1,1.78,754.267,106.8,299.142,1,Start,Finish,245,43.5109103500155,16.363974050014804,683,256,304,48,,,False,
2026-05-12T12:02:07+00:00,43.512441935017705,16.372158313170075,126,2026-05-12T12:09:50.123787+00:00,823,1,1.78,756.047,106.8,299.142,1,Start,Finish,245,43.5109103500155,16.363974050014804,682,256,303,47,,,False,
2026-05-12T12:02:08+00:00,43.51245069410652,16.37214138172567,123,2026-05-12T12:09:50.123787+00:00,823,1,1.677,757.724,100.62,305.502,1,Start,Finish,245,43.5109103500155,16.363974050014804,681,255,303,48,,,False,
2026-05-12T12:02:09+00:00,43.51245945319533,16.372124450281262,120,2026-05-12T12:09:50.123787+00:00,823,1,1.677,759.401,100.62,305.502,1,Start,Finish,245,43.5109103500155,16.363974050014804,679,255,303,48,,,False,
2026-05-12T12:02:10+00:00,43.512468338012695,16.372108608484268,117,2026-05-12T12:09:50.123787+00:00,823,1,1.615,761.016,96.9,307.716,1,Start,Finish,245,43.5109103500155,16.363974050014804,678,255,303,48,,,False,
2026-05-12T12:02:11+00:00,43.51247697137296,16.372089539654553,116,2026-05-12T12:09:50.123787+00:00,823,1,1.813,762.829,108.78,301.976,1,Start,Finish,245,43.5109103500155,16.363974050014804,677,255,303,48,,,False,
2026-05-12T12:02:12+00:00,43.51248560473323,16.372070470824838,114,2026-05-12T12:09:50.123787+00:00,823,1,1.813,764.642,108.78,301.976,1,Start,Finish,245,43.5109103500155,16.363974050014804,676,255,303,48,,,False,
2026-05-12T12:02:13+00:00,43.51249472424388,16.372050287202,115,2026-05-12T12:09:50.123787+00:00,823,1,1.918,766.56,115.08,301.924,1,Start,Finish,245,43.5109103500155,16.363974050014804,675,255,303,48,,,False,
2026-05-12T12:02:14+00:00,43.51250384375453,16.372030103579164,115,2026-05-12T12:09:50.123787+00:00,823,1,1.918,768.477,115.08,301.924,1,Start,Finish,245,43.5109103500155,16.363974050014804,673,255,303,48,,,False,
2026-05-12T12:02:15+00:00,43.51251296326518,16.372009919956326,116,2026-05-12T12:09:50.123787+00:00,823,1,1.918,770.395,115.08,301.924,1,Start,Finish,245,43.5109103500155,16.363974050014804,672,255,303,48,,,False,
2026-05-12T12:02:16+00:00,43.51252208277583,16.37198973633349,116,2026-05-12T12:09:50.123787+00:00,823,1,1.918,772.313,115.08,301.924,1,Start,Finish,245,43.5109103500155,16.363974050014804,671,255,303,48,,,False,
2026-05-12T12:02:17+00:00,43.51253120228648,16.371969552710652,117,2026-05-12T12:09:50.123787+00:00,823,1,1.918,774.23,115.08,301.924,1,Start,Finish,245,43.5109103500155,16.363974050014804,669,254,303,49,,,False,
2026-05-12T12:02:18+00:00,43.512538662180305,16.371954423375428,118,2026-05-12T12:09:50.123787+00:00,823,1,1.475,775.706,88.5,304.212,1,Start,Finish,245,43.5109103500155,16.363974050014804,669,254,303,49,,,False,
2026-05-12T12:02:19+00:00,43.51254612207413,16.371939294040203,119,2026-05-12T12:09:50.123787+00:00,823,1,1.475,777.181,88.5,304.212,1,Start,Finish,245,43.5109103500155,16.363974050014804,668,254,302,48,,,False,
2026-05-12T12:02:20+00:00,43.51255421061069,16.371922760736197,118,2026-05-12T12:09:50.123787+00:00,823,1,1.608,778.789,96.48,304.003,1,Start,Finish,245,43.5109103500155,16.363974050014804,667,254,302,48,,,False,
2026-05-12T12:02:21+00:00,43.51256229914725,16.37190622743219,116,2026-05-12T12:09:50.123787+00:00,823,1,1.608,780.397,96.48,304.003,1,Start,Finish,245,43.5109103500155,16.363974050014804,666,254,302,48,,,False,
2026-05-12T12:02:22+00:00,43.51257038768381,16.371889694128186,115,2026-05-12T12:09:50.123787+00:00,823,1,1.608,782.006,96.48,304.003,1,Start,Finish,245,43.5109103500155,16.363974050014804,664,254,301,47,,,False,
2026-05-12T12:02:23+00:00,43.51257847622037,16.37187316082418,114,2026-05-12T12:09:50.123787+00:00,823,1,1.608,783.614,96.48,304.003,1,Start,Finish,245,43.5109103500155,16.363974050014804,663,254,301,47,,,False,
2026-05-12T12:02:24+00:00,43.512584888376296,16.3718557683751,112,2026-05-12T12:09:50.123787+00:00,823,1,1.573,785.187,94.38,296.947,1,Start,Finish,245,43.5109103500155,16.363974050014804,662,254,301,47,,,False,
2026-05-12T12:02:25+00:00,43.51259130053222,16.371838375926018,111,2026-05-12T12:09:50.123787+00:00,823,1,1.573,786.761,94.38,296.947,1,Start,Finish,245,43.5109103500155,16.363974050014804,661,254,300,46,,,False,
2026-05-12T12:02:26+00:00,43.51259959861636,16.371815870516002,113,2026-05-12T12:09:50.123787+00:00,823,1,2.036,788.797,122.16,296.95,1,Start,Finish,245,43.5109103500155,16.363974050014804,660,253,299,46,,,False,
2026-05-12T12:02:27+00:00,43.5126078967005,16.371793365105987,115,2026-05-12T12:09:50.123787+00:00,823,1,2.036,790.833,122.16,296.95,1,Start,Finish,245,43.5109103500155,16.363974050014804,658,253,299,46,,,False,
2026-05-12T12:02:28+00:00,43.51261669769883,16.371774757280946,116,2026-05-12T12:09:50.123787+00:00,823,1,1.791,792.624,107.46,303.111,1,Start,Finish,245,43.5109103500155,16.363974050014804,657,253,298,45,,,False,
2026-05-12T12:02:29+00:00,43.51262393407523,16.371754528954625,117,2026-05-12T12:09:50.123787+00:00,823,1,1.819,794.443,109.14,296.256,1,Start,Finish,245,43.5109103500155,16.363974050014804,656,253,297,44,,,False,
2026-05-12T12:02:30+00:00,43.51263117045164,16.371734300628304,119,2026-05-12T12:09:50.123787+00:00,823,1,1.819,796.262,109.14,296.256,1,Start,Finish,245,43.5109103500155,16.363974050014804,654,253,298,45,,,False,
2026-05-12T12:02:31+00:00,43.512638406828046,16.371714072301984,120,2026-05-12T12:09:50.123787+00:00,823,1,1.819,798.081,109.14,296.256,1,Start,Finish,245,43.5109103500155,16.363974050014804,653,253,298,45,,,False,
2026-05-12T12:02:32+00:00,43.512648339383304,16.37168678920716,122,2026-05-12T12:09:50.123787+00:00,823,1,2.462,800.543,147.72,296.656,1,Start,Finish,245,43.5109103500155,16.363974050014804,651,253,293,40,,,False,
2026-05-12T12:02:33+00:00,43.51265827193856,16.371659506112337,124,2026-05-12T12:09:50.123787+00:00,823,1,2.462,803.004,147.72,296.656,1,Start,Finish,245,43.5109103500155,16.363974050014804,650,253,288,35,,,False,
2026-05-12T12:02:34+00:00,43.512667953036726,16.37163691688329,126,2026-05-12T12:09:50.123787+00:00,823,1,2.116,805.12,126.96,300.581,1,Start,Finish,245,43.5109103500155,16.363974050014804,648,252,280,28,,,False,
2026-05-12T12:02:35+00:00,43.51267763413489,16.371614327654243,127,2026-05-12T12:09:50.123787+00:00,823,1,2.116,807.236,126.96,300.581,1,Start,Finish,245,43.5109103500155,16.363974050014804,647,252,273,21,,,False,
2026-05-12T12:02:36+00:00,43.51267771795392,16.371598687022924,127,2026-05-12T12:09:50.123787+00:00,823,1,1.261,808.497,75.66,270.423,1,Start,Finish,245,43.5109103500155,16.363974050014804,646,252,271,19,,,False,
2026-05-12T12:02:37+00:00,43.51267780177295,16.371583046391606,127,2026-05-12T12:09:50.123787+00:00,823,1,1.261,809.759,75.66,270.423,1,Start,Finish,245,43.5109103500155,16.363974050014804,644,252,265,13,,,False,
2026-05-12T12:02:38+00:00,43.512677885591984,16.37156740576029,127,2026-05-12T12:09:50.123787+00:00,823,1,1.261,811.02,75.66,270.423,1,Start,Finish,245,43.5109103500155,16.363974050014804,643,252,256,4,,,False,
2026-05-12T12:02:39+00:00,43.512677969411016,16.37155176512897,127,2026-05-12T12:09:50.123787+00:00,823,1,1.261,812.281,75.66,270.423,1,Start,Finish,245,43.5109103500155,16.363974050014804,642,252,256,4,,,False,
2026-05-12T12:02:40+00:00,43.51267805323005,16.371536124497652,127,2026-05-12T12:09:50.123787+00:00,823,1,1.261,813.543,75.66,270.423,1,Start,Finish,245,43.5109103500155,16.363974050014804,641,252,247,5,,,False,
2026-05-12T12:02:41+00:00,43.51266715675592,16.371529335156083,128,2026-05-12T12:09:50.123787+00:00,823,1,1.33,814.872,79.8,204.317,1,Start,Finish,245,43.5109103500155,16.363974050014804,640,252,247,5,,,False,
2026-05-12T12:02:42+00:00,43.51265169214457,16.37151944451034,130,2026-05-12T12:09:50.123787+00:00,823,1,1.896,816.768,113.76,204.883,1,Start,Finish,245,43.5109103500155,16.363974050014804,639,252,237,15,,,False,
2026-05-12T12:02:43+00:00,43.51263622753322,16.3715095538646,131,2026-05-12T12:09:50.123787+00:00,823,1,1.896,818.663,113.76,204.883,1,Start,Finish,245,43.5109103500155,16.363974050014804,637,252,225,27,,,False,
2026-05-12T12:02:44+00:00,43.51261682342738,16.371503518894315,132,2026-05-12T12:09:50.123787+00:00,823,1,2.212,820.875,132.72,192.711,1,Start,Finish,245,43.5109103500155,16.363974050014804,636,253,218,35,,,False,
2026-05-12T12:02:45+00:00,43.51259741932154,16.37149748392403,133,2026-05-12T12:09:50.123787+00:00,823,1,2.212,823.087,132.72,192.711,1,Start,Finish,245,43.5109103500155,16.363974050014804,635,253,206,47,,,False,
2026-05-12T12:02:46+00:00,43.512578224763274,16.371487216092646,134,2026-05-12T12:09:50.123787+00:00,823,1,2.289,825.376,137.34,201.204,1,Start,Finish,245,43.5109103500155,16.363974050014804,634,253,200,53,,,False,
2026-05-12T12:02:47+00:00,43.51255903020501,16.37147694826126,136,2026-05-12T12:09:50.123787+00:00,823,1,2.289,827.666,137.34,201.204,1,Start,Finish,245,43.5109103500155,16.363974050014804,632,253,200,53,,,False,
2026-05-12T12:02:48+00:00,43.512539570219815,16.371466191485524,136,2026-05-12T12:09:50.123787+00:00,823,1,2.331,829.997,139.86,201.845,1,Start,Finish,245,43.5109103500155,16.363974050014804,631,253,200,53,,,False,
2026-05-12T12:02:49+00:00,43.51252011023462,16.371455434709787,136,2026-05-12T12:09:50.123787+00:00,823,1,2.331,832.328,139.86,201.845,1,Start,Finish,245,43.5109103500155,16.363974050014804,629,253,201,52,,,False,
2026-05-12T12:02:50+00:00,43.51250065024942,16.37144467793405,136,2026-05-12T12:09:50.123787+00:00,823,1,2.331,834.659,139.86,201.845,1,Start,Finish,245,43.5109103500155,16.363974050014804,628,254,203,51,,,False,
2026-05-12T12:02:51+00:00,43.512481190264225,16.371433921158314,135,2026-05-12T12:09:50.123787+00:00,823,1,2.331,836.991,139.86,201.845,1,Start,Finish,245,43.5109103500155,16.363974050014804,626,254,204,50,,,False,
2026-05-12T12:02:52+00:00,43.51246173027903,16.371423164382577,135,2026-05-12T12:09:50.123787+00:00,823,1,2.331,839.322,139.86,201.845,1,Start,Finish,245,43.5109103500155,16.363974050014804,625,254,204,50,,,False,
2026-05-12T12:02:53+00:00,43.51244227029383,16.37141240760684,135,2026-05-12T12:09:50.123787+00:00,823,1,2.331,841.653,139.86,201.845,1,Start,Finish,245,43.5109103500155,16.363974050014804,624,254,205,49,,,False,
2026-05-12T12:02:54+00:00,43.51242499309592,16.37139883940108,135,2026-05-12T12:09:50.123787+00:00,823,1,2.211,843.864,132.66,209.663,1,Start,Finish,245,43.5109103500155,16.363974050014804,622,254,206,48,,,False,
2026-05-12T12:02:55+00:00,43.51240771589801,16.371385271195322,134,2026-05-12T12:09:50.123787+00:00,823,1,2.211,846.075,132.66,209.663,1,Start,Finish,245,43.5109103500155,16.363974050014804,620,254,207,47,,,False,
2026-05-12T12:02:56+00:00,43.512390438700095,16.371371702989563,134,2026-05-12T12:09:50.123787+00:00,823,1,2.211,848.286,132.66,209.663,1,Start,Finish,245,43.5109103500155,16.363974050014804,619,255,208,47,,,False,
2026-05-12T12:02:57+00:00,43.51237316150218,16.371358134783804,134,2026-05-12T12:09:50.123787+00:00,823,1,2.211,850.497,132.66,209.663,1,Start,Finish,245,43.5109103500155,16.363974050014804,617,255,209,46,,,False,
2026-05-12T12:02:58+00:00,43.51235588430427,16.371344566578045,133,2026-05-12T12:09:50.123787+00:00,823,1,2.211,852.708,132.66,209.663,1,Start,Finish,245,43.5109103500155,16.363974050014804,616,255,208,47,,,False,
2026-05-12T12:02:59+00:00,43.51233860710636,16.371330998372287,133,2026-05-12T12:09:50.123787+00:00,823,1,2.211,854.918,132.66,209.663,1,Start,Finish,245,43.5109103500155,16.363974050014804,614,255,207,48,,,False,
2026-05-12T12:03:00+00:00,43.512321329908445,16.371317430166528,132,2026-05-12T12:09:50.123787+00:00,823,1,2.211,857.129,132.66,209.663,1,Start,Finish,245,43.5109103500155,16.363974050014804,613,255,206,49,,,False,
2026-05-12T12:03:01+00:00,43.51230405271053,16.37130386196077,132,2026-05-12T12:09:50.123787+00:00,823,1,2.211,859.34,132.66,209.663,1,Start,Finish,245,43.5109103500155,16.363974050014804,611,255,205,50,,,False,
2026-05-12T12:03:02+00:00,43.51228418760002,16.37129543814808,132,2026-05-12T12:09:50.123787+00:00,823,1,2.311,861.651,138.66,197.094,1,Start,Finish,245,43.5109103500155,16.363974050014804,610,255,204,51,,,False,
2026-05-12T12:03:03+00:00,43.5122643224895,16.371287014335394,131,2026-05-12T12:09:50.123787+00:00,823,1,2.311,863.962,138.66,197.094,1,Start,Finish,245,43.5109103500155,16.363974050014804,609,256,204,52,,,False,
2026-05-12T12:03:04+00:00,43.512243853881955,16.371275397017598,132,2026-05-12T12:09:50.123787+00:00,823,1,2.461,866.423,147.66,202.373,1,Start,Finish,245,43.5109103500155,16.363974050014804,607,256,203,53,,,False,
2026-05-12T12:03:05+00:00,43.51222338527441,16.371263779699802,132,2026-05-12T12:09:50.123787+00:00,823,1,2.461,868.885,147.66,202.373,1,Start,Finish,245,43.5109103500155,16.363974050014804,606,256,203,53,,,False,
2026-05-12T12:03:06+00:00,43.512202916666865,16.371252162382007,133,2026-05-12T12:09:50.123787+00:00,823,1,2.461,871.346,147.66,202.373,1,Start,Finish,245,43.5109103500155,16.363974050014804,604,256,202,54,,,False,
2026-05-12T12:03:07+00:00,43.51218244805932,16.37124054506421,133,2026-05-12T12:09:50.123787+00:00,823,1,2.461,873.807,147.66,202.373,1,Start,Finish,245,43.5109103500155,16.363974050014804,603,256,203,53,,,False,
2026-05-12T12:03:08+00:00,43.512161979451776,16.371228927746415,134,2026-05-12T12:09:50.123787+00:00,823,1,2.461,876.269,147.66,202.373,1,Start,Finish,245,43.5109103500155,16.363974050014804,601,257,203,54,,,False,
2026-05-12T12:03:09+00:00,43.51214219816029,16.371214678511024,132,2026-05-12T12:09:50.123787+00:00,823,1,2.482,878.75,148.92,207.583,1,Start,Finish,245,43.5109103500155,16.363974050014804,600,257,203,54,,,False,
2026-05-12T12:03:10+00:00,43.512122416868806,16.371200429275632,131,2026-05-12T12:09:50.123787+00:00,823,1,2.482,881.232,148.92,207.583,1,Start,Finish,245,43.5109103500155,16.363974050014804,598,257,203,54,,,False,
2026-05-12T12:03:11+00:00,43.51210374617949,16.371190056670457,132,2026-05-12T12:09:50.123787+00:00,823,1,2.238,883.47,134.28,201.945,1,Start,Finish,245,43.5109103500155,16.363974050014804,597,257,203,54,,,False,
2026-05-12T12:03:12+00:00,43.51208507549018,16.371179684065282,132,2026-05-12T12:09:50.123787+00:00,823,1,2.238,885.708,134.28,201.945,1,Start,Finish,245,43.5109103500155,16.363974050014804,596,257,203,54,,,False,
2026-05-12T12:03:13+00:00,43.51206640480086,16.371169311460108,133,2026-05-12T12:09:50.123787+00:00,823,1,2.238,887.947,134.28,201.945,1,Start,Finish,245,43.5109103500155,16.363974050014804,594,258,203,55,,,False,
2026-05-12T12:03:14+00:00,43.51204773411155,16.371158938854933,134,2026-05-12T12:09:50.123787+00:00,823,1,2.238,890.185,134.28,201.945,1,Start,Finish,245,43.5109103500155,16.363974050014804,593,258,203,55,,,False,
2026-05-12T12:03:15+00:00,43.51202866528183,16.371148159727454,134,2026-05-12T12:09:50.123787+00:00,823,1,2.292,892.476,137.52,202.291,1,Start,Finish,245,43.5109103500155,16.363974050014804,592,258,202,56,,,False,
2026-05-12T12:03:16+00:00,43.51200959645212,16.371137380599976,135,2026-05-12T12:09:50.123787+00:00,823,1,2.292,894.768,137.52,202.291,1,Start,Finish,245,43.5109103500155,16.363974050014804,590,258,202,56,,,False,
2026-05-12T12:03:17+00:00,43.5119905276224,16.371126601472497,135,2026-05-12T12:09:50.123787+00:00,823,1,2.292,897.06,137.52,202.291,1,Start,Finish,245,43.5109103500155,16.363974050014804,589,258,202,56,,,False,
2026-05-12T12:03:18+00:00,43.51197145879269,16.37111582234502,135,2026-05-12T12:09:50.123787+00:00,823,1,2.292,899.351,137.52,202.291,1,Start,Finish,245,43.5109103500155,16.363974050014804,588,258,202,56,,,False,
2026-05-12T12:03:19+00:00,43.51195238996297,16.37110504321754,136,2026-05-12T12:09:50.123787+00:00,823,1,2.292,901.643,137.52,202.291,1,Start,Finish,245,43.5109103500155,16.363974050014804,587,259,202,57,,,False,
2026-05-12T12:03:20+00:00,43.511933321133256,16.37109426409006,136,2026-05-12T12:09:50.123787+00:00,823,1,2.292,903.935,137.52,202.291,1,Start,Finish,245,43.5109103500155,16.363974050014804,585,259,202,57,,,False,
2026-05-12T12:03:21+00:00,43.51191425230354,16.371083484962583,136,2026-05-12T12:09:50.123787+00:00,823,1,2.292,906.226,137.52,202.291,1,Start,Finish,245,43.5109103500155,16.363974050014804,584,259,202,57,,,False,
2026-05-12T12:03:22+00:00,43.511895183473825,16.371072705835104,136,2026-05-12T12:09:50.123787+00:00,823,1,2.292,908.518,137.52,202.291,1,Start,Finish,245,43.5109103500155,16.363974050014804,583,259,202,57,,,False,
2026-05-12T12:03:23+00:00,43.51187611464411,16.371061926707625,137,2026-05-12T12:09:50.123787+00:00,823,1,2.292,910.809,137.52,202.291,1,Start,Finish,245,43.5109103500155,16.363974050014804,582,259,201,58,,,False,
2026-05-12T12:03:24+00:00,43.511857045814395,16.371051147580147,137,2026-05-12T12:09:50.123787+00:00,823,1,2.292,913.101,137.52,202.291,1,Start,Finish,245,43.5109103500155,16.363974050014804,580,260,201,59,,,False,
2026-05-12T12:03:25+00:00,43.51183764170855,16.37104201130569,136,2026-05-12T12:09:50.123787+00:00,823,1,2.28,915.381,136.8,198.853,1,Start,Finish,245,43.5109103500155,16.363974050014804,579,260,200,60,,,False,
2026-05-12T12:03:26+00:00,43.51181823760271,16.371032875031233,136,2026-05-12T12:09:50.123787+00:00,823,1,2.28,917.661,136.8,198.854,1,Start,Finish,245,43.5109103500155,16.363974050014804,578,260,200,60,,,False,
2026-05-12T12:03:27+00:00,43.51179794408381,16.371023459360003,136,2026-05-12T12:09:50.123787+00:00,823,1,2.381,920.042,142.86,198.598,1,Start,Finish,245,43.5109103500155,16.363974050014804,577,260,199,61,,,False,
2026-05-12T12:03:28+00:00,43.51177765056491,16.371014043688774,137,2026-05-12T12:09:50.123787+00:00,823,1,2.381,922.423,142.86,198.598,1,Start,Finish,245,43.5109103500155,16.363974050014804,576,260,199,61,,,False,
2026-05-12T12:03:29+00:00,43.51175735704601,16.371004628017545,137,2026-05-12T12:09:50.123787+00:00,823,1,2.381,924.804,142.86,198.598,1,Start,Finish,245,43.5109103500155,16.363974050014804,575,261,199,62,,,False,
2026-05-12T12:03:30+00:00,43.51173706352711,16.370995212346315,137,2026-05-12T12:09:50.123787+00:00,823,1,2.381,927.184,142.86,198.598,1,Start,Finish,245,43.5109103500155,16.363974050014804,574,261,199,62,,,False,
2026-05-12T12:03:31+00:00,43.511716770008206,16.370985796675086,138,2026-05-12T12:09:50.123787+00:00,823,1,2.381,929.565,142.86,198.598,1,Start,Finish,245,43.5109103500155,16.363974050014804,573,261,199,62,,,False,
2026-05-12T12:03:32+00:00,43.511696476489305,16.370976381003857,138,2026-05-12T12:09:50.123787+00:00,823,1,2.381,931.946,142.86,198.598,1,Start,Finish,245,43.5109103500155,16.363974050014804,571,261,199,62,,,False,
2026-05-12T12:03:33+00:00,43.511676182970405,16.370966965332627,138,2026-05-12T12:09:50.123787+00:00,823,1,2.381,934.327,142.86,198.598,1,Start,Finish,245,43.5109103500155,16.363974050014804,570,261,207,54,,,False,
2026-05-12T12:03:34+00:00,43.511655889451504,16.370957549661398,139,2026-05-12T12:09:50.123787+00:00,823,1,2.381,936.708,142.86,198.598,1,Start,Finish,245,43.5109103500155,16.363974050014804,569,262,211,51,,,False,
2026-05-12T12:03:35+00:00,43.5116355959326,16.37094813399017,139,2026-05-12T12:09:50.123787+00:00,823,1,2.381,939.089,142.86,198.598,1,Start,Finish,245,43.5109103500155,16.363974050014804,568,262,217,45,,,False,
2026-05-12T12:03:36+00:00,43.51161749102175,16.37093841098249,141,2026-05-12T12:09:50.123787+00:00,823,1,2.16,941.249,129.6,201.28,1,Start,Finish,245,43.5109103500155,16.363974050014804,567,262,224,38,,,False,
2026-05-12T12:03:37+00:00,43.51161045022309,16.370922602713108,142,2026-05-12T12:09:50.123787+00:00,823,1,1.496,942.745,89.76,238.445,1,Start,Finish,245,43.5109103500155,16.363974050014804,566,262,227,35,,,False,
2026-05-12T12:03:38+00:00,43.511603409424424,16.370906794443727,143,2026-05-12T12:09:50.123787+00:00,823,1,1.496,944.241,89.76,238.445,1,Start,Finish,245,43.5109103500155,16.363974050014804,564,262,233,29,,,False,
2026-05-12T12:03:39+00:00,43.51159636862576,16.370890986174345,143,2026-05-12T12:09:50.123787+00:00,823,1,1.496,945.737,89.76,238.445,1,Start,Finish,245,43.5109103500155,16.363974050014804,563,262,242,20,,,False,
2026-05-12T12:03:40+00:00,43.511589327827096,16.370875177904963,144,2026-05-12T12:09:50.123787+00:00,823,1,1.496,947.233,89.76,238.445,1,Start,Finish,245,43.5109103500155,16.363974050014804,562,262,247,15,,,False,
2026-05-12T12:03:41+00:00,43.51158228702843,16.370859369635582,145,2026-05-12T12:09:50.123787+00:00,823,1,1.496,948.729,89.76,238.445,1,Start,Finish,245,43.5109103500155,16.363974050014804,560,262,252,10,,,False,
2026-05-12T12:03:42+00:00,43.51158946752548,16.370835369452834,146,2026-05-12T12:09:50.123787+00:00,823,1,2.094,950.823,125.64,292.418,1,Start,Finish,245,43.5109103500155,16.363974050014804,558,262,261,1,,,False,
2026-05-12T12:03:43+00:00,43.51159664802253,16.370811369270086,147,2026-05-12T12:09:50.123787+00:00,823,1,2.094,952.917,125.64,292.418,1,Start,Finish,245,43.5109103500155,16.363974050014804,557,262,274,12,,,False,
2026-05-12T12:03:44+00:00,43.51160382851958,16.37078736908734,148,2026-05-12T12:09:50.123787+00:00,823,1,2.094,955.01,125.64,292.418,1,Start,Finish,245,43.5109103500155,16.363974050014804,555,262,278,16,,,False,
2026-05-12T12:03:45+00:00,43.511615535244346,16.3707606587559,149,2026-05-12T12:09:50.123787+00:00,823,1,2.517,957.527,151.02,301.146,1,Start,Finish,245,43.5109103500155,16.363974050014804,553,262,291,29,,,False,
2026-05-12T12:03:46+00:00,43.51162724196911,16.37073394842446,149,2026-05-12T12:09:50.123787+00:00,823,1,2.517,960.044,151.02,301.146,1,Start,Finish,245,43.5109103500155,16.363974050014804,551,262,297,35,,,False,
2026-05-12T12:03:47+00:00,43.51163894869387,16.37070723809302,150,2026-05-12T12:09:50.123787+00:00,823,1,2.517,962.561,151.02,301.146,1,Start,Finish,245,43.5109103500155,16.363974050014804,549,262,297,35,,,False,
2026-05-12T12:03:48+00:00,43.51164950989187,16.37068041600287,152,2026-05-12T12:09:50.123787+00:00,823,1,2.461,965.022,147.66,298.499,1,Start,Finish,245,43.5109103500155,16.363974050014804,547,261,298,37,,,False,
2026-05-12T12:03:49+00:00,43.511660071089864,16.37065359391272,153,2026-05-12T12:09:50.123787+00:00,823,1,2.461,967.483,147.66,298.499,1,Start,Finish,245,43.5109103500155,16.363974050014804,545,261,297,36,,,False,
2026-05-12T12:03:50+00:00,43.511668872088194,16.37062639463693,153,2026-05-12T12:09:50.123787+00:00,823,1,2.402,969.885,144.12,294.045,1,Start,Finish,245,43.5109103500155,16.363974050014804,543,261,297,36,,,False,
2026-05-12T12:03:51+00:00,43.51167767308653,16.370599195361137,152,2026-05-12T12:09:50.123787+00:00,823,1,2.402,972.287,144.12,294.045,1,Start,Finish,245,43.5109103500155,16.363974050014804,541,261,296,35,,,False,
2026-05-12T12:03:52+00:00,43.511686474084854,16.370571996085346,152,2026-05-12T12:09:50.123787+00:00,823,1,2.402,974.689,144.12,294.045,1,Start,Finish,245,43.5109103500155,16.363974050014804,539,261,295,34,,,False,
2026-05-12T12:03:53+00:00,43.511695275083184,16.370544796809554,152,2026-05-12T12:09:50.123787+00:00,823,1,2.402,977.09,144.12,294.045,1,Start,Finish,245,43.5109103500155,16.363974050014804,537,261,295,34,,,False,
2026-05-12T12:03:54+00:00,43.511704076081514,16.370517597533762,152,2026-05-12T12:09:50.123787+00:00,823,1,2.402,979.492,144.12,294.045,1,Start,Finish,245,43.5109103500155,16.363974050014804,535,261,293,32,,,False,
2026-05-12T12:03:55+00:00,43.51171287707984,16.37049039825797,152,2026-05-12T12:09:50.123787+00:00,823,1,2.402,981.894,144.12,294.045,1,Start,Finish,245,43.5109103500155,16.363974050014804,533,260,293,33,,,False,
2026-05-12T12:03:56+00:00,43.511721678078175,16.37046319898218,151,2026-05-12T12:09:50.123787+00:00,823,1,2.402,984.296,144.12,294.045,1,Start,Finish,245,43.5109103500155,16.363974050014804,531,260,293,33,,,False,
2026-05-12T12:03:57+00:00,43.511730479076505,16.370435999706388,151,2026-05-12T12:09:50.123787+00:00,823,1,2.402,986.698,144.12,294.045,1,Start,Finish,245,43.5109103500155,16.363974050014804,529,260,292,32,,,False,
2026-05-12T12:03:58+00:00,43.51173768751323,16.370406411588192,146,2026-05-12T12:09:50.123787+00:00,823,1,2.517,989.215,151.02,288.569,1,Start,Finish,245,43.5109103500155,16.363974050014804,527,260,292,32,,,False,
2026-05-12T12:03:59+00:00,43.51174556650221,16.37037741020322,144,2026-05-12T12:09:50.123787+00:00,823,1,2.497,991.712,149.82,290.536,1,Start,Finish,245,43.5109103500155,16.363974050014804,525,260,292,32,,,False,
2026-05-12T12:04:00+00:00,43.511753445491195,16.370348408818245,142,2026-05-12T12:09:50.123787+00:00,823,1,2.497,994.21,149.82,290.536,1,Start,Finish,245,43.5109103500155,16.363974050014804,523,260,292,32,,,False,
2026-05-12T12:04:01+00:00,43.51176187529096,16.37031941940742,142,2026-05-12T12:09:50.123787+00:00,823,1,2.519,996.728,151.14,291.849,1,Start,Finish,245,43.5109103500155,16.363974050014804,520,260,291,31,,,False,
2026-05-12T12:04:02+00:00,43.511770305090714,16.370290429996594,143,2026-05-12T12:09:50.123787+00:00,823,1,2.519,999.247,151.14,291.849,1,Start,Finish,245,43.5109103500155,16.363974050014804,518,259,291,32,,,False,
2026-05-12T12:04:03+00:00,43.51177873489048,16.370261440585768,143,2026-05-12T12:09:50.123787+00:00,823,1,2.519,1001.766,151.14,291.849,1,Start,Finish,245,43.5109103500155,16.363974050014804,516,259,292,33,,,False,
2026-05-12T12:04:04+00:00,43.51178716469024,16.37023245117494,143,2026-05-12T12:09:50.123787+00:00,823,1,2.519,1004.284,151.14,291.849,1,Start,Finish,245,43.5109103500155,16.363974050014804,514,259,292,33,,,False,
2026-05-12T12:04:05+00:00,43.51179559449,16.370203461764113,143,2026-05-12T12:09:50.123787+00:00,823,1,2.519,1006.803,151.14,291.849,1,Start,Finish,245,43.5109103500155,16.363974050014804,512,259,292,33,,,False,
2026-05-12T12:04:06+00:00,43.51180402428976,16.370174472353288,144,2026-05-12T12:09:50.123787+00:00,823,1,2.519,1009.322,151.14,291.849,1,Start,Finish,245,43.5109103500155,16.363974050014804,510,259,291,32,,,False,
2026-05-12T12:04:07+00:00,43.51181245408952,16.370145482942462,144,2026-05-12T12:09:50.123787+00:00,823,1,2.519,1011.84,151.14,291.849,1,Start,Finish,245,43.5109103500155,16.363974050014804,508,259,291,32,,,False,
2026-05-12T12:04:08+00:00,43.51181995589286,16.37011849321425,146,2026-05-12T12:09:50.123787+00:00,823,1,2.331,1014.171,139.86,290.97,1,Start,Finish,245,43.5109103500155,16.363974050014804,506,258,291,33,,,False,
2026-05-12T12:04:09+00:00,43.5118274576962,16.370091503486037,147,2026-05-12T12:09:50.123787+00:00,823,1,2.331,1016.502,139.86,290.97,1,Start,Finish,245,43.5109103500155,16.363974050014804,504,258,291,33,,,False,
2026-05-12T12:04:10+00:00,43.51183474995196,16.370063424110413,148,2026-05-12T12:09:50.123787+00:00,823,1,2.405,1018.907,144.3,289.702,1,Start,Finish,245,43.5109103500155,16.363974050014804,502,258,291,33,,,False,
2026-05-12T12:04:11+00:00,43.51184204220772,16.370035344734788,150,2026-05-12T12:09:50.123787+00:00,823,1,2.405,1021.313,144.3,289.702,1,Start,Finish,245,43.5109103500155,16.363974050014804,500,258,291,33,,,False,
2026-05-12T12:04:12+00:00,43.51185008883476,16.370008774101734,151,2026-05-12T12:09:50.123787+00:00,823,1,2.322,1023.635,139.32,292.664,1,Start,Finish,245,43.5109103500155,16.363974050014804,498,258,291,33,,,False,
2026-05-12T12:04:13+00:00,43.51185813546181,16.36998220346868,153,2026-05-12T12:09:50.123787+00:00,823,1,2.322,1025.957,139.32,292.664,1,Start,Finish,245,43.5109103500155,16.363974050014804,496,258,291,33,,,False,
2026-05-12T12:04:14+00:00,43.51186618208885,16.369955632835627,154,2026-05-12T12:09:50.123787+00:00,823,1,2.322,1028.279,139.32,292.664,1,Start,Finish,245,43.5109103500155,16.363974050014804,494,258,291,33,,,False,
2026-05-12T12:04:15+00:00,43.51187428459525,16.36992414481938,155,2026-05-12T12:09:50.123787+00:00,823,1,2.694,1030.973,161.64,289.535,1,Start,Finish,245,43.5109103500155,16.363974050014804,492,257,290,33,,,False,
2026-05-12T12:04:16+00:00,43.51188238710165,16.36989265680313,155,2026-05-12T12:09:50.123787+00:00,823,1,2.694,1033.667,161.64,289.535,1,Start,Finish,245,43.5109103500155,16.363974050014804,489,257,289,32,,,False,
2026-05-12T12:04:17+00:00,43.51189048960805,16.369861168786883,156,2026-05-12T12:09:50.123787+00:00,823,1,2.694,1036.362,161.64,289.535,1,Start,Finish,245,43.5109103500155,16.363974050014804,487,257,290,33,,,False,
2026-05-12T12:04:18+00:00,43.51189635694027,16.369830491021276,154,2026-05-12T12:09:50.123787+00:00,823,1,2.558,1038.92,153.48,284.774,1,Start,Finish,245,43.5109103500155,16.363974050014804,485,257,290,33,,,False,
2026-05-12T12:04:19+00:00,43.51190222427249,16.369799813255668,152,2026-05-12T12:09:50.123787+00:00,823,1,2.558,1041.479,153.48,284.774,1,Start,Finish,245,43.5109103500155,16.363974050014804,483,257,290,33,,,False,
2026-05-12T12:04:20+00:00,43.511910354718566,16.369773047044873,151,2026-05-12T12:09:50.123787+00:00,823,1,2.34,1043.819,140.4,292.726,1,Start,Finish,245,43.5109103500155,16.363974050014804,481,257,290,33,,,False,
2026-05-12T12:04:21+00:00,43.51191848516464,16.36974628083408,150,2026-05-12T12:09:50.123787+00:00,823,1,2.34,1046.159,140.4,292.726,1,Start,Finish,245,43.5109103500155,16.363974050014804,479,256,290,34,,,False,
2026-05-12T12:04:22+00:00,43.51192661561072,16.369719514623284,149,2026-05-12T12:09:50.123787+00:00,823,1,2.34,1048.499,140.4,292.726,1,Start,Finish,245,43.5109103500155,16.363974050014804,477,256,290,34,,,False,
2026-05-12T12:04:23+00:00,43.51193441078067,16.369692524895072,150,2026-05-12T12:09:50.123787+00:00,823,1,2.343,1050.842,140.58,291.715,1,Start,Finish,245,43.5109103500155,16.363974050014804,475,256,291,35,,,False,
2026-05-12T12:04:24+00:00,43.51194220595062,16.36966553516686,152,2026-05-12T12:09:50.123787+00:00,823,1,2.343,1053.185,140.58,291.715,1,Start,Finish,245,43.5109103500155,16.363974050014804,473,256,291,35,,,False,
2026-05-12T12:04:25+00:00,43.51195029448718,16.369635821320117,153,2026-05-12T12:09:50.123787+00:00,823,1,2.559,1055.744,153.54,290.574,1,Start,Finish,245,43.5109103500155,16.363974050014804,471,256,290,34,,,False,
2026-05-12T12:04:26+00:00,43.51195838302374,16.369606107473373,154,2026-05-12T12:09:50.123787+00:00,823,1,2.559,1058.304,153.54,290.574,1,Start,Finish,245,43.5109103500155,16.363974050014804,469,256,290,34,,,False,
2026-05-12T12:04:27+00:00,43.51196491159499,16.36957747861743,154,2026-05-12T12:09:50.123787+00:00,823,1,2.42,1060.724,145.2,287.455,1,Start,Finish,245,43.5109103500155,16.363974050014804,467,255,289,34,,,False,
2026-05-12T12:04:28+00:00,43.511971440166235,16.369548849761486,154,2026-05-12T12:09:50.123787+00:00,823,1,2.42,1063.144,145.2,287.455,1,Start,Finish,245,43.5109103500155,16.363974050014804,465,255,289,34,,,False,
2026-05-12T12:04:29+00:00,43.51197796873748,16.369520220905542,154,2026-05-12T12:09:50.123787+00:00,823,1,2.42,1065.564,145.2,287.455,1,Start,Finish,245,43.5109103500155,16.363974050014804,463,255,288,33,,,False,
2026-05-12T12:04:30+00:00,43.51198449730873,16.3694915920496,154,2026-05-12T12:09:50.123787+00:00,823,1,2.42,1067.984,145.2,287.455,1,Start,Finish,245,43.5109103500155,16.363974050014804,461,255,288,33,,,False,
2026-05-12T12:04:31+00:00,43.51199102587998,16.369462963193655,153,2026-05-12T12:09:50.123787+00:00,823,1,2.42,1070.404,145.2,287.455,1,Start,Finish,245,43.5109103500155,16.363974050014804,459,255,287,32,,,False,
2026-05-12T12:04:32+00:00,43.51199755445123,16.36943433433771,153,2026-05-12T12:09:50.123787+00:00,823,1,2.42,1072.824,145.2,287.455,1,Start,Finish,245,43.5109103500155,16.363974050014804,457,255,288,33,,,False,
2026-05-12T12:04:33+00:00,43.512004083022475,16.369405705481768,153,2026-05-12T12:09:50.123787+00:00,823,1,2.42,1075.245,145.2,287.455,1,Start,Finish,245,43.5109103500155,16.363974050014804,455,254,289,35,,,False,
2026-05-12T12:04:34+00:00,43.51201061159372,16.369377076625824,153,2026-05-12T12:09:50.123787+00:00,823,1,2.42,1077.665,145.2,287.455,1,Start,Finish,245,43.5109103500155,16.363974050014804,453,254,289,35,,,False,
2026-05-12T12:04:35+00:00,43.51201714016497,16.36934844776988,153,2026-05-12T12:09:50.123787+00:00,823,1,2.42,1080.085,145.2,287.455,1,Start,Finish,245,43.5109103500155,16.363974050014804,451,254,290,36,,,False,
2026-05-12T12:04:36+00:00,43.512024779671,16.369323637336493,153,2026-05-12T12:09:50.123787+00:00,823,1,2.174,1082.258,130.44,293.005,1,Start,Finish,245,43.5109103500155,16.363974050014804,449,254,291,37,,,False,
2026-05-12T12:04:37+00:00,43.51203241917704,16.369298826903105,154,2026-05-12T12:09:50.123787+00:00,823,1,2.174,1084.432,130.44,293.005,1,Start,Finish,245,43.5109103500155,16.363974050014804,447,254,291,37,,,False,
2026-05-12T12:04:38+00:00,43.51204005868307,16.369274016469717,154,2026-05-12T12:09:50.123787+00:00,823,1,2.174,1086.606,130.44,293.005,1,Start,Finish,245,43.5109103500155,16.363974050014804,445,254,292,38,,,False,
2026-05-12T12:04:39+00:00,43.51204769818911,16.36924920603633,155,2026-05-12T12:09:50.123787+00:00,823,1,2.174,1088.779,130.44,293.005,1,Start,Finish,245,43.5109103500155,16.363974050014804,444,253,292,39,,,False,
2026-05-12T12:04:40+00:00,43.51205533769514,16.36922439560294,155,2026-05-12T12:09:50.123787+00:00,823,1,2.174,1090.953,130.44,293.005,1,Start,Finish,245,43.5109103500155,16.363974050014804,442,253,293,40,,,False,
2026-05-12T12:04:41+00:00,43.512062977201175,16.369199585169554,156,2026-05-12T12:09:50.123787+00:00,823,1,2.174,1093.127,130.44,293.005,1,Start,Finish,245,43.5109103500155,16.363974050014804,440,253,292,39,,,False,
2026-05-12T12:04:42+00:00,43.512070616707206,16.369174774736166,156,2026-05-12T12:09:50.123787+00:00,823,1,2.174,1095.3,130.44,293.005,1,Start,Finish,245,43.5109103500155,16.363974050014804,439,253,292,39,,,False,
2026-05-12T12:04:43+00:00,43.51207730546594,16.369150836020708,155,2026-05-12T12:09:50.123787+00:00,823,1,2.069,1097.369,124.14,291.07,1,Start,Finish,245,43.5109103500155,16.363974050014804,437,253,292,39,,,False,
2026-05-12T12:04:44+00:00,43.51208399422467,16.36912689730525,155,2026-05-12T12:09:50.123787+00:00,823,1,2.069,1099.438,124.14,291.07,1,Start,Finish,245,43.5109103500155,16.363974050014804,436,253,292,39,,,False,
2026-05-12T12:04:45+00:00,43.5120906829834,16.369102958589792,154,2026-05-12T12:09:50.123787+00:00,823,1,2.069,1101.506,124.14,291.07,1,Start,Finish,245,43.5109103500155,16.363974050014804,434,252,292,40,,,False,
2026-05-12T12:04:46+00:00,43.51209737174213,16.369079019874334,154,2026-05-12T12:09:50.123787+00:00,823,1,2.069,1103.575,124.14,291.07,1,Start,Finish,245,43.5109103500155,16.363974050014804,432,252,292,40,,,False,
2026-05-12T12:04:47+00:00,43.51210406050086,16.369055081158876,153,2026-05-12T12:09:50.123787+00:00,823,1,2.069,1105.644,124.14,291.07,1,Start,Finish,245,43.5109103500155,16.363974050014804,431,252,291,39,,,False,
2026-05-12T12:04:48+00:00,43.51211118511856,16.369031192734838,153,2026-05-12T12:09:50.123787+00:00,823,1,2.083,1107.727,124.98,292.355,1,Start,Finish,245,43.5109103500155,16.363974050014804,429,252,290,38,,,False,
2026-05-12T12:04:49+00:00,43.51211830973625,16.3690073043108,152,2026-05-12T12:09:50.123787+00:00,823,1,2.083,1109.81,124.98,292.355,1,Start,Finish,245,43.5109103500155,16.363974050014804,428,252,290,38,,,False,
2026-05-12T12:04:50+00:00,43.51212543435395,16.36898341588676,152,2026-05-12T12:09:50.123787+00:00,823,1,2.083,1111.893,124.98,292.355,1,Start,Finish,245,43.5109103500155,16.363974050014804,426,252,290,38,,,False,
2026-05-12T12:04:51+00:00,43.51213099434972,16.368956146761775,151,2026-05-12T12:09:50.123787+00:00,823,1,2.284,1114.177,137.04,285.703,1,Start,Finish,245,43.5109103500155,16.363974050014804,424,251,290,39,,,False,
2026-05-12T12:04:52+00:00,43.51213655434549,16.36892887763679,150,2026-05-12T12:09:50.123787+00:00,823,1,2.284,1116.461,137.04,285.703,1,Start,Finish,245,43.5109103500155,16.363974050014804,422,251,291,40,,,False,
2026-05-12T12:04:53+00:00,43.51214211434126,16.368901608511806,149,2026-05-12T12:09:50.123787+00:00,823,1,2.284,1118.746,137.04,285.703,1,Start,Finish,245,43.5109103500155,16.363974050014804,420,251,291,40,,,False,
2026-05-12T12:04:54+00:00,43.51214965805411,16.368878118228167,150,2026-05-12T12:09:50.123787+00:00,823,1,2.072,1120.817,124.32,293.884,1,Start,Finish,245,43.5109103500155,16.363974050014804,419,251,291,40,,,False,
2026-05-12T12:04:55+00:00,43.51215720176697,16.36885462794453,150,2026-05-12T12:09:50.123787+00:00,823,1,2.072,1122.889,124.32,293.884,1,Start,Finish,245,43.5109103500155,16.363974050014804,417,251,291,40,,,False,
2026-05-12T12:04:56+00:00,43.51216474547982,16.36883113766089,151,2026-05-12T12:09:50.123787+00:00,823,1,2.072,1124.961,124.32,293.884,1,Start,Finish,245,43.5109103500155,16.363974050014804,416,250,291,41,,,False,
2026-05-12T12:04:57+00:00,43.51217228919268,16.368807647377253,152,2026-05-12T12:09:50.123787+00:00,823,1,2.072,1127.033,124.32,293.884,1,Start,Finish,245,43.5109103500155,16.363974050014804,414,250,292,42,,,False,
2026-05-12T12:04:58+00:00,43.51217943476513,16.36878237593919,151,2026-05-12T12:09:50.123787+00:00,823,1,2.187,1129.22,131.22,291.3,1,Start,Finish,245,43.5109103500155,16.363974050014804,413,250,293,43,,,False,
2026-05-12T12:04:59+00:00,43.512186580337584,16.368757104501128,150,2026-05-12T12:09:50.123787+00:00,823,1,2.187,1131.407,131.22,291.3,1,Start,Finish,245,43.5109103500155,16.363974050014804,411,250,293,43,,,False,
2026-05-12T12:05:00+00:00,43.51219372591004,16.368731833063066,150,2026-05-12T12:09:50.123787+00:00,823,1,2.187,1133.595,131.22,291.3,1,Start,Finish,245,43.5109103500155,16.363974050014804,409,250,292,42,,,False,
2026-05-12T12:05:01+00:00,43.51220087148249,16.368706561625004,149,2026-05-12T12:09:50.123787+00:00,823,1,2.187,1135.782,131.22,291.3,1,Start,Finish,245,43.5109103500155,16.363974050014804,408,249,292,43,,,False,
2026-05-12T12:05:02+00:00,43.51220898516476,16.368680024519563,149,2026-05-12T12:09:50.123787+00:00,823,1,2.322,1138.104,139.32,292.86,1,Start,Finish,245,43.5109103500155,16.363974050014804,406,249,292,43,,,False,
2026-05-12T12:05:03+00:00,43.51221709884703,16.36865348741412,149,2026-05-12T12:09:50.123787+00:00,823,1,2.322,1140.427,139.32,292.86,1,Start,Finish,245,43.5109103500155,16.363974050014804,404,249,293,44,,,False,
2026-05-12T12:05:04+00:00,43.5122252125293,16.36862695030868,149,2026-05-12T12:09:50.123787+00:00,823,1,2.322,1142.749,139.32,292.86,1,Start,Finish,245,43.5109103500155,16.363974050014804,403,249,293,44,,,False,
2026-05-12T12:05:05+00:00,43.51223332621157,16.36860041320324,149,2026-05-12T12:09:50.123787+00:00,823,1,2.322,1145.072,139.32,292.86,1,Start,Finish,245,43.5109103500155,16.363974050014804,401,248,294,46,,,False,
2026-05-12T12:05:06+00:00,43.51224143989384,16.3685738760978,149,2026-05-12T12:09:50.123787+00:00,823,1,2.322,1147.394,139.32,292.86,1,Start,Finish,245,43.5109103500155,16.363974050014804,399,248,294,46,,,False,
2026-05-12T12:05:07+00:00,43.512250542640686,16.368547858670354,150,2026-05-12T12:09:50.123787+00:00,823,1,2.329,1149.723,139.74,295.754,1,Start,Finish,245,43.5109103500155,16.363974050014804,398,248,294,46,,,False,
2026-05-12T12:05:08+00:00,43.51225964538753,16.36852184124291,150,2026-05-12T12:09:50.123787+00:00,823,1,2.329,1152.053,139.74,295.754,1,Start,Finish,245,43.5109103500155,16.363974050014804,396,248,295,47,,,False,
2026-05-12T12:05:09+00:00,43.512268748134375,16.368495823815465,151,2026-05-12T12:09:50.123787+00:00,823,1,2.329,1154.382,139.74,295.754,1,Start,Finish,245,43.5109103500155,16.363974050014804,395,248,296,48,,,False,
2026-05-12T12:05:10+00:00,43.51227785088122,16.36846980638802,151,2026-05-12T12:09:50.123787+00:00,823,1,2.329,1156.712,139.74,295.754,1,Start,Finish,245,43.5109103500155,16.363974050014804,393,247,296,49,,,False,
2026-05-12T12:05:11+00:00,43.51228695362806,16.368443788960576,152,2026-05-12T12:09:50.123787+00:00,823,1,2.329,1159.041,139.74,295.754,1,Start,Finish,245,43.5109103500155,16.363974050014804,392,247,297,50,,,False,
2026-05-12T12:05:12+00:00,43.512296341359615,16.3684196700342,152,2026-05-12T12:09:50.123787+00:00,823,1,2.207,1161.249,132.42,298.222,1,Start,Finish,245,43.5109103500155,16.363974050014804,390,247,297,50,,,False,
2026-05-12T12:05:13+00:00,43.51230572909117,16.368395551107824,153,2026-05-12T12:09:50.123787+00:00,823,1,2.207,1163.456,132.42,298.222,1,Start,Finish,245,43.5109103500155,16.363974050014804,389,246,297,51,,,False,
2026-05-12T12:05:14+00:00,43.51231511682272,16.368371432181448,154,2026-05-12T12:09:50.123787+00:00,823,1,2.207,1165.664,132.42,298.222,1,Start,Finish,245,43.5109103500155,16.363974050014804,387,246,297,51,,,False,
2026-05-12T12:05:15+00:00,43.51232450455427,16.36834731325507,154,2026-05-12T12:09:50.123787+00:00,823,1,2.207,1167.871,132.42,298.222,1,Start,Finish,245,43.5109103500155,16.363974050014804,386,246,297,51,,,False,
2026-05-12T12:05:16+00:00,43.512334070401266,16.36832083691843,154,2026-05-12T12:09:50.123787+00:00,823,1,2.385,1170.256,143.1,296.482,1,Start,Finish,245,43.5109103500155,16.363974050014804,385,246,297,51,,,False,
2026-05-12T12:05:17+00:00,43.51234363624826,16.368294360581785,154,2026-05-12T12:09:50.123787+00:00,823,1,2.385,1172.642,143.1,296.482,1,Start,Finish,245,43.5109103500155,16.363974050014804,383,245,297,52,,,False,
2026-05-12T12:05:18+00:00,43.512353202095255,16.368267884245142,154,2026-05-12T12:09:50.123787+00:00,823,1,2.385,1175.027,143.1,296.482,1,Start,Finish,245,43.5109103500155,16.363974050014804,382,245,297,52,,,False,
2026-05-12T12:05:19+00:00,43.51236276794225,16.3682414079085,154,2026-05-12T12:09:50.123787+00:00,823,1,2.385,1177.412,143.1,296.482,1,Start,Finish,245,43.5109103500155,16.363974050014804,380,245,297,52,,,False,
2026-05-12T12:05:20+00:00,43.51237233378925,16.368214931571856,154,2026-05-12T12:09:50.123787+00:00,823,1,2.385,1179.798,143.1,296.482,1,Start,Finish,245,43.5109103500155,16.363974050014804,379,245,296,51,,,False,
2026-05-12T12:05:21+00:00,43.51238189963624,16.368188455235213,154,2026-05-12T12:09:50.123787+00:00,823,1,2.385,1182.183,143.1,296.482,1,Start,Finish,245,43.5109103500155,16.363974050014804,377,244,296,52,,,False,
2026-05-12T12:05:22+00:00,43.51239146548323,16.36816197889857,154,2026-05-12T12:09:50.123787+00:00,823,1,2.385,1184.569,143.1,296.482,1,Start,Finish,245,43.5109103500155,16.363974050014804,376,244,296,52,,,False,
2026-05-12T12:05:23+00:00,43.51240103133023,16.368135502561927,154,2026-05-12T12:09:50.123787+00:00,823,1,2.385,1186.954,143.1,296.482,1,Start,Finish,245,43.5109103500155,16.363974050014804,374,244,296,52,,,False,
2026-05-12T12:05:24+00:00,43.51241150870919,16.36810490861535,151,2026-05-12T12:09:50.123787+00:00,823,1,2.728,1189.682,163.68,295.278,1,Start,Finish,245,43.5109103500155,16.363974050014804,373,243,296,53,,,False,
2026-05-12T12:05:25+00:00,43.512421399354935,16.36807761155069,151,2026-05-12T12:09:50.123787+00:00,823,1,2.461,1192.143,147.66,296.547,1,Start,Finish,245,43.5109103500155,16.363974050014804,371,243,296,53,,,False,
2026-05-12T12:05:26+00:00,43.51243129000068,16.368050314486027,152,2026-05-12T12:09:50.123787+00:00,823,1,2.461,1194.604,147.66,296.547,1,Start,Finish,245,43.5109103500155,16.363974050014804,370,243,296,53,,,False,
2026-05-12T12:05:27+00:00,43.51244118064642,16.368023017421365,152,2026-05-12T12:09:50.123787+00:00,823,1,2.461,1197.065,147.66,296.547,1,Start,Finish,245,43.5109103500155,16.363974050014804,368,242,296,54,,,False,
2026-05-12T12:05:28+00:00,43.51245107129216,16.367995720356703,152,2026-05-12T12:09:50.123787+00:00,823,1,2.461,1199.525,147.66,296.547,1,Start,Finish,245,43.5109103500155,16.363974050014804,367,242,296,54,,,False,
2026-05-12T12:05:29+00:00,43.512460961937904,16.36796842329204,153,2026-05-12T12:09:50.123787+00:00,823,1,2.461,1201.986,147.66,296.547,1,Start,Finish,245,43.5109103500155,16.363974050014804,365,242,297,55,,,False,
2026-05-12T12:05:30+00:00,43.51247085258365,16.36794112622738,153,2026-05-12T12:09:50.123787+00:00,823,1,2.461,1204.447,147.66,296.547,1,Start,Finish,245,43.5109103500155,16.363974050014804,364,242,297,55,,,False,
2026-05-12T12:05:31+00:00,43.51248074322939,16.367913829162717,153,2026-05-12T12:09:50.123787+00:00,823,1,2.461,1206.907,147.66,296.547,1,Start,Finish,245,43.5109103500155,16.363974050014804,363,241,297,56,,,False,
2026-05-12T12:05:32+00:00,43.51249063387513,16.367886532098055,154,2026-05-12T12:09:50.123787+00:00,823,1,2.461,1209.368,147.66,296.547,1,Start,Finish,245,43.5109103500155,16.363974050014804,361,241,297,56,,,False,
2026-05-12T12:05:33+00:00,43.512500524520874,16.367859235033393,154,2026-05-12T12:09:50.123787+00:00,823,1,2.461,1211.829,147.66,296.547,1,Start,Finish,245,43.5109103500155,16.363974050014804,360,241,297,56,,,False,
2026-05-12T12:05:34+00:00,43.512512259185314,16.367830149829388,154,2026-05-12T12:09:50.123787+00:00,823,1,2.684,1214.513,161.04,299.088,1,Start,Finish,245,43.5109103500155,16.363974050014804,358,240,297,57,,,False,
2026-05-12T12:05:35+00:00,43.51252224562423,16.367802705083573,154,2026-05-12T12:09:50.123787+00:00,823,1,2.476,1216.989,148.56,296.645,1,Start,Finish,245,43.5109103500155,16.363974050014804,357,240,297,57,,,False,
2026-05-12T12:05:36+00:00,43.51253223206316,16.367775260337762,154,2026-05-12T12:09:50.123787+00:00,823,1,2.476,1219.465,148.56,296.645,1,Start,Finish,245,43.5109103500155,16.363974050014804,356,240,297,57,,,False,
2026-05-12T12:05:37+00:00,43.51254221850208,16.367747815591947,154,2026-05-12T12:09:50.123787+00:00,823,1,2.476,1221.941,148.56,296.645,1,Start,Finish,245,43.5109103500155,16.363974050014804,354,239,297,58,,,False,
2026-05-12T12:05:38+00:00,43.512552204941,16.367720370846136,155,2026-05-12T12:09:50.123787+00:00,823,1,2.476,1224.417,148.56,296.645,1,Start,Finish,245,43.5109103500155,16.363974050014804,353,239,297,58,,,False,
2026-05-12T12:05:39+00:00,43.51256219137992,16.36769292610032,155,2026-05-12T12:09:50.123787+00:00,823,1,2.476,1226.893,148.56,296.645,1,Start,Finish,245,43.5109103500155,16.363974050014804,352,239,296,57,,,False,
2026-05-12T12:05:40+00:00,43.512572177818846,16.36766548135451,155,2026-05-12T12:09:50.123787+00:00,823,1,2.476,1229.37,148.56,296.645,1,Start,Finish,245,43.5109103500155,16.363974050014804,350,238,296,58,,,False,
2026-05-12T12:05:41+00:00,43.512582164257765,16.367638036608696,155,2026-05-12T12:09:50.123787+00:00,823,1,2.476,1231.846,148.56,296.645,1,Start,Finish,245,43.5109103500155,16.363974050014804,349,238,296,58,,,False,
2026-05-12T12:05:42+00:00,43.51259148912504,16.36760876281187,155,2026-05-12T12:09:50.123787+00:00,823,1,2.578,1234.424,154.68,293.713,1,Start,Finish,245,43.5109103500155,16.363974050014804,348,237,295,58,,,False,
2026-05-12T12:05:43+00:00,43.51260081399232,16.367579489015043,155,2026-05-12T12:09:50.123787+00:00,823,1,2.578,1237.002,154.68,293.713,1,Start,Finish,245,43.5109103500155,16.363974050014804,346,237,295,58,,,False,
2026-05-12T12:05:44+00:00,43.5126101388596,16.367550215218216,155,2026-05-12T12:09:50.123787+00:00,823,1,2.578,1239.581,154.68,293.713,1,Start,Finish,245,43.5109103500155,16.363974050014804,345,237,294,57,,,False,
2026-05-12T12:05:45+00:00,43.51261946372688,16.36752094142139,155,2026-05-12T12:09:50.123787+00:00,823,1,2.578,1242.159,154.68,293.713,1,Start,Finish,245,43.5109103500155,16.363974050014804,343,236,294,58,,,False,
2026-05-12T12:05:46+00:00,43.51262878859416,16.367491667624563,155,2026-05-12T12:09:50.123787+00:00,823,1,2.578,1244.737,154.68,293.713,1,Start,Finish,245,43.5109103500155,16.363974050014804,342,236,294,58,,,False,
2026-05-12T12:05:47+00:00,43.512638113461435,16.367462393827736,155,2026-05-12T12:09:50.123787+00:00,823,1,2.578,1247.316,154.68,293.713,1,Start,Finish,245,43.5109103500155,16.363974050014804,341,236,294,58,,,False,
2026-05-12T12:05:48+00:00,43.51264743832871,16.36743312003091,155,2026-05-12T12:09:50.123787+00:00,823,1,2.578,1249.894,154.68,293.713,1,Start,Finish,245,43.5109103500155,16.363974050014804,339,235,293,58,,,False,
2026-05-12T12:05:49+00:00,43.51265676319599,16.367403846234083,155,2026-05-12T12:09:50.123787+00:00,823,1,2.578,1252.473,154.68,293.713,1,Start,Finish,245,43.5109103500155,16.363974050014804,338,235,293,58,,,False,
2026-05-12T12:05:50+00:00,43.512664935551584,16.36737727560103,156,2026-05-12T12:09:50.123787+00:00,823,1,2.327,1254.8,139.62,292.982,1,Start,Finish,245,43.5109103500155,16.363974050014804,337,235,293,58,,,False,
2026-05-12T12:05:51+00:00,43.512673107907176,16.367350704967976,156,2026-05-12T12:09:50.123787+00:00,823,1,2.327,1257.127,139.62,292.982,1,Start,Finish,245,43.5109103500155,16.363974050014804,336,234,293,59,,,False,
2026-05-12T12:05:52+00:00,43.51268128026277,16.367324134334922,157,2026-05-12T12:09:50.123787+00:00,823,1,2.327,1259.455,139.62,292.982,1,Start,Finish,245,43.5109103500155,16.363974050014804,334,234,293,59,,,False,
2026-05-12T12:05:53+00:00,43.51268945261836,16.367297563701868,158,2026-05-12T12:09:50.123787+00:00,823,1,2.327,1261.782,139.62,292.982,1,Start,Finish,245,43.5109103500155,16.363974050014804,333,234,293,59,,,False,
2026-05-12T12:05:54+00:00,43.512697683647275,16.36726918257773,158,2026-05-12T12:09:50.123787+00:00,823,1,2.465,1264.247,147.9,291.797,1,Start,Finish,245,43.5109103500155,16.363974050014804,332,233,292,59,,,False,
2026-05-12T12:05:55+00:00,43.51270591467619,16.36724080145359,157,2026-05-12T12:09:50.123787+00:00,823,1,2.465,1266.712,147.9,291.797,1,Start,Finish,245,43.5109103500155,16.363974050014804,331,233,292,59,,,False,
2026-05-12T12:05:56+00:00,43.512714145705104,16.36721242032945,157,2026-05-12T12:09:50.123787+00:00,823,1,2.465,1269.177,147.9,291.797,1,Start,Finish,245,43.5109103500155,16.363974050014804,329,232,292,60,,,False,
2026-05-12T12:05:57+00:00,43.51272237673402,16.367184039205313,156,2026-05-12T12:09:50.123787+00:00,823,1,2.465,1271.642,147.9,291.797,1,Start,Finish,245,43.5109103500155,16.363974050014804,328,232,292,60,,,False,
2026-05-12T12:05:58+00:00,43.51273060776293,16.367155658081174,156,2026-05-12T12:09:50.123787+00:00,823,1,2.465,1274.107,147.9,291.797,1,Start,Finish,245,43.5109103500155,16.363974050014804,327,232,292,60,,,False,
2026-05-12T12:05:59+00:00,43.512738387693055,16.367128462615337,156,2026-05-12T12:09:50.123787+00:00,823,1,2.358,1276.464,141.48,291.528,1,Start,Finish,245,43.5109103500155,16.363974050014804,326,231,292,61,,,False,
2026-05-12T12:06:00+00:00,43.512746167623185,16.367101267149504,156,2026-05-12T12:09:50.123787+00:00,823,1,2.358,1278.822,141.48,291.528,1,Start,Finish,245,43.5109103500155,16.363974050014804,324,231,292,61,,,False,
2026-05-12T12:06:01+00:00,43.51275394755331,16.367074071683668,157,2026-05-12T12:09:50.123787+00:00,823,1,2.358,1281.179,141.48,291.528,1,Start,Finish,245,43.5109103500155,16.363974050014804,323,231,292,61,,,False,
2026-05-12T12:06:02+00:00,43.51276172748344,16.36704687621783,157,2026-05-12T12:09:50.123787+00:00,823,1,2.358,1283.537,141.48,291.528,1,Start,Finish,245,43.5109103500155,16.363974050014804,322,230,292,62,,,False,
2026-05-12T12:06:03+00:00,43.51276950741356,16.367019680751994,157,2026-05-12T12:09:50.123787+00:00,823,1,2.358,1285.894,141.48,291.528,1,Start,Finish,245,43.5109103500155,16.363974050014804,321,230,292,62,,,False,
2026-05-12T12:06:04+00:00,43.51277728734369,16.36699248528616,157,2026-05-12T12:09:50.123787+00:00,823,1,2.358,1288.252,141.48,291.528,1,Start,Finish,245,43.5109103500155,16.363974050014804,320,230,292,62,,,False,
2026-05-12T12:06:05+00:00,43.51278506727381,16.366965289820325,157,2026-05-12T12:09:50.123787+00:00,823,1,2.358,1290.609,141.48,291.528,1,Start,Finish,245,43.5109103500155,16.363974050014804,319,229,292,63,,,False,
2026-05-12T12:06:06+00:00,43.51279284720394,16.366938094354488,157,2026-05-12T12:09:50.123787+00:00,823,1,2.358,1292.967,141.48,291.528,1,Start,Finish,245,43.5109103500155,16.363974050014804,318,229,291,62,,,False,
2026-05-12T12:06:07+00:00,43.51280062713406,16.36691089888865,158,2026-05-12T12:09:50.123787+00:00,823,1,2.358,1295.324,141.48,291.528,1,Start,Finish,245,43.5109103500155,16.363974050014804,317,228,291,63,,,False,
2026-05-12T12:06:08+00:00,43.51280840706419,16.36688370342282,158,2026-05-12T12:09:50.123787+00:00,823,1,2.358,1297.682,141.48,291.528,1,Start,Finish,245,43.5109103500155,16.363974050014804,316,228,291,63,,,False,
2026-05-12T12:06:09+00:00,43.512816186994314,16.36685650795698,158,2026-05-12T12:09:50.123787+00:00,823,1,2.358,1300.039,141.48,291.528,1,Start,Finish,245,43.5109103500155,16.363974050014804,315,228,291,63,,,False,
2026-05-12T12:06:10+00:00,43.51282412186265,16.366826654411852,158,2026-05-12T12:09:50.123787+00:00,823,1,2.564,1302.603,153.84,290.128,1,Start,Finish,245,43.5109103500155,16.363974050014804,313,227,291,64,,,False,
2026-05-12T12:06:11+00:00,43.512832056730986,16.366796800866723,159,2026-05-12T12:09:50.123787+00:00,823,1,2.564,1305.167,153.84,290.128,1,Start,Finish,245,43.5109103500155,16.363974050014804,312,227,291,64,,,False,
2026-05-12T12:06:12+00:00,43.51283999159932,16.366766947321594,160,2026-05-12T12:09:50.123787+00:00,823,1,2.564,1307.731,153.84,290.128,1,Start,Finish,245,43.5109103500155,16.363974050014804,311,226,290,64,,,False,
2026-05-12T12:06:13+00:00,43.51284792646766,16.366737093776464,160,2026-05-12T12:09:50.123787+00:00,823,1,2.564,1310.295,153.84,290.128,1,Start,Finish,245,43.5109103500155,16.363974050014804,310,226,291,65,,,False,
2026-05-12T12:06:14+00:00,43.51285586133599,16.366707240231335,160,2026-05-12T12:09:50.123787+00:00,823,1,2.564,1312.859,153.84,290.128,1,Start,Finish,245,43.5109103500155,16.363974050014804,309,226,291,65,,,False,
2026-05-12T12:06:15+00:00,43.51286379620433,16.366677386686206,161,2026-05-12T12:09:50.123787+00:00,823,1,2.564,1315.423,153.84,290.128,1,Start,Finish,245,43.5109103500155,16.363974050014804,308,225,291,66,,,False,
2026-05-12T12:06:16+00:00,43.512872429564595,16.366648888215423,162,2026-05-12T12:09:50.123787+00:00,823,1,2.491,1317.914,149.46,292.671,1,Start,Finish,245,43.5109103500155,16.363974050014804,307,225,291,66,,,False,
2026-05-12T12:06:17+00:00,43.512879721820354,16.366622116416693,163,2026-05-12T12:09:50.123787+00:00,823,1,2.306,1320.22,138.36,290.586,1,Start,Finish,245,43.5109103500155,16.363974050014804,306,224,291,67,,,False,
2026-05-12T12:06:18+00:00,43.512887014076114,16.366595344617963,163,2026-05-12T12:09:50.123787+00:00,823,1,2.306,1322.526,138.36,290.586,1,Start,Finish,245,43.5109103500155,16.363974050014804,305,224,291,67,,,False,
2026-05-12T12:06:19+00:00,43.51289430633187,16.366568572819233,164,2026-05-12T12:09:50.123787+00:00,823,1,2.306,1324.833,138.36,290.586,1,Start,Finish,245,43.5109103500155,16.363974050014804,304,223,290,67,,,False,
2026-05-12T12:06:20+00:00,43.51290159858763,16.366541801020503,164,2026-05-12T12:09:50.123787+00:00,823,1,2.306,1327.139,138.36,290.586,1,Start,Finish,245,43.5109103500155,16.363974050014804,303,223,290,67,,,False,
2026-05-12T12:06:21+00:00,43.51290889084339,16.366515029221773,165,2026-05-12T12:09:50.123787+00:00,823,1,2.306,1329.445,138.36,290.586,1,Start,Finish,245,43.5109103500155,16.363974050014804,302,223,290,67,,,False,
2026-05-12T12:06:22+00:00,43.512915663421154,16.36648782156408,165,2026-05-12T12:09:50.123787+00:00,823,1,2.32,1331.765,139.2,288.944,1,Start,Finish,245,43.5109103500155,16.363974050014804,301,222,290,68,,,False,
2026-05-12T12:06:23+00:00,43.51292243599892,16.366460613906384,164,2026-05-12T12:09:50.123787+00:00,823,1,2.32,1334.084,139.2,288.944,1,Start,Finish,245,43.5109103500155,16.363974050014804,300,222,289,67,,,False,
2026-05-12T12:06:24+00:00,43.51292920857668,16.36643340624869,164,2026-05-12T12:09:50.123787+00:00,823,1,2.32,1336.404,139.2,288.944,1,Start,Finish,245,43.5109103500155,16.363974050014804,300,221,289,68,,,False,
2026-05-12T12:06:25+00:00,43.51293598115444,16.366406198590994,163,2026-05-12T12:09:50.123787+00:00,823,1,2.32,1338.724,139.2,288.944,1,Start,Finish,245,43.5109103500155,16.363974050014804,299,221,288,67,,,False,
2026-05-12T12:06:26+00:00,43.51294275373221,16.3663789909333,163,2026-05-12T12:09:50.123787+00:00,823,1,2.32,1341.043,139.2,288.944,1,Start,Finish,245,43.5109103500155,16.363974050014804,298,221,287,66,,,False,
2026-05-12T12:06:27+00:00,43.51294834166765,16.366352615877986,162,2026-05-12T12:09:50.123787+00:00,823,1,2.216,1343.259,132.96,286.285,1,Start,Finish,245,43.5109103500155,16.363974050014804,297,220,287,67,,,False,
2026-05-12T12:06:28+00:00,43.5129539296031,16.366326240822673,161,2026-05-12T12:09:50.123787+00:00,823,1,2.216,1345.475,132.96,286.285,1,Start,Finish,245,43.5109103500155,16.363974050014804,296,220,286,66,,,False,
2026-05-12T12:06:29+00:00,43.51295951753855,16.36629986576736,160,2026-05-12T12:09:50.123787+00:00,823,1,2.216,1347.691,132.96,286.285,1,Start,Finish,245,43.5109103500155,16.363974050014804,295,219,286,67,,,False,
2026-05-12T12:06:30+00:00,43.51296401582658,16.36627323925495,159,2026-05-12T12:09:50.123787+00:00,823,1,2.205,1349.895,132.3,283.113,1,Start,Finish,245,43.5109103500155,16.363974050014804,294,219,285,66,,,False,
2026-05-12T12:06:31+00:00,43.51296851411462,16.366246612742543,158,2026-05-12T12:09:50.123787+00:00,823,1,2.205,1352.1,132.3,283.113,1,Start,Finish,245,43.5109103500155,16.363974050014804,293,219,284,65,,,False,
2026-05-12T12:06:32+00:00,43.512973012402654,16.366219986230135,157,2026-05-12T12:09:50.123787+00:00,823,1,2.205,1354.305,132.3,283.113,1,Start,Finish,245,43.5109103500155,16.363974050014804,292,218,284,66,,,False,
2026-05-12T12:06:33+00:00,43.51297829300165,16.366190523840487,156,2026-05-12T12:09:50.123787+00:00,823,1,2.447,1356.752,146.82,283.882,1,Start,Finish,245,43.5109103500155,16.363974050014804,291,218,284,66,,,False,
2026-05-12T12:06:34+00:00,43.51298357360065,16.36616106145084,156,2026-05-12T12:09:50.123787+00:00,823,1,2.447,1359.199,146.82,283.882,1,Start,Finish,245,43.5109103500155,16.363974050014804,290,217,284,67,,,False,
2026-05-12T12:06:35+00:00,43.51298885419965,16.36613159906119,156,2026-05-12T12:09:50.123787+00:00,823,1,2.447,1361.647,146.82,283.882,1,Start,Finish,245,43.5109103500155,16.363974050014804,289,217,285,68,,,False,
2026-05-12T12:06:36+00:00,43.512994134798646,16.366102136671543,155,2026-05-12T12:09:50.123787+00:00,823,1,2.447,1364.094,146.82,283.882,1,Start,Finish,245,43.5109103500155,16.363974050014804,288,217,285,68,,,False,
2026-05-12T12:06:37+00:00,43.513000157794785,16.366075482219458,155,2026-05-12T12:09:50.123787+00:00,823,1,2.251,1366.345,135.06,287.306,1,Start,Finish,245,43.5109103500155,16.363974050014804,288,216,286,70,,,False,
2026-05-12T12:06:38+00:00,43.51300618079092,16.366048827767372,156,2026-05-12T12:09:50.123787+00:00,823,1,2.251,1368.597,135.06,287.306,1,Start,Finish,245,43.5109103500155,16.363974050014804,287,216,286,70,,,False,
2026-05-12T12:06:39+00:00,43.513012203787056,16.366022173315287,156,2026-05-12T12:09:50.123787+00:00,823,1,2.251,1370.848,135.06,287.306,1,Start,Finish,245,43.5109103500155,16.363974050014804,286,215,287,72,,,False,
2026-05-12T12:06:40+00:00,43.51301822678319,16.3659955188632,157,2026-05-12T12:09:50.123787+00:00,823,1,2.251,1373.099,135.06,287.306,1,Start,Finish,245,43.5109103500155,16.363974050014804,286,215,287,72,,,False,
2026-05-12T12:06:41+00:00,43.51302424977933,16.365968864411116,157,2026-05-12T12:09:50.123787+00:00,823,1,2.251,1375.351,135.06,287.306,1,Start,Finish,245,43.5109103500155,16.363974050014804,285,214,287,73,,,False,
2026-05-12T12:06:42+00:00,43.51303027277546,16.36594220995903,158,2026-05-12T12:09:50.123787+00:00,823,1,2.251,1377.602,135.06,287.306,1,Start,Finish,245,43.5109103500155,16.363974050014804,284,214,286,72,,,False,
2026-05-12T12:06:43+00:00,43.5130362957716,16.365915555506945,158,2026-05-12T12:09:50.123787+00:00,823,1,2.251,1379.854,135.06,287.306,1,Start,Finish,245,43.5109103500155,16.363974050014804,284,214,286,72,,,False,
2026-05-12T12:06:44+00:00,43.5130413249135,16.36588898487389,159,2026-05-12T12:09:50.123787+00:00,823,1,2.214,1382.068,132.84,284.627,1,Start,Finish,245,43.5109103500155,16.363974050014804,283,213,286,73,,,False,
2026-05-12T12:06:45+00:00,43.513046354055405,16.365862414240837,160,2026-05-12T12:09:50.123787+00:00,823,1,2.214,1384.282,132.84,284.627,1,Start,Finish,245,43.5109103500155,16.363974050014804,282,213,287,74,,,False,
2026-05-12T12:06:46+00:00,43.51305177435279,16.365835228934884,159,2026-05-12T12:09:50.123787+00:00,823,1,2.274,1386.556,136.44,285.372,1,Start,Finish,245,43.5109103500155,16.363974050014804,281,212,287,75,,,False,
2026-05-12T12:06:47+00:00,43.51305719465017,16.36580804362893,158,2026-05-12T12:09:50.123787+00:00,823,1,2.274,1388.83,136.44,285.372,1,Start,Finish,245,43.5109103500155,16.363974050014804,281,212,287,75,,,False,
2026-05-12T12:06:48+00:00,43.51306261494756,16.365780858322978,157,2026-05-12T12:09:50.123787+00:00,823,1,2.274,1391.103,136.44,285.372,1,Start,Finish,245,43.5109103500155,16.363974050014804,280,211,287,76,,,False,
2026-05-12T12:06:49+00:00,43.51307108066976,16.365751856938004,154,2026-05-12T12:09:50.123787+00:00,823,1,2.521,1393.624,151.26,291.925,1,Start,Finish,245,43.5109103500155,16.363974050014804,280,211,287,76,,,False,
2026-05-12T12:06:50+00:00,43.51307954639197,16.36572285555303,150,2026-05-12T12:09:50.123787+00:00,823,1,2.521,1396.145,151.26,291.925,1,Start,Finish,245,43.5109103500155,16.363974050014804,279,210,284,74,,,False,
2026-05-12T12:06:51+00:00,43.51308574900031,16.36569119989872,149,2026-05-12T12:09:50.123787+00:00,823,1,2.644,1398.789,158.64,285.119,1,Start,Finish,245,43.5109103500155,16.363974050014804,279,210,276,66,,,False,
2026-05-12T12:06:52+00:00,43.51309195160866,16.36565954424441,148,2026-05-12T12:09:50.123787+00:00,823,1,2.644,1401.434,158.64,285.119,1,Start,Finish,245,43.5109103500155,16.363974050014804,278,209,266,57,,,False,
2026-05-12T12:06:53+00:00,43.513098154217005,16.365627888590097,147,2026-05-12T12:09:50.123787+00:00,823,1,2.644,1404.078,158.64,285.119,1,Start,Finish,245,43.5109103500155,16.363974050014804,277,209,253,44,,,False,
2026-05-12T12:06:54+00:00,43.51309454999864,16.3656070176512,147,2026-05-12T12:09:50.123787+00:00,823,1,1.73,1405.808,103.8,256.606,1,Start,Finish,245,43.5109103500155,16.363974050014804,276,208,245,37,,,False,
2026-05-12T12:06:55+00:00,43.51308973040432,16.365593438968062,149,2026-05-12T12:09:50.123787+00:00,823,1,1.219,1407.027,73.14,243.922,1,Start,Finish,245,43.5109103500155,16.363974050014804,275,208,231,23,,,False,
2026-05-12T12:06:56+00:00,43.513084910809994,16.365579860284925,151,2026-05-12T12:09:50.123787+00:00,823,1,1.219,1408.246,73.14,243.922,1,Start,Finish,245,43.5109103500155,16.363974050014804,274,208,231,23,,,False,
2026-05-12T12:06:57+00:00,43.51307284086943,16.36558053083718,152,2026-05-12T12:09:50.123787+00:00,823,1,1.343,1409.589,80.58,177.693,1,Start,Finish,245,43.5109103500155,16.363974050014804,273,208,218,10,,,False,
2026-05-12T12:06:58+00:00,43.51305406540632,16.365584218874574,155,2026-05-12T12:09:50.123787+00:00,823,1,2.109,1411.698,126.54,171.893,1,Start,Finish,245,43.5109103500155,16.363974050014804,271,209,211,2,,,False,
2026-05-12T12:06:59+00:00,43.513028835877776,16.365590253844857,156,2026-05-12T12:09:50.123787+00:00,823,1,2.847,1414.546,170.82,170.159,1,Start,Finish,245,43.5109103500155,16.363974050014804,269,209,198,11,,,False,
2026-05-12T12:07:00+00:00,43.51300681242719,16.365589185152203,157,2026-05-12T12:09:50.123787+00:00,823,1,2.45,1416.996,147.0,182.015,1,Start,Finish,245,43.5109103500155,16.363974050014804,267,209,191,18,,,False,
2026-05-12T12:07:01+00:00,43.51298478897661,16.36558811645955,158,2026-05-12T12:09:50.123787+00:00,823,1,2.45,1419.446,147.0,182.015,1,Start,Finish,245,43.5109103500155,16.363974050014804,265,209,181,28,,,False,
2026-05-12T12:07:02+00:00,43.51296276552603,16.365587047766894,158,2026-05-12T12:09:50.123787+00:00,823,1,2.45,1421.897,147.0,182.015,1,Start,Finish,245,43.5109103500155,16.363974050014804,263,210,183,27,,,False,
2026-05-12T12:07:03+00:00,43.51294074207544,16.36558597907424,159,2026-05-12T12:09:50.123787+00:00,823,1,2.45,1424.347,147.0,182.015,1,Start,Finish,245,43.5109103500155,16.363974050014804,261,210,184,26,,,False,
2026-05-12T12:07:04+00:00,43.5129202734679,16.365581084042788,159,2026-05-12T12:09:50.123787+00:00,823,1,2.31,1426.657,138.6,189.839,1,Start,Finish,245,43.5109103500155,16.363974050014804,258,210,186,24,,,False,
2026-05-12T12:07:05+00:00,43.51289980486035,16.365576189011335,160,2026-05-12T12:09:50.123787+00:00,823,1,2.31,1428.967,138.6,189.839,1,Start,Finish,245,43.5109103500155,16.363974050014804,256,210,187,23,,,False,
2026-05-12T12:07:06+00:00,43.51287933625281,16.365571293979883,160,2026-05-12T12:09:50.123787+00:00,823,1,2.31,1431.277,138.6,189.839,1,Start,Finish,245,43.5109103500155,16.363974050014804,254,210,188,22,,,False,
2026-05-12T12:07:07+00:00,43.512858867645264,16.36556639894843,161,2026-05-12T12:09:50.123787+00:00,823,1,2.31,1433.587,138.6,189.839,1,Start,Finish,245,43.5109103500155,16.363974050014804,252,211,189,22,,,False,
2026-05-12T12:07:08+00:00,43.51283839903772,16.36556150391698,161,2026-05-12T12:09:50.123787+00:00,823,1,2.31,1435.897,138.6,189.839,1,Start,Finish,245,43.5109103500155,16.363974050014804,250,211,189,22,,,False,
2026-05-12T12:07:09+00:00,43.512816161848605,16.36555688548833,161,2026-05-12T12:09:50.123787+00:00,823,1,2.501,1438.398,150.06,188.566,1,Start,Finish,245,43.5109103500155,16.363974050014804,247,211,189,22,,,False,
2026-05-12T12:07:10+00:00,43.51279392465949,16.365552267059684,161,2026-05-12T12:09:50.123787+00:00,823,1,2.501,1440.898,150.06,188.566,1,Start,Finish,245,43.5109103500155,16.363974050014804,245,211,189,22,,,False,
2026-05-12T12:07:11+00:00,43.51277168747038,16.365547648631036,161,2026-05-12T12:09:50.123787+00:00,823,1,2.501,1443.399,150.06,188.566,1,Start,Finish,245,43.5109103500155,16.363974050014804,243,212,189,23,,,False,
2026-05-12T12:07:12+00:00,43.51274945028126,16.36554303020239,161,2026-05-12T12:09:50.123787+00:00,823,1,2.501,1445.899,150.06,188.566,1,Start,Finish,245,43.5109103500155,16.363974050014804,240,212,189,23,,,False,
2026-05-12T12:07:13+00:00,43.51272721309215,16.36553841177374,161,2026-05-12T12:09:50.123787+00:00,823,1,2.501,1448.4,150.06,188.566,1,Start,Finish,245,43.5109103500155,16.363974050014804,238,212,189,23,,,False,
2026-05-12T12:07:14+00:00,43.512704975903034,16.365533793345094,161,2026-05-12T12:09:50.123787+00:00,823,1,2.501,1450.9,150.06,188.566,1,Start,Finish,245,43.5109103500155,16.363974050014804,236,212,189,23,,,False,
2026-05-12T12:07:15+00:00,43.51268273871392,16.365529174916446,161,2026-05-12T12:09:50.123787+00:00,823,1,2.501,1453.401,150.06,188.566,1,Start,Finish,245,43.5109103500155,16.363974050014804,234,212,189,23,,,False,
2026-05-12T12:07:16+00:00,43.512660501524806,16.3655245564878,161,2026-05-12T12:09:50.123787+00:00,823,1,2.501,1455.902,150.06,188.566,1,Start,Finish,245,43.5109103500155,16.363974050014804,231,213,190,23,,,False,
2026-05-12T12:07:17+00:00,43.51263826433569,16.36551993805915,161,2026-05-12T12:09:50.123787+00:00,823,1,2.501,1458.402,150.06,188.566,1,Start,Finish,245,43.5109103500155,16.363974050014804,229,213,190,23,,,False,
2026-05-12T12:07:18+00:00,43.51261602714658,16.365515319630504,161,2026-05-12T12:09:50.123787+00:00,823,1,2.501,1460.903,150.06,188.566,1,Start,Finish,245,43.5109103500155,16.363974050014804,227,213,191,22,,,False,
2026-05-12T12:07:19+00:00,43.512595100328326,16.365508558228612,160,2026-05-12T12:09:50.123787+00:00,823,1,2.39,1463.293,143.4,193.187,1,Start,Finish,245,43.5109103500155,16.363974050014804,225,213,192,21,,,False,
2026-05-12T12:07:20+00:00,43.512574173510075,16.36550179682672,159,2026-05-12T12:09:50.123787+00:00,823,1,2.39,1465.683,143.4,193.188,1,Start,Finish,245,43.5109103500155,16.363974050014804,222,214,193,21,,,False,
2026-05-12T12:07:21+00:00,43.51255324669182,16.36549503542483,158,2026-05-12T12:09:50.123787+00:00,823,1,2.39,1468.073,143.4,193.188,1,Start,Finish,245,43.5109103500155,16.363974050014804,220,214,194,20,,,False,
2026-05-12T12:07:22+00:00,43.51253196863191,16.365485707564012,158,2026-05-12T12:09:50.123787+00:00,823,1,2.483,1470.555,148.98,197.637,1,Start,Finish,245,43.5109103500155,16.363974050014804,218,214,195,19,,,False,
2026-05-12T12:07:23+00:00,43.51251069057201,16.3654763797032,157,2026-05-12T12:09:50.123787+00:00,823,1,2.483,1473.038,148.98,197.637,1,Start,Finish,245,43.5109103500155,16.363974050014804,215,214,196,18,,,False,
2026-05-12T12:07:24+00:00,43.512489412512096,16.365467051842383,157,2026-05-12T12:09:50.123787+00:00,823,1,2.483,1475.521,148.98,197.637,1,Start,Finish,245,43.5109103500155,16.363974050014804,213,214,197,17,,,False,
2026-05-12T12:07:25+00:00,43.51246813445219,16.365457723981567,157,2026-05-12T12:09:50.123787+00:00,823,1,2.483,1478.003,148.98,197.637,1,Start,Finish,245,43.5109103500155,16.363974050014804,211,215,198,17,,,False,
2026-05-12T12:07:26+00:00,43.51244685639228,16.36544839612075,157,2026-05-12T12:09:50.123787+00:00,823,1,2.483,1480.486,148.98,197.637,1,Start,Finish,245,43.5109103500155,16.363974050014804,208,215,199,16,,,False,
2026-05-12T12:07:27+00:00,43.512425578332376,16.36543906825994,156,2026-05-12T12:09:50.123787+00:00,823,1,2.483,1482.969,148.98,197.637,1,Start,Finish,245,43.5109103500155,16.363974050014804,206,215,200,15,,,False,
2026-05-12T12:07:28+00:00,43.512404300272465,16.365429740399122,156,2026-05-12T12:09:50.123787+00:00,823,1,2.483,1485.452,148.98,197.637,1,Start,Finish,245,43.5109103500155,16.363974050014804,203,215,201,14,,,False,
2026-05-12T12:07:29+00:00,43.512384770438075,16.36541842482984,154,2026-05-12T12:09:50.123787+00:00,823,1,2.356,1487.807,141.36,202.792,1,Start,Finish,245,43.5109103500155,16.363974050014804,201,215,202,13,,,False,
2026-05-12T12:07:30+00:00,43.512365240603685,16.36540710926056,153,2026-05-12T12:09:50.123787+00:00,823,1,2.356,1490.163,141.36,202.792,1,Start,Finish,245,43.5109103500155,16.363974050014804,199,216,203,13,,,False,
2026-05-12T12:07:31+00:00,43.512346821371466,16.365394693566486,153,2026-05-12T12:09:50.123787+00:00,823,1,2.28,1492.442,136.8,206.052,1,Start,Finish,245,43.5109103500155,16.363974050014804,197,216,203,13,,,False,
2026-05-12T12:07:32+00:00,43.51232840213925,16.365382277872413,153,2026-05-12T12:09:50.123787+00:00,823,1,2.28,1494.722,136.8,206.052,1,Start,Finish,245,43.5109103500155,16.363974050014804,194,216,204,12,,,False,
2026-05-12T12:07:33+00:00,43.51230998290703,16.36536986217834,153,2026-05-12T12:09:50.123787+00:00,823,1,2.28,1497.002,136.8,206.052,1,Start,Finish,245,43.5109103500155,16.363974050014804,192,216,205,11,,,False,
2026-05-12T12:07:34+00:00,43.51229156367481,16.365357446484268,154,2026-05-12T12:09:50.123787+00:00,823,1,2.28,1499.282,136.8,206.052,1,Start,Finish,245,43.5109103500155,16.363974050014804,190,216,206,10,,,False,
2026-05-12T12:07:35+00:00,43.51227314444259,16.365345030790195,154,2026-05-12T12:09:50.123787+00:00,823,1,2.28,1501.561,136.8,206.052,1,Start,Finish,245,43.5109103500155,16.363974050014804,188,216,206,10,,,False,
2026-05-12T12:07:36+00:00,43.51225472521037,16.365332615096122,154,2026-05-12T12:09:50.123787+00:00,823,1,2.28,1503.841,136.8,206.052,1,Start,Finish,245,43.5109103500155,16.363974050014804,185,216,206,10,,,False,
2026-05-12T12:07:37+00:00,43.51223630597815,16.36532019940205,154,2026-05-12T12:09:50.123787+00:00,823,1,2.28,1506.121,136.8,206.052,1,Start,Finish,245,43.5109103500155,16.363974050014804,183,216,207,9,,,False,
2026-05-12T12:07:38+00:00,43.51221788674593,16.365307783707976,154,2026-05-12T12:09:50.123787+00:00,823,1,2.28,1508.401,136.8,206.052,1,Start,Finish,245,43.5109103500155,16.363974050014804,181,216,206,10,,,False,
2026-05-12T12:07:39+00:00,43.51220109499991,16.365295546129346,155,2026-05-12T12:09:50.123787+00:00,823,1,2.112,1510.513,126.72,207.858,1,Start,Finish,245,43.5109103500155,16.363974050014804,179,217,204,13,,,False,
2026-05-12T12:07:40+00:00,43.51218430325389,16.365283308550715,156,2026-05-12T12:09:50.123787+00:00,823,1,2.112,1512.625,126.72,207.858,1,Start,Finish,245,43.5109103500155,16.363974050014804,177,217,203,14,,,False,
2026-05-12T12:07:41+00:00,43.51216751150787,16.365271070972085,157,2026-05-12T12:09:50.123787+00:00,823,1,2.112,1514.736,126.72,207.858,1,Start,Finish,245,43.5109103500155,16.363974050014804,175,217,202,15,,,False,
2026-05-12T12:07:42+00:00,43.51214761286974,16.365263275802135,157,2026-05-12T12:09:50.123787+00:00,823,1,2.3,1517.037,138.0,195.86,1,Start,Finish,245,43.5109103500155,16.363974050014804,172,217,201,16,,,False,
2026-05-12T12:07:43+00:00,43.51212771423161,16.365255480632186,156,2026-05-12T12:09:50.123787+00:00,823,1,2.3,1519.337,138.0,195.86,1,Start,Finish,245,43.5109103500155,16.363974050014804,170,217,199,18,,,False,
2026-05-12T12:07:44+00:00,43.51210781559348,16.365247685462236,156,2026-05-12T12:09:50.123787+00:00,823,1,2.3,1521.637,138.0,195.86,1,Start,Finish,245,43.5109103500155,16.363974050014804,168,218,198,20,,,False,
2026-05-12T12:07:45+00:00,43.51208791695535,16.365239890292287,155,2026-05-12T12:09:50.123787+00:00,823,1,2.3,1523.937,138.0,195.86,1,Start,Finish,245,43.5109103500155,16.363974050014804,166,218,196,22,,,False,
2026-05-12T12:07:46+00:00,43.51206801831722,16.365232095122337,155,2026-05-12T12:09:50.123787+00:00,823,1,2.3,1526.237,138.0,195.86,1,Start,Finish,245,43.5109103500155,16.363974050014804,164,218,194,24,,,False,
2026-05-12T12:07:47+00:00,43.51204850524664,16.365226378664374,155,2026-05-12T12:09:50.123787+00:00,823,1,2.218,1528.456,133.08,191.995,1,Start,Finish,245,43.5109103500155,16.363974050014804,162,219,194,25,,,False,
2026-05-12T12:07:48+00:00,43.512028992176056,16.36522066220641,155,2026-05-12T12:09:50.123787+00:00,823,1,2.218,1530.674,133.08,191.995,1,Start,Finish,245,43.5109103500155,16.363974050014804,160,219,193,26,,,False,
2026-05-12T12:07:49+00:00,43.51200947910547,16.36521494574845,156,2026-05-12T12:09:50.123787+00:00,823,1,2.218,1532.892,133.08,191.995,1,Start,Finish,245,43.5109103500155,16.363974050014804,158,219,193,26,,,False,
2026-05-12T12:07:50+00:00,43.51198996603489,16.365209229290485,156,2026-05-12T12:09:50.123787+00:00,823,1,2.218,1535.11,133.08,191.995,1,Start,Finish,245,43.5109103500155,16.363974050014804,156,220,192,28,,,False,
2026-05-12T12:07:51+00:00,43.511970452964306,16.365203512832522,156,2026-05-12T12:09:50.123787+00:00,823,1,2.218,1537.328,133.08,191.995,1,Start,Finish,245,43.5109103500155,16.363974050014804,154,220,192,28,,,False,
2026-05-12T12:07:52+00:00,43.51195093989372,16.36519779637456,156,2026-05-12T12:09:50.123787+00:00,823,1,2.218,1539.546,133.08,191.995,1,Start,Finish,245,43.5109103500155,16.363974050014804,152,220,192,28,,,False,
2026-05-12T12:07:53+00:00,43.51193142682314,16.365192079916596,156,2026-05-12T12:09:50.123787+00:00,823,1,2.218,1541.765,133.08,191.995,1,Start,Finish,245,43.5109103500155,16.363974050014804,150,221,197,24,,,False,
2026-05-12T12:07:54+00:00,43.51191191375256,16.365186363458633,157,2026-05-12T12:09:50.123787+00:00,823,1,2.218,1543.983,133.08,191.995,1,Start,Finish,245,43.5109103500155,16.363974050014804,148,221,205,16,,,False,
2026-05-12T12:07:55+00:00,43.51189240068197,16.36518064700067,157,2026-05-12T12:09:50.123787+00:00,823,1,2.218,1546.201,133.08,191.995,1,Start,Finish,245,43.5109103500155,16.363974050014804,146,222,214,8,,,False,
2026-05-12T12:07:56+00:00,43.51187288761139,16.365174930542707,157,2026-05-12T12:09:50.123787+00:00,823,1,2.218,1548.419,133.08,191.995,1,Start,Finish,245,43.5109103500155,16.363974050014804,144,222,225,3,,,False,
2026-05-12T12:07:57+00:00,43.51186651736498,16.36515741236508,158,2026-05-12T12:09:50.123787+00:00,823,1,1.58,1550.0,94.8,243.37,1,Start,Finish,245,43.5109103500155,16.363974050014804,143,222,235,13,,,False,
2026-05-12T12:07:58+00:00,43.51186886429787,16.36513008736074,159,2026-05-12T12:09:50.123787+00:00,823,1,2.219,1552.219,133.14,276.754,1,Start,Finish,245,43.5109103500155,16.363974050014804,142,221,246,25,,,False,
2026-05-12T12:07:59+00:00,43.511871211230755,16.3651027623564,160,2026-05-12T12:09:50.123787+00:00,823,1,2.219,1554.437,133.14,276.754,1,Start,Finish,245,43.5109103500155,16.363974050014804,140,220,256,36,,,False,
2026-05-12T12:08:00+00:00,43.51187355816364,16.36507543735206,161,2026-05-12T12:09:50.123787+00:00,823,1,2.219,1556.656,133.14,276.754,1,Start,Finish,245,43.5109103500155,16.363974050014804,139,220,265,45,,,False,
2026-05-12T12:08:01+00:00,43.51187540218234,16.365045178681612,162,2026-05-12T12:09:50.123787+00:00,823,1,2.449,1559.105,146.94,274.803,1,Start,Finish,245,43.5109103500155,16.363974050014804,138,219,272,53,,,False,
2026-05-12T12:08:02+00:00,43.51187724620104,16.365014920011163,162,2026-05-12T12:09:50.123787+00:00,823,1,2.449,1561.554,146.94,274.803,1,Start,Finish,245,43.5109103500155,16.363974050014804,136,218,274,56,,,False,
2026-05-12T12:08:03+00:00,43.511879090219736,16.364984661340714,163,2026-05-12T12:09:50.123787+00:00,823,1,2.449,1564.003,146.94,274.803,1,Start,Finish,245,43.5109103500155,16.363974050014804,135,217,274,57,,,False,
2026-05-12T12:08:04+00:00,43.511880934238434,16.364954402670264,164,2026-05-12T12:09:50.123787+00:00,823,1,2.449,1566.451,146.94,274.803,1,Start,Finish,245,43.5109103500155,16.363974050014804,134,216,273,57,,,False,
2026-05-12T12:08:05+00:00,43.511880934238434,16.364923724904656,164,2026-05-12T12:09:50.123787+00:00,823,1,2.474,1568.925,148.44,270.0,1,Start,Finish,245,43.5109103500155,16.363974050014804,132,215,272,57,,,False,
2026-05-12T12:08:06+00:00,43.511880934238434,16.36489304713905,164,2026-05-12T12:09:50.123787+00:00,823,1,2.474,1571.399,148.44,270.0,1,Start,Finish,245,43.5109103500155,16.363974050014804,131,214,272,58,,,False,
2026-05-12T12:08:07+00:00,43.511880934238434,16.36486236937344,165,2026-05-12T12:09:50.123787+00:00,823,1,2.474,1573.873,148.44,270.0,1,Start,Finish,245,43.5109103500155,16.363974050014804,130,214,272,58,,,False,
2026-05-12T12:08:08+00:00,43.511880934238434,16.364831691607833,165,2026-05-12T12:09:50.123787+00:00,823,1,2.474,1576.347,148.44,270.0,1,Start,Finish,245,43.5109103500155,16.363974050014804,128,213,272,59,,,False,
2026-05-12T12:08:09+00:00,43.51188154891133,16.364805540069938,166,2026-05-12T12:09:50.123787+00:00,823,1,2.11,1578.457,126.6,271.856,1,Start,Finish,245,43.5109103500155,16.363974050014804,127,212,271,59,,,False,
2026-05-12T12:08:10+00:00,43.51188216358423,16.364779388532043,167,2026-05-12T12:09:50.123787+00:00,823,1,2.11,1580.567,126.6,271.856,1,Start,Finish,245,43.5109103500155,16.363974050014804,126,211,272,61,,,False,
2026-05-12T12:08:11+00:00,43.51188277825713,16.364753236994147,168,2026-05-12T12:09:50.123787+00:00,823,1,2.11,1582.677,126.6,271.856,1,Start,Finish,245,43.5109103500155,16.363974050014804,125,210,272,62,,,False,
2026-05-12T12:08:12+00:00,43.51188406907022,16.3647245708853,168,2026-05-12T12:09:50.123787+00:00,823,1,2.316,1584.993,138.96,273.553,1,Start,Finish,245,43.5109103500155,16.363974050014804,124,209,273,64,,,False,
2026-05-12T12:08:13+00:00,43.51188535988331,16.364695904776454,168,2026-05-12T12:09:50.123787+00:00,823,1,2.316,1587.309,138.96,273.553,1,Start,Finish,245,43.5109103500155,16.363974050014804,123,208,273,65,,,False,
2026-05-12T12:08:14+00:00,43.5118866506964,16.364667238667607,169,2026-05-12T12:09:50.123787+00:00,823,1,2.316,1589.625,138.96,273.553,1,Start,Finish,245,43.5109103500155,16.363974050014804,122,207,273,66,,,False,
2026-05-12T12:08:15+00:00,43.511887941509485,16.36463857255876,169,2026-05-12T12:09:50.123787+00:00,823,1,2.316,1591.942,138.96,273.553,1,Start,Finish,245,43.5109103500155,16.363974050014804,121,206,274,68,,,False,
2026-05-12T12:08:16+00:00,43.511889232322574,16.364609906449914,169,2026-05-12T12:09:50.123787+00:00,823,1,2.316,1594.258,138.96,273.553,1,Start,Finish,245,43.5109103500155,16.363974050014804,120,205,274,69,,,False,
2026-05-12T12:08:17+00:00,43.51189056145294,16.364586113819055,169,2026-05-12T12:09:50.123787+00:00,823,1,1.924,1596.182,115.44,274.405,1,Start,Finish,245,43.5109103500155,16.363974050014804,120,204,274,70,,,False,
2026-05-12T12:08:18+00:00,43.51189189058329,16.364562321188195,168,2026-05-12T12:09:50.123787+00:00,823,1,1.924,1598.106,115.44,274.405,1,Start,Finish,245,43.5109103500155,16.363974050014804,119,203,274,71,,,False,
2026-05-12T12:08:19+00:00,43.511893219713656,16.364538528557336,168,2026-05-12T12:09:50.123787+00:00,823,1,1.924,1600.031,115.44,274.405,1,Start,Finish,245,43.5109103500155,16.363974050014804,118,203,275,72,,,False,
2026-05-12T12:08:20+00:00,43.51189454884401,16.364514735926473,168,2026-05-12T12:09:50.123787+00:00,823,1,1.924,1601.955,115.44,274.405,1,Start,Finish,245,43.5109103500155,16.363974050014804,118,202,275,73,,,False,
2026-05-12T12:08:21+00:00,43.511895877974375,16.364490943295614,168,2026-05-12T12:09:50.123787+00:00,823,1,1.924,1603.88,115.44,274.405,1,Start,Finish,245,43.5109103500155,16.363974050014804,117,201,275,74,,,False,
2026-05-12T12:08:22+00:00,43.51189720710473,16.364467150664755,167,2026-05-12T12:09:50.123787+00:00,823,1,1.924,1605.804,115.44,274.405,1,Start,Finish,245,43.5109103500155,16.363974050014804,117,200,275,75,,,False,
2026-05-12T12:08:23+00:00,43.511898536235094,16.364443358033895,167,2026-05-12T12:09:50.123787+00:00,823,1,1.924,1607.728,115.44,274.405,1,Start,Finish,245,43.5109103500155,16.363974050014804,116,199,276,77,,,False,
2026-05-12T12:08:24+00:00,43.51190038025379,16.364423325285316,166,2026-05-12T12:09:50.123787+00:00,823,1,1.628,1609.357,97.68,277.234,1,Start,Finish,245,43.5109103500155,16.363974050014804,116,198,275,77,,,False,
2026-05-12T12:08:25+00:00,43.51190222427249,16.364403292536736,166,2026-05-12T12:09:50.123787+00:00,823,1,1.628,1610.985,97.68,277.234,1,Start,Finish,245,43.5109103500155,16.363974050014804,116,197,275,78,,,False,
2026-05-12T12:08:26+00:00,43.51190406829119,16.364383259788156,166,2026-05-12T12:09:50.123787+00:00,823,1,1.628,1612.614,97.68,277.234,1,Start,Finish,245,43.5109103500155,16.363974050014804,115,197,274,77,,,False,
2026-05-12T12:08:27+00:00,43.511905912309885,16.364363227039576,165,2026-05-12T12:09:50.123787+00:00,823,1,1.628,1614.242,97.68,277.234,1,Start,Finish,245,43.5109103500155,16.363974050014804,115,196,272,76,,,False,
2026-05-12T12:08:28+00:00,43.51190775632858,16.364343194290996,164,2026-05-12T12:09:50.123787+00:00,823,1,1.628,1615.871,97.68,277.234,1,Start,Finish,245,43.5109103500155,16.363974050014804,115,195,271,76,,,False,
2026-05-12T12:08:29+00:00,43.51190960034728,16.364323161542416,164,2026-05-12T12:09:50.123787+00:00,823,1,1.628,1617.499,97.68,277.234,1,Start,Finish,245,43.5109103500155,16.363974050014804,115,194,270,76,,,False,
2026-05-12T12:08:30+00:00,43.51190758869052,16.364303464069963,162,2026-05-12T12:09:50.123787+00:00,823,1,1.604,1619.103,96.24,261.984,1,Start,Finish,245,43.5109103500155,16.363974050014804,114,193,270,77,,,False,
2026-05-12T12:08:31+00:00,43.511904801707715,16.364278171677142,161,2026-05-12T12:09:50.123787+00:00,823,1,2.063,1621.166,123.78,261.361,1,Start,Finish,245,43.5109103500155,16.363974050014804,113,193,268,75,,,False,
2026-05-12T12:08:32+00:00,43.51190201472491,16.364252879284322,160,2026-05-12T12:09:50.123787+00:00,823,1,2.063,1623.229,123.78,261.361,1,Start,Finish,245,43.5109103500155,16.363974050014804,113,192,266,74,,,False,
2026-05-12T12:08:33+00:00,43.511899227742106,16.364227586891502,160,2026-05-12T12:09:50.123787+00:00,823,1,2.063,1625.292,123.78,261.361,1,Start,Finish,245,43.5109103500155,16.363974050014804,112,191,264,73,,,False,
2026-05-12T12:08:34+00:00,43.5118964407593,16.364202294498682,159,2026-05-12T12:09:50.123787+00:00,823,1,2.063,1627.355,123.78,261.361,1,Start,Finish,245,43.5109103500155,16.363974050014804,111,190,260,70,,,False,
2026-05-12T12:08:35+00:00,43.51189445704222,16.36417885310948,159,2026-05-12T12:09:50.123787+00:00,823,1,1.903,1629.258,114.18,263.344,1,Start,Finish,245,43.5109103500155,16.363974050014804,111,189,257,68,,,False,
2026-05-12T12:08:36+00:00,43.51189247332513,16.364155411720276,159,2026-05-12T12:09:50.123787+00:00,823,1,1.903,1631.162,114.18,263.344,1,Start,Finish,245,43.5109103500155,16.363974050014804,110,188,256,68,,,False,
2026-05-12T12:08:37+00:00,43.51189048960805,16.364131970331073,159,2026-05-12T12:09:50.123787+00:00,823,1,1.903,1633.065,114.18,263.344,1,Start,Finish,245,43.5109103500155,16.363974050014804,110,187,255,68,,,False,
2026-05-12T12:08:38+00:00,43.511885572224855,16.364115932956338,158,2026-05-12T12:09:50.123787+00:00,823,1,1.404,1634.469,84.24,247.082,1,Start,Finish,245,43.5109103500155,16.363974050014804,109,186,249,63,,,False,
2026-05-12T12:08:39+00:00,43.51188065484166,16.364099895581603,158,2026-05-12T12:09:50.123787+00:00,823,1,1.404,1635.873,84.24,247.082,1,Start,Finish,245,43.5109103500155,16.363974050014804,108,185,242,57,,,False,
2026-05-12T12:08:40+00:00,43.51187573745847,16.364083858206868,158,2026-05-12T12:09:50.123787+00:00,823,1,1.404,1637.277,84.24,247.082,1,Start,Finish,245,43.5109103500155,16.363974050014804,108,185,237,52,,,False,
2026-05-12T12:08:41+00:00,43.51187082007527,16.364067820832133,157,2026-05-12T12:09:50.123787+00:00,823,1,1.404,1638.681,84.24,247.082,1,Start,Finish,245,43.5109103500155,16.363974050014804,107,184,229,45,,,False,
2026-05-12T12:08:42+00:00,43.51186590269208,16.3640517834574,156,2026-05-12T12:09:50.123787+00:00,823,1,1.404,1640.085,84.24,247.082,1,Start,Finish,245,43.5109103500155,16.363974050014804,106,183,221,38,,,False,
2026-05-12T12:08:43+00:00,43.511860985308886,16.364035746082664,156,2026-05-12T12:09:50.123787+00:00,823,1,1.404,1641.49,84.24,247.082,1,Start,Finish,245,43.5109103500155,16.363974050014804,106,183,217,34,,,False,
2026-05-12T12:08:44+00:00,43.51184606552124,16.364040104672313,156,2026-05-12T12:09:50.123787+00:00,823,1,1.696,1643.185,101.76,168.038,1,Start,Finish,245,43.5109103500155,16.363974050014804,104,183,208,25,,,False,
2026-05-12T12:08:45+00:00,43.511831145733595,16.364044463261962,156,2026-05-12T12:09:50.123787+00:00,823,1,1.696,1644.881,101.76,168.038,1,Start,Finish,245,43.5109103500155,16.363974050014804,103,183,200,17,,,False,
2026-05-12T12:08:46+00:00,43.51181622594595,16.36404882185161,156,2026-05-12T12:09:50.123787+00:00,823,1,1.696,1646.577,101.76,168.038,1,Start,Finish,245,43.5109103500155,16.363974050014804,101,183,193,10,,,False,
2026-05-12T12:08:47+00:00,43.511801306158304,16.36405318044126,156,2026-05-12T12:09:50.123787+00:00,823,1,1.696,1648.273,101.76,168.038,1,Start,Finish,245,43.5109103500155,16.363974050014804,99,184,187,3,,,False,
2026-05-12T12:08:48+00:00,43.51178638637066,16.36405753903091,156,2026-05-12T12:09:50.123787+00:00,823,1,1.696,1649.969,101.76,168.038,1,Start,Finish,245,43.5109103500155,16.363974050014804,98,184,181,3,,,False,
2026-05-12T12:08:49+00:00,43.51177146658301,16.36406189762056,156,2026-05-12T12:09:50.123787+00:00,823,1,1.696,1651.665,101.76,168.038,1,Start,Finish,245,43.5109103500155,16.363974050014804,96,184,171,13,,,False,
2026-05-12T12:08:50+00:00,43.51175654679537,16.364066256210208,156,2026-05-12T12:09:50.123787+00:00,823,1,1.696,1653.36,101.76,168.038,1,Start,Finish,245,43.5109103500155,16.363974050014804,94,185,172,13,,,False,
2026-05-12T12:08:51+00:00,43.51174002682621,16.36406761255454,156,2026-05-12T12:09:50.123787+00:00,823,1,1.84,1655.201,110.4,176.592,1,Start,Finish,245,43.5109103500155,16.363974050014804,93,185,173,12,,,False,
2026-05-12T12:08:52+00:00,43.511723506857045,16.36406896889887,156,2026-05-12T12:09:50.123787+00:00,823,1,1.84,1657.041,110.4,176.592,1,Start,Finish,245,43.5109103500155,16.363974050014804,91,185,173,12,,,False,
2026-05-12T12:08:53+00:00,43.51170698688789,16.3640703252432,156,2026-05-12T12:09:50.123787+00:00,823,1,1.84,1658.881,110.4,176.592,1,Start,Finish,245,43.5109103500155,16.363974050014804,89,185,174,11,,,False,
2026-05-12T12:08:54+00:00,43.51169046691873,16.364071681587532,156,2026-05-12T12:09:50.123787+00:00,823,1,1.84,1660.721,110.4,176.592,1,Start,Finish,245,43.5109103500155,16.363974050014804,87,185,175,10,,,False,
2026-05-12T12:08:55+00:00,43.51167394694957,16.364073037931863,156,2026-05-12T12:09:50.123787+00:00,823,1,1.84,1662.561,110.4,176.592,1,Start,Finish,245,43.5109103500155,16.363974050014804,85,185,176,9,,,False,
2026-05-12T12:08:56+00:00,43.511657426980406,16.364074394276198,156,2026-05-12T12:09:50.123787+00:00,823,1,1.84,1664.402,110.4,176.592,1,Start,Finish,245,43.5109103500155,16.363974050014804,83,186,177,9,,,False,
2026-05-12T12:08:57+00:00,43.51164090701125,16.36407575062053,156,2026-05-12T12:09:50.123787+00:00,823,1,1.84,1666.242,110.4,176.592,1,Start,Finish,245,43.5109103500155,16.363974050014804,82,186,182,4,,,False,
2026-05-12T12:08:58+00:00,43.51162438704209,16.36407710696486,156,2026-05-12T12:09:50.123787+00:00,823,1,1.84,1668.082,110.4,176.592,1,Start,Finish,245,43.5109103500155,16.363974050014804,80,186,188,2,,,False,
2026-05-12T12:08:59+00:00,43.51160786707293,16.36407846330919,156,2026-05-12T12:09:50.123787+00:00,823,1,1.84,1669.922,110.4,176.592,1,Start,Finish,245,43.5109103500155,16.363974050014804,78,186,196,10,,,False,
2026-05-12T12:09:00+00:00,43.51159134710377,16.364079819653522,156,2026-05-12T12:09:50.123787+00:00,823,1,1.84,1671.762,110.4,176.592,1,Start,Finish,245,43.5109103500155,16.363974050014804,76,186,198,12,,,False,
2026-05-12T12:09:01+00:00,43.51157482713461,16.364081175997853,156,2026-05-12T12:09:50.123787+00:00,823,1,1.84,1673.602,110.4,176.592,1,Start,Finish,245,43.5109103500155,16.363974050014804,74,187,207,20,,,False,
2026-05-12T12:09:02+00:00,43.5115700494498,16.364064663648605,157,2026-05-12T12:09:50.123787+00:00,823,1,1.434,1675.036,86.04,248.25,1,Start,Finish,245,43.5109103500155,16.363974050014804,74,186,217,31,,,False,
2026-05-12T12:09:03+00:00,43.51156680146232,16.36403708718717,157,2026-05-12T12:09:50.123787+00:00,823,1,2.253,1677.289,135.18,260.775,1,Start,Finish,245,43.5109103500155,16.363974050014804,73,184,226,42,,,False,
2026-05-12T12:09:04+00:00,43.51156355347484,16.364009510725737,156,2026-05-12T12:09:50.123787+00:00,823,1,2.253,1679.542,135.18,260.775,1,Start,Finish,245,43.5109103500155,16.363974050014804,73,182,235,53,,,False,
2026-05-12T12:09:05+00:00,43.511560305487365,16.363981934264302,156,2026-05-12T12:09:50.123787+00:00,823,1,2.253,1681.795,135.18,260.775,1,Start,Finish,245,43.5109103500155,16.363974050014804,72,181,249,68,,,False,
2026-05-12T12:09:06+00:00,43.511557057499886,16.363954357802868,156,2026-05-12T12:09:50.123787+00:00,823,1,2.253,1684.048,135.18,260.775,1,Start,Finish,245,43.5109103500155,16.363974050014804,72,179,254,75,,,False,
2026-05-12T12:09:07+00:00,43.51155140809715,16.363932363688946,157,2026-05-12T12:09:50.123787+00:00,823,1,1.882,1685.93,112.92,250.497,1,Start,Finish,245,43.5109103500155,16.363974050014804,71,177,253,76,,,False,
2026-05-12T12:09:08+00:00,43.51154575869441,16.363910369575024,157,2026-05-12T12:09:50.123787+00:00,823,1,1.882,1687.811,112.92,250.497,1,Start,Finish,245,43.5109103500155,16.363974050014804,71,176,251,75,,,False,
2026-05-12T12:09:09+00:00,43.51154010929167,16.3638883754611,158,2026-05-12T12:09:50.123787+00:00,823,1,1.882,1689.693,112.92,250.497,1,Start,Finish,245,43.5109103500155,16.363974050014804,70,174,249,75,,,False,
2026-05-12T12:09:10+00:00,43.511534459888935,16.36386638134718,158,2026-05-12T12:09:50.123787+00:00,823,1,1.882,1691.575,112.92,250.497,1,Start,Finish,245,43.5109103500155,16.363974050014804,70,173,243,70,,,False,
2026-05-12T12:09:11+00:00,43.5115288104862,16.363844387233257,159,2026-05-12T12:09:50.123787+00:00,823,1,1.882,1693.456,112.92,250.497,1,Start,Finish,245,43.5109103500155,16.363974050014804,70,171,236,65,,,False,
2026-05-12T12:09:12+00:00,43.5115212877281,16.363827225286514,159,2026-05-12T12:09:50.123787+00:00,823,1,1.617,1695.073,97.02,238.851,1,Start,Finish,245,43.5109103500155,16.363974050014804,69,170,229,59,,,False,
2026-05-12T12:09:13+00:00,43.511513764970005,16.36381006333977,159,2026-05-12T12:09:50.123787+00:00,823,1,1.617,1696.69,97.02,238.851,1,Start,Finish,245,43.5109103500155,16.363974050014804,68,169,222,53,,,False,
2026-05-12T12:09:14+00:00,43.51150624221191,16.363792901393026,159,2026-05-12T12:09:50.123787+00:00,823,1,1.617,1698.308,97.02,238.851,1,Start,Finish,245,43.5109103500155,16.363974050014804,68,168,215,47,,,False,
2026-05-12T12:09:15+00:00,43.51149871945381,16.363775739446282,159,2026-05-12T12:09:50.123787+00:00,823,1,1.617,1699.925,97.02,238.851,1,Start,Finish,245,43.5109103500155,16.363974050014804,67,166,211,45,,,False,
2026-05-12T12:09:16+00:00,43.51148452050984,16.36377818696201,160,2026-05-12T12:09:50.123787+00:00,823,1,1.591,1701.516,95.46,172.874,1,Start,Finish,245,43.5109103500155,16.363974050014804,66,166,206,40,,,False,
2026-05-12T12:09:17+00:00,43.51147032156587,16.363780634477735,160,2026-05-12T12:09:50.123787+00:00,823,1,1.591,1703.107,95.46,172.874,1,Start,Finish,245,43.5109103500155,16.363974050014804,64,166,198,32,,,False,
2026-05-12T12:09:18+00:00,43.511456122621894,16.36378308199346,161,2026-05-12T12:09:50.123787+00:00,823,1,1.591,1704.698,95.46,172.874,1,Start,Finish,245,43.5109103500155,16.363974050014804,63,166,193,27,,,False,
2026-05-12T12:09:19+00:00,43.51144192367792,16.363785529509187,161,2026-05-12T12:09:50.123787+00:00,823,1,1.591,1706.289,95.46,172.874,1,Start,Finish,245,43.5109103500155,16.363974050014804,61,166,185,19,,,False,
2026-05-12T12:09:20+00:00,43.51142772473395,16.363787977024913,162,2026-05-12T12:09:50.123787+00:00,823,1,1.591,1707.88,95.46,172.874,1,Start,Finish,245,43.5109103500155,16.363974050014804,59,165,177,12,,,False,
2026-05-12T12:09:21+00:00,43.51140953600407,16.363801388069987,162,2026-05-12T12:09:50.123787+00:00,823,1,2.293,1710.174,137.58,151.865,1,Start,Finish,245,43.5109103500155,16.363974050014804,57,166,165,1,,,False,
2026-05-12T12:09:22+00:00,43.511390016647056,16.36381200165488,162,2026-05-12T12:09:50.123787+00:00,823,1,2.333,1712.507,139.98,158.478,1,Start,Finish,245,43.5109103500155,16.363974050014804,55,166,164,2,,,False,
2026-05-12T12:09:23+00:00,43.511370497290045,16.36382261523977,163,2026-05-12T12:09:50.123787+00:00,823,1,2.333,1714.84,139.98,158.478,1,Start,Finish,245,43.5109103500155,16.363974050014804,53,167,161,6,,,False,
2026-05-12T12:09:24+00:00,43.511350977933034,16.36383322882466,163,2026-05-12T12:09:50.123787+00:00,823,1,2.333,1717.173,139.98,158.478,1,Start,Finish,245,43.5109103500155,16.363974050014804,50,167,159,8,,,False,
2026-05-12T12:09:25+00:00,43.511331458576024,16.36384384240955,164,2026-05-12T12:09:50.123787+00:00,823,1,2.333,1719.506,139.98,158.478,1,Start,Finish,245,43.5109103500155,16.363974050014804,48,167,158,9,,,False,
2026-05-12T12:09:26+00:00,43.51131193921901,16.363854455994442,164,2026-05-12T12:09:50.123787+00:00,823,1,2.333,1721.839,139.98,158.478,1,Start,Finish,245,43.5109103500155,16.363974050014804,46,168,159,9,,,False,
2026-05-12T12:09:27+00:00,43.511292419862,16.363865069579333,164,2026-05-12T12:09:50.123787+00:00,823,1,2.333,1724.173,139.98,158.478,1,Start,Finish,245,43.5109103500155,16.363974050014804,43,168,159,9,,,False,
2026-05-12T12:09:28+00:00,43.51127290050499,16.363875683164224,165,2026-05-12T12:09:50.123787+00:00,823,1,2.333,1726.506,139.98,158.478,1,Start,Finish,245,43.5109103500155,16.363974050014804,41,169,159,10,,,False,
2026-05-12T12:09:29+00:00,43.51125338114798,16.363886296749115,165,2026-05-12T12:09:50.123787+00:00,823,1,2.333,1728.839,139.98,158.478,1,Start,Finish,245,43.5109103500155,16.363974050014804,39,169,160,9,,,False,
2026-05-12T12:09:30+00:00,43.511233711615205,16.363895698450506,164,2026-05-12T12:09:50.123787+00:00,823,1,2.315,1731.154,138.9,160.881,1,Start,Finish,245,43.5109103500155,16.363974050014804,37,170,160,10,,,False,
2026-05-12T12:09:31+00:00,43.51121404208243,16.363905100151896,164,2026-05-12T12:09:50.123787+00:00,823,1,2.315,1733.469,138.9,160.881,1,Start,Finish,245,43.5109103500155,16.363974050014804,34,171,160,11,,,False,
2026-05-12T12:09:32+00:00,43.51119437254965,16.363914501853287,164,2026-05-12T12:09:50.123787+00:00,823,1,2.315,1735.783,138.9,160.881,1,Start,Finish,245,43.5109103500155,16.363974050014804,32,171,162,9,,,False,
2026-05-12T12:09:33+00:00,43.51117470301688,16.363923903554678,163,2026-05-12T12:09:50.123787+00:00,823,1,2.315,1738.098,138.9,160.881,1,Start,Finish,245,43.5109103500155,16.363974050014804,30,172,163,9,,,False,
2026-05-12T12:09:34+00:00,43.5111550334841,16.36393330525607,162,2026-05-12T12:09:50.123787+00:00,823,1,2.315,1740.413,138.9,160.881,1,Start,Finish,245,43.5109103500155,16.363974050014804,27,173,164,9,,,False,
2026-05-12T12:09:35+00:00,43.511135363951325,16.36394270695746,162,2026-05-12T12:09:50.123787+00:00,823,1,2.315,1742.728,138.9,160.881,1,Start,Finish,245,43.5109103500155,16.363974050014804,25,174,164,10,,,False,
2026-05-12T12:09:36+00:00,43.51111772004515,16.36394585017115,162,2026-05-12T12:09:50.123787+00:00,823,1,1.978,1744.706,118.68,172.638,1,Start,Finish,245,43.5109103500155,16.363974050014804,23,174,164,10,,,False,
2026-05-12T12:09:37+00:00,43.51110007613897,16.363948993384838,162,2026-05-12T12:09:50.123787+00:00,823,1,1.978,1746.684,118.68,172.638,1,Start,Finish,245,43.5109103500155,16.363974050014804,21,175,165,10,,,False,
2026-05-12T12:09:38+00:00,43.51108325645328,16.36395617388189,161,2026-05-12T12:09:50.123787+00:00,823,1,1.958,1748.642,117.48,162.797,1,Start,Finish,245,43.5109103500155,16.363974050014804,19,176,166,10,,,False,
2026-05-12T12:09:39+00:00,43.51106643676758,16.36396335437894,160,2026-05-12T12:09:50.123787+00:00,823,1,1.958,1750.6,117.48,162.797,1,Start,Finish,245,43.5109103500155,16.363974050014804,17,177,167,10,,,False,
2026-05-12T12:09:40+00:00,43.51104961708188,16.36397053487599,159,2026-05-12T12:09:50.123787+00:00,823,1,1.958,1752.558,117.48,162.797,1,Start,Finish,245,43.5109103500155,16.363974050014804,15,179,168,11,,,False,
2026-05-12T12:09:41+00:00,43.5110364574939,16.363975144922733,158,2026-05-12T12:09:50.123787+00:00,823,1,1.51,1754.068,90.6,165.745,1,Start,Finish,245,43.5109103500155,16.363974050014804,14,180,169,11,,,False,
2026-05-12T12:09:42+00:00,43.51102329790592,16.363979754969478,156,2026-05-12T12:09:50.123787+00:00,823,1,1.51,1755.577,90.6,165.745,1,Start,Finish,245,43.5109103500155,16.363974050014804,13,182,170,12,,,False,
2026-05-12T12:09:43+00:00,43.5110089648515,16.363983233459294,154,2026-05-12T12:09:50.123787+00:00,823,1,1.618,1757.196,97.08,170.018,1,Start,Finish,245,43.5109103500155,16.363974050014804,11,184,170,14,,,False,
2026-05-12T12:09:44+00:00,43.510994631797075,16.36398671194911,152,2026-05-12T12:09:50.123787+00:00,823,1,1.618,1758.814,97.08,170.018,1,Start,Finish,245,43.5109103500155,16.363974050014804,9,186,171,15,,,False,
2026-05-12T12:09:45+00:00,43.5109793767333,16.36398863978684,150,2026-05-12T12:09:50.123787+00:00,823,1,1.703,1760.517,102.18,174.763,1,Start,Finish,245,43.5109103500155,16.363974050014804,8,189,171,18,,,False,
2026-05-12T12:09:46+00:00,43.5109648341313,16.36399006471038,150,2026-05-12T12:09:50.123787+00:00,823,1,1.621,1762.138,97.26,175.935,1,Start,Finish,245,43.5109103500155,16.363974050014804,6,192,172,20,,,False,
2026-05-12T12:09:47+00:00,43.5109502915293,16.363991489633918,149,2026-05-12T12:09:50.123787+00:00,823,1,1.621,1763.76,97.26,175.935,1,Start,Finish,245,43.5109103500155,16.363974050014804,5,198,173,25,,,False,
2026-05-12T12:09:48+00:00,43.510935748927295,16.363992914557457,148,2026-05-12T12:09:50.123787+00:00,823,1,1.621,1765.381,97.26,175.935,1,Start,Finish,245,43.5109103500155,16.363974050014804,3,208,171,37,,,False,
2026-05-12T12:09:49+00:00,43.51092120632529,16.363994339480996,148,2026-05-12T12:09:50.123787+00:00,823,1,1.621,1767.002,97.26,175.935,1,Start,Finish,245,43.5109103500155,16.363974050014804,2,234,171,63,,,False,
2026-05-12T12:09:50+00:00,43.51090666372329,16.363995764404535,148,2026-05-12T12:09:50.123787+00:00,823,1,1.621,1768.623,97.26,175.935,1,Start,Finish,245,43.5109103500155,16.363974050014804,2,283,171,112,,,False,
2026-05-12T12:09:51+00:00,43.51089212112129,16.363997189328074,147,2026-05-12T12:09:50.123787+00:00,823,1,1.621,1770.244,97.26,175.935,1,Start,Finish,245,43.5109103500155,16.363974050014804,3,317,169,148,,,False,
2026-05-12T12:09:52+00:00,43.51088109891862,16.36399974580854,145,2026-05-12T12:09:50.123787+00:00,823,1,1.243,1771.487,74.58,170.452,1,Start,Finish,245,43.5109103500155,16.363974050014804,4,327,167,160,,,False,
2026-05-12T12:09:53+00:00,43.510870076715946,16.36400230228901,143,2026-05-12T12:09:50.123787+00:00,823,1,1.243,1772.73,74.58,170.452,1,Start,Finish,245,43.5109103500155,16.363974050014804,5,333,164,169,,,False,
2026-05-12T12:09:54+00:00,43.51085867732763,16.364009091630578,140,2026-05-12T12:09:50.123787+00:00,823,1,1.381,1774.111,82.86,156.638,1,Start,Finish,245,43.5109103500155,16.363974050014804,6,334,161,173,,,False,
2026-05-12T12:09:55+00:00,43.51084815803915,16.3640139112249,138,2026-05-12T12:09:50.123787+00:00,823,1,1.233,1775.343,73.98,161.619,1,Start,Finish,245,43.5109103500155,16.363974050014804,8,335,159,176,,,False,
2026-05-12T12:09:56+00:00,43.51083763875067,16.364018730819225,137,2026-05-12T12:09:50.123787+00:00,823,1,1.233,1776.576,73.98,161.619,1,Start,Finish,245,43.5109103500155,16.363974050014804,9,336,158,178,,,False,
2026-05-12T12:09:57+00:00,43.51082917302847,16.364020868204534,135,2026-05-12T12:09:50.123787+00:00,823,1,0.957,1777.533,57.42,169.624,1,Start,Finish,245,43.5109103500155,16.363974050014804,10,337,156,179,,,False,
2026-05-12T12:09:58+00:00,43.510820707306266,16.364023005589843,133,2026-05-12T12:09:50.123787+00:00,823,1,0.957,1778.49,57.42,169.624,1,Start,Finish,245,43.5109103500155,16.363974050014804,11,338,155,177,,,False,
2026-05-12T12:09:59+00:00,43.51081538479775,16.364026106894016,134,2026-05-12T12:09:50.123787+00:00,823,1,0.643,1779.132,38.58,157.092,1,Start,Finish,245,43.5109103500155,16.363974050014804,11,338,154,176,,,False,
2026-05-12T12:10:00+00:00,43.51081006228924,16.36402920819819,136,2026-05-12T12:09:50.123787+00:00,823,1,0.643,1779.775,38.58,157.092,1,Start,Finish,245,43.5109103500155,16.363974050014804,12,338,154,176,,,False,
2026-05-12T12:10:01+00:00,43.51080360822379,16.364036668092012,138,2026-05-12T12:09:50.123787+00:00,823,1,0.936,1780.711,56.16,140.028,1,Start,Finish,245,43.5109103500155,16.363974050014804,13,337,152,175,,,False,
2026-05-12T12:10:02+00:00,43.51079695858061,16.364047480747104,136,2026-05-12T12:09:50.123787+00:00,823,1,1.143,1781.854,68.58,130.297,1,Start,Finish,245,43.5109103500155,16.363974050014804,14,335,150,175,,,False,
2026-05-12T12:10:03+00:00,43.51079030893743,16.364058293402195,135,2026-05-12T12:09:50.123787+00:00,823,1,1.143,1782.998,68.58,130.297,1,Start,Finish,245,43.5109103500155,16.363974050014804,15,333,148,175,,,False,
2026-05-12T12:10:04+00:00,43.51078365929425,16.364069106057286,133,2026-05-12T12:09:50.123787+00:00,823,1,1.143,1784.141,68.58,130.297,1,Start,Finish,245,43.5109103500155,16.363974050014804,16,331,147,176,,,False,
2026-05-12T12:10:05+00:00,43.510777121409774,16.364074246957898,131,2026-05-12T12:09:50.123787+00:00,823,1,0.837,1784.978,50.22,150.305,1,Start,Finish,245,43.5109103500155,16.363974050014804,17,331,145,174,,,False,
2026-05-12T12:10:06+00:00,43.5107705835253,16.36407938785851,130,2026-05-12T12:09:50.123787+00:00,823,1,0.837,1785.815,50.22,150.305,1,Start,Finish,245,43.5109103500155,16.363974050014804,18,331,144,173,,,False,
2026-05-12T12:10:07+00:00,43.510764045640826,16.364084528759122,128,2026-05-12T12:09:50.123787+00:00,823,1,0.837,1786.652,50.22,150.305,1,Start,Finish,245,43.5109103500155,16.363974050014804,19,331,142,171,,,False,
2026-05-12T12:10:08+00:00,43.51075834594667,16.36408972553909,125,2026-05-12T12:09:50.123787+00:00,823,1,0.76,1787.411,45.6,146.525,1,Start,Finish,245,43.5109103500155,16.363974050014804,19,331,140,169,,,False,
2026-05-12T12:10:09+00:00,43.51075310725719,16.364093413576484,123,2026-05-12T12:09:50.123787+00:00,823,1,0.654,1788.065,39.24,152.952,1,Start,Finish,245,43.5109103500155,16.363974050014804,20,331,138,167,,,False,
2026-05-12T12:10:10+00:00,43.510747868567705,16.36409710161388,121,2026-05-12T12:09:50.123787+00:00,823,1,0.654,1788.72,39.24,152.952,1,Start,Finish,245,43.5109103500155,16.363974050014804,21,331,136,165,,,False,
2026-05-12T12:10:11+00:00,43.51074355188757,16.36410175357014,120,2026-05-12T12:09:50.123787+00:00,823,1,0.609,1789.329,36.54,141.99,1,Start,Finish,245,43.5109103500155,16.363974050014804,21,331,134,163,,,False,
2026-05-12T12:10:12+00:00,43.51073923520744,16.3641064055264,118,2026-05-12T12:09:50.123787+00:00,823,1,0.609,1789.938,36.54,141.99,1,Start,Finish,245,43.5109103500155,16.363974050014804,22,331,133,162,,,False,
2026-05-12T12:10:13+00:00,43.51073507219553,16.364110317081213,117,2026-05-12T12:09:50.123787+00:00,823,1,0.56,1790.498,33.6,145.728,1,Start,Finish,245,43.5109103500155,16.363974050014804,22,331,133,162,,,False,
2026-05-12T12:10:14+00:00,43.51073090918362,16.364114228636026,116,2026-05-12T12:09:50.123787+00:00,823,1,0.56,1791.058,33.6,145.728,1,Start,Finish,245,43.5109103500155,16.363974050014804,23,330,132,162,,,False,
2026-05-12T12:10:15+00:00,43.51072674617171,16.36411814019084,115,2026-05-12T12:09:50.123787+00:00,823,1,0.56,1791.618,33.6,145.728,1,Start,Finish,245,43.5109103500155,16.363974050014804,23,330,132,162,,,False,
2026-05-12T12:10:16+00:00,43.51072360295802,16.364124049432576,116,2026-05-12T12:09:50.123787+00:00,823,1,0.591,1792.209,35.46,126.257,1,Start,Finish,245,43.5109103500155,16.363974050014804,24,330,131,161,,,False,
2026-05-12T12:10:17+00:00,43.510720459744334,16.36412995867431,118,2026-05-12T12:09:50.123787+00:00,823,1,0.591,1792.8,35.46,126.257,1,Start,Finish,245,43.5109103500155,16.363974050014804,25,329,131,162,,,False,
2026-05-12T12:10:18+00:00,43.510715807788074,16.364136203192174,118,2026-05-12T12:09:50.123787+00:00,823,1,0.722,1793.522,43.32,135.768,1,Start,Finish,245,43.5109103500155,16.363974050014804,25,329,130,161,,,False,
2026-05-12T12:10:19+00:00,43.510711155831814,16.364142447710037,118,2026-05-12T12:09:50.123787+00:00,823,1,0.722,1794.244,43.32,135.768,1,Start,Finish,245,43.5109103500155,16.363974050014804,26,328,129,161,,,False,
2026-05-12T12:10:20+00:00,43.510708305984735,16.36414848268032,119,2026-05-12T12:09:50.123787+00:00,823,1,0.581,1794.825,34.86,123.069,1,Start,Finish,245,43.5109103500155,16.363974050014804,27,328,128,160,,,False,
2026-05-12T12:10:21+00:00,43.51070545613766,16.364154517650604,121,2026-05-12T12:09:50.123787+00:00,823,1,0.581,1795.406,34.86,123.069,1,Start,Finish,245,43.5109103500155,16.363974050014804,27,327,127,160,,,False,
2026-05-12T12:10:22+00:00,43.51070260629058,16.364160552620888,122,2026-05-12T12:09:50.123787+00:00,823,1,0.581,1795.987,34.86,123.069,1,Start,Finish,245,43.5109103500155,16.363974050014804,28,327,126,159,,,False,
2026-05-12T12:10:23+00:00,43.51069908589125,16.364165917038918,125,2026-05-12T12:09:50.123787+00:00,823,1,0.583,1796.57,34.98,132.141,1,Start,Finish,245,43.5109103500155,16.363974050014804,28,327,126,159,,,False,
2026-05-12T12:10:24+00:00,43.51069824770093,16.364168096333742,128,2026-05-12T12:09:50.123787+00:00,823,1,0.199,1796.769,11.94,117.938,1,Start,Finish,245,43.5109103500155,16.363974050014804,28,326,125,159,,,False,
2026-05-12T12:10:25+00:00,43.51069782860577,16.364172790199518,132,2026-05-12T12:09:50.123787+00:00,823,1,0.381,1797.15,22.86,97.018,1,Start,Finish,245,43.5109103500155,16.363974050014804,29,326,125,159,,,False,
2026-05-12T12:10:26+00:00,43.51069573312998,16.36418117210269,134,2026-05-12T12:09:50.123787+00:00,823,1,0.715,1797.865,42.9,109.02,1,Start,Finish,245,43.5109103500155,16.363974050014804,29,325,124,159,,,False,
2026-05-12T12:10:27+00:00,43.510693637654185,16.36418955400586,137,2026-05-12T12:09:50.123787+00:00,823,1,0.715,1798.58,42.9,109.02,1,Start,Finish,245,43.5109103500155,16.363974050014804,30,324,123,159,,,False,
2026-05-12T12:10:28+00:00,43.51069053635001,16.364197013899684,138,2026-05-12T12:09:50.123787+00:00,823,1,0.693,1799.274,41.58,119.822,1,Start,Finish,245,43.5109103500155,16.363974050014804,30,324,122,158,,,False,
2026-05-12T12:10:29+00:00,43.51068827323616,16.364203300327063,135,2026-05-12T12:09:50.123787+00:00,823,1,0.566,1799.84,33.96,116.399,1,Start,Finish,245,43.5109103500155,16.363974050014804,31,323,121,158,,,False,
2026-05-12T12:10:30+00:00,43.51068627355354,16.364207048235194,134,2026-05-12T12:09:50.123787+00:00,823,1,0.375,1800.215,22.5,126.341,1,Start,Finish,245,43.5109103500155,16.363974050014804,31,323,121,158,,,False,
2026-05-12T12:10:31+00:00,43.51068427387093,16.36421079614333,134,2026-05-12T12:09:50.123787+00:00,823,1,0.375,1800.59,22.5,126.341,1,Start,Finish,245,43.5109103500155,16.363974050014804,32,323,120,157,,,False,
2026-05-12T12:10:32+00:00,43.51068227418831,16.36421454405146,133,2026-05-12T12:09:50.123787+00:00,823,1,0.375,1800.965,22.5,126.341,1,Start,Finish,245,43.5109103500155,16.363974050014804,32,323,119,156,,,False,
2026-05-12T12:10:33+00:00,43.5106802745057,16.36421829195959,132,2026-05-12T12:09:50.123787+00:00,823,1,0.375,1801.341,22.5,126.341,1,Start,Finish,245,43.5109103500155,16.363974050014804,32,322,118,156,,,False,
2026-05-12T12:10:34+00:00,43.510678274823086,16.364222039867723,131,2026-05-12T12:09:50.123787+00:00,823,1,0.375,1801.716,22.5,126.341,1,Start,Finish,245,43.5109103500155,16.363974050014804,33,322,117,155,,,False,
2026-05-12T12:10:35+00:00,43.51067627514048,16.364225787775858,131,2026-05-12T12:09:50.123787+00:00,823,1,0.375,1802.091,22.5,126.341,1,Start,Finish,245,43.5109103500155,16.363974050014804,33,322,117,155,,,False,
2026-05-12T12:10:36+00:00,43.51067427545786,16.36422953568399,130,2026-05-12T12:09:50.123787+00:00,823,1,0.375,1802.466,22.5,126.341,1,Start,Finish,245,43.5109103500155,16.363974050014804,33,322,117,155,,,False,
2026-05-12T12:10:37+00:00,43.51067318581045,16.36423096060753,126,2026-05-12T12:09:50.123787+00:00,823,1,0.167,1802.633,10.02,136.517,1,Start,Finish,245,43.5109103500155,16.363974050014804,34,322,117,155,,,False,
2026-05-12T12:10:38+00:00,43.5106722638011,16.364233726635575,123,2026-05-12T12:09:50.123787+00:00,823,1,0.245,1802.879,14.7,114.684,1,Start,Finish,245,43.5109103500155,16.363974050014804,34,322,116,154,,,False,
2026-05-12T12:10:39+00:00,43.51067159324885,16.364237498492002,117,2026-05-12T12:09:50.123787+00:00,823,1,0.313,1803.192,18.78,103.773,1,Start,Finish,245,43.5109103500155,16.363974050014804,34,321,116,155,,,False,
2026-05-12T12:10:40+00:00,43.51067075505853,16.36424168944359,118,2026-05-12T12:09:50.123787+00:00,823,1,0.351,1803.542,21.06,105.417,1,Start,Finish,245,43.5109103500155,16.363974050014804,34,321,115,154,,,False,
2026-05-12T12:10:41+00:00,43.510669854003936,16.364244769793004,119,2026-05-12T12:09:50.123787+00:00,823,1,0.268,1803.81,16.08,111.966,1,Start,Finish,245,43.5109103500155,16.363974050014804,35,321,115,154,,,False,
2026-05-12T12:10:42+00:00,43.510668952949345,16.36424785014242,120,2026-05-12T12:09:50.123787+00:00,823,1,0.268,1804.078,16.08,111.966,1,Start,Finish,245,43.5109103500155,16.363974050014804,35,321,115,154,,,False,
2026-05-12T12:10:43+00:00,43.510668051894754,16.364250930491835,120,2026-05-12T12:09:50.123787+00:00,823,1,0.268,1804.346,16.08,111.966,1,Start,Finish,245,43.5109103500155,16.363974050014804,35,320,115,155,,,False,
2026-05-12T12:10:44+00:00,43.51066715084016,16.36425401084125,121,2026-05-12T12:09:50.123787+00:00,823,1,0.268,1804.614,16.08,111.966,1,Start,Finish,245,43.5109103500155,16.363974050014804,35,320,115,155,,,False,
2026-05-12T12:10:45+00:00,43.510665809735656,16.364257782697678,124,2026-05-12T12:09:50.123787+00:00,823,1,0.339,1804.953,20.34,116.117,1,Start,Finish,245,43.5109103500155,16.363974050014804,36,320,113,153,,,False,
2026-05-12T12:10:46+00:00,43.51066446863115,16.364261554554105,126,2026-05-12T12:09:50.123787+00:00,823,1,0.339,1805.291,20.34,116.117,1,Start,Finish,245,43.5109103500155,16.363974050014804,36,320,113,153,,,False,
2026-05-12T12:10:47+00:00,43.510664300993085,16.36428445810452,126,2026-05-12T12:09:50.123787+00:00,823,1,1.847,1807.139,110.82,90.578,1,Start,Finish,245,43.5109103500155,16.363974050014804,37,318,109,151,,,False,
2026-05-12T12:10:48+00:00,43.51066413335502,16.364307361654937,125,2026-05-12T12:09:50.123787+00:00,823,1,1.847,1808.986,110.82,90.578,1,Start,Finish,245,43.5109103500155,16.363974050014804,38,316,107,151,,,False,
2026-05-12T12:10:49+00:00,43.51066396571696,16.364330265205353,124,2026-05-12T12:09:50.123787+00:00,823,1,1.847,1810.833,110.82,90.578,1,Start,Finish,245,43.5109103500155,16.363974050014804,40,314,104,150,,,False,
2026-05-12T12:10:50+00:00,43.510663798078895,16.36435316875577,124,2026-05-12T12:09:50.123787+00:00,823,1,1.847,1812.68,110.82,90.578,1,Start,Finish,245,43.5109103500155,16.363974050014804,41,312,88,136,,,False,
2026-05-12T12:10:51+00:00,43.51067737676203,16.364370938390493,124,2026-05-12T12:09:50.123787+00:00,823,1,2.082,1814.762,124.92,43.504,1,Start,Finish,245,43.5109103500155,16.363974050014804,41,309,59,110,,,False,
2026-05-12T12:10:52+00:00,43.51069564931095,16.364373117685318,124,2026-05-12T12:09:50.123787+00:00,823,1,2.039,1816.801,122.34,4.944,1,Start,Finish,245,43.5109103500155,16.363974050014804,40,307,36,89,,,False,
2026-05-12T12:10:53+00:00,43.51071487180889,16.36436996050179,124,2026-05-12T12:09:50.123787+00:00,823,1,2.153,1818.953,129.18,353.207,1,Start,Finish,245,43.5109103500155,16.363974050014804,39,304,24,80,,,False,
2026-05-12T12:10:54+00:00,43.51073409430683,16.364366803318262,124,2026-05-12T12:09:50.123787+00:00,823,1,2.153,1821.106,129.18,353.207,1,Start,Finish,245,43.5109103500155,16.363974050014804,37,302,4,62,,,False,
2026-05-12T12:10:55+00:00,43.51075331680477,16.364363646134734,124,2026-05-12T12:09:50.123787+00:00,823,1,2.153,1823.259,129.18,353.207,1,Start,Finish,245,43.5109103500155,16.363974050014804,36,299,354,55,,,False,
2026-05-12T12:10:56+00:00,43.5107750678435,16.364355348050594,122,2026-05-12T12:09:50.123787+00:00,823,1,2.509,1825.768,150.54,344.534,1,Start,Finish,245,43.5109103500155,16.363974050014804,34,296,345,49,,,False,
2026-05-12T12:10:57+00:00,43.51079681888223,16.364347049966455,121,2026-05-12T12:09:50.123787+00:00,823,1,2.509,1828.278,150.54,344.534,1,Start,Finish,245,43.5109103500155,16.363974050014804,33,293,343,50,,,False,
2026-05-12T12:10:58+00:00,43.510815761983395,16.364335399121046,118,2026-05-12T12:09:50.123787+00:00,823,1,2.306,1830.584,138.36,335.96,1,Start,Finish,245,43.5109103500155,16.363974050014804,31,290,342,52,,,False,
2026-05-12T12:10:59+00:00,43.51083470508456,16.364323748275638,116,2026-05-12T12:09:50.123787+00:00,823,1,2.306,1832.89,138.36,335.96,1,Start,Finish,245,43.5109103500155,16.363974050014804,29,287,340,53,,,False,
2026-05-12T12:11:00+00:00,43.51084870286286,16.364309582859278,113,2026-05-12T12:09:50.123787+00:00,823,1,1.931,1834.821,115.86,323.724,1,Start,Finish,245,43.5109103500155,16.363974050014804,28,284,337,53,,,False,
