timestamp_utc,latitude,longitude,heart_rate,finish_time_utc,elapsed_race_time_s,finished_flag,seg_dist_m,dist_from_start_m,SOG_raw_mpm,COG_raw_deg,geom_leg_id,geom_from_mark,geom_to_mark,geom_leg_bearing_deg,target_lat_deg,target_lon_deg,dist_to_target_m,bearing_to_target_deg,COG_deg,ATB_angle_deg,ATB_offset_deg,axis_angle_signed_deg,is_upwind,upwind_dist_remaining_m
2026-05-12T13:33:56+00:00,43.51958478335291,16.37316596880555,135,2026-05-12T13:46:45.889905+00:00,770,1,0.0,0.0,0.0,0.0,1,Start,Finish,241,43.51450810000256,16.36042175002399,1172,241,242,1,,,False,
2026-05-12T13:33:57+00:00,43.51957292295992,16.373147008940578,135,2026-05-12T13:46:45.889905+00:00,770,1,2.019,2.019,121.14,229.217,1,Start,Finish,241,43.51450810000256,16.36042175002399,1170,241,239,2,,,False,
2026-05-12T13:33:58+00:00,43.519561062566936,16.373128049075603,135,2026-05-12T13:46:45.889905+00:00,770,1,2.019,4.038,121.14,229.217,1,Start,Finish,241,43.51450810000256,16.36042175002399,1169,241,237,4,,,False,
2026-05-12T13:33:59+00:00,43.51954920217395,16.37310908921063,135,2026-05-12T13:46:45.889905+00:00,770,1,2.019,6.057,121.14,229.217,1,Start,Finish,241,43.51450810000256,16.36042175002399,1167,241,236,5,,,False,
2026-05-12T13:34:00+00:00,43.51953734178096,16.373090129345655,134,2026-05-12T13:46:45.889905+00:00,770,1,2.019,8.076,121.14,229.217,1,Start,Finish,241,43.51450810000256,16.36042175002399,1165,241,235,6,,,False,
2026-05-12T13:34:01+00:00,43.51952548138797,16.37307116948068,134,2026-05-12T13:46:45.889905+00:00,770,1,2.019,10.095,121.14,229.217,1,Start,Finish,241,43.51450810000256,16.36042175002399,1163,241,229,12,,,False,
2026-05-12T13:34:02+00:00,43.519513620994985,16.373052209615707,134,2026-05-12T13:46:45.889905+00:00,770,1,2.019,12.114,121.14,229.217,1,Start,Finish,241,43.51450810000256,16.36042175002399,1161,241,229,12,,,False,
2026-05-12T13:34:03+00:00,43.519501760602,16.373033249750733,134,2026-05-12T13:46:45.889905+00:00,770,1,2.019,14.133,121.14,229.217,1,Start,Finish,241,43.51450810000256,16.36042175002399,1159,241,229,12,,,False,
2026-05-12T13:34:04+00:00,43.51948990020901,16.37301428988576,134,2026-05-12T13:46:45.889905+00:00,770,1,2.019,16.152,121.14,229.217,1,Start,Finish,241,43.51450810000256,16.36042175002399,1157,241,229,12,,,False,
2026-05-12T13:34:05+00:00,43.51947803981602,16.372995330020785,134,2026-05-12T13:46:45.889905+00:00,770,1,2.019,18.171,121.14,229.217,1,Start,Finish,241,43.51450810000256,16.36042175002399,1155,241,229,12,,,False,
2026-05-12T13:34:06+00:00,43.51946724811569,16.372978922445327,134,2026-05-12T13:46:45.889905+00:00,770,1,1.786,19.957,107.16,227.791,1,Start,Finish,241,43.51450810000256,16.36042175002399,1153,241,228,13,,,False,
2026-05-12T13:34:07+00:00,43.519456456415355,16.37296251486987,135,2026-05-12T13:46:45.889905+00:00,770,1,1.786,21.743,107.16,227.791,1,Start,Finish,241,43.51450810000256,16.36042175002399,1151,241,228,13,,,False,
2026-05-12T13:34:08+00:00,43.51944566471502,16.37294610729441,136,2026-05-12T13:46:45.889905+00:00,770,1,1.786,23.529,107.16,227.791,1,Start,Finish,241,43.51450810000256,16.36042175002399,1149,241,228,13,,,False,
2026-05-12T13:34:09+00:00,43.51943487301469,16.372929699718952,136,2026-05-12T13:46:45.889905+00:00,770,1,1.786,25.316,107.16,227.791,1,Start,Finish,241,43.51450810000256,16.36042175002399,1148,241,234,7,,,False,
2026-05-12T13:34:10+00:00,43.519424081314355,16.372913292143494,136,2026-05-12T13:46:45.889905+00:00,770,1,1.786,27.102,107.16,227.791,1,Start,Finish,241,43.51450810000256,16.36042175002399,1146,242,239,3,,,False,
2026-05-12T13:34:11+00:00,43.51941328961402,16.372896884568036,137,2026-05-12T13:46:45.889905+00:00,770,1,1.786,28.888,107.16,227.791,1,Start,Finish,241,43.51450810000256,16.36042175002399,1144,242,250,8,,,False,
2026-05-12T13:34:12+00:00,43.51940249791369,16.372880476992577,138,2026-05-12T13:46:45.889905+00:00,770,1,1.786,30.674,107.16,227.791,1,Start,Finish,241,43.51450810000256,16.36042175002399,1143,242,252,10,,,False,
2026-05-12T13:34:13+00:00,43.519391706213355,16.37286406941712,138,2026-05-12T13:46:45.889905+00:00,770,1,1.786,32.46,107.16,227.791,1,Start,Finish,241,43.51450810000256,16.36042175002399,1141,242,260,18,,,False,
2026-05-12T13:34:14+00:00,43.519390784204006,16.3728486886248,140,2026-05-12T13:46:45.889905+00:00,770,1,1.244,33.704,74.64,265.274,1,Start,Finish,241,43.51450810000256,16.36042175002399,1140,242,268,26,,,False,
2026-05-12T13:34:15+00:00,43.51938986219466,16.37283330783248,141,2026-05-12T13:46:45.889905+00:00,770,1,1.244,34.949,74.64,265.274,1,Start,Finish,241,43.51450810000256,16.36042175002399,1139,242,268,26,,,False,
2026-05-12T13:34:16+00:00,43.519396455958486,16.37282045558095,142,2026-05-12T13:46:45.889905+00:00,770,1,1.269,36.218,76.14,305.28,1,Start,Finish,241,43.51450810000256,16.36042175002399,1138,241,277,36,,,False,
2026-05-12T13:34:17+00:00,43.519403049722314,16.37280760332942,143,2026-05-12T13:46:45.889905+00:00,770,1,1.269,37.488,76.14,305.28,1,Start,Finish,241,43.51450810000256,16.36042175002399,1137,241,282,41,,,False,
2026-05-12T13:34:18+00:00,43.51940964348614,16.37279475107789,144,2026-05-12T13:46:45.889905+00:00,770,1,1.269,38.757,76.14,305.28,1,Start,Finish,241,43.51450810000256,16.36042175002399,1137,241,286,45,,,False,
2026-05-12T13:34:19+00:00,43.51942410226911,16.372777232900262,146,2026-05-12T13:46:45.889905+00:00,770,1,2.14,40.897,128.4,318.698,1,Start,Finish,241,43.51450810000256,16.36042175002399,1136,241,299,58,,,False,
2026-05-12T13:34:20+00:00,43.51943856105208,16.372759714722633,147,2026-05-12T13:46:45.889905+00:00,770,1,2.14,43.037,128.4,318.698,1,Start,Finish,241,43.51450810000256,16.36042175002399,1136,241,306,65,,,False,
2026-05-12T13:34:21+00:00,43.51945462077856,16.372741241008043,148,2026-05-12T13:46:45.889905+00:00,770,1,2.325,45.363,139.5,320.167,1,Start,Finish,241,43.51450810000256,16.36042175002399,1135,241,315,74,,,False,
2026-05-12T13:34:22+00:00,43.51947068050504,16.372722767293453,148,2026-05-12T13:46:45.889905+00:00,770,1,2.325,47.688,139.5,320.167,1,Start,Finish,241,43.51450810000256,16.36042175002399,1135,241,319,78,,,False,
2026-05-12T13:34:23+00:00,43.519486740231514,16.372704293578863,149,2026-05-12T13:46:45.889905+00:00,770,1,2.325,50.014,139.5,320.167,1,Start,Finish,241,43.51450810000256,16.36042175002399,1135,241,320,79,,,False,
2026-05-12T13:34:24+00:00,43.51950279995799,16.372685819864273,149,2026-05-12T13:46:45.889905+00:00,770,1,2.325,52.339,139.5,320.167,1,Start,Finish,241,43.51450810000256,16.36042175002399,1134,241,320,79,,,False,
2026-05-12T13:34:25+00:00,43.51951885968447,16.372667346149683,150,2026-05-12T13:46:45.889905+00:00,770,1,2.325,54.665,139.5,320.167,1,Start,Finish,241,43.51450810000256,16.36042175002399,1134,241,320,79,,,False,
2026-05-12T13:34:26+00:00,43.519538808614016,16.372648905962706,150,2026-05-12T13:46:45.889905+00:00,770,1,2.67,57.335,160.2,326.166,1,Start,Finish,241,43.51450810000256,16.36042175002399,1134,240,316,76,,,False,
2026-05-12T13:34:27+00:00,43.51955303689465,16.372630696278065,149,2026-05-12T13:46:45.889905+00:00,770,1,2.158,59.494,129.48,317.137,1,Start,Finish,241,43.51450810000256,16.36042175002399,1133,240,312,72,,,False,
2026-05-12T13:34:28+00:00,43.51956726517528,16.372612486593425,148,2026-05-12T13:46:45.889905+00:00,770,1,2.158,61.652,129.48,317.137,1,Start,Finish,241,43.51450810000256,16.36042175002399,1133,240,307,67,,,False,
2026-05-12T13:34:29+00:00,43.51958149345592,16.372594276908785,147,2026-05-12T13:46:45.889905+00:00,770,1,2.158,63.811,129.48,317.137,1,Start,Finish,241,43.51450810000256,16.36042175002399,1132,240,300,60,,,False,
2026-05-12T13:34:30+00:00,43.51959572173655,16.372576067224145,146,2026-05-12T13:46:45.889905+00:00,770,1,2.158,65.969,129.48,317.137,1,Start,Finish,241,43.51450810000256,16.36042175002399,1132,240,290,50,,,False,
2026-05-12T13:34:31+00:00,43.519597509875894,16.372560197487473,147,2026-05-12T13:46:45.889905+00:00,770,1,1.295,67.264,77.7,278.832,1,Start,Finish,241,43.51450810000256,16.36042175002399,1131,240,285,45,,,False,
2026-05-12T13:34:32+00:00,43.51959929801524,16.372544327750802,147,2026-05-12T13:46:45.889905+00:00,770,1,1.295,68.559,77.7,278.832,1,Start,Finish,241,43.51450810000256,16.36042175002399,1130,240,280,40,,,False,
2026-05-12T13:34:33+00:00,43.51960108615458,16.37252845801413,148,2026-05-12T13:46:45.889905+00:00,770,1,1.295,69.854,77.7,278.832,1,Start,Finish,241,43.51450810000256,16.36042175002399,1129,240,270,30,,,False,
2026-05-12T13:34:34+00:00,43.519586719572544,16.372506514191628,148,2026-05-12T13:46:45.889905+00:00,770,1,2.384,72.238,143.04,227.922,1,Start,Finish,241,43.51450810000256,16.36042175002399,1126,240,260,20,,,False,
2026-05-12T13:34:35+00:00,43.51957235299051,16.372484570369124,149,2026-05-12T13:46:45.889905+00:00,770,1,2.384,74.622,143.04,227.922,1,Start,Finish,241,43.51450810000256,16.36042175002399,1124,240,250,10,,,False,
2026-05-12T13:34:36+00:00,43.51955798640847,16.37246262654662,149,2026-05-12T13:46:45.889905+00:00,770,1,2.384,77.005,143.04,227.922,1,Start,Finish,241,43.51450810000256,16.36042175002399,1122,240,242,2,,,False,
2026-05-12T13:34:37+00:00,43.51954361982643,16.37244068272412,150,2026-05-12T13:46:45.889905+00:00,770,1,2.384,79.389,143.04,227.922,1,Start,Finish,241,43.51450810000256,16.36042175002399,1119,240,232,8,,,False,
2026-05-12T13:34:38+00:00,43.5195292532444,16.372418738901615,150,2026-05-12T13:46:45.889905+00:00,770,1,2.384,81.773,143.04,227.922,1,Start,Finish,241,43.51450810000256,16.36042175002399,1117,240,226,14,,,False,
2026-05-12T13:34:39+00:00,43.51951462083629,16.372399532369204,150,2026-05-12T13:46:45.889905+00:00,770,1,2.246,84.019,134.76,223.586,1,Start,Finish,241,43.51450810000256,16.36042175002399,1115,240,226,14,,,False,
2026-05-12T13:34:40+00:00,43.51949998842819,16.372380325836794,151,2026-05-12T13:46:45.889905+00:00,770,1,2.246,86.266,134.76,223.586,1,Start,Finish,241,43.51450810000256,16.36042175002399,1113,240,225,15,,,False,
2026-05-12T13:34:41+00:00,43.51948535602008,16.372361119304383,151,2026-05-12T13:46:45.889905+00:00,770,1,2.246,88.512,134.76,223.586,1,Start,Finish,241,43.51450810000256,16.36042175002399,1110,240,225,15,,,False,
2026-05-12T13:34:42+00:00,43.51947072361197,16.372341912771976,152,2026-05-12T13:46:45.889905+00:00,770,1,2.246,90.758,134.76,223.586,1,Start,Finish,241,43.51450810000256,16.36042175002399,1108,240,224,16,,,False,
2026-05-12T13:34:43+00:00,43.51945609120386,16.372322706239565,152,2026-05-12T13:46:45.889905+00:00,770,1,2.246,93.004,134.76,223.586,1,Start,Finish,241,43.51450810000256,16.36042175002399,1106,240,224,16,,,False,
2026-05-12T13:34:44+00:00,43.519441458795754,16.372303499707154,153,2026-05-12T13:46:45.889905+00:00,770,1,2.246,95.251,134.76,223.586,1,Start,Finish,241,43.51450810000256,16.36042175002399,1104,240,224,16,,,False,
2026-05-12T13:34:45+00:00,43.51942682638765,16.372284293174744,153,2026-05-12T13:46:45.889905+00:00,770,1,2.246,97.497,134.76,223.586,1,Start,Finish,241,43.51450810000256,16.36042175002399,1102,240,224,16,,,False,
2026-05-12T13:34:46+00:00,43.51941308006644,16.37226643972099,153,2026-05-12T13:46:45.889905+00:00,770,1,2.1,99.596,126.0,223.283,1,Start,Finish,241,43.51450810000256,16.36042175002399,1100,240,224,16,,,False,
2026-05-12T13:34:47+00:00,43.51939933374524,16.372248586267233,153,2026-05-12T13:46:45.889905+00:00,770,1,2.1,101.696,126.0,223.283,1,Start,Finish,241,43.51450810000256,16.36042175002399,1098,240,224,16,,,False,
2026-05-12T13:34:48+00:00,43.519385534084655,16.37223005464131,153,2026-05-12T13:46:45.889905+00:00,770,1,2.142,103.838,128.52,224.239,1,Start,Finish,241,43.51450810000256,16.36042175002399,1096,240,224,16,,,False,
2026-05-12T13:34:49+00:00,43.51937173442407,16.37221152301539,153,2026-05-12T13:46:45.889905+00:00,770,1,2.142,105.98,128.52,224.239,1,Start,Finish,241,43.51450810000256,16.36042175002399,1094,240,224,16,,,False,
2026-05-12T13:34:50+00:00,43.51935793476349,16.37219299138947,153,2026-05-12T13:46:45.889905+00:00,770,1,2.142,108.122,128.52,224.239,1,Start,Finish,241,43.51450810000256,16.36042175002399,1092,240,224,16,,,False,
2026-05-12T13:34:51+00:00,43.5193441351029,16.37217445976355,153,2026-05-12T13:46:45.889905+00:00,770,1,2.142,110.263,128.52,224.239,1,Start,Finish,241,43.51450810000256,16.36042175002399,1090,240,224,16,,,False,
2026-05-12T13:34:52+00:00,43.51933033544231,16.372155928137627,153,2026-05-12T13:46:45.889905+00:00,770,1,2.142,112.405,128.52,224.239,1,Start,Finish,241,43.51450810000256,16.36042175002399,1088,240,224,16,,,False,
2026-05-12T13:34:53+00:00,43.51931653578173,16.372137396511707,153,2026-05-12T13:46:45.889905+00:00,770,1,2.142,114.547,128.52,224.239,1,Start,Finish,241,43.51450810000256,16.36042175002399,1086,240,224,16,,,False,
2026-05-12T13:34:54+00:00,43.51930273612115,16.372118864885785,153,2026-05-12T13:46:45.889905+00:00,770,1,2.142,116.689,128.52,224.239,1,Start,Finish,241,43.51450810000256,16.36042175002399,1083,241,224,17,,,False,
2026-05-12T13:34:55+00:00,43.51928893646056,16.372100333259866,153,2026-05-12T13:46:45.889905+00:00,770,1,2.142,118.831,128.52,224.239,1,Start,Finish,241,43.51450810000256,16.36042175002399,1081,241,223,18,,,False,
2026-05-12T13:34:56+00:00,43.519275136799976,16.372081801633943,153,2026-05-12T13:46:45.889905+00:00,770,1,2.142,120.972,128.52,224.239,1,Start,Finish,241,43.51450810000256,16.36042175002399,1079,241,221,20,,,False,
2026-05-12T13:34:57+00:00,43.51926133713939,16.372063270008024,153,2026-05-12T13:46:45.889905+00:00,770,1,2.142,123.114,128.52,224.239,1,Start,Finish,241,43.51450810000256,16.36042175002399,1077,241,220,21,,,False,
2026-05-12T13:34:58+00:00,43.519247537478805,16.3720447383821,153,2026-05-12T13:46:45.889905+00:00,770,1,2.142,125.256,128.52,224.239,1,Start,Finish,241,43.51450810000256,16.36042175002399,1075,241,219,22,,,False,
2026-05-12T13:34:59+00:00,43.5192315839231,16.37203180231154,152,2026-05-12T13:46:45.889905+00:00,770,1,2.058,127.314,123.48,210.455,1,Start,Finish,241,43.51450810000256,16.36042175002399,1073,241,218,23,,,False,
2026-05-12T13:35:00+00:00,43.5192156303674,16.37201886624098,151,2026-05-12T13:46:45.889905+00:00,770,1,2.058,129.372,123.48,210.455,1,Start,Finish,241,43.51450810000256,16.36042175002399,1072,241,217,24,,,False,
2026-05-12T13:35:01+00:00,43.519199676811695,16.372005930170417,150,2026-05-12T13:46:45.889905+00:00,770,1,2.058,131.43,123.48,210.455,1,Start,Finish,241,43.51450810000256,16.36042175002399,1070,241,217,24,,,False,
2026-05-12T13:35:02+00:00,43.51918467320502,16.371991408523172,151,2026-05-12T13:46:45.889905+00:00,770,1,2.038,133.468,122.28,215.063,1,Start,Finish,241,43.51450810000256,16.36042175002399,1068,241,218,23,,,False,
2026-05-12T13:35:03+00:00,43.51916966959834,16.371976886875927,152,2026-05-12T13:46:45.889905+00:00,770,1,2.038,135.506,122.28,215.063,1,Start,Finish,241,43.51450810000256,16.36042175002399,1066,241,219,22,,,False,
2026-05-12T13:35:04+00:00,43.519154665991664,16.371962365228683,153,2026-05-12T13:46:45.889905+00:00,770,1,2.038,137.544,122.28,215.063,1,Start,Finish,241,43.51450810000256,16.36042175002399,1064,241,233,8,,,False,
2026-05-12T13:35:05+00:00,43.51913966238499,16.371947843581438,154,2026-05-12T13:46:45.889905+00:00,770,1,2.038,139.583,122.28,215.063,1,Start,Finish,241,43.51450810000256,16.36042175002399,1063,241,242,1,,,False,
2026-05-12T13:35:06+00:00,43.51913133636117,16.371932281181216,154,2026-05-12T13:46:45.889905+00:00,770,1,1.559,141.142,93.54,233.58,1,Start,Finish,241,43.51450810000256,16.36042175002399,1061,241,248,7,,,False,
2026-05-12T13:35:07+00:00,43.51912301033735,16.371916718780994,154,2026-05-12T13:46:45.889905+00:00,770,1,1.559,142.701,93.54,233.58,1,Start,Finish,241,43.51450810000256,16.36042175002399,1059,241,252,11,,,False,
2026-05-12T13:35:08+00:00,43.519114684313536,16.371901156380773,154,2026-05-12T13:46:45.889905+00:00,770,1,1.559,144.261,93.54,233.58,1,Start,Finish,241,43.51450810000256,16.36042175002399,1058,241,264,23,,,False,
2026-05-12T13:35:09+00:00,43.51912363199517,16.371886152774096,154,2026-05-12T13:46:45.889905+00:00,770,1,1.566,145.827,93.96,309.434,1,Start,Finish,241,43.51450810000256,16.36042175002399,1057,241,274,33,,,False,
2026-05-12T13:35:10+00:00,43.51913257967681,16.37187114916742,154,2026-05-12T13:46:45.889905+00:00,770,1,1.566,147.393,93.96,309.434,1,Start,Finish,241,43.51450810000256,16.36042175002399,1057,241,274,33,,,False,
2026-05-12T13:35:11+00:00,43.51914152735844,16.37185614556074,153,2026-05-12T13:46:45.889905+00:00,770,1,1.566,148.96,93.96,309.434,1,Start,Finish,241,43.51450810000256,16.36042175002399,1056,241,284,43,,,False,
2026-05-12T13:35:12+00:00,43.51915047504008,16.371841141954064,153,2026-05-12T13:46:45.889905+00:00,770,1,1.566,150.526,93.96,309.434,1,Start,Finish,241,43.51450810000256,16.36042175002399,1056,241,292,51,,,False,
2026-05-12T13:35:13+00:00,43.5191735252738,16.37182228267193,151,2026-05-12T13:46:45.889905+00:00,770,1,2.98,153.506,178.8,329.319,1,Start,Finish,241,43.51450810000256,16.36042175002399,1056,241,304,63,,,False,
2026-05-12T13:35:14+00:00,43.51918583270162,16.371799246408045,151,2026-05-12T13:46:45.889905+00:00,770,1,2.307,155.814,138.42,306.382,1,Start,Finish,241,43.51450810000256,16.36042175002399,1055,240,310,70,,,False,
2026-05-12T13:35:15+00:00,43.51919814012945,16.371776210144162,152,2026-05-12T13:46:45.889905+00:00,770,1,2.307,158.121,138.42,306.382,1,Start,Finish,241,43.51450810000256,16.36042175002399,1054,240,310,70,,,False,
2026-05-12T13:35:16+00:00,43.51921044755727,16.37175317388028,152,2026-05-12T13:46:45.889905+00:00,770,1,2.307,160.428,138.42,306.382,1,Start,Finish,241,43.51450810000256,16.36042175002399,1053,240,309,69,,,False,
2026-05-12T13:35:17+00:00,43.519222754985094,16.371730137616396,152,2026-05-12T13:46:45.889905+00:00,770,1,2.307,162.735,138.42,306.382,1,Start,Finish,241,43.51450810000256,16.36042175002399,1052,240,308,68,,,False,
2026-05-12T13:35:18+00:00,43.51923506241292,16.371707101352513,153,2026-05-12T13:46:45.889905+00:00,770,1,2.307,165.042,138.42,306.382,1,Start,Finish,241,43.51450810000256,16.36042175002399,1051,240,305,65,,,False,
2026-05-12T13:35:19+00:00,43.51924736984074,16.37168406508863,153,2026-05-12T13:46:45.889905+00:00,770,1,2.307,167.349,138.42,306.382,1,Start,Finish,241,43.51450810000256,16.36042175002399,1050,240,305,65,,,False,
2026-05-12T13:35:20+00:00,43.51925910450518,16.371659422293305,153,2026-05-12T13:46:45.889905+00:00,770,1,2.377,169.727,142.62,303.292,1,Start,Finish,241,43.51450810000256,16.36042175002399,1049,240,305,65,,,False,
2026-05-12T13:35:21+00:00,43.51927083916962,16.37163477949798,152,2026-05-12T13:46:45.889905+00:00,770,1,2.377,172.104,142.62,303.292,1,Start,Finish,241,43.51450810000256,16.36042175002399,1048,240,304,64,,,False,
2026-05-12T13:35:22+00:00,43.51928257383406,16.371610136702657,152,2026-05-12T13:46:45.889905+00:00,770,1,2.377,174.481,142.62,303.292,1,Start,Finish,241,43.51450810000256,16.36042175002399,1047,240,304,64,,,False,
2026-05-12T13:35:23+00:00,43.5192943084985,16.371585493907332,152,2026-05-12T13:46:45.889905+00:00,770,1,2.377,176.858,142.62,303.292,1,Start,Finish,241,43.51450810000256,16.36042175002399,1046,239,304,65,,,False,
2026-05-12T13:35:24+00:00,43.51930604316294,16.371560851112008,151,2026-05-12T13:46:45.889905+00:00,770,1,2.377,179.235,142.62,303.292,1,Start,Finish,241,43.51450810000256,16.36042175002399,1045,239,303,64,,,False,
2026-05-12T13:35:25+00:00,43.51931777782738,16.371536208316684,151,2026-05-12T13:46:45.889905+00:00,770,1,2.377,181.612,142.62,303.292,1,Start,Finish,241,43.51450810000256,16.36042175002399,1044,239,303,64,,,False,
2026-05-12T13:35:26+00:00,43.51932951249182,16.37151156552136,151,2026-05-12T13:46:45.889905+00:00,770,1,2.377,183.989,142.62,303.292,1,Start,Finish,241,43.51450810000256,16.36042175002399,1043,239,303,64,,,False,
2026-05-12T13:35:27+00:00,43.51934124715626,16.371486922726035,150,2026-05-12T13:46:45.889905+00:00,770,1,2.377,186.366,142.62,303.292,1,Start,Finish,241,43.51450810000256,16.36042175002399,1042,239,302,63,,,False,
2026-05-12T13:35:28+00:00,43.5193529818207,16.37146227993071,150,2026-05-12T13:46:45.889905+00:00,770,1,2.377,188.744,142.62,303.292,1,Start,Finish,241,43.51450810000256,16.36042175002399,1041,239,302,63,,,False,
2026-05-12T13:35:29+00:00,43.519362453371286,16.371439481154084,150,2026-05-12T13:46:45.889905+00:00,770,1,2.119,190.862,127.14,299.809,1,Start,Finish,241,43.51450810000256,16.36042175002399,1040,239,301,62,,,False,
2026-05-12T13:35:30+00:00,43.51937281549908,16.371414555469528,150,2026-05-12T13:46:45.889905+00:00,770,1,2.317,193.179,139.02,299.825,1,Start,Finish,241,43.51450810000256,16.36042175002399,1038,239,301,62,,,False,
2026-05-12T13:35:31+00:00,43.51938317762688,16.37138962978497,150,2026-05-12T13:46:45.889905+00:00,770,1,2.317,195.496,139.02,299.825,1,Start,Finish,241,43.51450810000256,16.36042175002399,1037,238,301,63,,,False,
2026-05-12T13:35:32+00:00,43.519393539754674,16.371364704100415,150,2026-05-12T13:46:45.889905+00:00,770,1,2.317,197.812,139.02,299.825,1,Start,Finish,241,43.51450810000256,16.36042175002399,1036,238,300,62,,,False,
2026-05-12T13:35:33+00:00,43.51940390188247,16.37133977841586,150,2026-05-12T13:46:45.889905+00:00,770,1,2.317,200.129,139.02,299.826,1,Start,Finish,241,43.51450810000256,16.36042175002399,1035,238,300,62,,,False,
2026-05-12T13:35:34+00:00,43.519414264010265,16.371314852731302,150,2026-05-12T13:46:45.889905+00:00,770,1,2.317,202.446,139.02,299.826,1,Start,Finish,241,43.51450810000256,16.36042175002399,1034,238,300,62,,,False,
2026-05-12T13:35:35+00:00,43.51942462613806,16.371289927046746,150,2026-05-12T13:46:45.889905+00:00,770,1,2.317,204.762,139.02,299.826,1,Start,Finish,241,43.51450810000256,16.36042175002399,1033,238,301,63,,,False,
2026-05-12T13:35:36+00:00,43.51943498826586,16.37126500136219,150,2026-05-12T13:46:45.889905+00:00,770,1,2.317,207.079,139.02,299.826,1,Start,Finish,241,43.51450810000256,16.36042175002399,1032,238,302,64,,,False,
2026-05-12T13:35:37+00:00,43.51944535039365,16.371240075677633,150,2026-05-12T13:46:45.889905+00:00,770,1,2.317,209.396,139.02,299.826,1,Start,Finish,241,43.51450810000256,16.36042175002399,1031,238,302,64,,,False,
2026-05-12T13:35:38+00:00,43.51945649832487,16.37121702544391,147,2026-05-12T13:46:45.889905+00:00,770,1,2.234,211.63,134.04,303.702,1,Start,Finish,241,43.51450810000256,16.36042175002399,1030,238,303,65,,,False,
2026-05-12T13:35:39+00:00,43.51946764625609,16.37119397521019,144,2026-05-12T13:46:45.889905+00:00,770,1,2.234,213.864,134.04,303.702,1,Start,Finish,241,43.51450810000256,16.36042175002399,1029,238,304,66,,,False,
2026-05-12T13:35:40+00:00,43.51948073399918,16.37117031429495,144,2026-05-12T13:46:45.889905+00:00,770,1,2.4,216.263,144.0,307.336,1,Start,Finish,241,43.51450810000256,16.36042175002399,1028,237,305,68,,,False,
2026-05-12T13:35:41+00:00,43.51949382174228,16.371146653379714,143,2026-05-12T13:46:45.889905+00:00,770,1,2.4,218.663,144.0,307.336,1,Start,Finish,241,43.51450810000256,16.36042175002399,1027,237,306,69,,,False,
2026-05-12T13:35:42+00:00,43.51950690948537,16.371122992464475,143,2026-05-12T13:46:45.889905+00:00,770,1,2.4,221.062,144.0,307.336,1,Start,Finish,241,43.51450810000256,16.36042175002399,1026,237,307,70,,,False,
2026-05-12T13:35:43+00:00,43.51951999722847,16.371099331549235,142,2026-05-12T13:46:45.889905+00:00,770,1,2.4,223.462,144.0,307.336,1,Start,Finish,241,43.51450810000256,16.36042175002399,1026,237,306,69,,,False,
2026-05-12T13:35:44+00:00,43.51953308497156,16.371075670633996,142,2026-05-12T13:46:45.889905+00:00,770,1,2.4,225.861,144.0,307.336,1,Start,Finish,241,43.51450810000256,16.36042175002399,1025,237,305,68,,,False,
2026-05-12T13:35:45+00:00,43.51954617271466,16.37105200971876,141,2026-05-12T13:46:45.889905+00:00,770,1,2.4,228.261,144.0,307.336,1,Start,Finish,241,43.51450810000256,16.36042175002399,1024,237,304,67,,,False,
2026-05-12T13:35:46+00:00,43.519559260457754,16.37102834880352,141,2026-05-12T13:46:45.889905+00:00,770,1,2.4,230.66,144.0,307.336,1,Start,Finish,241,43.51450810000256,16.36042175002399,1023,237,303,66,,,False,
2026-05-12T13:35:47+00:00,43.519568614661694,16.371004309505224,140,2026-05-12T13:46:45.889905+00:00,770,1,2.2,232.86,132.0,298.219,1,Start,Finish,241,43.51450810000256,16.36042175002399,1022,237,302,65,,,False,
2026-05-12T13:35:48+00:00,43.51957796886563,16.37098027020693,140,2026-05-12T13:46:45.889905+00:00,770,1,2.2,235.06,132.0,298.219,1,Start,Finish,241,43.51450810000256,16.36042175002399,1021,236,301,65,,,False,
2026-05-12T13:35:49+00:00,43.51958732306957,16.370956230908632,139,2026-05-12T13:46:45.889905+00:00,770,1,2.2,237.26,132.0,298.219,1,Start,Finish,241,43.51450810000256,16.36042175002399,1020,236,300,64,,,False,
2026-05-12T13:35:50+00:00,43.51959667727351,16.370932191610336,139,2026-05-12T13:46:45.889905+00:00,770,1,2.2,239.459,132.0,298.219,1,Start,Finish,241,43.51450810000256,16.36042175002399,1019,236,299,63,,,False,
2026-05-12T13:35:51+00:00,43.51960603147745,16.37090815231204,138,2026-05-12T13:46:45.889905+00:00,770,1,2.2,241.659,132.0,298.219,1,Start,Finish,241,43.51450810000256,16.36042175002399,1018,236,297,61,,,False,
2026-05-12T13:35:52+00:00,43.51961558684707,16.37088367715478,136,2026-05-12T13:46:45.889905+00:00,770,1,2.241,243.9,134.46,298.298,1,Start,Finish,241,43.51450810000256,16.36042175002399,1017,236,297,61,,,False,
2026-05-12T13:35:53+00:00,43.51962514221668,16.37085920199752,133,2026-05-12T13:46:45.889905+00:00,770,1,2.241,246.142,134.46,298.298,1,Start,Finish,241,43.51450810000256,16.36042175002399,1016,236,296,60,,,False,
2026-05-12T13:35:54+00:00,43.519634823314846,16.370829571969807,130,2026-05-12T13:46:45.889905+00:00,770,1,2.62,248.762,157.2,294.255,1,Start,Finish,241,43.51450810000256,16.36042175002399,1015,236,295,59,,,False,
2026-05-12T13:35:55+00:00,43.51964450441301,16.370799941942096,128,2026-05-12T13:46:45.889905+00:00,770,1,2.62,251.383,157.2,294.255,1,Start,Finish,241,43.51450810000256,16.36042175002399,1013,236,294,58,,,False,
2026-05-12T13:35:56+00:00,43.51965229958296,16.370767671614885,125,2026-05-12T13:46:45.889905+00:00,770,1,2.743,254.125,164.58,288.424,1,Start,Finish,241,43.51450810000256,16.36042175002399,1012,236,292,56,,,False,
2026-05-12T13:35:57+00:00,43.51965967565775,16.370736323297024,125,2026-05-12T13:46:45.889905+00:00,770,1,2.657,256.783,159.42,287.977,1,Start,Finish,241,43.51450810000256,16.36042175002399,1010,235,290,55,,,False,
2026-05-12T13:35:58+00:00,43.51966927293688,16.370703005231917,126,2026-05-12T13:46:45.889905+00:00,770,1,2.891,259.673,173.46,291.665,1,Start,Finish,241,43.51450810000256,16.36042175002399,1008,235,289,54,,,False,
2026-05-12T13:35:59+00:00,43.51967887021601,16.37066968716681,128,2026-05-12T13:46:45.889905+00:00,770,1,2.891,262.564,173.46,291.665,1,Start,Finish,241,43.51450810000256,16.36042175002399,1007,235,289,54,,,False,
2026-05-12T13:36:00+00:00,43.519684402272105,16.370641691610217,130,2026-05-12T13:46:45.889905+00:00,770,1,2.34,264.904,140.4,285.243,1,Start,Finish,241,43.51450810000256,16.36042175002399,1005,235,289,54,,,False,
2026-05-12T13:36:01+00:00,43.51968959905207,16.37061981484294,132,2026-05-12T13:46:45.889905+00:00,770,1,1.856,266.76,111.36,288.138,1,Start,Finish,241,43.51450810000256,16.36042175002399,1004,235,289,54,,,False,
2026-05-12T13:36:02+00:00,43.51969479583204,16.37059793807566,134,2026-05-12T13:46:45.889905+00:00,770,1,1.856,268.616,111.36,288.138,1,Start,Finish,241,43.51450810000256,16.36042175002399,1003,235,289,54,,,False,
2026-05-12T13:36:03+00:00,43.51970166899264,16.37057103216648,133,2026-05-12T13:46:45.889905+00:00,770,1,2.3,270.916,138.0,289.406,1,Start,Finish,241,43.51450810000256,16.36042175002399,1002,235,290,55,,,False,
2026-05-12T13:36:04+00:00,43.51970854215324,16.3705441262573,132,2026-05-12T13:46:45.889905+00:00,770,1,2.3,273.216,138.0,289.406,1,Start,Finish,241,43.51450810000256,16.36042175002399,1000,235,290,55,,,False,
2026-05-12T13:36:05+00:00,43.51971541531384,16.37051722034812,132,2026-05-12T13:46:45.889905+00:00,770,1,2.3,275.516,138.0,289.406,1,Start,Finish,241,43.51450810000256,16.36042175002399,999,235,291,56,,,False,
2026-05-12T13:36:06+00:00,43.51972228847444,16.37049031443894,131,2026-05-12T13:46:45.889905+00:00,770,1,2.3,277.817,138.0,289.406,1,Start,Finish,241,43.51450810000256,16.36042175002399,998,234,292,58,,,False,
2026-05-12T13:36:07+00:00,43.51973198354244,16.370461899787188,131,2026-05-12T13:46:45.889905+00:00,770,1,2.532,280.349,151.92,295.198,1,Start,Finish,241,43.51450810000256,16.36042175002399,996,234,292,58,,,False,
2026-05-12T13:36:08+00:00,43.51974167861045,16.370433485135436,130,2026-05-12T13:46:45.889905+00:00,770,1,2.532,282.881,151.92,295.198,1,Start,Finish,241,43.51450810000256,16.36042175002399,995,234,293,59,,,False,
2026-05-12T13:36:09+00:00,43.519751373678446,16.370405070483685,130,2026-05-12T13:46:45.889905+00:00,770,1,2.532,285.413,151.92,295.198,1,Start,Finish,241,43.51450810000256,16.36042175002399,994,234,294,60,,,False,
2026-05-12T13:36:10+00:00,43.51976025849581,16.370378248393536,132,2026-05-12T13:46:45.889905+00:00,770,1,2.378,287.791,142.68,294.551,1,Start,Finish,241,43.51450810000256,16.36042175002399,993,234,294,60,,,False,
2026-05-12T13:36:11+00:00,43.51976914331317,16.370351426303387,133,2026-05-12T13:46:45.889905+00:00,770,1,2.378,290.168,142.68,294.551,1,Start,Finish,241,43.51450810000256,16.36042175002399,992,234,295,61,,,False,
2026-05-12T13:36:12+00:00,43.519778011366725,16.37032509036362,132,2026-05-12T13:46:45.889905+00:00,770,1,2.341,292.51,140.46,294.909,1,Start,Finish,241,43.51450810000256,16.36042175002399,990,234,295,61,,,False,
2026-05-12T13:36:13+00:00,43.51978687942028,16.370298754423857,132,2026-05-12T13:46:45.889905+00:00,770,1,2.341,294.851,140.46,294.909,1,Start,Finish,241,43.51450810000256,16.36042175002399,989,234,295,61,,,False,
2026-05-12T13:36:14+00:00,43.51979574747384,16.37027241848409,131,2026-05-12T13:46:45.889905+00:00,770,1,2.341,297.192,140.46,294.909,1,Start,Finish,241,43.51450810000256,16.36042175002399,988,233,294,61,,,False,
2026-05-12T13:36:15+00:00,43.51980461552739,16.370246082544327,131,2026-05-12T13:46:45.889905+00:00,770,1,2.341,299.533,140.46,294.909,1,Start,Finish,241,43.51450810000256,16.36042175002399,987,233,294,61,,,False,
2026-05-12T13:36:16+00:00,43.51981348358095,16.370219746604562,130,2026-05-12T13:46:45.889905+00:00,770,1,2.341,301.875,140.46,294.909,1,Start,Finish,241,43.51450810000256,16.36042175002399,986,233,294,61,,,False,
2026-05-12T13:36:17+00:00,43.51982085965574,16.370195816271007,132,2026-05-12T13:46:45.889905+00:00,770,1,2.097,303.971,125.82,293.029,1,Start,Finish,241,43.51450810000256,16.36042175002399,985,233,294,61,,,False,
2026-05-12T13:36:18+00:00,43.51982823573053,16.370171885937452,133,2026-05-12T13:46:45.889905+00:00,770,1,2.097,306.068,125.82,293.029,1,Start,Finish,241,43.51450810000256,16.36042175002399,984,233,295,62,,,False,
2026-05-12T13:36:19+00:00,43.51983561180532,16.370147159323096,134,2026-05-12T13:46:45.889905+00:00,770,1,2.156,308.224,129.36,292.361,1,Start,Finish,241,43.51450810000256,16.36042175002399,983,233,295,62,,,False,
2026-05-12T13:36:20+00:00,43.519843854010105,16.370123731903732,134,2026-05-12T13:46:45.889905+00:00,770,1,2.1,310.323,126.0,295.882,1,Start,Finish,241,43.51450810000256,16.36042175002399,982,233,295,62,,,False,
2026-05-12T13:36:21+00:00,43.51985209621489,16.370100304484367,135,2026-05-12T13:46:45.889905+00:00,770,1,2.1,312.423,126.0,295.882,1,Start,Finish,241,43.51450810000256,16.36042175002399,981,233,295,62,,,False,
2026-05-12T13:36:22+00:00,43.51986033841968,16.370076877065003,136,2026-05-12T13:46:45.889905+00:00,770,1,2.1,314.522,126.0,295.882,1,Start,Finish,241,43.51450810000256,16.36042175002399,980,233,295,62,,,False,
2026-05-12T13:36:23+00:00,43.51986858062446,16.37005344964564,136,2026-05-12T13:46:45.889905+00:00,770,1,2.1,316.622,126.0,295.882,1,Start,Finish,241,43.51450810000256,16.36042175002399,979,232,296,64,,,False,
2026-05-12T13:36:24+00:00,43.51987682282925,16.370030022226274,136,2026-05-12T13:46:45.889905+00:00,770,1,2.1,318.722,126.0,295.882,1,Start,Finish,241,43.51450810000256,16.36042175002399,978,232,296,64,,,False,
2026-05-12T13:36:25+00:00,43.51988506503403,16.37000659480691,137,2026-05-12T13:46:45.889905+00:00,770,1,2.1,320.821,126.0,295.882,1,Start,Finish,241,43.51450810000256,16.36042175002399,977,232,296,64,,,False,
2026-05-12T13:36:26+00:00,43.519893027842045,16.369984533637762,136,2026-05-12T13:46:45.889905+00:00,770,1,1.987,322.808,119.22,296.462,1,Start,Finish,241,43.51450810000256,16.36042175002399,976,232,293,61,,,False,
2026-05-12T13:36:27+00:00,43.51990099065006,16.369962472468615,135,2026-05-12T13:46:45.889905+00:00,770,1,1.987,324.795,119.22,296.462,1,Start,Finish,241,43.51450810000256,16.36042175002399,975,232,284,52,,,False,
2026-05-12T13:36:28+00:00,43.51990895345807,16.369940411299467,135,2026-05-12T13:46:45.889905+00:00,770,1,1.987,326.782,119.22,296.462,1,Start,Finish,241,43.51450810000256,16.36042175002399,975,232,277,45,,,False,
2026-05-12T13:36:29+00:00,43.51991691626608,16.36991835013032,134,2026-05-12T13:46:45.889905+00:00,770,1,1.987,328.769,119.22,296.462,1,Start,Finish,241,43.51450810000256,16.36042175002399,974,232,268,36,,,False,
2026-05-12T13:36:30+00:00,43.5199248790741,16.369896288961172,133,2026-05-12T13:46:45.889905+00:00,770,1,1.987,330.756,119.22,296.462,1,Start,Finish,241,43.51450810000256,16.36042175002399,973,232,262,30,,,False,
2026-05-12T13:36:31+00:00,43.519923286512494,16.36988061480224,131,2026-05-12T13:46:45.889905+00:00,770,1,1.276,332.032,76.56,262.024,1,Start,Finish,241,43.51450810000256,16.36042175002399,972,232,259,27,,,False,
2026-05-12T13:36:32+00:00,43.51992169395089,16.36986494064331,129,2026-05-12T13:46:45.889905+00:00,770,1,1.276,333.309,76.56,262.024,1,Start,Finish,241,43.51450810000256,16.36042175002399,971,232,249,17,,,False,
2026-05-12T13:36:33+00:00,43.51991197094321,16.369856307283044,133,2026-05-12T13:46:45.889905+00:00,770,1,1.286,334.594,77.16,212.776,1,Start,Finish,241,43.51450810000256,16.36042175002399,969,232,245,13,,,False,
2026-05-12T13:36:34+00:00,43.519897470250726,16.369848595932126,136,2026-05-12T13:46:45.889905+00:00,770,1,1.728,336.323,103.68,201.088,1,Start,Finish,241,43.51450810000256,16.36042175002399,968,232,239,7,,,False,
2026-05-12T13:36:35+00:00,43.519882801920176,16.3698395434767,138,2026-05-12T13:46:45.889905+00:00,770,1,1.787,338.11,107.22,204.109,1,Start,Finish,241,43.51450810000256,16.36042175002399,966,232,231,1,,,False,
2026-05-12T13:36:36+00:00,43.519866624847054,16.36982873082161,139,2026-05-12T13:46:45.889905+00:00,770,1,1.999,340.108,119.94,205.858,1,Start,Finish,241,43.51450810000256,16.36042175002399,965,232,224,8,,,False,
2026-05-12T13:36:37+00:00,43.51985044777393,16.369817918166518,140,2026-05-12T13:46:45.889905+00:00,770,1,1.999,342.107,119.94,205.858,1,Start,Finish,241,43.51450810000256,16.36042175002399,963,232,214,18,,,False,
2026-05-12T13:36:38+00:00,43.51983427070081,16.369807105511427,141,2026-05-12T13:46:45.889905+00:00,770,1,1.999,344.106,119.94,205.858,1,Start,Finish,241,43.51450810000256,16.36042175002399,961,232,209,23,,,False,
2026-05-12T13:36:39+00:00,43.519817241467535,16.369790858589113,140,2026-05-12T13:46:45.889905+00:00,770,1,2.303,346.409,138.18,214.676,1,Start,Finish,241,43.51450810000256,16.36042175002399,959,232,211,21,,,False,
2026-05-12T13:36:40+00:00,43.51980021223426,16.3697746116668,139,2026-05-12T13:46:45.889905+00:00,770,1,2.303,348.711,138.18,214.676,1,Start,Finish,241,43.51450810000256,16.36042175002399,957,232,212,20,,,False,
2026-05-12T13:36:41+00:00,43.51978318300098,16.369758364744484,138,2026-05-12T13:46:45.889905+00:00,770,1,2.303,351.014,138.18,214.676,1,Start,Finish,241,43.51450810000256,16.36042175002399,954,232,212,20,,,False,
2026-05-12T13:36:42+00:00,43.519766153767705,16.36974211782217,138,2026-05-12T13:46:45.889905+00:00,770,1,2.303,353.317,138.18,214.676,1,Start,Finish,241,43.51450810000256,16.36042175002399,952,232,213,19,,,False,
2026-05-12T13:36:43+00:00,43.51974912453443,16.369725870899856,137,2026-05-12T13:46:45.889905+00:00,770,1,2.303,355.619,138.18,214.676,1,Start,Finish,241,43.51450810000256,16.36042175002399,950,232,213,19,,,False,
2026-05-12T13:36:44+00:00,43.51973209530115,16.369709623977542,136,2026-05-12T13:46:45.889905+00:00,770,1,2.303,357.922,138.18,214.676,1,Start,Finish,241,43.51450810000256,16.36042175002399,948,232,213,19,,,False,
2026-05-12T13:36:45+00:00,43.519715163856745,16.369697134941816,136,2026-05-12T13:46:45.889905+00:00,770,1,2.135,360.057,128.1,208.141,1,Start,Finish,241,43.51450810000256,16.36042175002399,946,232,213,19,,,False,
2026-05-12T13:36:46+00:00,43.51969710551202,16.36968119069934,136,2026-05-12T13:46:45.889905+00:00,770,1,2.384,362.441,143.04,212.629,1,Start,Finish,241,43.51450810000256,16.36042175002399,944,232,213,19,,,False,
2026-05-12T13:36:47+00:00,43.5196790471673,16.36966524645686,136,2026-05-12T13:46:45.889905+00:00,770,1,2.384,364.825,143.04,212.629,1,Start,Finish,241,43.51450810000256,16.36042175002399,941,232,213,19,,,False,
2026-05-12T13:36:48+00:00,43.51966098882258,16.369649302214384,136,2026-05-12T13:46:45.889905+00:00,770,1,2.384,367.21,143.04,212.629,1,Start,Finish,241,43.51450810000256,16.36042175002399,939,232,212,20,,,False,
2026-05-12T13:36:49+00:00,43.51964293047786,16.369633357971907,136,2026-05-12T13:46:45.889905+00:00,770,1,2.384,369.594,143.04,212.629,1,Start,Finish,241,43.51450810000256,16.36042175002399,937,232,212,20,,,False,
2026-05-12T13:36:50+00:00,43.519624872133136,16.36961741372943,135,2026-05-12T13:46:45.889905+00:00,770,1,2.384,371.978,143.04,212.629,1,Start,Finish,241,43.51450810000256,16.36042175002399,935,233,213,20,,,False,
2026-05-12T13:36:51+00:00,43.519606813788414,16.369601469486952,135,2026-05-12T13:46:45.889905+00:00,770,1,2.384,374.362,143.04,212.629,1,Start,Finish,241,43.51450810000256,16.36042175002399,932,233,213,20,,,False,
2026-05-12T13:36:52+00:00,43.51958875544369,16.369585525244474,135,2026-05-12T13:46:45.889905+00:00,770,1,2.384,376.747,143.04,212.629,1,Start,Finish,241,43.51450810000256,16.36042175002399,930,233,213,20,,,False,
2026-05-12T13:36:53+00:00,43.51957069709897,16.369569581001997,135,2026-05-12T13:46:45.889905+00:00,770,1,2.384,379.131,143.04,212.629,1,Start,Finish,241,43.51450810000256,16.36042175002399,928,233,213,20,,,False,
2026-05-12T13:36:54+00:00,43.51955263875425,16.36955363675952,135,2026-05-12T13:46:45.889905+00:00,770,1,2.384,381.515,143.04,212.629,1,Start,Finish,241,43.51450810000256,16.36042175002399,926,233,213,20,,,False,
2026-05-12T13:36:55+00:00,43.51953573524952,16.369538102298975,136,2026-05-12T13:46:45.889905+00:00,770,1,2.259,383.774,135.54,213.68,1,Start,Finish,241,43.51450810000256,16.36042175002399,924,233,213,20,,,False,
2026-05-12T13:36:56+00:00,43.51951883174479,16.36952256783843,138,2026-05-12T13:46:45.889905+00:00,770,1,2.259,386.033,135.54,213.68,1,Start,Finish,241,43.51450810000256,16.36042175002399,921,233,213,20,,,False,
2026-05-12T13:36:57+00:00,43.51950192824006,16.369507033377886,139,2026-05-12T13:46:45.889905+00:00,770,1,2.259,388.292,135.54,213.68,1,Start,Finish,241,43.51450810000256,16.36042175002399,919,233,213,20,,,False,
2026-05-12T13:36:58+00:00,43.519484577700496,16.369491135701537,140,2026-05-12T13:46:45.889905+00:00,770,1,2.316,390.608,138.96,213.601,1,Start,Finish,241,43.51450810000256,16.36042175002399,917,233,213,20,,,False,
2026-05-12T13:36:59+00:00,43.51946722716093,16.36947523802519,141,2026-05-12T13:46:45.889905+00:00,770,1,2.316,392.924,138.96,213.601,1,Start,Finish,241,43.51450810000256,16.36042175002399,915,233,212,21,,,False,
2026-05-12T13:37:00+00:00,43.519449876621366,16.36945934034884,142,2026-05-12T13:46:45.889905+00:00,770,1,2.316,395.24,138.96,213.601,1,Start,Finish,241,43.51450810000256,16.36042175002399,913,233,212,21,,,False,
2026-05-12T13:37:01+00:00,43.519432875327766,16.369446027092636,142,2026-05-12T13:46:45.889905+00:00,770,1,2.174,397.414,130.44,209.59,1,Start,Finish,241,43.51450810000256,16.36042175002399,911,233,211,22,,,False,
2026-05-12T13:37:02+00:00,43.519415874034166,16.36943271383643,142,2026-05-12T13:46:45.889905+00:00,770,1,2.174,399.588,130.44,209.59,1,Start,Finish,241,43.51450810000256,16.36042175002399,909,233,211,22,,,False,
2026-05-12T13:37:03+00:00,43.51939887274057,16.369419400580227,142,2026-05-12T13:46:45.889905+00:00,770,1,2.174,401.762,130.44,209.59,1,Start,Finish,241,43.51450810000256,16.36042175002399,907,233,209,24,,,False,
2026-05-12T13:37:04+00:00,43.51938187144697,16.369406087324023,142,2026-05-12T13:46:45.889905+00:00,770,1,2.174,403.936,130.44,209.59,1,Start,Finish,241,43.51450810000256,16.36042175002399,905,233,207,26,,,False,
2026-05-12T13:37:05+00:00,43.51936487015337,16.36939277406782,142,2026-05-12T13:46:45.889905+00:00,770,1,2.174,406.11,130.44,209.59,1,Start,Finish,241,43.51450810000256,16.36042175002399,903,233,206,27,,,False,
2026-05-12T13:37:06+00:00,43.51934786885977,16.369379460811615,142,2026-05-12T13:46:45.889905+00:00,770,1,2.174,408.284,130.44,209.59,1,Start,Finish,241,43.51450810000256,16.36042175002399,901,233,204,29,,,False,
2026-05-12T13:37:07+00:00,43.51932920864783,16.369371036998928,141,2026-05-12T13:46:45.889905+00:00,770,1,2.183,410.468,130.98,198.126,1,Start,Finish,241,43.51450810000256,16.36042175002399,899,233,203,30,,,False,
2026-05-12T13:37:08+00:00,43.5193105484359,16.36936261318624,141,2026-05-12T13:46:45.889905+00:00,770,1,2.183,412.651,130.98,198.126,1,Start,Finish,241,43.51450810000256,16.36042175002399,897,233,202,31,,,False,
2026-05-12T13:37:09+00:00,43.51929188822396,16.369354189373553,140,2026-05-12T13:46:45.889905+00:00,770,1,2.183,414.834,130.98,198.126,1,Start,Finish,241,43.51450810000256,16.36042175002399,895,234,201,33,,,False,
2026-05-12T13:37:10+00:00,43.519273228012025,16.369345765560865,140,2026-05-12T13:46:45.889905+00:00,770,1,2.183,417.017,130.98,198.126,1,Start,Finish,241,43.51450810000256,16.36042175002399,894,234,199,35,,,False,
2026-05-12T13:37:11+00:00,43.51925456780009,16.369337341748178,139,2026-05-12T13:46:45.889905+00:00,770,1,2.183,419.201,130.98,198.126,1,Start,Finish,241,43.51450810000256,16.36042175002399,892,234,198,36,,,False,
2026-05-12T13:37:12+00:00,43.519235907588154,16.36932891793549,138,2026-05-12T13:46:45.889905+00:00,770,1,2.183,421.384,130.98,198.126,1,Start,Finish,241,43.51450810000256,16.36042175002399,890,234,198,36,,,False,
2026-05-12T13:37:13+00:00,43.51921724737622,16.369320494122803,138,2026-05-12T13:46:45.889905+00:00,770,1,2.183,423.567,130.98,198.126,1,Start,Finish,241,43.51450810000256,16.36042175002399,888,234,198,36,,,False,
2026-05-12T13:37:14+00:00,43.51919858716428,16.369312070310116,137,2026-05-12T13:46:45.889905+00:00,770,1,2.183,425.75,130.98,198.126,1,Start,Finish,241,43.51450810000256,16.36042175002399,887,234,199,35,,,False,
2026-05-12T13:37:15+00:00,43.51918027270585,16.36930364649743,136,2026-05-12T13:46:45.889905+00:00,770,1,2.147,427.897,128.82,198.445,1,Start,Finish,241,43.51450810000256,16.36042175002399,885,234,201,33,,,False,
2026-05-12T13:37:16+00:00,43.51916195824742,16.36929522268474,134,2026-05-12T13:46:45.889905+00:00,770,1,2.147,430.044,128.82,198.445,1,Start,Finish,241,43.51450810000256,16.36042175002399,883,234,207,27,,,False,
2026-05-12T13:37:17+00:00,43.51914456579834,16.369287678971887,134,2026-05-12T13:46:45.889905+00:00,770,1,2.027,432.071,121.62,197.459,1,Start,Finish,241,43.51450810000256,16.36042175002399,881,234,214,20,,,False,
2026-05-12T13:37:18+00:00,43.51912717334926,16.369280135259032,133,2026-05-12T13:46:45.889905+00:00,770,1,2.027,434.099,121.62,197.459,1,Start,Finish,241,43.51450810000256,16.36042175002399,880,234,222,12,,,False,
2026-05-12T13:37:19+00:00,43.51911476813257,16.369269909337163,132,2026-05-12T13:46:45.889905+00:00,770,1,1.607,435.706,96.42,210.869,1,Start,Finish,241,43.51450810000256,16.36042175002399,878,234,229,5,,,False,
2026-05-12T13:37:20+00:00,43.51910236291587,16.369259683415294,130,2026-05-12T13:46:45.889905+00:00,770,1,1.607,437.313,96.42,210.869,1,Start,Finish,241,43.51450810000256,16.36042175002399,877,234,238,4,,,False,
2026-05-12T13:37:21+00:00,43.51909645367414,16.369246523827314,130,2026-05-12T13:46:45.889905+00:00,770,1,1.248,438.561,74.88,238.232,1,Start,Finish,241,43.51450810000256,16.36042175002399,876,234,249,15,,,False,
2026-05-12T13:37:22+00:00,43.5190905444324,16.369233364239335,131,2026-05-12T13:46:45.889905+00:00,770,1,1.248,439.809,74.88,238.232,1,Start,Finish,241,43.51450810000256,16.36042175002399,874,234,249,15,,,False,
2026-05-12T13:37:23+00:00,43.519095364026725,16.36921965982765,132,2026-05-12T13:46:45.889905+00:00,770,1,1.228,441.037,73.68,295.873,1,Start,Finish,241,43.51450810000256,16.36042175002399,874,234,259,25,,,False,
2026-05-12T13:37:24+00:00,43.51910018362105,16.369205955415964,134,2026-05-12T13:46:45.889905+00:00,770,1,1.228,442.265,73.68,295.873,1,Start,Finish,241,43.51450810000256,16.36042175002399,873,234,266,32,,,False,
2026-05-12T13:37:25+00:00,43.51911030896008,16.36918501742184,134,2026-05-12T13:46:45.889905+00:00,770,1,2.029,444.294,121.74,303.699,1,Start,Finish,241,43.51450810000256,16.36042175002399,872,234,278,44,,,False,
2026-05-12T13:37:26+00:00,43.51912043429911,16.36916407942772,134,2026-05-12T13:46:45.889905+00:00,770,1,2.029,446.324,121.74,303.699,1,Start,Finish,241,43.51450810000256,16.36042175002399,872,234,285,51,,,False,
2026-05-12T13:37:27+00:00,43.51913055963814,16.369143141433597,134,2026-05-12T13:46:45.889905+00:00,770,1,2.029,448.353,121.74,303.699,1,Start,Finish,241,43.51450810000256,16.36042175002399,871,234,291,57,,,False,
2026-05-12T13:37:28+00:00,43.519140684977174,16.369122203439474,134,2026-05-12T13:46:45.889905+00:00,770,1,2.029,450.382,121.74,303.699,1,Start,Finish,241,43.51450810000256,16.36042175002399,870,234,300,66,,,False,
2026-05-12T13:37:29+00:00,43.519150810316205,16.36910126544535,134,2026-05-12T13:46:45.889905+00:00,770,1,2.029,452.411,121.74,303.699,1,Start,Finish,241,43.51450810000256,16.36042175002399,870,234,300,66,,,False,
2026-05-12T13:37:30+00:00,43.51915835402906,16.369080947712064,133,2026-05-12T13:46:45.889905+00:00,770,1,1.841,454.252,110.46,297.113,1,Start,Finish,241,43.51450810000256,16.36042175002399,869,233,300,67,,,False,
2026-05-12T13:37:31+00:00,43.519165897741914,16.369060629978776,132,2026-05-12T13:46:45.889905+00:00,770,1,1.841,456.093,110.46,297.113,1,Start,Finish,241,43.51450810000256,16.36042175002399,868,233,299,66,,,False,
2026-05-12T13:37:32+00:00,43.51917344145477,16.369040312245488,132,2026-05-12T13:46:45.889905+00:00,770,1,1.841,457.933,110.46,297.113,1,Start,Finish,241,43.51450810000256,16.36042175002399,867,233,299,66,,,False,
2026-05-12T13:37:33+00:00,43.51918098516762,16.3690199945122,131,2026-05-12T13:46:45.889905+00:00,770,1,1.841,459.774,110.46,297.113,1,Start,Finish,241,43.51450810000256,16.36042175002399,866,233,298,65,,,False,
2026-05-12T13:37:34+00:00,43.51918852888048,16.368999676778913,130,2026-05-12T13:46:45.889905+00:00,770,1,1.841,461.614,110.46,297.113,1,Start,Finish,241,43.51450810000256,16.36042175002399,866,233,296,63,,,False,
2026-05-12T13:37:35+00:00,43.5191967850551,16.368975033983588,130,2026-05-12T13:46:45.889905+00:00,770,1,2.189,463.803,131.34,294.798,1,Start,Finish,241,43.51450810000256,16.36042175002399,865,233,295,62,,,False,
2026-05-12T13:37:36+00:00,43.519205041229725,16.368950391188264,130,2026-05-12T13:46:45.889905+00:00,770,1,2.189,465.992,131.34,294.798,1,Start,Finish,241,43.51450810000256,16.36042175002399,864,233,294,61,,,False,
2026-05-12T13:37:37+00:00,43.519213129766285,16.36892361100763,128,2026-05-12T13:46:45.889905+00:00,770,1,2.339,468.331,140.34,292.613,1,Start,Finish,241,43.51450810000256,16.36042175002399,862,233,293,60,,,False,
2026-05-12T13:37:38+00:00,43.519221218302846,16.368896830826998,127,2026-05-12T13:46:45.889905+00:00,770,1,2.339,470.67,140.34,292.613,1,Start,Finish,241,43.51450810000256,16.36042175002399,861,233,292,59,,,False,
2026-05-12T13:37:39+00:00,43.51922792382538,16.36887181084603,125,2026-05-12T13:46:45.889905+00:00,770,1,2.151,472.821,129.06,290.284,1,Start,Finish,241,43.51450810000256,16.36042175002399,860,232,291,59,,,False,
2026-05-12T13:37:40+00:00,43.51923462934792,16.368846790865064,123,2026-05-12T13:46:45.889905+00:00,770,1,2.151,474.972,129.06,290.284,1,Start,Finish,241,43.51450810000256,16.36042175002399,859,232,291,59,,,False,
2026-05-12T13:37:41+00:00,43.51924077607691,16.368821519427,124,2026-05-12T13:46:45.889905+00:00,770,1,2.149,477.121,128.94,288.543,1,Start,Finish,241,43.51450810000256,16.36042175002399,858,232,290,58,,,False,
2026-05-12T13:37:42+00:00,43.519246922805905,16.36879624798894,124,2026-05-12T13:46:45.889905+00:00,770,1,2.149,479.27,128.94,288.543,1,Start,Finish,241,43.51450810000256,16.36042175002399,857,232,289,57,,,False,
2026-05-12T13:37:43+00:00,43.5192530695349,16.368770976550877,125,2026-05-12T13:46:45.889905+00:00,770,1,2.149,481.419,128.94,288.543,1,Start,Finish,241,43.51450810000256,16.36042175002399,855,232,290,58,,,False,
2026-05-12T13:37:44+00:00,43.51925921626389,16.368745705112815,126,2026-05-12T13:46:45.889905+00:00,770,1,2.149,483.569,128.94,288.543,1,Start,Finish,241,43.51450810000256,16.36042175002399,854,232,290,58,,,False,
2026-05-12T13:37:45+00:00,43.51926536299288,16.368720433674753,126,2026-05-12T13:46:45.889905+00:00,770,1,2.149,485.718,128.94,288.543,1,Start,Finish,241,43.51450810000256,16.36042175002399,853,232,289,57,,,False,
2026-05-12T13:37:46+00:00,43.519271509721875,16.36869516223669,127,2026-05-12T13:46:45.889905+00:00,770,1,2.149,487.867,128.94,288.543,1,Start,Finish,241,43.51450810000256,16.36042175002399,852,232,289,57,,,False,
2026-05-12T13:37:47+00:00,43.51928156800568,16.368666915223002,129,2026-05-12T13:46:45.889905+00:00,770,1,2.537,490.405,152.22,296.153,1,Start,Finish,241,43.51450810000256,16.36042175002399,851,231,289,58,,,False,
2026-05-12T13:37:48+00:00,43.51928807795048,16.36863900348544,130,2026-05-12T13:46:45.889905+00:00,770,1,2.364,492.769,141.84,287.83,1,Start,Finish,241,43.51450810000256,16.36042175002399,849,231,289,58,,,False,
2026-05-12T13:37:49+00:00,43.519294587895274,16.36861109174788,131,2026-05-12T13:46:45.889905+00:00,770,1,2.364,495.133,141.84,287.83,1,Start,Finish,241,43.51450810000256,16.36042175002399,848,231,289,58,,,False,
2026-05-12T13:37:50+00:00,43.51930109784007,16.36858318001032,132,2026-05-12T13:46:45.889905+00:00,770,1,2.364,497.497,141.84,287.83,1,Start,Finish,241,43.51450810000256,16.36042175002399,847,231,289,58,,,False,
2026-05-12T13:37:51+00:00,43.51930719986558,16.368557531386614,132,2026-05-12T13:46:45.889905+00:00,770,1,2.177,499.674,130.62,288.164,1,Start,Finish,241,43.51450810000256,16.36042175002399,846,231,289,58,,,False,
2026-05-12T13:37:52+00:00,43.51931330189109,16.36853188276291,132,2026-05-12T13:46:45.889905+00:00,770,1,2.177,501.85,130.62,288.164,1,Start,Finish,241,43.51450810000256,16.36042175002399,844,231,287,56,,,False,
2026-05-12T13:37:53+00:00,43.5193194039166,16.368506234139204,131,2026-05-12T13:46:45.889905+00:00,770,1,2.177,504.027,130.62,288.164,1,Start,Finish,241,43.51450810000256,16.36042175002399,843,231,287,56,,,False,
2026-05-12T13:37:54+00:00,43.519325505942106,16.3684805855155,131,2026-05-12T13:46:45.889905+00:00,770,1,2.177,506.203,130.62,288.164,1,Start,Finish,241,43.51450810000256,16.36042175002399,842,231,285,54,,,False,
2026-05-12T13:37:55+00:00,43.519331607967615,16.368454936891794,131,2026-05-12T13:46:45.889905+00:00,770,1,2.177,508.38,130.62,288.164,1,Start,Finish,241,43.51450810000256,16.36042175002399,841,230,285,55,,,False,
2026-05-12T13:37:56+00:00,43.51933512836695,16.368432082235813,129,2026-05-12T13:46:45.889905+00:00,770,1,1.884,510.264,113.04,281.992,1,Start,Finish,241,43.51450810000256,16.36042175002399,840,230,285,55,,,False,
2026-05-12T13:37:57+00:00,43.51933864876628,16.368409227579832,128,2026-05-12T13:46:45.889905+00:00,770,1,1.884,512.148,113.04,281.992,1,Start,Finish,241,43.51450810000256,16.36042175002399,839,230,285,55,,,False,
2026-05-12T13:37:58+00:00,43.51934216916561,16.36838637292385,126,2026-05-12T13:46:45.889905+00:00,770,1,1.884,514.032,113.04,281.992,1,Start,Finish,241,43.51450810000256,16.36042175002399,837,230,285,55,,,False,
2026-05-12T13:37:59+00:00,43.51934518665075,16.368362568318844,123,2026-05-12T13:46:45.889905+00:00,770,1,1.949,515.98,116.94,279.916,1,Start,Finish,241,43.51450810000256,16.36042175002399,836,230,285,55,,,False,
2026-05-12T13:38:00+00:00,43.51934912614525,16.36833935044706,123,2026-05-12T13:46:45.889905+00:00,770,1,1.923,517.903,115.38,283.17,1,Start,Finish,241,43.51450810000256,16.36042175002399,835,230,285,55,,,False,
2026-05-12T13:38:01+00:00,43.51935495156795,16.368314288556576,124,2026-05-12T13:46:45.889905+00:00,770,1,2.122,520.025,127.32,287.773,1,Start,Finish,241,43.51450810000256,16.36042175002399,834,230,286,56,,,False,
2026-05-12T13:38:02+00:00,43.51936077699065,16.368289226666093,126,2026-05-12T13:46:45.889905+00:00,770,1,2.122,522.147,127.32,287.773,1,Start,Finish,241,43.51450810000256,16.36042175002399,833,230,287,57,,,False,
2026-05-12T13:38:03+00:00,43.51936714723706,16.368265128694475,128,2026-05-12T13:46:45.889905+00:00,770,1,2.068,524.215,124.08,290.029,1,Start,Finish,241,43.51450810000256,16.36042175002399,832,229,288,59,,,False,
2026-05-12T13:38:04+00:00,43.51937351748347,16.368241030722857,129,2026-05-12T13:46:45.889905+00:00,770,1,2.068,526.283,124.08,290.029,1,Start,Finish,241,43.51450810000256,16.36042175002399,831,229,289,60,,,False,
2026-05-12T13:38:05+00:00,43.51938005536795,16.36821781285107,129,2026-05-12T13:46:45.889905+00:00,770,1,2.008,528.292,120.48,291.222,1,Start,Finish,241,43.51450810000256,16.36042175002399,830,229,290,61,,,False,
2026-05-12T13:38:06+00:00,43.51938588079065,16.368196648545563,127,2026-05-12T13:46:45.889905+00:00,770,1,1.825,530.117,109.5,290.786,1,Start,Finish,241,43.51450810000256,16.36042175002399,829,229,290,61,,,False,
2026-05-12T13:38:07+00:00,43.519391706213355,16.368175484240055,125,2026-05-12T13:46:45.889905+00:00,770,1,1.825,531.942,109.5,290.786,1,Start,Finish,241,43.51450810000256,16.36042175002399,828,229,290,61,,,False,
2026-05-12T13:38:08+00:00,43.51939841173589,16.36815113481134,124,2026-05-12T13:46:45.889905+00:00,770,1,2.1,534.042,126.0,290.795,1,Start,Finish,241,43.51450810000256,16.36042175002399,827,229,291,62,,,False,
2026-05-12T13:38:09+00:00,43.51940511725843,16.36812678538263,123,2026-05-12T13:46:45.889905+00:00,770,1,2.1,536.143,126.0,290.795,1,Start,Finish,241,43.51450810000256,16.36042175002399,826,229,291,62,,,False,
2026-05-12T13:38:10+00:00,43.51941182278097,16.368102435953915,122,2026-05-12T13:46:45.889905+00:00,770,1,2.1,538.243,126.0,290.795,1,Start,Finish,241,43.51450810000256,16.36042175002399,825,229,291,62,,,False,
2026-05-12T13:38:11+00:00,43.519418528303504,16.368078086525202,122,2026-05-12T13:46:45.889905+00:00,770,1,2.1,540.343,126.0,290.795,1,Start,Finish,241,43.51450810000256,16.36042175002399,824,229,291,62,,,False,
2026-05-12T13:38:12+00:00,43.51942523382604,16.36805373709649,121,2026-05-12T13:46:45.889905+00:00,770,1,2.1,542.443,126.0,290.795,1,Start,Finish,241,43.51450810000256,16.36042175002399,823,228,291,63,,,False,
2026-05-12T13:38:13+00:00,43.51943193934858,16.368029387667775,120,2026-05-12T13:46:45.889905+00:00,770,1,2.1,544.543,126.0,290.795,1,Start,Finish,241,43.51450810000256,16.36042175002399,822,228,291,63,,,False,
2026-05-12T13:38:14+00:00,43.519439566880465,16.36800575070083,115,2026-05-12T13:46:45.889905+00:00,770,1,2.086,546.629,125.16,293.99,1,Start,Finish,241,43.51450810000256,16.36042175002399,821,228,292,64,,,False,
2026-05-12T13:38:15+00:00,43.51944618858397,16.36798035353422,111,2026-05-12T13:46:45.889905+00:00,770,1,2.176,548.806,130.56,289.776,1,Start,Finish,241,43.51450810000256,16.36042175002399,820,228,292,64,,,False,
2026-05-12T13:38:16+00:00,43.51945255883038,16.367955962195992,111,2026-05-12T13:46:45.889905+00:00,770,1,2.09,550.896,125.4,289.807,1,Start,Finish,241,43.51450810000256,16.36042175002399,819,228,293,65,,,False,
2026-05-12T13:38:17+00:00,43.5194600187242,16.36793442070484,112,2026-05-12T13:46:45.889905+00:00,770,1,1.925,552.821,115.5,295.528,1,Start,Finish,241,43.51450810000256,16.36042175002399,819,228,294,66,,,False,
2026-05-12T13:38:18+00:00,43.51946810726077,16.367910993285477,116,2026-05-12T13:46:45.889905+00:00,770,1,2.092,554.913,125.52,295.46,1,Start,Finish,241,43.51450810000256,16.36042175002399,818,228,295,67,,,False,
2026-05-12T13:38:19+00:00,43.51947619579733,16.367887565866113,120,2026-05-12T13:46:45.889905+00:00,770,1,2.092,557.005,125.52,295.46,1,Start,Finish,241,43.51450810000256,16.36042175002399,817,227,294,67,,,False,
2026-05-12T13:38:20+00:00,43.51948491297662,16.367866527289152,122,2026-05-12T13:46:45.889905+00:00,770,1,1.954,558.959,117.24,299.744,1,Start,Finish,241,43.51450810000256,16.36042175002399,816,227,295,68,,,False,
2026-05-12T13:38:21+00:00,43.51949363015592,16.36784548871219,123,2026-05-12T13:46:45.889905+00:00,770,1,1.954,560.913,117.24,299.744,1,Start,Finish,241,43.51450810000256,16.36042175002399,816,227,295,68,,,False,
2026-05-12T13:38:22+00:00,43.51950058713555,16.36782282963395,122,2026-05-12T13:46:45.889905+00:00,770,1,1.984,562.897,119.04,292.948,1,Start,Finish,241,43.51450810000256,16.36042175002399,815,227,295,68,,,False,
2026-05-12T13:38:23+00:00,43.519507544115186,16.36780017055571,121,2026-05-12T13:46:45.889905+00:00,770,1,1.984,564.881,119.04,292.948,1,Start,Finish,241,43.51450810000256,16.36042175002399,814,227,295,68,,,False,
2026-05-12T13:38:24+00:00,43.51951450109482,16.36777751147747,120,2026-05-12T13:46:45.889905+00:00,770,1,1.984,566.865,119.04,292.948,1,Start,Finish,241,43.51450810000256,16.36042175002399,813,227,294,67,,,False,
2026-05-12T13:38:25+00:00,43.51952145807445,16.36775485239923,120,2026-05-12T13:46:45.889905+00:00,770,1,1.984,568.849,119.04,292.948,1,Start,Finish,241,43.51450810000256,16.36042175002399,813,227,294,67,,,False,
2026-05-12T13:38:26+00:00,43.51952841505408,16.36773219332099,119,2026-05-12T13:46:45.889905+00:00,770,1,1.984,570.833,119.04,292.948,1,Start,Finish,241,43.51450810000256,16.36042175002399,812,227,293,66,,,False,
2026-05-12T13:38:27+00:00,43.519535372033715,16.36770953424275,118,2026-05-12T13:46:45.889905+00:00,770,1,1.984,572.817,119.04,292.948,1,Start,Finish,241,43.51450810000256,16.36042175002399,811,226,293,67,,,False,
2026-05-12T13:38:28+00:00,43.51954221725464,16.367686288431287,116,2026-05-12T13:46:45.889905+00:00,770,1,2.023,574.84,121.38,292.102,1,Start,Finish,241,43.51450810000256,16.36042175002399,810,226,293,67,,,False,
2026-05-12T13:38:29+00:00,43.51954906247556,16.367663042619824,115,2026-05-12T13:46:45.889905+00:00,770,1,2.023,576.863,121.38,292.102,1,Start,Finish,241,43.51450810000256,16.36042175002399,809,226,293,67,,,False,
2026-05-12T13:38:30+00:00,43.519555907696486,16.367639796808362,113,2026-05-12T13:46:45.889905+00:00,770,1,2.023,578.886,121.38,292.102,1,Start,Finish,241,43.51450810000256,16.36042175002399,809,226,293,67,,,False,
2026-05-12T13:38:31+00:00,43.519563996233046,16.367614776827395,112,2026-05-12T13:46:45.889905+00:00,770,1,2.209,581.095,132.54,294.028,1,Start,Finish,241,43.51450810000256,16.36042175002399,808,226,292,66,,,False,
2026-05-12T13:38:32+00:00,43.51957208476961,16.367589756846428,110,2026-05-12T13:46:45.889905+00:00,770,1,2.209,583.304,132.54,294.028,1,Start,Finish,241,43.51450810000256,16.36042175002399,807,226,292,66,,,False,
2026-05-12T13:38:33+00:00,43.51957982964814,16.36756283417344,110,2026-05-12T13:46:45.889905+00:00,770,1,2.335,585.639,140.1,291.639,1,Start,Finish,241,43.51450810000256,16.36042175002399,806,226,292,66,,,False,
2026-05-12T13:38:34+00:00,43.51958757452667,16.367535911500454,110,2026-05-12T13:46:45.889905+00:00,770,1,2.335,587.975,140.1,291.639,1,Start,Finish,241,43.51450810000256,16.36042175002399,805,225,285,60,,,False,
2026-05-12T13:38:35+00:00,43.5195953194052,16.367508988827467,111,2026-05-12T13:46:45.889905+00:00,770,1,2.335,590.31,140.1,291.639,1,Start,Finish,241,43.51450810000256,16.36042175002399,804,225,276,51,,,False,
2026-05-12T13:38:36+00:00,43.51960306428373,16.36748206615448,111,2026-05-12T13:46:45.889905+00:00,770,1,2.335,592.645,140.1,291.639,1,Start,Finish,241,43.51450810000256,16.36042175002399,803,225,269,44,,,False,
2026-05-12T13:38:37+00:00,43.51961080916226,16.367455143481493,111,2026-05-12T13:46:45.889905+00:00,770,1,2.335,594.981,140.1,291.639,1,Start,Finish,241,43.51450810000256,16.36042175002399,802,225,260,35,,,False,
2026-05-12T13:38:38+00:00,43.51960758212954,16.367441439069808,114,2026-05-12T13:46:45.889905+00:00,770,1,1.162,596.143,69.72,252.01,1,Start,Finish,241,43.51450810000256,16.36042175002399,801,225,250,25,,,False,
2026-05-12T13:38:39+00:00,43.51960435509682,16.367427734658122,116,2026-05-12T13:46:45.889905+00:00,770,1,1.162,597.304,69.72,252.01,1,Start,Finish,241,43.51450810000256,16.36042175002399,800,225,250,25,,,False,
2026-05-12T13:38:40+00:00,43.519602259621024,16.367417089641094,119,2026-05-12T13:46:45.889905+00:00,770,1,0.889,598.194,53.34,254.812,1,Start,Finish,241,43.51450810000256,16.36042175002399,799,225,241,16,,,False,
2026-05-12T13:38:41+00:00,43.519595889374614,16.367406528443098,119,2026-05-12T13:46:45.889905+00:00,770,1,1.108,599.301,66.48,230.246,1,Start,Finish,241,43.51450810000256,16.36042175002399,798,225,241,16,,,False,
2026-05-12T13:38:42+00:00,43.519578790292144,16.367399655282497,119,2026-05-12T13:46:45.889905+00:00,770,1,1.98,601.282,118.8,196.25,1,Start,Finish,241,43.51450810000256,16.36042175002399,797,225,231,6,,,False,
2026-05-12T13:38:43+00:00,43.51956090889871,16.367392614483833,120,2026-05-12T13:46:45.889905+00:00,770,1,2.068,603.35,124.08,195.935,1,Start,Finish,241,43.51450810000256,16.36042175002399,795,225,222,3,,,False,
2026-05-12T13:38:44+00:00,43.51954302750528,16.36738557368517,121,2026-05-12T13:46:45.889905+00:00,770,1,2.068,605.417,124.08,195.935,1,Start,Finish,241,43.51450810000256,16.36042175002399,793,225,214,11,,,False,
2026-05-12T13:38:45+00:00,43.519525146111846,16.367378532886505,122,2026-05-12T13:46:45.889905+00:00,770,1,2.068,607.485,124.08,195.935,1,Start,Finish,241,43.51450810000256,16.36042175002399,791,225,205,20,,,False,
2026-05-12T13:38:46+00:00,43.51950578391552,16.367369731888175,126,2026-05-12T13:46:45.889905+00:00,770,1,2.267,609.752,136.02,198.243,1,Start,Finish,241,43.51450810000256,16.36042175002399,789,225,196,29,,,False,
2026-05-12T13:38:47+00:00,43.519486924633384,16.367362355813384,131,2026-05-12T13:46:45.889905+00:00,770,1,2.18,611.932,130.8,195.834,1,Start,Finish,241,43.51450810000256,16.36042175002399,787,225,197,28,,,False,
2026-05-12T13:38:48+00:00,43.51946672424674,16.367355985566974,135,2026-05-12T13:46:45.889905+00:00,770,1,2.304,614.236,138.24,192.881,1,Start,Finish,241,43.51450810000256,16.36042175002399,785,225,197,28,,,False,
2026-05-12T13:38:49+00:00,43.51944599300623,16.36734670959413,135,2026-05-12T13:46:45.889905+00:00,770,1,2.424,616.66,145.44,197.976,1,Start,Finish,241,43.51450810000256,16.36042175002399,783,225,198,27,,,False,
2026-05-12T13:38:50+00:00,43.51942526176572,16.367337433621287,134,2026-05-12T13:46:45.889905+00:00,770,1,2.424,619.083,145.44,197.976,1,Start,Finish,241,43.51450810000256,16.36042175002399,781,226,199,27,,,False,
2026-05-12T13:38:51+00:00,43.51940453052521,16.367328157648444,134,2026-05-12T13:46:45.889905+00:00,770,1,2.424,621.507,145.44,197.976,1,Start,Finish,241,43.51450810000256,16.36042175002399,779,226,200,26,,,False,
2026-05-12T13:38:52+00:00,43.519386569304125,16.367316794182575,133,2026-05-12T13:46:45.889905+00:00,770,1,2.197,623.704,131.82,204.644,1,Start,Finish,241,43.51450810000256,16.36042175002399,777,226,201,25,,,False,
2026-05-12T13:38:53+00:00,43.51936860808304,16.3673054307167,132,2026-05-12T13:46:45.889905+00:00,770,1,2.197,625.901,131.82,204.644,1,Start,Finish,241,43.51450810000256,16.36042175002399,775,226,202,24,,,False,
2026-05-12T13:38:54+00:00,43.51935064686196,16.367294067250832,131,2026-05-12T13:46:45.889905+00:00,770,1,2.197,628.099,131.82,204.644,1,Start,Finish,241,43.51450810000256,16.36042175002399,773,226,203,23,,,False,
2026-05-12T13:38:55+00:00,43.51933268564088,16.36728270378496,131,2026-05-12T13:46:45.889905+00:00,770,1,2.197,630.296,131.82,204.644,1,Start,Finish,241,43.51450810000256,16.36042175002399,771,226,204,22,,,False,
2026-05-12T13:38:56+00:00,43.5193147244198,16.36727134031909,130,2026-05-12T13:46:45.889905+00:00,770,1,2.197,632.493,131.82,204.644,1,Start,Finish,241,43.51450810000256,16.36042175002399,769,226,206,20,,,False,
2026-05-12T13:38:57+00:00,43.51929676319872,16.367259976853216,129,2026-05-12T13:46:45.889905+00:00,770,1,2.197,634.691,131.82,204.644,1,Start,Finish,241,43.51450810000256,16.36042175002399,767,226,206,20,,,False,
2026-05-12T13:38:58+00:00,43.519278801977634,16.367248613387346,128,2026-05-12T13:46:45.889905+00:00,770,1,2.197,636.888,131.82,204.644,1,Start,Finish,241,43.51450810000256,16.36042175002399,764,226,207,19,,,False,
2026-05-12T13:38:59+00:00,43.519261199980974,16.367234992794693,126,2026-05-12T13:46:45.889905+00:00,770,1,2.244,639.132,134.64,209.298,1,Start,Finish,241,43.51450810000256,16.36042175002399,762,226,207,19,,,False,
2026-05-12T13:39:00+00:00,43.519243597984314,16.36722137220204,124,2026-05-12T13:46:45.889905+00:00,770,1,2.244,641.377,134.64,209.298,1,Start,Finish,241,43.51450810000256,16.36042175002399,760,226,208,18,,,False,
2026-05-12T13:39:01+00:00,43.51922591216862,16.367207039147615,124,2026-05-12T13:46:45.889905+00:00,770,1,2.281,643.658,136.86,210.442,1,Start,Finish,241,43.51450810000256,16.36042175002399,758,226,208,18,,,False,
2026-05-12T13:39:02+00:00,43.51920822635293,16.367192706093192,124,2026-05-12T13:46:45.889905+00:00,770,1,2.281,645.939,136.86,210.442,1,Start,Finish,241,43.51450810000256,16.36042175002399,756,226,209,17,,,False,
2026-05-12T13:39:03+00:00,43.519190582446754,16.367179546505213,125,2026-05-12T13:46:45.889905+00:00,770,1,2.23,648.169,133.8,208.406,1,Start,Finish,241,43.51450810000256,16.36042175002399,754,226,209,17,,,False,
2026-05-12T13:39:04+00:00,43.51917293854058,16.367166386917233,126,2026-05-12T13:46:45.889905+00:00,770,1,2.23,650.4,133.8,208.406,1,Start,Finish,241,43.51450810000256,16.36042175002399,752,226,208,18,,,False,
2026-05-12T13:39:05+00:00,43.5191552946344,16.367153227329254,126,2026-05-12T13:46:45.889905+00:00,770,1,2.23,652.63,133.8,208.406,1,Start,Finish,241,43.51450810000256,16.36042175002399,749,226,208,18,,,False,
2026-05-12T13:39:06+00:00,43.519137650728226,16.367140067741275,127,2026-05-12T13:46:45.889905+00:00,770,1,2.23,654.861,133.8,208.406,1,Start,Finish,241,43.51450810000256,16.36042175002399,747,226,208,18,,,False,
2026-05-12T13:39:07+00:00,43.519119350239635,16.367127606645226,126,2026-05-12T13:46:45.889905+00:00,770,1,2.269,657.13,136.14,206.278,1,Start,Finish,241,43.51450810000256,16.36042175002399,745,227,207,20,,,False,
2026-05-12T13:39:08+00:00,43.51910104975104,16.367115145549178,125,2026-05-12T13:46:45.889905+00:00,770,1,2.269,659.4,136.14,206.278,1,Start,Finish,241,43.51450810000256,16.36042175002399,743,227,207,20,,,False,
2026-05-12T13:39:09+00:00,43.51908274926245,16.36710268445313,124,2026-05-12T13:46:45.889905+00:00,770,1,2.269,661.669,136.14,206.278,1,Start,Finish,241,43.51450810000256,16.36042175002399,741,227,207,20,,,False,
2026-05-12T13:39:10+00:00,43.519063282292336,16.367089462000877,125,2026-05-12T13:46:45.889905+00:00,770,1,2.413,664.082,144.78,206.222,1,Start,Finish,241,43.51450810000256,16.36042175002399,739,227,206,21,,,False,
2026-05-12T13:39:11+00:00,43.51904381532222,16.367076239548624,126,2026-05-12T13:46:45.889905+00:00,770,1,2.413,666.495,144.78,206.222,1,Start,Finish,241,43.51450810000256,16.36042175002399,736,227,206,21,,,False,
2026-05-12T13:39:12+00:00,43.519024348352104,16.36706301709637,127,2026-05-12T13:46:45.889905+00:00,770,1,2.413,668.908,144.78,206.222,1,Start,Finish,241,43.51450810000256,16.36042175002399,734,227,206,21,,,False,
2026-05-12T13:39:13+00:00,43.51900488138199,16.367049794644117,128,2026-05-12T13:46:45.889905+00:00,770,1,2.413,671.321,144.78,206.222,1,Start,Finish,241,43.51450810000256,16.36042175002399,732,227,206,21,,,False,
2026-05-12T13:39:14+00:00,43.51898618973792,16.367038814350963,128,2026-05-12T13:46:45.889905+00:00,770,1,2.259,673.58,135.54,203.073,1,Start,Finish,241,43.51450810000256,16.36042175002399,730,227,206,21,,,False,
2026-05-12T13:39:15+00:00,43.51896749809384,16.367027834057808,129,2026-05-12T13:46:45.889905+00:00,770,1,2.259,675.839,135.54,203.073,1,Start,Finish,241,43.51450810000256,16.36042175002399,728,227,207,20,,,False,
2026-05-12T13:39:16+00:00,43.518949057906866,16.36701375246048,130,2026-05-12T13:46:45.889905+00:00,770,1,2.344,678.183,140.64,208.975,1,Start,Finish,241,43.51450810000256,16.36042175002399,726,227,207,20,,,False,
2026-05-12T13:39:17+00:00,43.51893061771989,16.36699967086315,131,2026-05-12T13:46:45.889905+00:00,770,1,2.344,680.527,140.64,208.975,1,Start,Finish,241,43.51450810000256,16.36042175002399,723,227,207,20,,,False,
2026-05-12T13:39:18+00:00,43.51891217753291,16.366985589265823,132,2026-05-12T13:46:45.889905+00:00,770,1,2.344,682.871,140.64,208.975,1,Start,Finish,241,43.51450810000256,16.36042175002399,721,227,207,20,,,False,
2026-05-12T13:39:19+00:00,43.51889449171722,16.36697294190526,132,2026-05-12T13:46:45.889905+00:00,770,1,2.215,685.086,132.9,207.41,1,Start,Finish,241,43.51450810000256,16.36042175002399,719,227,207,20,,,False,
2026-05-12T13:39:20+00:00,43.51887680590153,16.366960294544697,131,2026-05-12T13:46:45.889905+00:00,770,1,2.215,687.301,132.9,207.41,1,Start,Finish,241,43.51450810000256,16.36042175002399,717,227,208,19,,,False,
2026-05-12T13:39:21+00:00,43.518859120085835,16.366947647184134,131,2026-05-12T13:46:45.889905+00:00,770,1,2.215,689.516,132.9,207.41,1,Start,Finish,241,43.51450810000256,16.36042175002399,715,227,208,19,,,False,
2026-05-12T13:39:22+00:00,43.51884143427014,16.36693499982357,130,2026-05-12T13:46:45.889905+00:00,770,1,2.215,691.732,132.9,207.41,1,Start,Finish,241,43.51450810000256,16.36042175002399,713,227,208,19,,,False,
2026-05-12T13:39:23+00:00,43.51882374845445,16.366922352463007,130,2026-05-12T13:46:45.889905+00:00,770,1,2.215,693.947,132.9,207.41,1,Start,Finish,241,43.51450810000256,16.36042175002399,711,228,207,21,,,False,
2026-05-12T13:39:24+00:00,43.51880606263876,16.366909705102444,129,2026-05-12T13:46:45.889905+00:00,770,1,2.215,696.162,132.9,207.41,1,Start,Finish,241,43.51450810000256,16.36042175002399,709,228,207,21,,,False,
2026-05-12T13:39:25+00:00,43.51878837682307,16.36689705774188,129,2026-05-12T13:46:45.889905+00:00,770,1,2.215,698.377,132.9,207.41,1,Start,Finish,241,43.51450810000256,16.36042175002399,707,228,207,21,,,False,
2026-05-12T13:39:26+00:00,43.518770691007376,16.366884410381317,128,2026-05-12T13:46:45.889905+00:00,770,1,2.215,700.593,132.9,207.41,1,Start,Finish,241,43.51450810000256,16.36042175002399,704,228,207,21,,,False,
2026-05-12T13:39:27+00:00,43.51875300519168,16.366871763020754,128,2026-05-12T13:46:45.889905+00:00,770,1,2.215,702.808,132.9,207.41,1,Start,Finish,241,43.51450810000256,16.36042175002399,702,228,206,22,,,False,
2026-05-12T13:39:28+00:00,43.51873544510454,16.36685935780406,126,2026-05-12T13:46:45.889905+00:00,770,1,2.194,705.002,131.64,207.125,1,Start,Finish,241,43.51450810000256,16.36042175002399,700,228,206,22,,,False,
2026-05-12T13:39:29+00:00,43.518717885017395,16.366846952587366,125,2026-05-12T13:46:45.889905+00:00,770,1,2.194,707.196,131.64,207.125,1,Start,Finish,241,43.51450810000256,16.36042175002399,698,228,207,21,,,False,
2026-05-12T13:39:30+00:00,43.51869919337332,16.366836265660822,126,2026-05-12T13:46:45.889905+00:00,770,1,2.25,709.446,135.0,202.519,1,Start,Finish,241,43.51450810000256,16.36042175002399,696,228,207,21,,,False,
2026-05-12T13:39:31+00:00,43.51868050172925,16.36682557873428,128,2026-05-12T13:46:45.889905+00:00,770,1,2.25,711.696,135.0,202.519,1,Start,Finish,241,43.51450810000256,16.36042175002399,694,228,207,21,,,False,
2026-05-12T13:39:32+00:00,43.51866197772324,16.366811748594046,131,2026-05-12T13:46:45.889905+00:00,770,1,2.342,714.038,140.52,208.431,1,Start,Finish,241,43.51450810000256,16.36042175002399,692,228,208,20,,,False,
2026-05-12T13:39:33+00:00,43.51864341180771,16.36679674498737,133,2026-05-12T13:46:45.889905+00:00,770,1,2.393,716.431,143.58,210.371,1,Start,Finish,241,43.51450810000256,16.36042175002399,690,228,208,20,,,False,
2026-05-12T13:39:34+00:00,43.51862484589219,16.36678174138069,135,2026-05-12T13:46:45.889905+00:00,770,1,2.393,718.824,143.58,210.371,1,Start,Finish,241,43.51450810000256,16.36042175002399,687,228,207,21,,,False,
2026-05-12T13:39:35+00:00,43.518608417361975,16.366768246516585,136,2026-05-12T13:46:45.889905+00:00,770,1,2.126,720.95,127.56,210.781,1,Start,Finish,241,43.51450810000256,16.36042175002399,685,228,208,20,,,False,
2026-05-12T13:39:36+00:00,43.51859198883176,16.36675475165248,138,2026-05-12T13:46:45.889905+00:00,770,1,2.126,723.076,127.56,210.781,1,Start,Finish,241,43.51450810000256,16.36042175002399,683,228,208,20,,,False,
2026-05-12T13:39:37+00:00,43.51857447065413,16.366742430254817,138,2026-05-12T13:46:45.889905+00:00,770,1,2.187,725.263,131.22,207.023,1,Start,Finish,241,43.51450810000256,16.36042175002399,681,228,207,21,,,False,
2026-05-12T13:39:38+00:00,43.51855443028564,16.366730139336802,138,2026-05-12T13:46:45.889905+00:00,770,1,2.439,727.702,146.34,203.977,1,Start,Finish,241,43.51450810000256,16.36042175002399,679,229,207,22,,,False,
2026-05-12T13:39:39+00:00,43.51853438991714,16.366717848418787,138,2026-05-12T13:46:45.889905+00:00,770,1,2.439,730.14,146.34,203.977,1,Start,Finish,241,43.51450810000256,16.36042175002399,677,229,206,23,,,False,
2026-05-12T13:39:40+00:00,43.51851434954865,16.366705557500776,138,2026-05-12T13:46:45.889905+00:00,770,1,2.439,732.579,146.34,203.977,1,Start,Finish,241,43.51450810000256,16.36042175002399,675,229,205,24,,,False,
2026-05-12T13:39:41+00:00,43.51849430918016,16.36669326658276,138,2026-05-12T13:46:45.889905+00:00,770,1,2.439,735.018,146.34,203.977,1,Start,Finish,241,43.51450810000256,16.36042175002399,672,229,204,25,,,False,
2026-05-12T13:39:42+00:00,43.51847426881167,16.366680975664746,138,2026-05-12T13:46:45.889905+00:00,770,1,2.439,737.457,146.34,203.977,1,Start,Finish,241,43.51450810000256,16.36042175002399,670,229,204,25,,,False,
2026-05-12T13:39:43+00:00,43.518454228443176,16.36666868474673,139,2026-05-12T13:46:45.889905+00:00,770,1,2.439,739.896,146.34,203.977,1,Start,Finish,241,43.51450810000256,16.36042175002399,668,229,204,25,,,False,
2026-05-12T13:39:44+00:00,43.518434188074686,16.366656393828716,139,2026-05-12T13:46:45.889905+00:00,770,1,2.439,742.335,146.34,203.977,1,Start,Finish,241,43.51450810000256,16.36042175002399,666,229,204,25,,,False,
2026-05-12T13:39:45+00:00,43.51841414770619,16.3666441029107,139,2026-05-12T13:46:45.889905+00:00,770,1,2.439,744.773,146.34,203.977,1,Start,Finish,241,43.51450810000256,16.36042175002399,664,229,205,24,,,False,
2026-05-12T13:39:46+00:00,43.518394107337706,16.36663181199269,139,2026-05-12T13:46:45.889905+00:00,770,1,2.439,747.212,146.34,203.977,1,Start,Finish,241,43.51450810000256,16.36042175002399,661,229,205,24,,,False,
2026-05-12T13:39:47+00:00,43.51837406696921,16.366619521074675,139,2026-05-12T13:46:45.889905+00:00,770,1,2.439,749.651,146.34,203.977,1,Start,Finish,241,43.51450810000256,16.36042175002399,659,229,206,23,,,False,
2026-05-12T13:39:48+00:00,43.51835402660072,16.36660723015666,139,2026-05-12T13:46:45.889905+00:00,770,1,2.439,752.09,146.34,203.977,1,Start,Finish,241,43.51450810000256,16.36042175002399,657,229,206,23,,,False,
2026-05-12T13:39:49+00:00,43.51833648746833,16.36659368290566,139,2026-05-12T13:46:45.889905+00:00,770,1,2.235,754.325,134.1,209.254,1,Start,Finish,241,43.51450810000256,16.36042175002399,655,229,207,22,,,False,
2026-05-12T13:39:50+00:00,43.518318948335946,16.366580135654658,140,2026-05-12T13:46:45.889905+00:00,770,1,2.235,756.561,134.1,209.254,1,Start,Finish,241,43.51450810000256,16.36042175002399,653,230,207,23,,,False,
2026-05-12T13:39:51+00:00,43.51830140920356,16.366566588403657,140,2026-05-12T13:46:45.889905+00:00,770,1,2.235,758.796,134.1,209.254,1,Start,Finish,241,43.51450810000256,16.36042175002399,651,230,208,22,,,False,
2026-05-12T13:39:52+00:00,43.51828387007117,16.366553041152656,140,2026-05-12T13:46:45.889905+00:00,770,1,2.235,761.031,134.1,209.254,1,Start,Finish,241,43.51450810000256,16.36042175002399,649,230,209,21,,,False,
2026-05-12T13:39:53+00:00,43.518266330938786,16.366539493901655,141,2026-05-12T13:46:45.889905+00:00,770,1,2.235,763.267,134.1,209.254,1,Start,Finish,241,43.51450810000256,16.36042175002399,647,230,209,21,,,False,
2026-05-12T13:39:54+00:00,43.5182487918064,16.366525946650654,141,2026-05-12T13:46:45.889905+00:00,770,1,2.235,765.502,134.1,209.254,1,Start,Finish,241,43.51450810000256,16.36042175002399,644,230,210,20,,,False,
2026-05-12T13:39:55+00:00,43.51823125267401,16.366512399399653,142,2026-05-12T13:46:45.889905+00:00,770,1,2.235,767.737,134.1,209.254,1,Start,Finish,241,43.51450810000256,16.36042175002399,642,230,210,20,,,False,
2026-05-12T13:39:56+00:00,43.51821371354163,16.366498852148652,142,2026-05-12T13:46:45.889905+00:00,770,1,2.235,769.973,134.1,209.254,1,Start,Finish,241,43.51450810000256,16.36042175002399,640,230,210,20,,,False,
2026-05-12T13:39:57+00:00,43.51819661445916,16.366484938189387,143,2026-05-12T13:46:45.889905+00:00,770,1,2.208,772.18,132.48,210.544,1,Start,Finish,241,43.51450810000256,16.36042175002399,638,230,210,20,,,False,
2026-05-12T13:39:58+00:00,43.51817951537669,16.366471024230123,144,2026-05-12T13:46:45.889905+00:00,770,1,2.208,774.388,132.48,210.544,1,Start,Finish,241,43.51450810000256,16.36042175002399,636,230,210,20,,,False,
2026-05-12T13:39:59+00:00,43.5181617597118,16.36645727790892,144,2026-05-12T13:46:45.889905+00:00,770,1,2.264,776.652,135.84,209.31,1,Start,Finish,241,43.51450810000256,16.36042175002399,634,230,210,20,,,False,
2026-05-12T13:40:00+00:00,43.51814400404692,16.36644353158772,144,2026-05-12T13:46:45.889905+00:00,770,1,2.264,778.916,135.84,209.31,1,Start,Finish,241,43.51450810000256,16.36042175002399,632,230,210,20,,,False,
2026-05-12T13:40:01+00:00,43.51812624838203,16.36642978526652,144,2026-05-12T13:46:45.889905+00:00,770,1,2.264,781.181,135.84,209.31,1,Start,Finish,241,43.51450810000256,16.36042175002399,630,230,210,20,,,False,
2026-05-12T13:40:02+00:00,43.51810849271715,16.366416038945317,144,2026-05-12T13:46:45.889905+00:00,770,1,2.264,783.445,135.84,209.31,1,Start,Finish,241,43.51450810000256,16.36042175002399,628,230,209,21,,,False,
2026-05-12T13:40:03+00:00,43.51809073705226,16.366402292624116,144,2026-05-12T13:46:45.889905+00:00,770,1,2.264,785.709,135.84,209.31,1,Start,Finish,241,43.51450810000256,16.36042175002399,626,230,209,21,,,False,
2026-05-12T13:40:04+00:00,43.51807298138738,16.366388546302915,144,2026-05-12T13:46:45.889905+00:00,770,1,2.264,787.973,135.84,209.31,1,Start,Finish,241,43.51450810000256,16.36042175002399,623,231,209,22,,,False,
2026-05-12T13:40:05+00:00,43.51805522572249,16.366374799981713,144,2026-05-12T13:46:45.889905+00:00,770,1,2.264,790.237,135.84,209.31,1,Start,Finish,241,43.51450810000256,16.36042175002399,621,231,209,22,,,False,
2026-05-12T13:40:06+00:00,43.51803747005761,16.366361053660512,144,2026-05-12T13:46:45.889905+00:00,770,1,2.264,792.502,135.84,209.31,1,Start,Finish,241,43.51450810000256,16.36042175002399,619,231,209,22,,,False,
2026-05-12T13:40:07+00:00,43.51801971439272,16.36634730733931,144,2026-05-12T13:46:45.889905+00:00,770,1,2.264,794.766,135.84,209.31,1,Start,Finish,241,43.51450810000256,16.36042175002399,617,231,209,22,,,False,
2026-05-12T13:40:08+00:00,43.51800195872784,16.36633356101811,144,2026-05-12T13:46:45.889905+00:00,770,1,2.264,797.03,135.84,209.31,1,Start,Finish,241,43.51450810000256,16.36042175002399,615,231,208,23,,,False,
2026-05-12T13:40:09+00:00,43.51798420306295,16.366319814696908,144,2026-05-12T13:46:45.889905+00:00,770,1,2.264,799.294,135.84,209.31,1,Start,Finish,241,43.51450810000256,16.36042175002399,613,231,208,23,,,False,
2026-05-12T13:40:10+00:00,43.51796644739807,16.366306068375707,144,2026-05-12T13:46:45.889905+00:00,770,1,2.264,801.558,135.84,209.31,1,Start,Finish,241,43.51450810000256,16.36042175002399,611,231,207,24,,,False,
2026-05-12T13:40:11+00:00,43.51794741285796,16.36629439467056,144,2026-05-12T13:46:45.889905+00:00,770,1,2.316,803.875,138.96,203.976,1,Start,Finish,241,43.51450810000256,16.36042175002399,609,231,206,25,,,False,
2026-05-12T13:40:12+00:00,43.51792837831784,16.36628272096542,145,2026-05-12T13:46:45.889905+00:00,770,1,2.316,806.191,138.96,203.976,1,Start,Finish,241,43.51450810000256,16.36042175002399,607,231,206,25,,,False,
2026-05-12T13:40:13+00:00,43.51790934377773,16.366271047260273,145,2026-05-12T13:46:45.889905+00:00,770,1,2.316,808.508,138.96,203.976,1,Start,Finish,241,43.51450810000256,16.36042175002399,605,231,205,26,,,False,
2026-05-12T13:40:14+00:00,43.51789030923762,16.366259373555128,145,2026-05-12T13:46:45.889905+00:00,770,1,2.316,810.824,138.96,203.976,1,Start,Finish,241,43.51450810000256,16.36042175002399,603,231,205,26,,,False,
2026-05-12T13:40:15+00:00,43.51787127469751,16.366247699849986,145,2026-05-12T13:46:45.889905+00:00,770,1,2.316,813.141,138.96,203.976,1,Start,Finish,241,43.51450810000256,16.36042175002399,600,231,204,27,,,False,
2026-05-12T13:40:16+00:00,43.51785224015739,16.36623602614484,146,2026-05-12T13:46:45.889905+00:00,770,1,2.316,815.457,138.96,203.976,1,Start,Finish,241,43.51450810000256,16.36042175002399,598,232,204,28,,,False,
2026-05-12T13:40:17+00:00,43.517833205617286,16.366224352439698,146,2026-05-12T13:46:45.889905+00:00,770,1,2.316,817.773,138.96,203.976,1,Start,Finish,241,43.51450810000256,16.36042175002399,596,232,204,28,,,False,
2026-05-12T13:40:18+00:00,43.51781417107718,16.366212678734552,146,2026-05-12T13:46:45.889905+00:00,770,1,2.316,820.09,138.96,203.976,1,Start,Finish,241,43.51450810000256,16.36042175002399,594,232,204,28,,,False,
2026-05-12T13:40:19+00:00,43.51779513653707,16.366201005029406,146,2026-05-12T13:46:45.889905+00:00,770,1,2.316,822.406,138.96,203.976,1,Start,Finish,241,43.51450810000256,16.36042175002399,592,232,204,28,,,False,
2026-05-12T13:40:20+00:00,43.51777610199695,16.366189331324264,147,2026-05-12T13:46:45.889905+00:00,770,1,2.316,824.723,138.96,203.976,1,Start,Finish,241,43.51450810000256,16.36042175002399,590,232,204,28,,,False,
2026-05-12T13:40:21+00:00,43.51775706745684,16.36617765761912,147,2026-05-12T13:46:45.889905+00:00,770,1,2.316,827.039,138.96,203.976,1,Start,Finish,241,43.51450810000256,16.36042175002399,588,232,204,28,,,False,
2026-05-12T13:40:34+00:00,43.51751332171261,16.365991327911615,148,2026-05-12T13:46:45.889905+00:00,770,1,30.989,858.028,143.026,209.002,1,Start,Finish,241,43.51450810000256,16.36042175002399,560,233,208,25,,,False,
2026-05-12T13:40:35+00:00,43.51749435067177,16.365977749228477,149,2026-05-12T13:46:45.889905+00:00,770,1,2.377,860.405,142.62,207.431,1,Start,Finish,241,43.51450810000256,16.36042175002399,558,233,208,25,,,False,
2026-05-12T13:40:36+00:00,43.51747537963092,16.36596417054534,149,2026-05-12T13:46:45.889905+00:00,770,1,2.377,862.782,142.62,207.431,1,Start,Finish,241,43.51450810000256,16.36042175002399,556,234,208,26,,,False,
2026-05-12T13:40:37+00:00,43.51745640859008,16.3659505918622,150,2026-05-12T13:46:45.889905+00:00,770,1,2.377,865.158,142.62,207.431,1,Start,Finish,241,43.51450810000256,16.36042175002399,553,234,207,27,,,False,
2026-05-12T13:40:38+00:00,43.51743743754923,16.365937013179064,151,2026-05-12T13:46:45.889905+00:00,770,1,2.377,867.535,142.62,207.431,1,Start,Finish,241,43.51450810000256,16.36042175002399,551,234,207,27,,,False,
2026-05-12T13:40:39+00:00,43.51741846650839,16.365923434495926,151,2026-05-12T13:46:45.889905+00:00,770,1,2.377,869.912,142.62,207.431,1,Start,Finish,241,43.51450810000256,16.36042175002399,549,234,207,27,,,False,
2026-05-12T13:40:40+00:00,43.517399495467544,16.365909855812788,152,2026-05-12T13:46:45.889905+00:00,770,1,2.377,872.289,142.62,207.431,1,Start,Finish,241,43.51450810000256,16.36042175002399,547,234,207,27,,,False,
2026-05-12T13:40:41+00:00,43.51738101337105,16.365897199139,151,2026-05-12T13:46:45.889905+00:00,770,1,2.295,874.583,137.7,206.409,1,Start,Finish,241,43.51450810000256,16.36042175002399,545,234,206,28,,,False,
2026-05-12T13:40:42+00:00,43.51736253127456,16.36588454246521,150,2026-05-12T13:46:45.889905+00:00,770,1,2.295,876.878,137.7,206.409,1,Start,Finish,241,43.51450810000256,16.36042175002399,543,234,206,28,,,False,
2026-05-12T13:40:43+00:00,43.517344049178064,16.36587188579142,150,2026-05-12T13:46:45.889905+00:00,770,1,2.295,879.172,137.7,206.409,1,Start,Finish,241,43.51450810000256,16.36042175002399,541,234,206,28,,,False,
2026-05-12T13:40:44+00:00,43.51732556708157,16.365859229117632,149,2026-05-12T13:46:45.889905+00:00,770,1,2.295,881.467,137.7,206.409,1,Start,Finish,241,43.51450810000256,16.36042175002399,539,234,205,29,,,False,
2026-05-12T13:40:45+00:00,43.51730511523783,16.36584770400077,148,2026-05-12T13:46:45.889905+00:00,770,1,2.457,883.923,147.42,202.227,1,Start,Finish,241,43.51450810000256,16.36042175002399,537,235,205,30,,,False,
2026-05-12T13:40:46+00:00,43.51728466339409,16.36583617888391,148,2026-05-12T13:46:45.889905+00:00,770,1,2.457,886.38,147.42,202.227,1,Start,Finish,241,43.51450810000256,16.36042175002399,535,235,205,30,,,False,
2026-05-12T13:40:47+00:00,43.51726522935288,16.365823282727174,148,2026-05-12T13:46:45.889905+00:00,770,1,2.398,888.778,143.88,205.697,1,Start,Finish,241,43.51450810000256,16.36042175002399,533,235,205,30,,,False,
2026-05-12T13:40:48+00:00,43.51724579531167,16.365810386570438,149,2026-05-12T13:46:45.889905+00:00,770,1,2.398,891.176,143.88,205.697,1,Start,Finish,241,43.51450810000256,16.36042175002399,531,235,205,30,,,False,
2026-05-12T13:40:49+00:00,43.51722636127046,16.3657974904137,149,2026-05-12T13:46:45.889905+00:00,770,1,2.398,893.575,143.88,205.697,1,Start,Finish,241,43.51450810000256,16.36042175002399,528,235,205,30,,,False,
2026-05-12T13:40:50+00:00,43.51720692722925,16.36578459425696,150,2026-05-12T13:46:45.889905+00:00,770,1,2.398,895.973,143.88,205.697,1,Start,Finish,241,43.51450810000256,16.36042175002399,526,235,206,29,,,False,
2026-05-12T13:40:51+00:00,43.51718749318804,16.365771698100225,150,2026-05-12T13:46:45.889905+00:00,770,1,2.398,898.371,143.88,205.697,1,Start,Finish,241,43.51450810000256,16.36042175002399,524,235,206,29,,,False,
2026-05-12T13:40:52+00:00,43.51716805914683,16.36575880194349,151,2026-05-12T13:46:45.889905+00:00,770,1,2.398,900.769,143.88,205.697,1,Start,Finish,241,43.51450810000256,16.36042175002399,522,236,206,30,,,False,
2026-05-12T13:40:53+00:00,43.51714862510562,16.365745905786753,151,2026-05-12T13:46:45.889905+00:00,770,1,2.398,903.167,143.88,205.697,1,Start,Finish,241,43.51450810000256,16.36042175002399,520,236,206,30,,,False,
2026-05-12T13:40:54+00:00,43.51713038608432,16.365732863545418,151,2026-05-12T13:46:45.889905+00:00,770,1,2.285,905.452,137.1,207.409,1,Start,Finish,241,43.51450810000256,16.36042175002399,518,236,207,29,,,False,
2026-05-12T13:40:55+00:00,43.51711214706302,16.365719821304083,152,2026-05-12T13:46:45.889905+00:00,770,1,2.285,907.736,137.1,207.409,1,Start,Finish,241,43.51450810000256,16.36042175002399,516,236,207,29,,,False,
2026-05-12T13:40:56+00:00,43.51709390804171,16.365706779062748,152,2026-05-12T13:46:45.889905+00:00,770,1,2.285,910.021,137.1,207.409,1,Start,Finish,241,43.51450810000256,16.36042175002399,514,236,207,29,,,False,
2026-05-12T13:40:57+00:00,43.517075669020414,16.365693736821413,153,2026-05-12T13:46:45.889905+00:00,770,1,2.285,912.305,137.1,207.409,1,Start,Finish,241,43.51450810000256,16.36042175002399,512,236,207,29,,,False,
2026-05-12T13:40:58+00:00,43.51705742999911,16.365680694580078,153,2026-05-12T13:46:45.889905+00:00,770,1,2.285,914.59,137.1,207.409,1,Start,Finish,241,43.51450810000256,16.36042175002399,510,236,207,29,,,False,
2026-05-12T13:40:59+00:00,43.51703759841621,16.36566748470068,152,2026-05-12T13:46:45.889905+00:00,770,1,2.449,917.039,146.94,205.782,1,Start,Finish,241,43.51450810000256,16.36042175002399,508,236,207,29,,,False,
2026-05-12T13:41:00+00:00,43.517017766833305,16.36565427482128,151,2026-05-12T13:46:45.889905+00:00,770,1,2.449,919.488,146.94,205.782,1,Start,Finish,241,43.51450810000256,16.36042175002399,506,237,206,31,,,False,
2026-05-12T13:41:01+00:00,43.5169979352504,16.365641064941883,150,2026-05-12T13:46:45.889905+00:00,770,1,2.449,921.937,146.94,205.782,1,Start,Finish,241,43.51450810000256,16.36042175002399,504,237,206,31,,,False,
2026-05-12T13:41:02+00:00,43.5169781036675,16.365627855062485,149,2026-05-12T13:46:45.889905+00:00,770,1,2.449,924.386,146.94,205.782,1,Start,Finish,241,43.51450810000256,16.36042175002399,502,237,206,31,,,False,
2026-05-12T13:41:03+00:00,43.516958272084594,16.365614645183086,148,2026-05-12T13:46:45.889905+00:00,770,1,2.449,926.835,146.94,205.782,1,Start,Finish,241,43.51450810000256,16.36042175002399,500,237,206,31,,,False,
2026-05-12T13:41:04+00:00,43.516938457265496,16.365601167082787,148,2026-05-12T13:46:45.889905+00:00,770,1,2.457,929.292,147.42,206.255,1,Start,Finish,241,43.51450810000256,16.36042175002399,497,237,206,31,,,False,
2026-05-12T13:41:05+00:00,43.5169186424464,16.365587688982487,147,2026-05-12T13:46:45.889905+00:00,770,1,2.457,931.748,147.42,206.255,1,Start,Finish,241,43.51450810000256,16.36042175002399,495,237,206,31,,,False,
2026-05-12T13:41:06+00:00,43.5168988276273,16.365574210882187,147,2026-05-12T13:46:45.889905+00:00,770,1,2.457,934.205,147.42,206.255,1,Start,Finish,241,43.51450810000256,16.36042175002399,493,237,206,31,,,False,
2026-05-12T13:41:07+00:00,43.51687901280821,16.365560732781887,146,2026-05-12T13:46:45.889905+00:00,770,1,2.457,936.662,147.42,206.255,1,Start,Finish,241,43.51450810000256,16.36042175002399,491,238,207,31,,,False,
2026-05-12T13:41:08+00:00,43.516859197989106,16.365547254681587,146,2026-05-12T13:46:45.889905+00:00,770,1,2.457,939.119,147.42,206.255,1,Start,Finish,241,43.51450810000256,16.36042175002399,489,238,207,31,,,False,
2026-05-12T13:41:09+00:00,43.516840271651745,16.36553375981748,147,2026-05-12T13:46:45.889905+00:00,770,1,2.369,941.488,142.14,207.342,1,Start,Finish,241,43.51450810000256,16.36042175002399,487,238,207,31,,,False,
2026-05-12T13:41:10+00:00,43.51682134531438,16.365520264953375,147,2026-05-12T13:46:45.889905+00:00,770,1,2.369,943.857,142.14,207.342,1,Start,Finish,241,43.51450810000256,16.36042175002399,485,238,207,31,,,False,
2026-05-12T13:41:11+00:00,43.51680241897702,16.36550677008927,148,2026-05-12T13:46:45.889905+00:00,770,1,2.369,946.226,142.14,207.342,1,Start,Finish,241,43.51450810000256,16.36042175002399,483,238,208,30,,,False,
2026-05-12T13:41:12+00:00,43.51678349263966,16.365493275225163,148,2026-05-12T13:46:45.889905+00:00,770,1,2.369,948.595,142.14,207.342,1,Start,Finish,241,43.51450810000256,16.36042175002399,481,238,209,29,,,False,
2026-05-12T13:41:13+00:00,43.5167645663023,16.365479780361056,149,2026-05-12T13:46:45.889905+00:00,770,1,2.369,950.965,142.14,207.342,1,Start,Finish,241,43.51450810000256,16.36042175002399,479,238,209,29,,,False,
2026-05-12T13:41:14+00:00,43.516745679080486,16.365463603287935,150,2026-05-12T13:46:45.889905+00:00,770,1,2.472,953.437,148.32,211.845,1,Start,Finish,241,43.51450810000256,16.36042175002399,477,239,209,30,,,False,
2026-05-12T13:41:15+00:00,43.51672679185867,16.365447426214814,151,2026-05-12T13:46:45.889905+00:00,770,1,2.472,955.909,148.32,211.845,1,Start,Finish,241,43.51450810000256,16.36042175002399,474,239,209,30,,,False,
2026-05-12T13:41:16+00:00,43.51670790463686,16.365431249141693,152,2026-05-12T13:46:45.889905+00:00,770,1,2.472,958.381,148.32,211.845,1,Start,Finish,241,43.51450810000256,16.36042175002399,472,239,209,30,,,False,
2026-05-12T13:41:17+00:00,43.51668979972601,16.36541905347258,152,2026-05-12T13:46:45.889905+00:00,770,1,2.241,960.622,134.46,206.035,1,Start,Finish,241,43.51450810000256,16.36042175002399,470,239,208,31,,,False,
2026-05-12T13:41:18+00:00,43.51667169481516,16.365406857803464,153,2026-05-12T13:46:45.889905+00:00,770,1,2.241,962.863,134.46,206.035,1,Start,Finish,241,43.51450810000256,16.36042175002399,468,239,208,31,,,False,
2026-05-12T13:41:19+00:00,43.51665448397398,16.365394676104188,154,2026-05-12T13:46:45.889905+00:00,770,1,2.151,965.014,129.06,207.17,1,Start,Finish,241,43.51450810000256,16.36042175002399,467,239,207,32,,,False,
2026-05-12T13:41:20+00:00,43.5166372731328,16.365382494404912,155,2026-05-12T13:46:45.889905+00:00,770,1,2.151,967.165,129.06,207.17,1,Start,Finish,241,43.51450810000256,16.36042175002399,465,239,206,33,,,False,
2026-05-12T13:41:21+00:00,43.51662006229162,16.365370312705636,156,2026-05-12T13:46:45.889905+00:00,770,1,2.151,969.316,129.06,207.17,1,Start,Finish,241,43.51450810000256,16.36042175002399,463,240,205,35,,,False,
2026-05-12T13:41:22+00:00,43.51660195738077,16.365359730552882,157,2026-05-12T13:46:45.889905+00:00,770,1,2.187,971.502,131.22,202.97,1,Start,Finish,241,43.51450810000256,16.36042175002399,461,240,204,36,,,False,
2026-05-12T13:41:23+00:00,43.51658385246992,16.365349148400128,158,2026-05-12T13:46:45.889905+00:00,770,1,2.187,973.689,131.22,202.97,1,Start,Finish,241,43.51450810000256,16.36042175002399,460,240,204,36,,,False,
2026-05-12T13:41:24+00:00,43.51656574755907,16.365338566247374,158,2026-05-12T13:46:45.889905+00:00,770,1,2.187,975.876,131.22,202.97,1,Start,Finish,241,43.51450810000256,16.36042175002399,458,240,203,37,,,False,
2026-05-12T13:41:25+00:00,43.51654764264822,16.36532798409462,159,2026-05-12T13:46:45.889905+00:00,770,1,2.187,978.062,131.22,202.97,1,Start,Finish,241,43.51450810000256,16.36042175002399,456,240,202,38,,,False,
2026-05-12T13:41:26+00:00,43.51652995683253,16.36531878495589,160,2026-05-12T13:46:45.889905+00:00,770,1,2.102,980.164,126.12,200.666,1,Start,Finish,241,43.51450810000256,16.36042175002399,454,240,202,38,,,False,
2026-05-12T13:41:27+00:00,43.51651227101683,16.365309585817158,160,2026-05-12T13:46:45.889905+00:00,770,1,2.102,982.266,126.12,200.666,1,Start,Finish,241,43.51450810000256,16.36042175002399,453,241,201,40,,,False,
2026-05-12T13:41:28+00:00,43.516494585201144,16.365300386678427,160,2026-05-12T13:46:45.889905+00:00,770,1,2.102,984.368,126.12,200.666,1,Start,Finish,241,43.51450810000256,16.36042175002399,451,241,201,40,,,False,
2026-05-12T13:41:29+00:00,43.51647689938545,16.365291187539697,161,2026-05-12T13:46:45.889905+00:00,770,1,2.102,986.469,126.12,200.666,1,Start,Finish,241,43.51450810000256,16.36042175002399,450,241,201,40,,,False,
2026-05-12T13:41:30+00:00,43.51645804010331,16.365280291065574,158,2026-05-12T13:46:45.889905+00:00,770,1,2.274,988.743,136.44,202.733,1,Start,Finish,241,43.51450810000256,16.36042175002399,448,241,201,40,,,False,
2026-05-12T13:41:31+00:00,43.51643708534539,16.365270232781768,154,2026-05-12T13:46:45.889905+00:00,770,1,2.467,991.21,148.02,199.192,1,Start,Finish,241,43.51450810000256,16.36042175002399,446,241,201,40,,,False,
2026-05-12T13:41:32+00:00,43.51641604676843,16.365257995203137,152,2026-05-12T13:46:45.889905+00:00,770,1,2.539,993.749,152.34,202.871,1,Start,Finish,241,43.51450810000256,16.36042175002399,444,241,200,41,,,False,
2026-05-12T13:41:33+00:00,43.516395008191466,16.365245757624507,151,2026-05-12T13:46:45.889905+00:00,770,1,2.539,996.288,152.34,202.871,1,Start,Finish,241,43.51450810000256,16.36042175002399,442,242,200,42,,,False,
2026-05-12T13:41:34+00:00,43.51637355051935,16.365235783159733,149,2026-05-12T13:46:45.889905+00:00,770,1,2.518,998.806,151.08,198.629,1,Start,Finish,241,43.51450810000256,16.36042175002399,440,242,200,42,,,False,
2026-05-12T13:41:35+00:00,43.51635209284723,16.36522580869496,147,2026-05-12T13:46:45.889905+00:00,770,1,2.518,1001.324,151.08,198.629,1,Start,Finish,241,43.51450810000256,16.36042175002399,438,242,199,43,,,False,
2026-05-12T13:41:36+00:00,43.516333820298314,16.36521754413843,147,2026-05-12T13:46:45.889905+00:00,770,1,2.138,1003.462,128.28,198.159,1,Start,Finish,241,43.51450810000256,16.36042175002399,437,242,199,43,,,False,
2026-05-12T13:41:37+00:00,43.5163155477494,16.365209279581904,147,2026-05-12T13:46:45.889905+00:00,770,1,2.138,1005.601,128.28,198.159,1,Start,Finish,241,43.51450810000256,16.36042175002399,435,243,200,43,,,False,
2026-05-12T13:41:38+00:00,43.516297275200486,16.365201015025377,146,2026-05-12T13:46:45.889905+00:00,770,1,2.138,1007.739,128.28,198.159,1,Start,Finish,241,43.51450810000256,16.36042175002399,434,243,200,43,,,False,
2026-05-12T13:41:39+00:00,43.51627900265157,16.36519275046885,146,2026-05-12T13:46:45.889905+00:00,770,1,2.138,1009.877,128.28,198.159,1,Start,Finish,241,43.51450810000256,16.36042175002399,432,243,201,42,,,False,
2026-05-12T13:41:40+00:00,43.51626073010266,16.365184485912323,146,2026-05-12T13:46:45.889905+00:00,770,1,2.138,1012.016,128.28,198.159,1,Start,Finish,241,43.51450810000256,16.36042175002399,431,243,201,42,,,False,
2026-05-12T13:41:41+00:00,43.51624057162553,16.365171190118417,146,2026-05-12T13:46:45.889905+00:00,770,1,2.485,1014.5,149.1,205.562,1,Start,Finish,241,43.51450810000256,16.36042175002399,429,243,202,41,,,False,
2026-05-12T13:41:42+00:00,43.5162204131484,16.36515789432451,146,2026-05-12T13:46:45.889905+00:00,770,1,2.485,1016.985,149.1,205.562,1,Start,Finish,241,43.51450810000256,16.36042175002399,427,244,203,41,,,False,
2026-05-12T13:41:43+00:00,43.51620025467128,16.365144598530605,146,2026-05-12T13:46:45.889905+00:00,770,1,2.485,1019.47,149.1,205.562,1,Start,Finish,241,43.51450810000256,16.36042175002399,425,244,204,40,,,False,
2026-05-12T13:41:44+00:00,43.51618009619415,16.3651313027367,146,2026-05-12T13:46:45.889905+00:00,770,1,2.485,1021.954,149.1,205.562,1,Start,Finish,241,43.51450810000256,16.36042175002399,423,244,205,39,,,False,
2026-05-12T13:41:45+00:00,43.51615993771702,16.365118006942794,146,2026-05-12T13:46:45.889905+00:00,770,1,2.485,1024.439,149.1,205.562,1,Start,Finish,241,43.51450810000256,16.36042175002399,421,244,206,38,,,False,
2026-05-12T13:41:46+00:00,43.51613977923989,16.365104711148888,146,2026-05-12T13:46:45.889905+00:00,770,1,2.485,1026.924,149.1,205.562,1,Start,Finish,241,43.51450810000256,16.36042175002399,419,244,205,39,,,False,
2026-05-12T13:41:47+00:00,43.516119620762765,16.365091415354982,146,2026-05-12T13:46:45.889905+00:00,770,1,2.485,1029.409,149.1,205.562,1,Start,Finish,241,43.51450810000256,16.36042175002399,417,245,205,40,,,False,
2026-05-12T13:41:48+00:00,43.51609946228564,16.365078119561076,146,2026-05-12T13:46:45.889905+00:00,770,1,2.485,1031.893,149.1,205.562,1,Start,Finish,241,43.51450810000256,16.36042175002399,415,245,205,40,,,False,
2026-05-12T13:41:49+00:00,43.51607822813094,16.365065490826964,147,2026-05-12T13:46:45.889905+00:00,770,1,2.571,1034.465,154.26,203.33,1,Start,Finish,241,43.51450810000256,16.36042175002399,413,245,204,41,,,False,
2026-05-12T13:41:50+00:00,43.516056993976235,16.365052862092853,149,2026-05-12T13:46:45.889905+00:00,770,1,2.571,1037.036,154.26,203.33,1,Start,Finish,241,43.51450810000256,16.36042175002399,411,245,204,41,,,False,
2026-05-12T13:41:51+00:00,43.516035759821534,16.36504023335874,150,2026-05-12T13:46:45.889905+00:00,770,1,2.571,1039.608,154.26,203.33,1,Start,Finish,241,43.51450810000256,16.36042175002399,409,245,204,41,,,False,
2026-05-12T13:41:52+00:00,43.51601880043745,16.36503003537655,151,2026-05-12T13:46:45.889905+00:00,770,1,2.057,1041.665,123.42,203.56,1,Start,Finish,241,43.51450810000256,16.36042175002399,408,246,204,42,,,False,
2026-05-12T13:41:53+00:00,43.51600184105337,16.365019837394357,153,2026-05-12T13:46:45.889905+00:00,770,1,2.057,1043.722,123.42,203.56,1,Start,Finish,241,43.51450810000256,16.36042175002399,406,246,204,42,,,False,
2026-05-12T13:41:54+00:00,43.51598488166928,16.365009639412165,154,2026-05-12T13:46:45.889905+00:00,770,1,2.057,1045.779,123.42,203.56,1,Start,Finish,241,43.51450810000256,16.36042175002399,405,246,204,42,,,False,
2026-05-12T13:41:55+00:00,43.51596711203456,16.36499815620482,154,2026-05-12T13:46:45.889905+00:00,770,1,2.182,1047.961,130.92,205.109,1,Start,Finish,241,43.51450810000256,16.36042175002399,403,246,205,41,,,False,
2026-05-12T13:41:56+00:00,43.51594934239984,16.364986672997475,155,2026-05-12T13:46:45.889905+00:00,770,1,2.182,1050.144,130.92,205.109,1,Start,Finish,241,43.51450810000256,16.36042175002399,401,246,205,41,,,False,
2026-05-12T13:41:57+00:00,43.51593157276511,16.36497518979013,156,2026-05-12T13:46:45.889905+00:00,770,1,2.182,1052.326,130.92,205.109,1,Start,Finish,241,43.51450810000256,16.36042175002399,400,247,205,42,,,False,
2026-05-12T13:41:58+00:00,43.51591380313039,16.364963706582785,156,2026-05-12T13:46:45.889905+00:00,770,1,2.182,1054.508,130.92,205.109,1,Start,Finish,241,43.51450810000256,16.36042175002399,398,247,206,41,,,False,
2026-05-12T13:41:59+00:00,43.51589640229941,16.364951577968895,156,2026-05-12T13:46:45.889905+00:00,770,1,2.168,1056.676,130.08,206.815,1,Start,Finish,241,43.51450810000256,16.36042175002399,397,247,206,41,,,False,
2026-05-12T13:42:00+00:00,43.51587900146842,16.364939449355006,155,2026-05-12T13:46:45.889905+00:00,770,1,2.168,1058.844,130.08,206.815,1,Start,Finish,241,43.51450810000256,16.36042175002399,395,247,206,41,,,False,
2026-05-12T13:42:01+00:00,43.51586160063744,16.364927320741117,155,2026-05-12T13:46:45.889905+00:00,770,1,2.168,1061.012,130.08,206.815,1,Start,Finish,241,43.51450810000256,16.36042175002399,393,248,206,42,,,False,
2026-05-12T13:42:02+00:00,43.51584419980645,16.364915192127228,155,2026-05-12T13:46:45.889905+00:00,770,1,2.168,1063.18,130.08,206.815,1,Start,Finish,241,43.51450810000256,16.36042175002399,392,248,207,41,,,False,
2026-05-12T13:42:03+00:00,43.51582679897547,16.36490306351334,154,2026-05-12T13:46:45.889905+00:00,770,1,2.168,1065.348,130.08,206.815,1,Start,Finish,241,43.51450810000256,16.36042175002399,390,248,207,41,,,False,
2026-05-12T13:42:04+00:00,43.51580939814448,16.36489093489945,154,2026-05-12T13:46:45.889905+00:00,770,1,2.168,1067.516,130.08,206.815,1,Start,Finish,241,43.51450810000256,16.36042175002399,388,248,207,41,,,False,
2026-05-12T13:42:05+00:00,43.5157919973135,16.36487880628556,154,2026-05-12T13:46:45.889905+00:00,770,1,2.168,1069.684,130.08,206.815,1,Start,Finish,241,43.51450810000256,16.36042175002399,387,248,207,41,,,False,
2026-05-12T13:42:06+00:00,43.515774596482515,16.36486667767167,154,2026-05-12T13:46:45.889905+00:00,770,1,2.168,1071.852,130.08,206.815,1,Start,Finish,241,43.51450810000256,16.36042175002399,385,249,206,43,,,False,
2026-05-12T13:42:07+00:00,43.51575719565153,16.36485454905778,153,2026-05-12T13:46:45.889905+00:00,770,1,2.168,1074.02,130.08,206.815,1,Start,Finish,241,43.51450810000256,16.36042175002399,383,249,206,43,,,False,
2026-05-12T13:42:08+00:00,43.51573979482055,16.364842420443892,153,2026-05-12T13:46:45.889905+00:00,770,1,2.168,1076.188,130.08,206.815,1,Start,Finish,241,43.51450810000256,16.36042175002399,382,249,206,43,,,False,
2026-05-12T13:42:09+00:00,43.5157216899097,16.364830937236547,153,2026-05-12T13:46:45.889905+00:00,770,1,2.216,1078.404,132.96,204.7,1,Start,Finish,241,43.51450810000256,16.36042175002399,380,249,206,43,,,False,
2026-05-12T13:42:10+00:00,43.515703584998846,16.364819454029202,153,2026-05-12T13:46:45.889905+00:00,770,1,2.216,1080.62,132.96,204.7,1,Start,Finish,241,43.51450810000256,16.36042175002399,379,249,206,43,,,False,
2026-05-12T13:42:11+00:00,43.515687776729465,16.364808473736048,152,2026-05-12T13:46:45.889905+00:00,770,1,1.968,1082.588,118.08,206.735,1,Start,Finish,241,43.51450810000256,16.36042175002399,377,250,205,45,,,False,
2026-05-12T13:42:12+00:00,43.51567196846008,16.364797493442893,152,2026-05-12T13:46:45.889905+00:00,770,1,1.968,1084.556,118.08,206.735,1,Start,Finish,241,43.51450810000256,16.36042175002399,376,250,204,46,,,False,
2026-05-12T13:42:13+00:00,43.5156561601907,16.36478651314974,151,2026-05-12T13:46:45.889905+00:00,770,1,1.968,1086.524,118.08,206.735,1,Start,Finish,241,43.51450810000256,16.36042175002399,374,250,204,46,,,False,
2026-05-12T13:42:14+00:00,43.51564035192132,16.364775532856584,151,2026-05-12T13:46:45.889905+00:00,770,1,1.968,1088.493,118.08,206.735,1,Start,Finish,241,43.51450810000256,16.36042175002399,373,250,203,47,,,False,
2026-05-12T13:42:15+00:00,43.51562454365194,16.36476455256343,150,2026-05-12T13:46:45.889905+00:00,770,1,1.968,1090.461,118.08,206.735,1,Start,Finish,241,43.51450810000256,16.36042175002399,372,250,203,47,,,False,
2026-05-12T13:42:16+00:00,43.51560968672857,16.36475807754323,150,2026-05-12T13:46:45.889905+00:00,770,1,1.733,1092.193,103.98,197.539,1,Start,Finish,241,43.51450810000256,16.36042175002399,371,251,202,49,,,False,
2026-05-12T13:42:17+00:00,43.515594829805195,16.36475160252303,149,2026-05-12T13:46:45.889905+00:00,770,1,1.733,1093.926,103.98,197.539,1,Start,Finish,241,43.51450810000256,16.36042175002399,369,251,201,50,,,False,
2026-05-12T13:42:18+00:00,43.515579972881824,16.36474512750283,148,2026-05-12T13:46:45.889905+00:00,770,1,1.733,1095.658,103.98,197.539,1,Start,Finish,241,43.51450810000256,16.36042175002399,368,251,201,50,,,False,
2026-05-12T13:42:19+00:00,43.51556511595845,16.36473865248263,148,2026-05-12T13:46:45.889905+00:00,770,1,1.733,1097.391,103.98,197.539,1,Start,Finish,241,43.51450810000256,16.36042175002399,367,251,200,51,,,False,
2026-05-12T13:42:20+00:00,43.51554868742824,16.364730605855584,147,2026-05-12T13:46:45.889905+00:00,770,1,1.939,1099.33,116.34,199.555,1,Start,Finish,241,43.51450810000256,16.36042175002399,366,252,200,52,,,False,
2026-05-12T13:42:21+00:00,43.51553225889802,16.36472255922854,146,2026-05-12T13:46:45.889905+00:00,770,1,1.939,1101.268,116.34,199.555,1,Start,Finish,241,43.51450810000256,16.36042175002399,365,252,199,53,,,False,
2026-05-12T13:42:22+00:00,43.51551583036781,16.364714512601495,145,2026-05-12T13:46:45.889905+00:00,770,1,1.939,1103.207,116.34,199.555,1,Start,Finish,241,43.51450810000256,16.36042175002399,364,252,200,52,,,False,
2026-05-12T13:42:23+00:00,43.51549826429358,16.36470481354211,145,2026-05-12T13:46:45.889905+00:00,770,1,2.104,1105.311,126.24,201.822,1,Start,Finish,241,43.51450810000256,16.36042175002399,363,252,200,52,,,False,
2026-05-12T13:42:24+00:00,43.51548069821937,16.364695114482725,144,2026-05-12T13:46:45.889905+00:00,770,1,2.104,1107.415,126.24,201.822,1,Start,Finish,241,43.51450810000256,16.36042175002399,361,253,201,52,,,False,
2026-05-12T13:42:25+00:00,43.51546313214515,16.36468541542334,144,2026-05-12T13:46:45.889905+00:00,770,1,2.104,1109.519,126.24,201.822,1,Start,Finish,241,43.51450810000256,16.36042175002399,360,253,201,52,,,False,
2026-05-12T13:42:26+00:00,43.51544556607093,16.36467571636396,143,2026-05-12T13:46:45.889905+00:00,770,1,2.104,1111.623,126.24,201.822,1,Start,Finish,241,43.51450810000256,16.36042175002399,359,253,202,51,,,False,
2026-05-12T13:42:27+00:00,43.51542799999671,16.364666017304575,143,2026-05-12T13:46:45.889905+00:00,770,1,2.104,1113.727,126.24,201.822,1,Start,Finish,241,43.51450810000256,16.36042175002399,357,253,202,51,,,False,
2026-05-12T13:42:28+00:00,43.5154104339225,16.36465631824519,142,2026-05-12T13:46:45.889905+00:00,770,1,2.104,1115.831,126.24,201.822,1,Start,Finish,241,43.51450810000256,16.36042175002399,356,254,202,52,,,False,
2026-05-12T13:42:29+00:00,43.51539286784828,16.364646619185805,142,2026-05-12T13:46:45.889905+00:00,770,1,2.104,1117.935,126.24,201.822,1,Start,Finish,241,43.51450810000256,16.36042175002399,355,254,202,52,,,False,
2026-05-12T13:42:30+00:00,43.51537484675646,16.36463555507362,142,2026-05-12T13:46:45.889905+00:00,770,1,2.193,1120.128,131.58,204.0,1,Start,Finish,241,43.51450810000256,16.36042175002399,353,254,203,51,,,False,
2026-05-12T13:42:31+00:00,43.51535621099174,16.36462482623756,141,2026-05-12T13:46:45.889905+00:00,770,1,2.246,1122.374,134.76,202.661,1,Start,Finish,241,43.51450810000256,16.36042175002399,352,254,203,51,,,False,
2026-05-12T13:42:32+00:00,43.51533757522702,16.3646140974015,139,2026-05-12T13:46:45.889905+00:00,770,1,2.246,1124.62,134.76,202.661,1,Start,Finish,241,43.51450810000256,16.36042175002399,350,255,203,52,,,False,
2026-05-12T13:42:33+00:00,43.515318939462304,16.36460336856544,138,2026-05-12T13:46:45.889905+00:00,770,1,2.246,1126.865,134.76,202.661,1,Start,Finish,241,43.51450810000256,16.36042175002399,349,255,204,51,,,False,
2026-05-12T13:42:34+00:00,43.51530040707439,16.364591751247644,138,2026-05-12T13:46:45.889905+00:00,770,1,2.264,1129.129,135.84,204.446,1,Start,Finish,241,43.51450810000256,16.36042175002399,348,255,204,51,,,False,
2026-05-12T13:42:35+00:00,43.51528187468648,16.36458013392985,138,2026-05-12T13:46:45.889905+00:00,770,1,2.264,1131.392,135.84,204.446,1,Start,Finish,241,43.51450810000256,16.36042175002399,346,256,204,52,,,False,
2026-05-12T13:42:36+00:00,43.51526334229857,16.364568516612053,138,2026-05-12T13:46:45.889905+00:00,770,1,2.264,1133.656,135.84,204.446,1,Start,Finish,241,43.51450810000256,16.36042175002399,345,256,204,52,,,False,
2026-05-12T13:42:37+00:00,43.515244809910655,16.364556899294257,138,2026-05-12T13:46:45.889905+00:00,770,1,2.264,1135.92,135.84,204.446,1,Start,Finish,241,43.51450810000256,16.36042175002399,343,256,204,52,,,False,
2026-05-12T13:42:38+00:00,43.51522627752274,16.36454528197646,138,2026-05-12T13:46:45.889905+00:00,770,1,2.264,1138.183,135.84,204.446,1,Start,Finish,241,43.51450810000256,16.36042175002399,342,256,204,52,,,False,
2026-05-12T13:42:39+00:00,43.51520774513483,16.364533664658666,139,2026-05-12T13:46:45.889905+00:00,770,1,2.264,1140.447,135.84,204.446,1,Start,Finish,241,43.51450810000256,16.36042175002399,341,257,204,53,,,False,
2026-05-12T13:42:40+00:00,43.51518921274692,16.36452204734087,139,2026-05-12T13:46:45.889905+00:00,770,1,2.264,1142.711,135.84,204.446,1,Start,Finish,241,43.51450810000256,16.36042175002399,339,257,205,52,,,False,
2026-05-12T13:42:41+00:00,43.515170680359006,16.364510430023074,139,2026-05-12T13:46:45.889905+00:00,770,1,2.264,1144.974,135.84,204.446,1,Start,Finish,241,43.51450810000256,16.36042175002399,338,257,206,51,,,False,
2026-05-12T13:42:42+00:00,43.515152147971094,16.36449881270528,139,2026-05-12T13:46:45.889905+00:00,770,1,2.264,1147.238,135.84,204.446,1,Start,Finish,241,43.51450810000256,16.36042175002399,336,258,207,51,,,False,
2026-05-12T13:42:43+00:00,43.51513361558318,16.364487195387483,139,2026-05-12T13:46:45.889905+00:00,770,1,2.264,1149.502,135.84,204.446,1,Start,Finish,241,43.51450810000256,16.36042175002399,335,258,206,52,,,False,
2026-05-12T13:42:44+00:00,43.51511805318296,16.364473644644022,140,2026-05-12T13:46:45.889905+00:00,770,1,2.047,1151.548,122.82,212.27,1,Start,Finish,241,43.51450810000256,16.36042175002399,334,258,206,52,,,False,
2026-05-12T13:42:45+00:00,43.51510249078274,16.36446009390056,141,2026-05-12T13:46:45.889905+00:00,770,1,2.047,1153.595,122.82,212.27,1,Start,Finish,241,43.51450810000256,16.36042175002399,332,259,206,53,,,False,
2026-05-12T13:42:46+00:00,43.51508692838251,16.3644465431571,142,2026-05-12T13:46:45.889905+00:00,770,1,2.047,1155.641,122.82,212.27,1,Start,Finish,241,43.51450810000256,16.36042175002399,331,259,205,54,,,False,
2026-05-12T13:42:47+00:00,43.515070856083184,16.364437784068286,141,2026-05-12T13:46:45.889905+00:00,770,1,1.922,1157.563,115.32,201.565,1,Start,Finish,241,43.51450810000256,16.36042175002399,330,259,205,54,,,False,
2026-05-12T13:42:48+00:00,43.51505478378385,16.364429024979472,140,2026-05-12T13:46:45.889905+00:00,770,1,1.922,1159.485,115.32,201.565,1,Start,Finish,241,43.51450810000256,16.36042175002399,329,259,207,52,,,False,
2026-05-12T13:42:49+00:00,43.51503871148452,16.364420265890658,140,2026-05-12T13:46:45.889905+00:00,770,1,1.922,1161.406,115.32,201.565,1,Start,Finish,241,43.51450810000256,16.36042175002399,328,260,211,49,,,False,
2026-05-12T13:42:50+00:00,43.51502263918519,16.364411506801844,139,2026-05-12T13:46:45.889905+00:00,770,1,1.922,1163.328,115.32,201.565,1,Start,Finish,241,43.51450810000256,16.36042175002399,327,260,213,47,,,False,
2026-05-12T13:42:51+00:00,43.51500780321658,16.364402915351093,138,2026-05-12T13:46:45.889905+00:00,770,1,1.789,1165.117,107.34,202.78,1,Start,Finish,241,43.51450810000256,16.36042175002399,326,260,218,42,,,False,
2026-05-12T13:42:52+00:00,43.51499296724796,16.364394323900342,137,2026-05-12T13:46:45.889905+00:00,770,1,1.789,1166.906,107.34,202.78,1,Start,Finish,241,43.51450810000256,16.36042175002399,325,260,224,36,,,False,
2026-05-12T13:42:53+00:00,43.51498427102342,16.36438017943874,138,2026-05-12T13:46:45.889905+00:00,770,1,1.495,1168.402,89.7,229.709,1,Start,Finish,241,43.51450810000256,16.36042175002399,324,261,232,29,,,False,
2026-05-12T13:42:54+00:00,43.51497557479888,16.364366034977138,138,2026-05-12T13:46:45.889905+00:00,770,1,1.495,1169.897,89.7,229.709,1,Start,Finish,241,43.51450810000256,16.36042175002399,322,261,236,25,,,False,
2026-05-12T13:42:55+00:00,43.51496687857434,16.364351890515536,139,2026-05-12T13:46:45.889905+00:00,770,1,1.495,1171.392,89.7,229.709,1,Start,Finish,241,43.51450810000256,16.36042175002399,321,261,242,19,,,False,
2026-05-12T13:42:56+00:00,43.5149581823498,16.364337746053934,140,2026-05-12T13:46:45.889905+00:00,770,1,1.495,1172.888,89.7,229.709,1,Start,Finish,241,43.51450810000256,16.36042175002399,320,261,253,8,,,False,
2026-05-12T13:42:57+00:00,43.514959858730435,16.364326514303684,143,2026-05-12T13:46:45.889905+00:00,770,1,0.925,1173.812,55.5,281.63,1,Start,Finish,241,43.51450810000256,16.36042175002399,319,261,258,3,,,False,
2026-05-12T13:42:58+00:00,43.51497620344162,16.364316707476974,144,2026-05-12T13:46:45.889905+00:00,770,1,1.982,1175.794,118.92,336.485,1,Start,Finish,241,43.51450810000256,16.36042175002399,318,261,268,7,,,False,
2026-05-12T13:42:59+00:00,43.51498765870929,16.364294355735183,145,2026-05-12T13:46:45.889905+00:00,770,1,2.207,1178.002,132.42,305.249,1,Start,Finish,241,43.51450810000256,16.36042175002399,317,260,276,16,,,False,
2026-05-12T13:43:00+00:00,43.514999113976955,16.364272003993392,145,2026-05-12T13:46:45.889905+00:00,770,1,2.207,1180.209,132.42,305.249,1,Start,Finish,241,43.51450810000256,16.36042175002399,315,260,288,28,,,False,
2026-05-12T13:43:01+00:00,43.51501056924462,16.3642496522516,146,2026-05-12T13:46:45.889905+00:00,770,1,2.207,1182.416,132.42,305.249,1,Start,Finish,241,43.51450810000256,16.36042175002399,314,260,294,34,,,False,
2026-05-12T13:43:02+00:00,43.51501755765639,16.364224946592003,146,2026-05-12T13:46:45.889905+00:00,770,1,2.138,1184.554,128.28,291.309,1,Start,Finish,241,43.51450810000256,16.36042175002399,312,260,301,41,,,False,
2026-05-12T13:43:03+00:00,43.51502454606816,16.364200240932405,146,2026-05-12T13:46:45.889905+00:00,770,1,2.138,1186.692,128.28,291.309,1,Start,Finish,241,43.51450810000256,16.36042175002399,310,259,296,37,,,False,
2026-05-12T13:43:04+00:00,43.51503153447993,16.364175535272807,145,2026-05-12T13:46:45.889905+00:00,770,1,2.138,1188.831,128.28,291.309,1,Start,Finish,241,43.51450810000256,16.36042175002399,308,259,294,35,,,False,
2026-05-12T13:43:05+00:00,43.5150385228917,16.36415082961321,145,2026-05-12T13:46:45.889905+00:00,770,1,2.138,1190.969,128.28,291.309,1,Start,Finish,241,43.51450810000256,16.36042175002399,306,259,293,34,,,False,
2026-05-12T13:43:06+00:00,43.51504551130347,16.36412612395361,145,2026-05-12T13:46:45.889905+00:00,770,1,2.138,1193.108,128.28,291.309,1,Start,Finish,241,43.51450810000256,16.36042175002399,305,259,292,33,,,False,
2026-05-12T13:43:07+00:00,43.51505249971524,16.364101418294013,144,2026-05-12T13:46:45.889905+00:00,770,1,2.138,1195.246,128.28,291.309,1,Start,Finish,241,43.51450810000256,16.36042175002399,303,258,292,34,,,False,
2026-05-12T13:43:08+00:00,43.51505948812701,16.364076712634414,144,2026-05-12T13:46:45.889905+00:00,770,1,2.138,1197.384,128.28,291.309,1,Start,Finish,241,43.51450810000256,16.36042175002399,301,258,293,35,,,False,
2026-05-12T13:43:09+00:00,43.51506647653878,16.364052006974816,144,2026-05-12T13:46:45.889905+00:00,770,1,2.138,1199.523,128.28,291.309,1,Start,Finish,241,43.51450810000256,16.36042175002399,299,258,293,35,,,False,
2026-05-12T13:43:10+00:00,43.5150744561106,16.36402828618884,143,2026-05-12T13:46:45.889905+00:00,770,1,2.109,1201.631,126.54,294.885,1,Start,Finish,241,43.51450810000256,16.36042175002399,298,258,293,35,,,False,
2026-05-12T13:43:11+00:00,43.515082435682416,16.364004565402865,143,2026-05-12T13:46:45.889905+00:00,770,1,2.109,1203.74,126.54,294.885,1,Start,Finish,241,43.51450810000256,16.36042175002399,296,258,293,35,,,False,
2026-05-12T13:43:12+00:00,43.515090415254235,16.36398084461689,142,2026-05-12T13:46:45.889905+00:00,770,1,2.109,1205.849,126.54,294.885,1,Start,Finish,241,43.51450810000256,16.36042175002399,294,257,293,36,,,False,
2026-05-12T13:43:13+00:00,43.515098394826055,16.363957123830914,142,2026-05-12T13:46:45.889905+00:00,770,1,2.109,1207.957,126.54,294.885,1,Start,Finish,241,43.51450810000256,16.36042175002399,293,257,293,36,,,False,
2026-05-12T13:43:14+00:00,43.515106374397874,16.36393340304494,141,2026-05-12T13:46:45.889905+00:00,770,1,2.109,1210.066,126.54,294.885,1,Start,Finish,241,43.51450810000256,16.36042175002399,291,257,293,36,,,False,
2026-05-12T13:43:15+00:00,43.51511408574879,16.363906664773822,140,2026-05-12T13:46:45.889905+00:00,770,1,2.32,1212.386,139.2,291.687,1,Start,Finish,241,43.51450810000256,16.36042175002399,289,257,292,35,,,False,
2026-05-12T13:43:16+00:00,43.51512179709971,16.363879926502705,138,2026-05-12T13:46:45.889905+00:00,770,1,2.32,1214.706,139.2,291.687,1,Start,Finish,241,43.51450810000256,16.36042175002399,287,256,291,35,,,False,
2026-05-12T13:43:17+00:00,43.51512938272208,16.363852433860302,138,2026-05-12T13:46:45.889905+00:00,770,1,2.372,1217.078,142.32,290.83,1,Start,Finish,241,43.51450810000256,16.36042175002399,285,256,291,35,,,False,
2026-05-12T13:43:18+00:00,43.51513696834445,16.3638249412179,138,2026-05-12T13:46:45.889905+00:00,770,1,2.372,1219.45,142.32,290.83,1,Start,Finish,241,43.51450810000256,16.36042175002399,283,256,290,34,,,False,
2026-05-12T13:43:19+00:00,43.51514322683215,16.363796051591635,137,2026-05-12T13:46:45.889905+00:00,770,1,2.431,1221.882,145.86,286.632,1,Start,Finish,241,43.51450810000256,16.36042175002399,281,255,289,34,,,False,
2026-05-12T13:43:20+00:00,43.51514948531985,16.36376716196537,136,2026-05-12T13:46:45.889905+00:00,770,1,2.431,1224.313,145.86,286.632,1,Start,Finish,241,43.51450810000256,16.36042175002399,279,255,289,34,,,False,
2026-05-12T13:43:21+00:00,43.515155743807554,16.363738272339106,135,2026-05-12T13:46:45.889905+00:00,770,1,2.431,1226.744,145.86,286.632,1,Start,Finish,241,43.51450810000256,16.36042175002399,277,255,289,34,,,False,
2026-05-12T13:43:22+00:00,43.51516186259687,16.36371354572475,130,2026-05-12T13:46:45.889905+00:00,770,1,2.107,1228.851,126.42,288.841,1,Start,Finish,241,43.51450810000256,16.36042175002399,275,255,289,34,,,False,
2026-05-12T13:43:23+00:00,43.51516856811941,16.36368915438652,131,2026-05-12T13:46:45.889905+00:00,770,1,2.103,1230.955,126.18,290.761,1,Start,Finish,241,43.51450810000256,16.36042175002399,274,254,289,35,,,False,
2026-05-12T13:43:24+00:00,43.51517510600388,16.363665643148124,134,2026-05-12T13:46:45.889905+00:00,770,1,2.03,1232.985,121.8,290.979,1,Start,Finish,241,43.51450810000256,16.36042175002399,272,254,289,35,,,False,
2026-05-12T13:43:25+00:00,43.515181643888354,16.363642131909728,136,2026-05-12T13:46:45.889905+00:00,770,1,2.03,1235.016,121.8,290.979,1,Start,Finish,241,43.51450810000256,16.36042175002399,270,254,289,35,,,False,
2026-05-12T13:43:26+00:00,43.51518826559186,16.363617070019245,139,2026-05-12T13:46:45.889905+00:00,770,1,2.151,1237.166,129.06,290.019,1,Start,Finish,241,43.51450810000256,16.36042175002399,269,254,289,35,,,False,
2026-05-12T13:43:27+00:00,43.51519452407956,16.363591896370053,140,2026-05-12T13:46:45.889905+00:00,770,1,2.146,1239.312,128.76,288.923,1,Start,Finish,241,43.51450810000256,16.36042175002399,267,253,289,36,,,False,
2026-05-12T13:43:28+00:00,43.51520078256726,16.36356672272086,142,2026-05-12T13:46:45.889905+00:00,770,1,2.146,1241.458,128.76,288.923,1,Start,Finish,241,43.51450810000256,16.36042175002399,265,253,289,36,,,False,
2026-05-12T13:43:29+00:00,43.51520704105496,16.36354154907167,143,2026-05-12T13:46:45.889905+00:00,770,1,2.146,1243.604,128.76,288.923,1,Start,Finish,241,43.51450810000256,16.36042175002399,263,253,288,35,,,False,
2026-05-12T13:43:30+00:00,43.515212698839605,16.36351422406733,142,2026-05-12T13:46:45.889905+00:00,770,1,2.291,1245.896,137.46,285.935,1,Start,Finish,241,43.51450810000256,16.36042175002399,261,253,287,34,,,False,
2026-05-12T13:43:31+00:00,43.515218356624246,16.36348689906299,142,2026-05-12T13:46:45.889905+00:00,770,1,2.291,1248.187,137.46,285.935,1,Start,Finish,241,43.51450810000256,16.36042175002399,259,252,287,35,,,False,
2026-05-12T13:43:32+00:00,43.515224014408886,16.363459574058652,141,2026-05-12T13:46:45.889905+00:00,770,1,2.291,1250.479,137.46,285.935,1,Start,Finish,241,43.51450810000256,16.36042175002399,258,252,287,35,,,False,
2026-05-12T13:43:33+00:00,43.51522967219353,16.363432249054313,140,2026-05-12T13:46:45.889905+00:00,770,1,2.291,1252.77,137.46,285.935,1,Start,Finish,241,43.51450810000256,16.36042175002399,256,252,286,34,,,False,
2026-05-12T13:43:34+00:00,43.515235567465425,16.363405203446746,139,2026-05-12T13:46:45.889905+00:00,770,1,2.277,1255.047,136.62,286.73,1,Start,Finish,241,43.51450810000256,16.36042175002399,254,251,286,35,,,False,
2026-05-12T13:43:35+00:00,43.51524146273732,16.36337815783918,138,2026-05-12T13:46:45.889905+00:00,770,1,2.277,1257.325,136.62,286.73,1,Start,Finish,241,43.51450810000256,16.36042175002399,252,251,286,35,,,False,
2026-05-12T13:43:36+00:00,43.51524735800922,16.363351112231612,137,2026-05-12T13:46:45.889905+00:00,770,1,2.277,1259.602,136.62,286.73,1,Start,Finish,241,43.51450810000256,16.36042175002399,250,251,285,34,,,False,
2026-05-12T13:43:37+00:00,43.515252973884344,16.36332320049405,131,2026-05-12T13:46:45.889905+00:00,770,1,2.336,1261.938,140.16,285.506,1,Start,Finish,241,43.51450810000256,16.36042175002399,248,251,285,34,,,False,
2026-05-12T13:43:38+00:00,43.51525850594044,16.363294031471014,128,2026-05-12T13:46:45.889905+00:00,770,1,2.431,1264.369,145.86,284.656,1,Start,Finish,241,43.51450810000256,16.36042175002399,246,250,285,35,,,False,
2026-05-12T13:43:39+00:00,43.51526282262057,16.363268215209246,126,2026-05-12T13:46:45.889905+00:00,770,1,2.136,1266.505,128.16,282.984,1,Start,Finish,241,43.51450810000256,16.36042175002399,244,250,285,35,,,False,
2026-05-12T13:43:40+00:00,43.515267139300704,16.363242398947477,125,2026-05-12T13:46:45.889905+00:00,770,1,2.136,1268.642,128.16,282.984,1,Start,Finish,241,43.51450810000256,16.36042175002399,243,250,285,35,,,False,
2026-05-12T13:43:41+00:00,43.515271288342774,16.363217630423605,126,2026-05-12T13:46:45.889905+00:00,770,1,2.05,1270.692,123.0,283.007,1,Start,Finish,241,43.51450810000256,16.36042175002399,241,249,285,36,,,False,
2026-05-12T13:43:42+00:00,43.51527543738485,16.363192861899734,128,2026-05-12T13:46:45.889905+00:00,770,1,2.05,1272.741,123.0,283.007,1,Start,Finish,241,43.51450810000256,16.36042175002399,239,249,285,36,,,False,
2026-05-12T13:43:43+00:00,43.51528035476804,16.363169560208917,129,2026-05-12T13:46:45.889905+00:00,770,1,1.957,1274.698,117.42,286.225,1,Start,Finish,241,43.51450810000256,16.36042175002399,238,249,285,36,,,False,
2026-05-12T13:43:44+00:00,43.51528527215123,16.3631462585181,130,2026-05-12T13:46:45.889905+00:00,770,1,1.957,1276.655,117.42,286.225,1,Start,Finish,241,43.51450810000256,16.36042175002399,236,249,285,36,,,False,
2026-05-12T13:43:45+00:00,43.515290189534426,16.363122956827283,131,2026-05-12T13:46:45.889905+00:00,770,1,1.957,1278.612,117.42,286.225,1,Start,Finish,241,43.51450810000256,16.36042175002399,235,248,285,37,,,False,
2026-05-12T13:43:46+00:00,43.51529630832374,16.363094178959727,132,2026-05-12T13:46:45.889905+00:00,770,1,2.418,1281.03,145.08,286.341,1,Start,Finish,241,43.51450810000256,16.36042175002399,233,248,286,38,,,False,
2026-05-12T13:43:47+00:00,43.515302427113056,16.36306540109217,132,2026-05-12T13:46:45.889905+00:00,770,1,2.418,1283.449,145.08,286.341,1,Start,Finish,241,43.51450810000256,16.36042175002399,231,247,286,39,,,False,
2026-05-12T13:43:48+00:00,43.51530854590237,16.363036623224616,133,2026-05-12T13:46:45.889905+00:00,770,1,2.418,1285.867,145.08,286.341,1,Start,Finish,241,43.51450810000256,16.36042175002399,229,247,286,39,,,False,
2026-05-12T13:43:49+00:00,43.515313868410885,16.363008418120444,131,2026-05-12T13:46:45.889905+00:00,770,1,2.35,1288.217,141.0,284.586,1,Start,Finish,241,43.51450810000256,16.36042175002399,227,247,286,39,,,False,
2026-05-12T13:43:50+00:00,43.5153191909194,16.36298021301627,129,2026-05-12T13:46:45.889905+00:00,770,1,2.35,1290.567,141.0,284.586,1,Start,Finish,241,43.51450810000256,16.36042175002399,225,246,286,40,,,False,
2026-05-12T13:43:51+00:00,43.51532497443259,16.362953055649996,124,2026-05-12T13:46:45.889905+00:00,770,1,2.282,1292.85,136.92,286.366,1,Start,Finish,241,43.51450810000256,16.36042175002399,223,246,285,39,,,False,
2026-05-12T13:43:52+00:00,43.51533059030771,16.36292589828372,122,2026-05-12T13:46:45.889905+00:00,770,1,2.277,1295.127,136.62,285.916,1,Start,Finish,241,43.51450810000256,16.36042175002399,222,246,285,39,,,False,
2026-05-12T13:43:53+00:00,43.51533620618284,16.362898740917444,121,2026-05-12T13:46:45.889905+00:00,770,1,2.277,1297.404,136.62,285.916,1,Start,Finish,241,43.51450810000256,16.36042175002399,220,245,285,40,,,False,
2026-05-12T13:43:54+00:00,43.515340774320066,16.362874056212604,124,2026-05-12T13:46:45.889905+00:00,770,1,2.054,1299.458,123.24,284.316,1,Start,Finish,241,43.51450810000256,16.36042175002399,218,245,285,40,,,False,
2026-05-12T13:43:55+00:00,43.515345342457294,16.362849371507764,126,2026-05-12T13:46:45.889905+00:00,770,1,2.054,1301.513,123.24,284.316,1,Start,Finish,241,43.51450810000256,16.36042175002399,217,245,284,39,,,False,
2026-05-12T13:43:56+00:00,43.51535053923726,16.362823471426964,130,2026-05-12T13:46:45.889905+00:00,770,1,2.167,1303.68,130.02,285.466,1,Start,Finish,241,43.51450810000256,16.36042175002399,215,244,283,39,,,False,
2026-05-12T13:43:57+00:00,43.51535456255078,16.362799499183893,133,2026-05-12T13:46:45.889905+00:00,770,1,1.984,1305.664,119.04,283.031,1,Start,Finish,241,43.51450810000256,16.36042175002399,214,244,283,39,,,False,
2026-05-12T13:43:58+00:00,43.51535825058818,16.36277271900326,134,2026-05-12T13:46:45.889905+00:00,770,1,2.198,1307.862,131.88,280.753,1,Start,Finish,241,43.51450810000256,16.36042175002399,212,243,283,40,,,False,
2026-05-12T13:43:59+00:00,43.515361938625574,16.362745938822627,136,2026-05-12T13:46:45.889905+00:00,770,1,2.198,1310.06,131.88,280.753,1,Start,Finish,241,43.51450810000256,16.36042175002399,210,243,283,40,,,False,
2026-05-12T13:44:00+00:00,43.515365375205874,16.362717859447002,136,2026-05-12T13:46:45.889905+00:00,770,1,2.296,1312.356,137.76,279.579,1,Start,Finish,241,43.51450810000256,16.36042175002399,208,243,283,40,,,False,
2026-05-12T13:44:01+00:00,43.515369817614555,16.362691204994917,134,2026-05-12T13:46:45.889905+00:00,770,1,2.205,1314.562,132.3,282.943,1,Start,Finish,241,43.51450810000256,16.36042175002399,207,242,282,40,,,False,
2026-05-12T13:44:02+00:00,43.51537426002323,16.36266455054283,133,2026-05-12T13:46:45.889905+00:00,770,1,2.205,1316.767,132.3,282.943,1,Start,Finish,241,43.51450810000256,16.36042175002399,205,242,282,40,,,False,
2026-05-12T13:44:03+00:00,43.51537903770805,16.362640326842666,130,2026-05-12T13:46:45.889905+00:00,770,1,2.024,1318.791,121.44,285.215,1,Start,Finish,241,43.51450810000256,16.36042175002399,203,242,283,41,,,False,
2026-05-12T13:44:04+00:00,43.51538381539285,16.36261142604053,131,2026-05-12T13:46:45.889905+00:00,770,1,2.39,1321.181,143.4,282.842,1,Start,Finish,241,43.51450810000256,16.36042175002399,202,241,283,42,,,False,
2026-05-12T13:44:05+00:00,43.51538859307766,16.362582525238395,131,2026-05-12T13:46:45.889905+00:00,770,1,2.39,1323.572,143.4,282.842,1,Start,Finish,241,43.51450810000256,16.36042175002399,200,241,283,42,,,False,
2026-05-12T13:44:06+00:00,43.51539337076247,16.36255362443626,132,2026-05-12T13:46:45.889905+00:00,770,1,2.39,1325.962,143.4,282.842,1,Start,Finish,241,43.51450810000256,16.36042175002399,198,240,283,43,,,False,
2026-05-12T13:44:07+00:00,43.515398148447275,16.362524723634124,132,2026-05-12T13:46:45.889905+00:00,770,1,2.39,1328.352,143.4,282.842,1,Start,Finish,241,43.51450810000256,16.36042175002399,196,240,282,42,,,False,
2026-05-12T13:44:08+00:00,43.51540292613208,16.36249582283199,133,2026-05-12T13:46:45.889905+00:00,770,1,2.39,1330.743,143.4,282.842,1,Start,Finish,241,43.51450810000256,16.36042175002399,195,239,281,42,,,False,
2026-05-12T13:44:09+00:00,43.51540653035045,16.36247335933149,130,2026-05-12T13:46:45.889905+00:00,770,1,1.855,1332.598,111.3,282.476,1,Start,Finish,241,43.51450810000256,16.36042175002399,193,239,281,42,,,False,
2026-05-12T13:44:10+00:00,43.515410302206874,16.362450141459703,130,2026-05-12T13:46:45.889905+00:00,770,1,1.919,1334.516,115.14,282.627,1,Start,Finish,241,43.51450810000256,16.36042175002399,192,238,280,42,,,False,
2026-05-12T13:44:11+00:00,43.51541243959218,16.36242658831179,131,2026-05-12T13:46:45.889905+00:00,770,1,1.914,1336.43,114.84,277.133,1,Start,Finish,241,43.51450810000256,16.36042175002399,190,238,279,41,,,False,
2026-05-12T13:44:12+00:00,43.51541457697749,16.36240303516388,132,2026-05-12T13:46:45.889905+00:00,770,1,1.914,1338.345,114.84,277.133,1,Start,Finish,241,43.51450810000256,16.36042175002399,189,238,279,41,,,False,
2026-05-12T13:44:13+00:00,43.5154167143628,16.362379482015967,134,2026-05-12T13:46:45.889905+00:00,770,1,1.914,1340.259,114.84,277.133,1,Start,Finish,241,43.51450810000256,16.36042175002399,187,237,278,41,,,False,
2026-05-12T13:44:14+00:00,43.51541885174811,16.362355928868055,135,2026-05-12T13:46:45.889905+00:00,770,1,1.914,1342.173,114.84,277.133,1,Start,Finish,241,43.51450810000256,16.36042175002399,186,237,278,41,,,False,
2026-05-12T13:44:15+00:00,43.51542071253061,16.3623312022537,134,2026-05-12T13:46:45.889905+00:00,770,1,2.005,1344.177,120.3,275.924,1,Start,Finish,241,43.51450810000256,16.36042175002399,184,237,277,40,,,False,
2026-05-12T13:44:16+00:00,43.51542257331312,16.362306475639343,133,2026-05-12T13:46:45.889905+00:00,770,1,2.005,1346.182,120.3,275.924,1,Start,Finish,241,43.51450810000256,16.36042175002399,183,236,276,40,,,False,
2026-05-12T13:44:17+00:00,43.51542443409562,16.362281749024987,133,2026-05-12T13:46:45.889905+00:00,770,1,2.005,1348.186,120.3,275.924,1,Start,Finish,241,43.51450810000256,16.36042175002399,181,236,276,40,,,False,
2026-05-12T13:44:18+00:00,43.515426294878125,16.36225702241063,132,2026-05-12T13:46:45.889905+00:00,770,1,2.005,1350.191,120.3,275.924,1,Start,Finish,241,43.51450810000256,16.36042175002399,180,235,277,42,,,False,
2026-05-12T13:44:19+00:00,43.51542815566063,16.362232295796275,131,2026-05-12T13:46:45.889905+00:00,770,1,2.005,1352.196,120.3,275.924,1,Start,Finish,241,43.51450810000256,16.36042175002399,178,235,277,42,,,False,
2026-05-12T13:44:20+00:00,43.51543037686497,16.362205767072737,130,2026-05-12T13:46:45.889905+00:00,770,1,2.153,1354.349,129.18,276.586,1,Start,Finish,241,43.51450810000256,16.36042175002399,177,235,277,42,,,False,
2026-05-12T13:44:21+00:00,43.51543259806931,16.3621792383492,128,2026-05-12T13:46:45.889905+00:00,770,1,2.153,1356.503,129.18,276.586,1,Start,Finish,241,43.51450810000256,16.36042175002399,175,234,278,44,,,False,
2026-05-12T13:44:22+00:00,43.51543586701155,16.362152080982924,129,2026-05-12T13:46:45.889905+00:00,770,1,2.22,1358.722,133.2,279.424,1,Start,Finish,241,43.51450810000256,16.36042175002399,174,234,278,44,,,False,
2026-05-12T13:44:23+00:00,43.515439135953784,16.362124923616648,130,2026-05-12T13:46:45.889905+00:00,770,1,2.22,1360.942,133.2,279.424,1,Start,Finish,241,43.51450810000256,16.36042175002399,172,233,278,45,,,False,
2026-05-12T13:44:24+00:00,43.51544240489602,16.362097766250372,130,2026-05-12T13:46:45.889905+00:00,770,1,2.22,1363.162,133.2,279.424,1,Start,Finish,241,43.51450810000256,16.36042175002399,170,232,278,46,,,False,
2026-05-12T13:44:25+00:00,43.51544567383826,16.362070608884096,131,2026-05-12T13:46:45.889905+00:00,770,1,2.22,1365.382,133.2,279.424,1,Start,Finish,241,43.51450810000256,16.36042175002399,169,232,278,46,,,False,
2026-05-12T13:44:26+00:00,43.51544781122357,16.362042571417987,132,2026-05-12T13:46:45.889905+00:00,770,1,2.273,1367.655,136.38,276.001,1,Start,Finish,241,43.51450810000256,16.36042175002399,167,231,277,46,,,False,
2026-05-12T13:44:27+00:00,43.515449948608875,16.36201453395188,134,2026-05-12T13:46:45.889905+00:00,770,1,2.273,1369.929,136.38,276.001,1,Start,Finish,241,43.51450810000256,16.36042175002399,166,231,277,46,,,False,
2026-05-12T13:44:28+00:00,43.5154518596828,16.361987862735987,133,2026-05-12T13:46:45.889905+00:00,770,1,2.161,1372.09,129.66,275.643,1,Start,Finish,241,43.51450810000256,16.36042175002399,164,230,277,47,,,False,
2026-05-12T13:44:29+00:00,43.51545377075672,16.361961191520095,133,2026-05-12T13:46:45.889905+00:00,770,1,2.161,1374.251,129.66,275.643,1,Start,Finish,241,43.51450810000256,16.36042175002399,163,230,276,46,,,False,
2026-05-12T13:44:30+00:00,43.515455681830645,16.361934520304203,132,2026-05-12T13:46:45.889905+00:00,770,1,2.161,1376.412,129.66,275.643,1,Start,Finish,241,43.51450810000256,16.36042175002399,161,229,275,46,,,False,
2026-05-12T13:44:31+00:00,43.51545759290457,16.36190784908831,132,2026-05-12T13:46:45.889905+00:00,770,1,2.161,1378.573,129.66,275.643,1,Start,Finish,241,43.51450810000256,16.36042175002399,160,229,275,46,,,False,
2026-05-12T13:44:32+00:00,43.51545950397849,16.36188117787242,131,2026-05-12T13:46:45.889905+00:00,770,1,2.161,1380.734,129.66,275.643,1,Start,Finish,241,43.51450810000256,16.36042175002399,158,228,275,47,,,False,
2026-05-12T13:44:33+00:00,43.51546063553542,16.361857017036527,132,2026-05-12T13:46:45.889905+00:00,770,1,1.952,1382.687,117.12,273.695,1,Start,Finish,241,43.51450810000256,16.36042175002399,157,228,275,47,,,False,
2026-05-12T13:44:34+00:00,43.51546176709235,16.361832856200635,132,2026-05-12T13:46:45.889905+00:00,770,1,1.952,1384.639,117.12,273.695,1,Start,Finish,241,43.51450810000256,16.36042175002399,156,227,275,48,,,False,
2026-05-12T13:44:35+00:00,43.515462898649275,16.361808695364743,133,2026-05-12T13:46:45.889905+00:00,770,1,1.952,1386.591,117.12,273.695,1,Start,Finish,241,43.51450810000256,16.36042175002399,154,226,275,49,,,False,
2026-05-12T13:44:36+00:00,43.5154640302062,16.36178453452885,134,2026-05-12T13:46:45.889905+00:00,770,1,1.952,1388.544,117.12,273.695,1,Start,Finish,241,43.51450810000256,16.36042175002399,153,226,275,49,,,False,
2026-05-12T13:44:37+00:00,43.51546581834555,16.361759109422565,133,2026-05-12T13:46:45.889905+00:00,770,1,2.06,1390.604,123.6,275.539,1,Start,Finish,241,43.51450810000256,16.36042175002399,152,225,275,50,,,False,
2026-05-12T13:44:38+00:00,43.51546760648489,16.361733684316278,132,2026-05-12T13:46:45.889905+00:00,770,1,2.06,1392.663,123.6,275.539,1,Start,Finish,241,43.51450810000256,16.36042175002399,150,225,275,50,,,False,
2026-05-12T13:44:39+00:00,43.51546939462423,16.36170825920999,132,2026-05-12T13:46:45.889905+00:00,770,1,2.06,1394.723,123.6,275.539,1,Start,Finish,241,43.51450810000256,16.36042175002399,149,224,275,51,,,False,
2026-05-12T13:44:40+00:00,43.51547118276358,16.361682834103703,131,2026-05-12T13:46:45.889905+00:00,770,1,2.06,1396.783,123.6,275.539,1,Start,Finish,241,43.51450810000256,16.36042175002399,148,224,276,52,,,False,
2026-05-12T13:44:41+00:00,43.51547297090292,16.361657408997416,130,2026-05-12T13:46:45.889905+00:00,770,1,2.06,1398.843,123.6,275.539,1,Start,Finish,241,43.51450810000256,16.36042175002399,146,223,276,53,,,False,
2026-05-12T13:44:42+00:00,43.51547475904226,16.36163198389113,129,2026-05-12T13:46:45.889905+00:00,770,1,2.06,1400.903,123.6,275.539,1,Start,Finish,241,43.51450810000256,16.36042175002399,145,222,276,54,,,False,
2026-05-12T13:44:43+00:00,43.515476854518056,16.361607676371932,129,2026-05-12T13:46:45.889905+00:00,770,1,1.974,1402.877,118.44,276.779,1,Start,Finish,241,43.51450810000256,16.36042175002399,144,222,276,54,,,False,
2026-05-12T13:44:44+00:00,43.515479201450944,16.36158311739564,130,2026-05-12T13:46:45.889905+00:00,770,1,1.997,1404.874,119.82,277.507,1,Start,Finish,241,43.51450810000256,16.36042175002399,143,221,276,55,,,False,
2026-05-12T13:44:45+00:00,43.51548154838383,16.361558558419347,132,2026-05-12T13:46:45.889905+00:00,770,1,1.997,1406.872,119.82,277.507,1,Start,Finish,241,43.51450810000256,16.36042175002399,142,220,276,56,,,False,
2026-05-12T13:44:46+00:00,43.51548371370882,16.36153182014823,131,2026-05-12T13:46:45.889905+00:00,770,1,2.17,1409.041,130.2,276.372,1,Start,Finish,241,43.51450810000256,16.36042175002399,141,220,277,57,,,False,
2026-05-12T13:44:47+00:00,43.51548587903381,16.361505081877112,131,2026-05-12T13:46:45.889905+00:00,770,1,2.17,1411.211,130.2,276.372,1,Start,Finish,241,43.51450810000256,16.36042175002399,139,219,277,58,,,False,
2026-05-12T13:44:48+00:00,43.51548804435879,16.361478343605995,130,2026-05-12T13:46:45.889905+00:00,770,1,2.17,1413.38,130.2,276.372,1,Start,Finish,241,43.51450810000256,16.36042175002399,138,218,276,58,,,False,
2026-05-12T13:44:49+00:00,43.515490209683776,16.361451605334878,129,2026-05-12T13:46:45.889905+00:00,770,1,2.17,1415.55,130.2,276.372,1,Start,Finish,241,43.51450810000256,16.36042175002399,137,217,276,59,,,False,
2026-05-12T13:44:50+00:00,43.51549237500876,16.36142486706376,129,2026-05-12T13:46:45.889905+00:00,770,1,2.17,1417.719,130.2,276.372,1,Start,Finish,241,43.51450810000256,16.36042175002399,136,216,277,61,,,False,
2026-05-12T13:44:51+00:00,43.51549454033375,16.361398128792644,128,2026-05-12T13:46:45.889905+00:00,770,1,2.17,1419.889,130.2,276.372,1,Start,Finish,241,43.51450810000256,16.36042175002399,135,216,277,61,,,False,
2026-05-12T13:44:52+00:00,43.515495881438255,16.36137256398797,124,2026-05-12T13:46:45.889905+00:00,770,1,2.067,1421.955,124.02,274.137,1,Start,Finish,241,43.51450810000256,16.36042175002399,134,215,279,64,,,False,
2026-05-12T13:44:53+00:00,43.515497390180826,16.36134565807879,122,2026-05-12T13:46:45.889905+00:00,770,1,2.176,1424.132,130.56,274.422,1,Start,Finish,241,43.51450810000256,16.36042175002399,133,214,280,66,,,False,
2026-05-12T13:44:54+00:00,43.515501357614994,16.36132168583572,124,2026-05-12T13:46:45.889905+00:00,770,1,1.983,1426.114,118.98,282.856,1,Start,Finish,241,43.51450810000256,16.36042175002399,132,213,281,68,,,False,
2026-05-12T13:44:55+00:00,43.51550532504916,16.36129771359265,127,2026-05-12T13:46:45.889905+00:00,770,1,1.983,1428.097,118.98,282.856,1,Start,Finish,241,43.51450810000256,16.36042175002399,131,212,281,69,,,False,
2026-05-12T13:44:56+00:00,43.51550929248333,16.361273741349578,129,2026-05-12T13:46:45.889905+00:00,770,1,1.983,1430.08,118.98,282.856,1,Start,Finish,241,43.51450810000256,16.36042175002399,131,212,281,69,,,False,
2026-05-12T13:44:57+00:00,43.51551356725395,16.361251906491816,128,2026-05-12T13:46:45.889905+00:00,770,1,1.824,1431.904,109.44,285.108,1,Start,Finish,241,43.51450810000256,16.36042175002399,130,211,280,69,,,False,
2026-05-12T13:44:58+00:00,43.515517842024565,16.361230071634054,127,2026-05-12T13:46:45.889905+00:00,770,1,1.824,1433.727,109.44,285.108,1,Start,Finish,241,43.51450810000256,16.36042175002399,130,210,279,69,,,False,
2026-05-12T13:44:59+00:00,43.51552211679518,16.361208236776292,126,2026-05-12T13:46:45.889905+00:00,770,1,1.824,1435.551,109.44,285.108,1,Start,Finish,241,43.51450810000256,16.36042175002399,129,209,280,71,,,False,
2026-05-12T13:45:00+00:00,43.5155263915658,16.36118640191853,125,2026-05-12T13:46:45.889905+00:00,770,1,1.824,1437.375,109.44,285.108,1,Start,Finish,241,43.51450810000256,16.36042175002399,129,209,280,71,,,False,
2026-05-12T13:45:01+00:00,43.5155263915658,16.36116829700768,123,2026-05-12T13:46:45.889905+00:00,770,1,1.46,1438.835,87.6,270.0,1,Start,Finish,241,43.51450810000256,16.36042175002399,128,208,280,72,,,False,
2026-05-12T13:45:02+00:00,43.5155263915658,16.36114662978798,121,2026-05-12T13:46:45.889905+00:00,770,1,1.747,1440.582,104.82,270.0,1,Start,Finish,241,43.51450810000256,16.36042175002399,127,207,280,73,,,False,
2026-05-12T13:45:03+00:00,43.5155263915658,16.361124962568283,119,2026-05-12T13:46:45.889905+00:00,770,1,1.747,1442.329,104.82,270.0,1,Start,Finish,241,43.51450810000256,16.36042175002399,127,207,279,72,,,False,
2026-05-12T13:45:04+00:00,43.51553066633642,16.361100235953927,120,2026-05-12T13:46:45.889905+00:00,770,1,2.05,1444.379,123.0,283.409,1,Start,Finish,241,43.51450810000256,16.36042175002399,126,206,278,72,,,False,
2026-05-12T13:45:05+00:00,43.515534941107035,16.36107550933957,121,2026-05-12T13:46:45.889905+00:00,770,1,2.05,1446.429,123.0,283.409,1,Start,Finish,241,43.51450810000256,16.36042175002399,126,205,277,72,,,False,
2026-05-12T13:45:06+00:00,43.51553921587765,16.361050782725215,122,2026-05-12T13:46:45.889905+00:00,770,1,2.05,1448.478,123.0,283.409,1,Start,Finish,241,43.51450810000256,16.36042175002399,125,204,276,72,,,False,
2026-05-12T13:45:07+00:00,43.51554128341377,16.36102787218988,122,2026-05-12T13:46:45.889905+00:00,770,1,1.862,1450.34,111.72,277.094,1,Start,Finish,241,43.51450810000256,16.36042175002399,125,203,276,73,,,False,
2026-05-12T13:45:08+00:00,43.51554335094988,16.361004961654544,122,2026-05-12T13:46:45.889905+00:00,770,1,1.862,1452.202,111.72,277.094,1,Start,Finish,241,43.51450810000256,16.36042175002399,124,202,277,75,,,False,
2026-05-12T13:45:09+00:00,43.515545418486,16.36098205111921,122,2026-05-12T13:46:45.889905+00:00,770,1,1.862,1454.063,111.72,277.094,1,Start,Finish,241,43.51450810000256,16.36042175002399,124,201,277,76,,,False,
2026-05-12T13:45:10+00:00,43.51554615190253,16.360959514277056,122,2026-05-12T13:46:45.889905+00:00,770,1,1.819,1455.883,109.14,272.569,1,Start,Finish,241,43.51450810000256,16.36042175002399,123,201,276,75,,,False,
2026-05-12T13:45:11+00:00,43.515546885319054,16.360936977434903,121,2026-05-12T13:46:45.889905+00:00,770,1,1.819,1457.702,109.14,272.569,1,Start,Finish,241,43.51450810000256,16.36042175002399,123,200,275,75,,,False,
2026-05-12T13:45:12+00:00,43.51554761873558,16.36091444059275,121,2026-05-12T13:46:45.889905+00:00,770,1,1.819,1459.521,109.14,272.569,1,Start,Finish,241,43.51450810000256,16.36042175002399,122,199,274,75,,,False,
2026-05-12T13:45:13+00:00,43.51554835215211,16.3608919037506,120,2026-05-12T13:46:45.889905+00:00,770,1,1.819,1461.34,109.14,272.569,1,Start,Finish,241,43.51450810000256,16.36042175002399,122,198,274,76,,,False,
2026-05-12T13:45:14+00:00,43.51554908556864,16.360869366908446,120,2026-05-12T13:46:45.889905+00:00,770,1,1.819,1463.159,109.14,272.569,1,Start,Finish,241,43.51450810000256,16.36042175002399,121,197,273,76,,,False,
2026-05-12T13:45:15+00:00,43.51554981898517,16.360846830066293,120,2026-05-12T13:46:45.889905+00:00,770,1,1.819,1464.978,109.14,272.569,1,Start,Finish,241,43.51450810000256,16.36042175002399,121,196,273,77,,,False,
2026-05-12T13:45:16+00:00,43.51555055240169,16.36082429322414,119,2026-05-12T13:46:45.889905+00:00,770,1,1.819,1466.797,109.14,272.569,1,Start,Finish,241,43.51450810000256,16.36042175002399,120,196,273,77,,,False,
2026-05-12T13:45:17+00:00,43.51555128581822,16.36080175638199,119,2026-05-12T13:46:45.889905+00:00,770,1,1.819,1468.617,109.14,272.569,1,Start,Finish,241,43.51450810000256,16.36042175002399,120,195,273,78,,,False,
2026-05-12T13:45:18+00:00,43.51555241737515,16.360781136900187,119,2026-05-12T13:46:45.889905+00:00,770,1,1.667,1470.284,100.02,274.328,1,Start,Finish,241,43.51450810000256,16.36042175002399,120,194,274,80,,,False,
2026-05-12T13:45:19+00:00,43.51555354893208,16.360760517418385,119,2026-05-12T13:46:45.889905+00:00,770,1,1.667,1471.951,100.02,274.328,1,Start,Finish,241,43.51450810000256,16.36042175002399,119,193,275,82,,,False,
2026-05-12T13:45:20+00:00,43.515554659534246,16.360740358941257,118,2026-05-12T13:46:45.889905+00:00,770,1,1.63,1473.582,97.8,274.345,1,Start,Finish,241,43.51450810000256,16.36042175002399,119,192,276,84,,,False,
2026-05-12T13:45:21+00:00,43.515555770136416,16.36072020046413,116,2026-05-12T13:46:45.889905+00:00,770,1,1.63,1475.212,97.8,274.345,1,Start,Finish,241,43.51450810000256,16.36042175002399,119,192,276,84,,,False,
2026-05-12T13:45:22+00:00,43.515556880738586,16.360700041987002,115,2026-05-12T13:46:45.889905+00:00,770,1,1.63,1476.842,97.8,274.345,1,Start,Finish,241,43.51450810000256,16.36042175002399,119,191,277,86,,,False,
2026-05-12T13:45:23+00:00,43.51555799134075,16.360679883509874,114,2026-05-12T13:46:45.889905+00:00,770,1,1.63,1478.472,97.8,274.345,1,Start,Finish,241,43.51450810000256,16.36042175002399,119,190,277,87,,,False,
2026-05-12T13:45:24+00:00,43.515560338273644,16.360660353675485,110,2026-05-12T13:46:45.889905+00:00,770,1,1.596,1480.069,95.76,279.409,1,Start,Finish,241,43.51450810000256,16.36042175002399,119,189,278,89,,,False,
2026-05-12T13:45:25+00:00,43.51556276902557,16.360641159117222,107,2026-05-12T13:46:45.889905+00:00,770,1,1.571,1481.64,94.26,279.906,1,Start,Finish,241,43.51450810000256,16.36042175002399,119,189,278,89,,,False,
2026-05-12T13:45:26+00:00,43.515566708520055,16.360619366168976,107,2026-05-12T13:46:45.889905+00:00,770,1,1.811,1483.451,108.66,283.997,1,Start,Finish,241,43.51450810000256,16.36042175002399,119,188,278,90,,,False,
2026-05-12T13:45:27+00:00,43.51557017304003,16.36059707030654,107,2026-05-12T13:46:45.889905+00:00,770,1,1.839,1485.29,110.34,282.094,1,Start,Finish,241,43.51450810000256,16.36042175002399,119,187,278,91,,,False,
2026-05-12T13:45:28+00:00,43.51557363756001,16.360574774444103,107,2026-05-12T13:46:45.889905+00:00,770,1,1.839,1487.128,110.34,282.094,1,Start,Finish,241,43.51450810000256,16.36042175002399,119,186,278,92,,,False,
2026-05-12T13:45:29+00:00,43.51557710207999,16.360552478581667,107,2026-05-12T13:46:45.889905+00:00,770,1,1.839,1488.967,110.34,282.094,1,Start,Finish,241,43.51450810000256,16.36042175002399,119,185,277,92,,,False,
2026-05-12T13:45:30+00:00,43.51557840127498,16.360530643723905,108,2026-05-12T13:46:45.889905+00:00,770,1,1.767,1490.734,106.02,274.691,1,Start,Finish,241,43.51450810000256,16.36042175002399,119,184,276,92,,,False,
2026-05-12T13:45:31+00:00,43.51557970046997,16.360508808866143,110,2026-05-12T13:46:45.889905+00:00,770,1,1.767,1492.5,106.02,274.691,1,Start,Finish,241,43.51450810000256,16.36042175002399,119,183,275,92,,,False,
2026-05-12T13:45:32+00:00,43.51558032911271,16.360486429184675,112,2026-05-12T13:46:45.889905+00:00,770,1,1.806,1494.306,108.36,272.218,1,Start,Finish,241,43.51450810000256,16.36042175002399,119,183,273,90,,,False,
2026-05-12T13:45:33+00:00,43.515580957755446,16.360464049503207,114,2026-05-12T13:46:45.889905+00:00,770,1,1.806,1496.112,108.36,272.218,1,Start,Finish,241,43.51450810000256,16.36042175002399,119,182,272,90,,,False,
2026-05-12T13:45:34+00:00,43.51558027522905,16.360443849116564,114,2026-05-12T13:46:45.889905+00:00,770,1,1.631,1497.743,97.86,267.332,1,Start,Finish,241,43.51450810000256,16.36042175002399,119,181,271,90,,,False,
2026-05-12T13:45:35+00:00,43.51557959270264,16.36042364872992,114,2026-05-12T13:46:45.889905+00:00,770,1,1.631,1499.373,97.86,267.332,1,Start,Finish,241,43.51450810000256,16.36042175002399,119,180,270,90,,,False,
2026-05-12T13:45:36+00:00,43.515578910176245,16.360403448343277,114,2026-05-12T13:46:45.889905+00:00,770,1,1.631,1501.004,97.86,267.332,1,Start,Finish,241,43.51450810000256,16.36042175002399,119,179,269,90,,,False,
2026-05-12T13:45:37+00:00,43.51557822764984,16.360383247956634,115,2026-05-12T13:46:45.889905+00:00,770,1,1.631,1502.635,97.86,267.332,1,Start,Finish,241,43.51450810000256,16.36042175002399,119,179,269,90,,,False,
2026-05-12T13:45:38+00:00,43.51557754512344,16.36036304756999,115,2026-05-12T13:46:45.889905+00:00,770,1,1.631,1504.265,97.86,267.332,1,Start,Finish,241,43.51450810000256,16.36042175002399,119,178,269,91,,,False,
2026-05-12T13:45:39+00:00,43.51557686259704,16.360342847183347,115,2026-05-12T13:46:45.889905+00:00,770,1,1.631,1505.896,97.86,267.332,1,Start,Finish,241,43.51450810000256,16.36042175002399,119,177,268,91,,,False,
2026-05-12T13:45:40+00:00,43.51557618007064,16.360322646796703,115,2026-05-12T13:46:45.889905+00:00,770,1,1.631,1507.527,97.86,267.332,1,Start,Finish,241,43.51450810000256,16.36042175002399,119,176,268,92,,,False,
2026-05-12T13:45:41+00:00,43.51557600045843,16.36030308103987,115,2026-05-12T13:46:45.889905+00:00,770,1,1.578,1509.105,94.68,269.275,1,Start,Finish,241,43.51450810000256,16.36042175002399,119,175,268,93,,,False,
2026-05-12T13:45:42+00:00,43.515575820846216,16.36028351528304,114,2026-05-12T13:46:45.889905+00:00,770,1,1.578,1510.683,94.68,269.275,1,Start,Finish,241,43.51450810000256,16.36042175002399,119,175,261,86,,,False,
2026-05-12T13:45:43+00:00,43.51557564123401,16.360263949526207,114,2026-05-12T13:46:45.889905+00:00,770,1,1.578,1512.26,94.68,269.275,1,Start,Finish,241,43.51450810000256,16.36042175002399,119,174,252,78,,,False,
2026-05-12T13:45:44+00:00,43.51557546162179,16.360244383769377,113,2026-05-12T13:46:45.889905+00:00,770,1,1.578,1513.838,94.68,269.275,1,Start,Finish,241,43.51450810000256,16.36042175002399,120,173,246,73,,,False,
2026-05-12T13:45:45+00:00,43.515575282009586,16.360224818012544,113,2026-05-12T13:46:45.889905+00:00,770,1,1.578,1515.416,94.68,269.275,1,Start,Finish,241,43.51450810000256,16.36042175002399,120,172,240,68,,,False,
2026-05-12T13:45:46+00:00,43.51557510239737,16.360205252255714,112,2026-05-12T13:46:45.889905+00:00,770,1,1.578,1516.994,94.68,269.275,1,Start,Finish,241,43.51450810000256,16.36042175002399,120,172,237,65,,,False,
2026-05-12T13:45:47+00:00,43.51557492278516,16.36018568649888,112,2026-05-12T13:46:45.889905+00:00,770,1,1.578,1518.572,94.68,269.275,1,Start,Finish,241,43.51450810000256,16.36042175002399,120,171,229,58,,,False,
2026-05-12T13:45:48+00:00,43.51556905545294,16.360176634043455,113,2026-05-12T13:46:45.889905+00:00,770,1,0.979,1519.551,58.74,228.211,1,Start,Finish,241,43.51450810000256,16.36042175002399,120,170,220,50,,,False,
2026-05-12T13:45:49+00:00,43.51556123234331,16.360174817964435,114,2026-05-12T13:46:45.889905+00:00,770,1,0.882,1520.433,52.92,189.556,1,Start,Finish,241,43.51450810000256,16.36042175002399,119,170,220,50,,,False,
2026-05-12T13:45:50+00:00,43.51555340923369,16.360173001885414,115,2026-05-12T13:46:45.889905+00:00,770,1,0.882,1521.315,52.92,189.556,1,Start,Finish,241,43.51450810000256,16.36042175002399,118,170,216,46,,,False,
2026-05-12T13:45:51+00:00,43.51554558612406,16.360171185806394,116,2026-05-12T13:46:45.889905+00:00,770,1,0.882,1522.197,52.92,189.556,1,Start,Finish,241,43.51450810000256,16.36042175002399,117,170,212,42,,,False,
2026-05-12T13:45:52+00:00,43.51553552784026,16.36017353273928,119,2026-05-12T13:46:45.889905+00:00,770,1,1.134,1523.332,68.04,170.396,1,Start,Finish,241,43.51450810000256,16.36042175002399,116,170,207,37,,,False,
2026-05-12T13:45:53+00:00,43.51551918312907,16.36017981916666,123,2026-05-12T13:46:45.889905+00:00,770,1,1.887,1525.218,113.22,164.415,1,Start,Finish,241,43.51450810000256,16.36042175002399,114,170,199,29,,,False,
2026-05-12T13:45:54+00:00,43.515501455403864,16.36018396820873,124,2026-05-12T13:46:45.889905+00:00,770,1,1.999,1527.218,119.94,170.367,1,Start,Finish,241,43.51450810000256,16.36042175002399,112,170,186,16,,,False,
2026-05-12T13:45:55+00:00,43.51548372767866,16.3601881172508,126,2026-05-12T13:46:45.889905+00:00,770,1,1.999,1529.217,119.94,170.367,1,Start,Finish,241,43.51450810000256,16.36042175002399,110,170,180,10,,,False,
2026-05-12T13:45:56+00:00,43.51546281483024,16.360191218554974,128,2026-05-12T13:46:45.889905+00:00,770,1,2.339,1531.556,140.34,173.862,1,Start,Finish,241,43.51450810000256,16.36042175002399,108,170,173,3,,,False,
2026-05-12T13:45:57+00:00,43.51544190198183,16.360194319859147,129,2026-05-12T13:46:45.889905+00:00,770,1,2.339,1533.895,140.34,173.862,1,Start,Finish,241,43.51450810000256,16.36042175002399,105,170,172,2,,,False,
2026-05-12T13:45:58+00:00,43.51542195305228,16.360197463072836,129,2026-05-12T13:46:45.889905+00:00,770,1,2.233,1536.127,133.98,173.481,1,Start,Finish,241,43.51450810000256,16.36042175002399,103,170,173,3,,,False,
2026-05-12T13:45:59+00:00,43.515402004122734,16.360200606286526,130,2026-05-12T13:46:45.889905+00:00,770,1,2.233,1538.36,133.98,173.481,1,Start,Finish,241,43.51450810000256,16.36042175002399,101,170,173,3,,,False,
2026-05-12T13:46:00+00:00,43.515382055193186,16.360203749500215,130,2026-05-12T13:46:45.889905+00:00,770,1,2.233,1540.593,133.98,173.481,1,Start,Finish,241,43.51450810000256,16.36042175002399,99,170,172,2,,,False,
2026-05-12T13:46:01+00:00,43.51536210626364,16.360206892713904,130,2026-05-12T13:46:45.889905+00:00,770,1,2.233,1542.825,133.98,173.481,1,Start,Finish,241,43.51450810000256,16.36042175002399,97,170,172,2,,,False,
2026-05-12T13:46:02+00:00,43.51534356130287,16.36021127225831,129,2026-05-12T13:46:45.889905+00:00,770,1,2.092,1544.918,125.52,170.282,1,Start,Finish,241,43.51450810000256,16.36042175002399,94,170,172,2,,,False,
2026-05-12T13:46:03+00:00,43.5153250163421,16.36021565180272,128,2026-05-12T13:46:45.889905+00:00,770,1,2.092,1547.01,125.52,170.282,1,Start,Finish,241,43.51450810000256,16.36042175002399,92,170,172,2,,,False,
2026-05-12T13:46:04+00:00,43.51530647138134,16.360220031347126,127,2026-05-12T13:46:45.889905+00:00,770,1,2.092,1549.102,125.52,170.282,1,Start,Finish,241,43.51450810000256,16.36042175002399,90,170,171,1,,,False,
2026-05-12T13:46:05+00:00,43.51528792642057,16.360224410891533,126,2026-05-12T13:46:45.889905+00:00,770,1,2.092,1551.194,125.52,170.282,1,Start,Finish,241,43.51450810000256,16.36042175002399,88,170,171,1,,,False,
2026-05-12T13:46:06+00:00,43.51526825289641,16.360228577894823,126,2026-05-12T13:46:45.889905+00:00,770,1,2.213,1553.407,132.78,171.268,1,Start,Finish,241,43.51450810000256,16.36042175002399,86,170,171,1,,,False,
2026-05-12T13:46:07+00:00,43.515248579372255,16.360232744898116,125,2026-05-12T13:46:45.889905+00:00,770,1,2.213,1555.62,132.78,171.268,1,Start,Finish,241,43.51450810000256,16.36042175002399,84,170,171,1,,,False,
2026-05-12T13:46:08+00:00,43.5152289058481,16.360236911901406,125,2026-05-12T13:46:45.889905+00:00,770,1,2.213,1557.834,132.78,171.268,1,Start,Finish,241,43.51450810000256,16.36042175002399,82,169,171,2,,,False,
2026-05-12T13:46:09+00:00,43.51520923232393,16.360241078904696,124,2026-05-12T13:46:45.889905+00:00,770,1,2.213,1560.047,132.78,171.268,1,Start,Finish,241,43.51450810000256,16.36042175002399,79,169,171,2,,,False,
2026-05-12T13:46:10+00:00,43.515189558799776,16.360245245907986,124,2026-05-12T13:46:45.889905+00:00,770,1,2.213,1562.26,132.78,171.268,1,Start,Finish,241,43.51450810000256,16.36042175002399,77,169,170,1,,,False,
2026-05-12T13:46:11+00:00,43.51516988527562,16.36024941291128,123,2026-05-12T13:46:45.889905+00:00,770,1,2.213,1564.473,132.78,171.268,1,Start,Finish,241,43.51450810000256,16.36042175002399,75,169,170,1,,,False,
2026-05-12T13:46:12+00:00,43.51515021175146,16.36025357991457,123,2026-05-12T13:46:45.889905+00:00,770,1,2.213,1566.687,132.78,171.268,1,Start,Finish,241,43.51450810000256,16.36042175002399,73,169,169,0,,,False,
2026-05-12T13:46:13+00:00,43.51513026282191,16.360260117799044,121,2026-05-12T13:46:45.889905+00:00,770,1,2.28,1568.967,136.8,166.631,1,Start,Finish,241,43.51450810000256,16.36042175002399,70,169,169,0,,,False,
2026-05-12T13:46:14+00:00,43.51511194836348,16.36026623658836,120,2026-05-12T13:46:45.889905+00:00,770,1,2.095,1571.062,125.7,166.381,1,Start,Finish,241,43.51450810000256,16.36042175002399,68,169,169,0,,,False,
2026-05-12T13:46:15+00:00,43.51509363390505,16.360272355377674,120,2026-05-12T13:46:45.889905+00:00,770,1,2.095,1573.157,125.7,166.381,1,Start,Finish,241,43.51450810000256,16.36042175002399,66,170,169,1,,,False,
2026-05-12T13:46:16+00:00,43.51507531944662,16.36027847416699,119,2026-05-12T13:46:45.889905+00:00,770,1,2.095,1575.253,125.7,166.381,1,Start,Finish,241,43.51450810000256,16.36042175002399,64,170,169,1,,,False,
2026-05-12T13:46:17+00:00,43.51505700498819,16.360284592956305,118,2026-05-12T13:46:45.889905+00:00,770,1,2.095,1577.348,125.7,166.381,1,Start,Finish,241,43.51450810000256,16.36042175002399,62,170,170,0,,,False,
2026-05-12T13:46:18+00:00,43.51503652520478,16.360287917777896,117,2026-05-12T13:46:45.889905+00:00,770,1,2.293,1579.641,137.58,173.285,1,Start,Finish,241,43.51450810000256,16.36042175002399,60,170,171,1,,,False,
2026-05-12T13:46:19+00:00,43.51501604542136,16.360291242599487,115,2026-05-12T13:46:45.889905+00:00,770,1,2.293,1581.934,137.58,173.285,1,Start,Finish,241,43.51450810000256,16.36042175002399,57,169,172,3,,,False,
2026-05-12T13:46:20+00:00,43.514995565637946,16.36029456742108,114,2026-05-12T13:46:45.889905+00:00,770,1,2.293,1584.227,137.58,173.285,1,Start,Finish,241,43.51450810000256,16.36042175002399,55,169,173,4,,,False,
2026-05-12T13:46:21+00:00,43.51497509283945,16.36029657907784,114,2026-05-12T13:46:45.889905+00:00,770,1,2.282,1586.509,136.92,175.924,1,Start,Finish,241,43.51450810000256,16.36042175002399,53,169,174,5,,,False,
2026-05-12T13:46:22+00:00,43.51495462004095,16.3602985907346,115,2026-05-12T13:46:45.889905+00:00,770,1,2.282,1588.792,136.92,175.924,1,Start,Finish,241,43.51450810000256,16.36042175002399,51,169,174,5,,,False,
2026-05-12T13:46:23+00:00,43.51493414724246,16.360300602391362,116,2026-05-12T13:46:45.889905+00:00,770,1,2.282,1591.074,136.92,175.924,1,Start,Finish,241,43.51450810000256,16.36042175002399,48,168,174,6,,,False,
2026-05-12T13:46:24+00:00,43.51491367444396,16.360302614048123,116,2026-05-12T13:46:45.889905+00:00,770,1,2.282,1593.356,136.92,175.924,1,Start,Finish,241,43.51450810000256,16.36042175002399,46,168,174,6,,,False,
2026-05-12T13:46:25+00:00,43.514895820990205,16.360306218266487,115,2026-05-12T13:46:45.889905+00:00,770,1,2.006,1595.363,120.36,171.671,1,Start,Finish,241,43.51450810000256,16.36042175002399,44,168,174,6,,,False,
2026-05-12T13:46:26+00:00,43.51487796753645,16.36030982248485,114,2026-05-12T13:46:45.889905+00:00,770,1,2.006,1597.369,120.36,171.671,1,Start,Finish,241,43.51450810000256,16.36042175002399,42,168,174,6,,,False,
2026-05-12T13:46:27+00:00,43.514860114082694,16.360313426703215,112,2026-05-12T13:46:45.889905+00:00,770,1,2.006,1599.375,120.36,171.671,1,Start,Finish,241,43.51450810000256,16.36042175002399,40,167,174,7,,,False,
2026-05-12T13:46:28+00:00,43.51484226062894,16.36031703092158,111,2026-05-12T13:46:45.889905+00:00,770,1,2.006,1601.382,120.36,171.671,1,Start,Finish,241,43.51450810000256,16.36042175002399,38,167,174,7,,,False,
2026-05-12T13:46:29+00:00,43.51482108235359,16.36031974107027,110,2026-05-12T13:46:45.889905+00:00,770,1,2.365,1603.747,141.9,174.698,1,Start,Finish,241,43.51450810000256,16.36042175002399,36,167,174,7,,,False,
2026-05-12T13:46:30+00:00,43.514799904078245,16.360322451218963,109,2026-05-12T13:46:45.889905+00:00,770,1,2.365,1606.112,141.9,174.698,1,Start,Finish,241,43.51450810000256,16.36042175002399,33,166,174,8,,,False,
2026-05-12T13:46:31+00:00,43.5147787258029,16.360325161367655,108,2026-05-12T13:46:45.889905+00:00,770,1,2.365,1608.477,141.9,174.698,1,Start,Finish,241,43.51450810000256,16.36042175002399,31,165,175,10,,,False,
2026-05-12T13:46:32+00:00,43.51475798059255,16.36032683774829,110,2026-05-12T13:46:45.889905+00:00,770,1,2.311,1610.788,138.66,176.646,1,Start,Finish,241,43.51450810000256,16.36042175002399,29,165,176,11,,,False,
2026-05-12T13:46:33+00:00,43.5147372353822,16.360328514128923,111,2026-05-12T13:46:45.889905+00:00,770,1,2.311,1613.098,138.66,176.646,1,Start,Finish,241,43.51450810000256,16.36042175002399,27,164,176,12,,,False,
2026-05-12T13:46:34+00:00,43.5147163644433,16.360329519957304,114,2026-05-12T13:46:45.889905+00:00,770,1,2.322,1615.42,139.32,177.998,1,Start,Finish,241,43.51450810000256,16.36042175002399,24,162,177,15,,,False,
2026-05-12T13:46:35+00:00,43.51469608023763,16.360330441966653,117,2026-05-12T13:46:45.889905+00:00,770,1,2.257,1617.677,135.42,178.112,1,Start,Finish,241,43.51450810000256,16.36042175002399,22,161,177,16,,,False,
2026-05-12T13:46:36+00:00,43.5146767180413,16.36033180402592,116,2026-05-12T13:46:45.889905+00:00,770,1,2.156,1619.833,129.36,177.08,1,Start,Finish,241,43.51450810000256,16.36042175002399,20,159,177,18,,,False,
2026-05-12T13:46:37+00:00,43.514657355844975,16.360333166085184,115,2026-05-12T13:46:45.889905+00:00,770,1,2.156,1621.989,129.36,177.08,1,Start,Finish,241,43.51450810000256,16.36042175002399,18,157,177,20,,,False,
2026-05-12T13:46:38+00:00,43.51463799364865,16.36033452814445,114,2026-05-12T13:46:45.889905+00:00,770,1,2.156,1624.144,129.36,177.08,1,Start,Finish,241,43.51450810000256,16.36042175002399,16,154,175,21,,,False,
2026-05-12T13:46:39+00:00,43.51461863145232,16.360335890203714,113,2026-05-12T13:46:45.889905+00:00,770,1,2.156,1626.3,129.36,177.08,1,Start,Finish,241,43.51450810000256,16.36042175002399,14,151,173,22,,,False,
2026-05-12T13:46:40+00:00,43.51460010744631,16.360337315127254,109,2026-05-12T13:46:45.889905+00:00,770,1,2.063,1628.363,123.78,176.807,1,Start,Finish,241,43.51450810000256,16.36042175002399,12,146,171,25,,,False,
2026-05-12T13:46:41+00:00,43.51457940414548,16.360339913517237,109,2026-05-12T13:46:45.889905+00:00,770,1,2.312,1630.675,138.72,174.799,1,Start,Finish,241,43.51450810000256,16.36042175002399,10,140,164,24,,,False,
2026-05-12T13:46:42+00:00,43.51456278003752,16.3603481836617,110,2026-05-12T13:46:45.889905+00:00,770,1,1.965,1632.64,117.9,160.162,1,Start,Finish,241,43.51450810000256,16.36042175002399,8,136,156,20,,,False,
2026-05-12T13:46:43+00:00,43.514546155929565,16.360356453806162,111,2026-05-12T13:46:45.889905+00:00,770,1,1.965,1634.605,117.9,160.162,1,Start,Finish,241,43.51450810000256,16.36042175002399,7,129,146,17,,,False,
2026-05-12T13:46:44+00:00,43.51452953182161,16.360364723950624,112,2026-05-12T13:46:45.889905+00:00,770,1,1.965,1636.57,117.9,160.162,1,Start,Finish,241,43.51450810000256,16.36042175002399,5,117,135,18,,,False,
2026-05-12T13:46:45+00:00,43.51452458649874,16.36039230041206,110,2026-05-12T13:46:45.889905+00:00,770,1,2.291,1638.861,137.46,103.89,1,Start,Finish,241,43.51450810000256,16.36042175002399,3,128,121,7,,,False,
2026-05-12T13:46:46+00:00,43.514519641175866,16.360419876873493,108,2026-05-12T13:46:45.889905+00:00,770,1,2.291,1641.152,137.46,103.89,1,Start,Finish,241,43.51450810000256,16.36042175002399,1,173,108,65,,,False,
2026-05-12T13:46:47+00:00,43.51452341303229,16.36044904589653,108,2026-05-12T13:46:45.889905+00:00,770,1,2.389,1643.541,143.34,79.89,1,Start,Finish,241,43.51450810000256,16.36042175002399,3,232,97,135,,,False,
2026-05-12T13:46:48+00:00,43.51452508941293,16.360479723662138,108,2026-05-12T13:46:45.889905+00:00,770,1,2.481,1646.022,148.86,85.691,1,Start,Finish,241,43.51450810000256,16.36042175002399,5,248,87,161,,,False,
2026-05-12T13:46:49+00:00,43.51453315000981,16.360504841431975,108,2026-05-12T13:46:45.889905+00:00,770,1,2.215,1648.237,132.9,66.13,1,Start,Finish,241,43.51450810000256,16.36042175002399,7,247,78,169,,,False,
2026-05-12T13:46:50+00:00,43.514541210606694,16.360529959201813,109,2026-05-12T13:46:45.889905+00:00,770,1,2.215,1650.452,132.9,66.13,1,Start,Finish,241,43.51450810000256,16.36042175002399,9,247,74,173,,,False,
2026-05-12T13:46:51+00:00,43.51454927120358,16.36055507697165,110,2026-05-12T13:46:45.889905+00:00,770,1,2.215,1652.666,132.9,66.13,1,Start,Finish,241,43.51450810000256,16.36042175002399,12,247,71,176,,,False,
2026-05-12T13:46:52+00:00,43.51455733180046,16.360580194741488,110,2026-05-12T13:46:45.889905+00:00,770,1,2.215,1654.881,132.9,66.13,1,Start,Finish,241,43.51450810000256,16.36042175002399,14,247,70,177,,,False,
2026-05-12T13:46:53+00:00,43.514565392397344,16.360605312511325,110,2026-05-12T13:46:45.889905+00:00,770,1,2.215,1657.096,132.9,66.13,1,Start,Finish,241,43.51450810000256,16.36042175002399,16,247,69,178,,,False,
2026-05-12T13:46:54+00:00,43.51457345299423,16.360630430281162,111,2026-05-12T13:46:45.889905+00:00,770,1,2.215,1659.311,132.9,66.13,1,Start,Finish,241,43.51450810000256,16.36042175002399,18,247,70,177,,,False,
2026-05-12T13:46:55+00:00,43.51457856595516,16.36065746191889,110,2026-05-12T13:46:45.889905+00:00,770,1,2.253,1661.564,135.18,75.382,1,Start,Finish,241,43.51450810000256,16.36042175002399,21,248,71,177,,,False,
2026-05-12T13:46:56+00:00,43.5145836789161,16.36068449355662,109,2026-05-12T13:46:45.889905+00:00,770,1,2.253,1663.817,135.18,75.382,1,Start,Finish,241,43.51450810000256,16.36042175002399,23,248,72,176,,,False,
2026-05-12T13:46:57+00:00,43.51458826102317,16.36070804670453,108,2026-05-12T13:46:45.889905+00:00,770,1,1.966,1665.783,117.96,74.983,1,Start,Finish,241,43.51450810000256,16.36042175002399,25,249,74,175,,,False,
2026-05-12T13:46:58+00:00,43.51459284313023,16.360731599852443,106,2026-05-12T13:46:45.889905+00:00,770,1,1.966,1667.75,117.96,74.983,1,Start,Finish,241,43.51450810000256,16.36042175002399,27,249,75,174,,,False,
2026-05-12T13:46:59+00:00,43.5145974252373,16.360755153000355,105,2026-05-12T13:46:45.889905+00:00,770,1,1.966,1669.716,117.96,74.983,1,Start,Finish,241,43.51450810000256,16.36042175002399,29,250,77,173,,,False,
2026-05-12T13:47:00+00:00,43.514601511415094,16.36078231036663,106,2026-05-12T13:46:45.889905+00:00,770,1,2.237,1671.953,134.22,78.279,1,Start,Finish,241,43.51450810000256,16.36042175002399,31,250,76,174,,,False,
2026-05-12T13:47:01+00:00,43.51460559759289,16.360809467732906,107,2026-05-12T13:46:45.889905+00:00,770,1,2.237,1674.189,134.22,78.279,1,Start,Finish,241,43.51450810000256,16.36042175002399,33,251,75,176,,,False,
2026-05-12T13:47:02+00:00,43.514609683770686,16.360836625099182,108,2026-05-12T13:46:45.889905+00:00,770,1,2.237,1676.426,134.22,78.279,1,Start,Finish,241,43.51450810000256,16.36042175002399,35,251,75,176,,,False,
2026-05-12T13:47:03+00:00,43.51461376994848,16.360863782465458,109,2026-05-12T13:46:45.889905+00:00,770,1,2.237,1678.662,134.22,78.279,1,Start,Finish,241,43.51450810000256,16.36042175002399,38,252,74,178,,,False,
2026-05-12T13:47:04+00:00,43.51462047547102,16.36088591068983,110,2026-05-12T13:46:45.889905+00:00,770,1,1.934,1680.596,116.04,67.322,1,Start,Finish,241,43.51450810000256,16.36042175002399,39,252,74,178,,,False,
2026-05-12T13:47:05+00:00,43.51462678285315,16.360911391675472,111,2026-05-12T13:46:45.889905+00:00,770,1,2.171,1682.767,130.26,71.154,1,Start,Finish,241,43.51450810000256,16.36042175002399,42,252,71,179,,,False,
2026-05-12T13:47:06+00:00,43.51463309023529,16.360936872661114,112,2026-05-12T13:46:45.889905+00:00,770,1,2.171,1684.938,130.26,71.154,1,Start,Finish,241,43.51450810000256,16.36042175002399,44,252,67,175,,,False,
2026-05-12T13:47:07+00:00,43.51463939761743,16.360962353646755,113,2026-05-12T13:46:45.889905+00:00,770,1,2.171,1687.11,130.26,71.154,1,Start,Finish,241,43.51450810000256,16.36042175002399,46,251,65,174,,,False,
2026-05-12T13:47:08+00:00,43.514645704999566,16.360987834632397,114,2026-05-12T13:46:45.889905+00:00,770,1,2.171,1689.281,130.26,71.154,1,Start,Finish,241,43.51450810000256,16.36042175002399,48,251,60,169,,,False,
2026-05-12T13:47:09+00:00,43.51465509273112,16.361005478538573,115,2026-05-12T13:46:45.889905+00:00,770,1,1.765,1691.045,105.9,53.733,1,Start,Finish,241,43.51450810000256,16.36042175002399,50,251,56,165,,,False,
2026-05-12T13:47:10+00:00,43.51466448046267,16.36102312244475,116,2026-05-12T13:46:45.889905+00:00,770,1,1.765,1692.81,105.9,53.733,1,Start,Finish,241,43.51450810000256,16.36042175002399,52,250,54,164,,,False,
2026-05-12T13:47:11+00:00,43.51467386819422,16.361040766350925,116,2026-05-12T13:46:45.889905+00:00,770,1,1.765,1694.575,105.9,53.733,1,Start,Finish,241,43.51450810000256,16.36042175002399,53,250,52,162,,,False,
2026-05-12T13:47:12+00:00,43.514683255925775,16.3610584102571,117,2026-05-12T13:46:45.889905+00:00,770,1,1.765,1696.339,105.9,53.733,1,Start,Finish,241,43.51450810000256,16.36042175002399,55,249,47,158,,,False,
2026-05-12T13:47:13+00:00,43.51469708606601,16.36107064783573,122,2026-05-12T13:46:45.889905+00:00,770,1,1.827,1698.166,109.62,32.688,1,Start,Finish,241,43.51450810000256,16.36042175002399,56,248,45,157,,,False,
2026-05-12T13:47:14+00:00,43.51471816655248,16.361085881944746,122,2026-05-12T13:46:45.889905+00:00,770,1,2.646,1700.813,158.76,27.658,1,Start,Finish,241,43.51450810000256,16.36042175002399,58,246,40,154,,,False,
2026-05-12T13:47:15+00:00,43.51473924703896,16.36110111605376,123,2026-05-12T13:46:45.889905+00:00,770,1,2.646,1703.459,158.76,27.658,1,Start,Finish,241,43.51450810000256,16.36042175002399,61,245,37,152,,,False,
2026-05-12T13:47:16+00:00,43.51476032752544,16.361116350162774,124,2026-05-12T13:46:45.889905+00:00,770,1,2.646,1706.106,158.76,27.658,1,Start,Finish,241,43.51450810000256,16.36042175002399,63,243,36,153,,,False,
2026-05-12T13:47:17+00:00,43.51478140801191,16.36113158427179,124,2026-05-12T13:46:45.889905+00:00,770,1,2.646,1708.752,158.76,27.658,1,Start,Finish,241,43.51450810000256,16.36042175002399,65,242,34,152,,,False,
2026-05-12T13:47:18+00:00,43.51479662116617,16.361149804433808,124,2026-05-12T13:46:45.889905+00:00,770,1,2.241,1710.993,134.46,40.976,1,Start,Finish,241,43.51450810000256,16.36042175002399,67,241,36,155,,,False,
2026-05-12T13:47:19+00:00,43.514811834320426,16.361168024595827,124,2026-05-12T13:46:45.889905+00:00,770,1,2.241,1713.233,134.46,40.976,1,Start,Finish,241,43.51450810000256,16.36042175002399,69,241,37,156,,,False,
2026-05-12T13:47:20+00:00,43.51482704747468,16.361186244757846,125,2026-05-12T13:46:45.889905+00:00,770,1,2.241,1715.474,134.46,40.976,1,Start,Finish,241,43.51450810000256,16.36042175002399,71,240,38,158,,,False,
2026-05-12T13:47:21+00:00,43.51484226062894,16.361204464919865,125,2026-05-12T13:46:45.889905+00:00,770,1,2.241,1717.715,134.46,40.976,1,Start,Finish,241,43.51450810000256,16.36042175002399,73,240,40,160,,,False,
2026-05-12T13:47:22+00:00,43.514857473783195,16.361222685081884,125,2026-05-12T13:46:45.889905+00:00,770,1,2.241,1719.955,134.46,40.976,1,Start,Finish,241,43.51450810000256,16.36042175002399,75,239,41,162,,,False,
2026-05-12T13:47:23+00:00,43.51487268693745,16.361240905243903,126,2026-05-12T13:46:45.889905+00:00,770,1,2.241,1722.196,134.46,40.976,1,Start,Finish,241,43.51450810000256,16.36042175002399,78,238,41,163,,,False,
2026-05-12T13:47:24+00:00,43.51488790009171,16.361259125405923,126,2026-05-12T13:46:45.889905+00:00,770,1,2.241,1724.436,134.46,40.976,1,Start,Finish,241,43.51450810000256,16.36042175002399,80,238,43,165,,,False,
2026-05-12T13:47:25+00:00,43.51490311324597,16.36127734556794,126,2026-05-12T13:46:45.889905+00:00,770,1,2.241,1726.677,134.46,40.975,1,Start,Finish,241,43.51450810000256,16.36042175002399,82,238,44,166,,,False,
2026-05-12T13:47:26+00:00,43.51491790730506,16.361295827664435,124,2026-05-12T13:46:45.889905+00:00,770,1,2.22,1728.897,133.2,42.176,1,Start,Finish,241,43.51450810000256,16.36042175002399,84,237,45,168,,,False,
2026-05-12T13:47:27+00:00,43.51493270136416,16.361314309760928,122,2026-05-12T13:46:45.889905+00:00,770,1,2.22,1731.116,133.2,42.176,1,Start,Finish,241,43.51450810000256,16.36042175002399,86,237,47,170,,,False,
2026-05-12T13:47:28+00:00,43.514944268390536,16.36133543215692,120,2026-05-12T13:46:45.889905+00:00,770,1,2.134,1733.251,128.04,52.942,1,Start,Finish,241,43.51450810000256,16.36042175002399,88,237,49,172,,,False,
2026-05-12T13:47:29+00:00,43.51495583541691,16.361356554552913,118,2026-05-12T13:46:45.889905+00:00,770,1,2.134,1735.385,128.04,52.942,1,Start,Finish,241,43.51450810000256,16.36042175002399,90,237,50,173,,,False,
2026-05-12T13:47:30+00:00,43.51496710907668,16.361378179863095,116,2026-05-12T13:46:45.889905+00:00,770,1,2.148,1737.533,128.88,54.289,1,Start,Finish,241,43.51450810000256,16.36042175002399,92,237,52,175,,,False,
2026-05-12T13:47:31+00:00,43.514978382736444,16.361399805173278,114,2026-05-12T13:46:45.889905+00:00,770,1,2.148,1739.68,128.88,54.289,1,Start,Finish,241,43.51450810000256,16.36042175002399,95,236,54,178,,,False,
2026-05-12T13:47:32+00:00,43.51498866453767,16.36142184957862,114,2026-05-12T13:46:45.889905+00:00,770,1,2.114,1741.794,126.84,57.253,1,Start,Finish,241,43.51450810000256,16.36042175002399,97,236,56,180,,,False,
2026-05-12T13:47:33+00:00,43.51499894633889,16.36144389398396,114,2026-05-12T13:46:45.889905+00:00,770,1,2.114,1743.908,126.84,57.253,1,Start,Finish,241,43.51450810000256,16.36042175002399,99,236,56,180,,,False,
2026-05-12T13:47:34+00:00,43.51500922814011,16.3614659383893,114,2026-05-12T13:46:45.889905+00:00,770,1,2.114,1746.021,126.84,57.253,1,Start,Finish,241,43.51450810000256,16.36042175002399,101,237,56,179,,,False,
2026-05-12T13:47:35+00:00,43.51502008270472,16.36148982681334,112,2026-05-12T13:46:45.889905+00:00,770,1,2.273,1748.294,136.38,57.93,1,Start,Finish,241,43.51450810000256,16.36042175002399,103,237,56,179,,,False,
2026-05-12T13:47:36+00:00,43.51503093726933,16.36151371523738,110,2026-05-12T13:46:45.889905+00:00,770,1,2.273,1750.567,136.38,57.93,1,Start,Finish,241,43.51450810000256,16.36042175002399,106,237,55,178,,,False,
2026-05-12T13:47:37+00:00,43.51504305750131,16.36153575964272,109,2026-05-12T13:46:45.889905+00:00,770,1,2.231,1752.798,133.86,52.832,1,Start,Finish,241,43.51450810000256,16.36042175002399,108,236,55,179,,,False,
2026-05-12T13:47:38+00:00,43.5150551777333,16.36155780404806,108,2026-05-12T13:46:45.889905+00:00,770,1,2.231,1755.029,133.86,52.832,1,Start,Finish,241,43.51450810000256,16.36042175002399,110,236,56,180,,,False,
2026-05-12T13:47:39+00:00,43.51506729796529,16.361579848453403,108,2026-05-12T13:46:45.889905+00:00,770,1,2.231,1757.26,133.86,52.832,1,Start,Finish,241,43.51450810000256,16.36042175002399,112,236,57,179,,,False,
2026-05-12T13:47:40+00:00,43.515079418197274,16.361601892858744,107,2026-05-12T13:46:45.889905+00:00,770,1,2.231,1759.49,133.86,52.832,1,Start,Finish,241,43.51450810000256,16.36042175002399,114,236,57,179,,,False,
2026-05-12T13:47:41+00:00,43.51509153842926,16.361623937264085,106,2026-05-12T13:46:45.889905+00:00,770,1,2.231,1761.721,133.86,52.832,1,Start,Finish,241,43.51450810000256,16.36042175002399,117,236,58,178,,,False,
2026-05-12T13:47:42+00:00,43.51509996224195,16.361649543978274,105,2026-05-12T13:46:45.889905+00:00,770,1,2.267,1763.989,136.02,65.6,1,Start,Finish,241,43.51450810000256,16.36042175002399,119,236,59,177,,,False,
2026-05-12T13:47:43+00:00,43.515108386054635,16.361675150692463,104,2026-05-12T13:46:45.889905+00:00,770,1,2.267,1766.256,136.02,65.6,1,Start,Finish,241,43.51450810000256,16.36042175002399,121,237,60,177,,,False,
2026-05-12T13:47:44+00:00,43.51511684129946,16.361697519896552,104,2026-05-12T13:46:45.889905+00:00,770,1,2.034,1768.29,122.04,62.471,1,Start,Finish,241,43.51450810000256,16.36042175002399,123,237,61,176,,,False,
2026-05-12T13:47:45+00:00,43.51512529654429,16.36171988910064,103,2026-05-12T13:46:45.889905+00:00,770,1,2.034,1770.324,122.04,62.471,1,Start,Finish,241,43.51450810000256,16.36042175002399,125,237,62,175,,,False,
2026-05-12T13:47:46+00:00,43.51513375178911,16.36174225830473,103,2026-05-12T13:46:45.889905+00:00,770,1,2.034,1772.358,122.04,62.47,1,Start,Finish,241,43.51450810000256,16.36042175002399,127,237,63,174,,,False,
2026-05-12T13:47:47+00:00,43.51514220703393,16.36176462750882,102,2026-05-12T13:46:45.889905+00:00,770,1,2.034,1774.392,122.04,62.47,1,Start,Finish,241,43.51450810000256,16.36042175002399,129,237,63,174,,,False,
2026-05-12T13:47:48+00:00,43.51515066227876,16.361786996712908,102,2026-05-12T13:46:45.889905+00:00,770,1,2.034,1776.427,122.04,62.47,1,Start,Finish,241,43.51450810000256,16.36042175002399,131,237,63,174,,,False,
2026-05-12T13:47:49+00:00,43.51515911752358,16.361809365916997,102,2026-05-12T13:46:45.889905+00:00,770,1,2.034,1778.461,122.04,62.47,1,Start,Finish,241,43.51450810000256,16.36042175002399,133,237,64,173,,,False,
2026-05-12T13:47:50+00:00,43.515167572768405,16.361831735121086,101,2026-05-12T13:46:45.889905+00:00,770,1,2.034,1780.495,122.04,62.47,1,Start,Finish,241,43.51450810000256,16.36042175002399,135,237,65,172,,,False,
2026-05-12T13:47:51+00:00,43.51517602801323,16.361854104325175,101,2026-05-12T13:46:45.889905+00:00,770,1,2.034,1782.529,122.04,62.47,1,Start,Finish,241,43.51450810000256,16.36042175002399,137,237,66,171,,,False,
2026-05-12T13:47:52+00:00,43.51518302690238,16.361880507320166,102,2026-05-12T13:46:45.889905+00:00,770,1,2.267,1784.796,136.02,69.921,1,Start,Finish,241,43.51450810000256,16.36042175002399,140,237,67,170,,,False,
2026-05-12T13:47:53+00:00,43.515190025791526,16.361906910315156,102,2026-05-12T13:46:45.889905+00:00,770,1,2.267,1787.063,136.02,69.921,1,Start,Finish,241,43.51450810000256,16.36042175002399,142,238,68,170,,,False,
2026-05-12T13:47:54+00:00,43.51519614458084,16.36193377431482,100,2026-05-12T13:46:45.889905+00:00,770,1,2.271,1789.333,136.26,72.563,1,Start,Finish,241,43.51450810000256,16.36042175002399,144,238,69,169,,,False,
2026-05-12T13:47:55+00:00,43.51520226337016,16.361960638314486,99,2026-05-12T13:46:45.889905+00:00,770,1,2.271,1791.604,136.26,72.563,1,Start,Finish,241,43.51450810000256,16.36042175002399,146,238,70,168,,,False,
2026-05-12T13:47:56+00:00,43.51520895691855,16.36198620311916,100,2026-05-12T13:46:45.889905+00:00,770,1,2.192,1793.796,131.52,70.148,1,Start,Finish,241,43.51450810000256,16.36042175002399,148,238,71,167,,,False,
2026-05-12T13:47:57+00:00,43.515215650466935,16.362011767923832,100,2026-05-12T13:46:45.889905+00:00,770,1,2.192,1795.987,131.52,70.148,1,Start,Finish,241,43.51450810000256,16.36042175002399,150,238,71,167,,,False,
2026-05-12T13:47:58+00:00,43.51522234401533,16.362037332728505,101,2026-05-12T13:46:45.889905+00:00,770,1,2.192,1798.179,131.52,70.148,1,Start,Finish,241,43.51450810000256,16.36042175002399,153,239,71,168,,,False,
2026-05-12T13:47:59+00:00,43.515229037563714,16.36206289753318,102,2026-05-12T13:46:45.889905+00:00,770,1,2.192,1800.371,131.52,70.148,1,Start,Finish,241,43.51450810000256,16.36042175002399,155,239,70,169,,,False,
2026-05-12T13:48:00+00:00,43.51523573111211,16.36208846233785,103,2026-05-12T13:46:45.889905+00:00,770,1,2.192,1802.562,131.52,70.148,1,Start,Finish,241,43.51450810000256,16.36042175002399,157,239,69,170,,,False,
2026-05-12T13:48:01+00:00,43.51524242466049,16.362114027142525,103,2026-05-12T13:46:45.889905+00:00,770,1,2.192,1804.754,131.52,70.148,1,Start,Finish,241,43.51450810000256,16.36042175002399,159,239,69,170,,,False,
2026-05-12T13:48:02+00:00,43.515249118208885,16.362139591947198,104,2026-05-12T13:46:45.889905+00:00,770,1,2.192,1806.946,131.52,70.148,1,Start,Finish,241,43.51450810000256,16.36042175002399,161,239,68,171,,,False,
2026-05-12T13:48:03+00:00,43.51525582373142,16.362163815647364,106,2026-05-12T13:46:45.889905+00:00,770,1,2.091,1809.037,125.46,69.107,1,Start,Finish,241,43.51450810000256,16.36042175002399,163,239,67,172,,,False,
2026-05-12T13:48:04+00:00,43.515263786539435,16.3621869077906,104,2026-05-12T13:46:45.889905+00:00,770,1,2.062,1811.099,123.72,64.569,1,Start,Finish,241,43.51450810000256,16.36042175002399,165,239,67,172,,,False,
2026-05-12T13:48:05+00:00,43.51527174934745,16.36220999993384,102,2026-05-12T13:46:45.889905+00:00,770,1,2.062,1813.16,123.72,64.569,1,Start,Finish,241,43.51450810000256,16.36042175002399,167,240,66,174,,,False,
2026-05-12T13:48:06+00:00,43.515281388536096,16.362232714891434,99,2026-05-12T13:46:45.889905+00:00,770,1,2.122,1815.283,127.32,59.665,1,Start,Finish,241,43.51450810000256,16.36042175002399,169,240,66,174,,,False,
2026-05-12T13:48:07+00:00,43.51529031526297,16.362260333262384,100,2026-05-12T13:46:45.889905+00:00,770,1,2.438,1817.721,146.28,65.977,1,Start,Finish,241,43.51450810000256,16.36042175002399,172,240,66,174,,,False,
2026-05-12T13:48:08+00:00,43.51529924198985,16.362287951633334,102,2026-05-12T13:46:45.889905+00:00,770,1,2.438,1820.159,146.28,65.977,1,Start,Finish,241,43.51450810000256,16.36042175002399,174,240,66,174,,,False,
2026-05-12T13:48:09+00:00,43.51530695334077,16.362312845885754,105,2026-05-12T13:46:45.889905+00:00,770,1,2.183,1822.342,130.98,66.87,1,Start,Finish,241,43.51450810000256,16.36042175002399,176,240,66,174,,,False,
2026-05-12T13:48:10+00:00,43.515313658863306,16.362337195314467,103,2026-05-12T13:46:45.889905+00:00,770,1,2.1,1824.442,126.0,69.206,1,Start,Finish,241,43.51450810000256,16.36042175002399,179,240,66,174,,,False,
2026-05-12T13:48:11+00:00,43.51532036438584,16.36236154474318,101,2026-05-12T13:46:45.889905+00:00,770,1,2.1,1826.543,126.0,69.206,1,Start,Finish,241,43.51450810000256,16.36042175002399,181,240,68,172,,,False,
2026-05-12T13:48:12+00:00,43.51532734930515,16.362384287640452,100,2026-05-12T13:46:45.889905+00:00,770,1,1.992,1828.534,119.52,67.047,1,Start,Finish,241,43.51450810000256,16.36042175002399,183,240,68,172,,,False,
2026-05-12T13:48:13+00:00,43.51533433422446,16.362407030537724,100,2026-05-12T13:46:45.889905+00:00,770,1,1.992,1830.526,119.52,67.047,1,Start,Finish,241,43.51450810000256,16.36042175002399,185,240,69,171,,,False,
2026-05-12T13:48:14+00:00,43.51534131914377,16.362429773434997,99,2026-05-12T13:46:45.889905+00:00,770,1,1.992,1832.518,119.52,67.047,1,Start,Finish,241,43.51450810000256,16.36042175002399,187,240,69,171,,,False,
2026-05-12T13:48:15+00:00,43.51534828660078,16.362456993665546,99,2026-05-12T13:46:45.889905+00:00,770,1,2.328,1834.845,139.68,70.559,1,Start,Finish,241,43.51450810000256,16.36042175002399,189,240,69,171,,,False,
2026-05-12T13:48:16+00:00,43.515355254057795,16.362484213896096,99,2026-05-12T13:46:45.889905+00:00,770,1,2.328,1837.173,139.68,70.559,1,Start,Finish,241,43.51450810000256,16.36042175002399,191,240,69,171,,,False,
2026-05-12T13:48:17+00:00,43.515362221514806,16.362511434126645,99,2026-05-12T13:46:45.889905+00:00,770,1,2.328,1839.501,139.68,70.559,1,Start,Finish,241,43.51450810000256,16.36042175002399,193,241,70,171,,,False,
2026-05-12T13:48:18+00:00,43.51536918897182,16.362538654357195,98,2026-05-12T13:46:45.889905+00:00,770,1,2.328,1841.828,139.68,70.559,1,Start,Finish,241,43.51450810000256,16.36042175002399,196,241,70,171,,,False,
2026-05-12T13:48:19+00:00,43.51537615642883,16.362565874587744,98,2026-05-12T13:46:45.889905+00:00,770,1,2.328,1844.156,139.68,70.559,1,Start,Finish,241,43.51450810000256,16.36042175002399,198,241,70,171,,,False,
2026-05-12T13:48:20+00:00,43.51538312388584,16.362593094818294,98,2026-05-12T13:46:45.889905+00:00,770,1,2.328,1846.484,139.68,70.559,1,Start,Finish,241,43.51450810000256,16.36042175002399,200,241,69,172,,,False,
2026-05-12T13:48:21+00:00,43.51539009134285,16.362620315048844,98,2026-05-12T13:46:45.889905+00:00,770,1,2.328,1848.811,139.68,70.559,1,Start,Finish,241,43.51450810000256,16.36042175002399,203,241,69,172,,,False,
2026-05-12T13:48:22+00:00,43.51539705879986,16.362647535279393,98,2026-05-12T13:46:45.889905+00:00,770,1,2.328,1851.139,139.68,70.559,1,Start,Finish,241,43.51450810000256,16.36042175002399,205,241,68,173,,,False,
2026-05-12T13:48:23+00:00,43.51540558040142,16.362673100084066,99,2026-05-12T13:46:45.889905+00:00,770,1,2.269,1853.408,136.14,65.314,1,Start,Finish,241,43.51450810000256,16.36042175002399,207,241,68,173,,,False,
2026-05-12T13:48:24+00:00,43.51541410200298,16.36269866488874,100,2026-05-12T13:46:45.889905+00:00,770,1,2.269,1855.677,136.14,65.314,1,Start,Finish,241,43.51450810000256,16.36042175002399,209,241,67,174,,,False,
2026-05-12T13:48:25+00:00,43.515422623604536,16.362724229693413,101,2026-05-12T13:46:45.889905+00:00,770,1,2.269,1857.945,136.14,65.314,1,Start,Finish,241,43.51450810000256,16.36042175002399,212,241,66,175,,,False,
2026-05-12T13:48:26+00:00,43.51543083786965,16.362748180981725,100,2026-05-12T13:46:45.889905+00:00,770,1,2.136,1860.082,128.16,64.69,1,Start,Finish,241,43.51450810000256,16.36042175002399,214,241,64,177,,,False,
2026-05-12T13:48:27+00:00,43.51543905213475,16.362772132270038,98,2026-05-12T13:46:45.889905+00:00,770,1,2.136,1862.218,128.16,64.69,1,Start,Finish,241,43.51450810000256,16.36042175002399,216,241,63,178,,,False,
2026-05-12T13:48:28+00:00,43.51544726639986,16.36279608355835,97,2026-05-12T13:46:45.889905+00:00,770,1,2.136,1864.355,128.16,64.69,1,Start,Finish,241,43.51450810000256,16.36042175002399,218,241,62,179,,,False,
2026-05-12T13:48:29+00:00,43.51545548066497,16.362820034846663,96,2026-05-12T13:46:45.889905+00:00,770,1,2.136,1866.491,128.16,64.69,1,Start,Finish,241,43.51450810000256,16.36042175002399,220,241,61,180,,,False,
2026-05-12T13:48:30+00:00,43.515467466786504,16.362840151414275,102,2026-05-12T13:46:45.889905+00:00,770,1,2.099,1868.591,125.94,50.593,1,Start,Finish,241,43.51450810000256,16.36042175002399,222,241,60,179,,,False,
2026-05-12T13:48:31+00:00,43.51547844707966,16.362864542752504,107,2026-05-12T13:46:45.889905+00:00,770,1,2.315,1870.906,138.9,58.169,1,Start,Finish,241,43.51450810000256,16.36042175002399,225,241,60,179,,,False,
2026-05-12T13:48:32+00:00,43.51548867300153,16.362887509167194,111,2026-05-12T13:46:45.889905+00:00,770,1,2.173,1873.079,130.38,58.451,1,Start,Finish,241,43.51450810000256,16.36042175002399,227,241,61,180,,,False,
2026-05-12T13:48:33+00:00,43.51549822837114,16.362909050658345,111,2026-05-12T13:46:45.889905+00:00,770,1,2.036,1875.115,122.16,58.547,1,Start,Finish,241,43.51450810000256,16.36042175002399,229,241,61,180,,,False,
2026-05-12T13:48:34+00:00,43.515507113188505,16.362929670140147,107,2026-05-12T13:46:45.889905+00:00,770,1,1.934,1877.049,116.04,59.282,1,Start,Finish,241,43.51450810000256,16.36042175002399,231,241,62,179,,,False,
2026-05-12T13:48:35+00:00,43.51551700383425,16.362954564392567,104,2026-05-12T13:46:45.889905+00:00,770,1,2.289,1879.338,137.34,61.283,1,Start,Finish,241,43.51450810000256,16.36042175002399,233,241,63,178,,,False,
2026-05-12T13:48:36+00:00,43.515523904934525,16.362979458644986,105,2026-05-12T13:46:45.889905+00:00,770,1,2.149,1881.487,128.94,69.08,1,Start,Finish,241,43.51450810000256,16.36042175002399,235,241,63,178,,,False,
2026-05-12T13:48:37+00:00,43.5155308060348,16.363004352897406,107,2026-05-12T13:46:45.889905+00:00,770,1,2.149,1883.636,128.94,69.08,1,Start,Finish,241,43.51450810000256,16.36042175002399,237,241,63,178,,,False,
2026-05-12T13:48:38+00:00,43.51553770713508,16.363029247149825,108,2026-05-12T13:46:45.889905+00:00,770,1,2.149,1885.785,128.94,69.08,1,Start,Finish,241,43.51450810000256,16.36042175002399,239,241,63,178,,,False,
2026-05-12T13:48:39+00:00,43.51554478984326,16.363049992360175,106,2026-05-12T13:46:45.889905+00:00,770,1,1.849,1887.634,110.94,64.789,1,Start,Finish,241,43.51450810000256,16.36042175002399,241,241,63,178,,,False,
2026-05-12T13:48:40+00:00,43.51555187255144,16.363070737570524,103,2026-05-12T13:46:45.889905+00:00,770,1,1.849,1889.483,110.94,64.789,1,Start,Finish,241,43.51450810000256,16.36042175002399,243,241,63,178,,,False,
2026-05-12T13:48:41+00:00,43.515560841187835,16.363090854138136,99,2026-05-12T13:46:45.889905+00:00,770,1,1.904,1891.387,114.24,58.417,1,Start,Finish,241,43.51450810000256,16.36042175002399,245,241,63,178,,,False,
2026-05-12T13:48:42+00:00,43.51557282730937,16.363112395629287,99,2026-05-12T13:46:45.889905+00:00,770,1,2.189,1893.577,131.34,52.502,1,Start,Finish,241,43.51450810000256,16.36042175002399,247,241,61,180,,,False,
2026-05-12T13:48:43+00:00,43.515582173131406,16.363134859129786,100,2026-05-12T13:46:45.889905+00:00,770,1,2.088,1895.665,125.28,60.157,1,Start,Finish,241,43.51450810000256,16.36042175002399,249,241,60,179,,,False,
2026-05-12T13:48:44+00:00,43.51559151895344,16.363157322630286,102,2026-05-12T13:46:45.889905+00:00,770,1,2.088,1897.754,125.28,60.157,1,Start,Finish,241,43.51450810000256,16.36042175002399,251,241,58,177,,,False,
2026-05-12T13:48:45+00:00,43.51560110785067,16.363178042694926,101,2026-05-12T13:46:45.889905+00:00,770,1,1.982,1899.736,118.92,57.456,1,Start,Finish,241,43.51450810000256,16.36042175002399,253,241,58,177,,,False,
2026-05-12T13:48:46+00:00,43.5156106967479,16.363198762759566,100,2026-05-12T13:46:45.889905+00:00,770,1,1.982,1901.718,118.92,57.456,1,Start,Finish,241,43.51450810000256,16.36042175002399,255,241,58,177,,,False,
2026-05-12T13:48:47+00:00,43.51562028564513,16.363219482824206,100,2026-05-12T13:46:45.889905+00:00,770,1,1.982,1903.7,118.92,57.456,1,Start,Finish,241,43.51450810000256,16.36042175002399,257,241,58,177,,,False,
2026-05-12T13:48:48+00:00,43.515629874542356,16.363240202888846,99,2026-05-12T13:46:45.889905+00:00,770,1,1.982,1905.682,118.92,57.456,1,Start,Finish,241,43.51450810000256,16.36042175002399,259,241,58,177,,,False,
2026-05-12T13:48:49+00:00,43.515639463439584,16.363260922953486,98,2026-05-12T13:46:45.889905+00:00,770,1,1.982,1907.664,118.92,57.456,1,Start,Finish,241,43.51450810000256,16.36042175002399,261,241,58,177,,,False,
2026-05-12T13:48:50+00:00,43.51564851589501,16.363280536606908,95,2026-05-12T13:46:45.889905+00:00,770,1,1.875,1909.538,112.5,57.526,1,Start,Finish,241,43.51450810000256,16.36042175002399,263,241,58,177,,,False,
2026-05-12T13:48:51+00:00,43.51565787568688,16.36330177076161,96,2026-05-12T13:46:45.889905+00:00,770,1,2.004,1911.542,120.24,58.708,1,Start,Finish,241,43.51450810000256,16.36042175002399,265,241,58,177,,,False,
2026-05-12T13:48:52+00:00,43.51566723547876,16.36332300491631,98,2026-05-12T13:46:45.889905+00:00,770,1,2.004,1913.546,120.24,58.708,1,Start,Finish,241,43.51450810000256,16.36042175002399,267,241,59,178,,,False,
2026-05-12T13:48:53+00:00,43.515676595270634,16.36334423907101,99,2026-05-12T13:46:45.889905+00:00,770,1,2.004,1915.55,120.24,58.708,1,Start,Finish,241,43.51450810000256,16.36042175002399,269,241,60,179,,,False,
2026-05-12T13:48:54+00:00,43.515686905011535,16.36336427181959,104,2026-05-12T13:46:45.889905+00:00,770,1,1.981,1917.531,118.86,54.638,1,Start,Finish,241,43.51450810000256,16.36042175002399,271,241,61,180,,,False,
2026-05-12T13:48:55+00:00,43.5156943439506,16.363387824967504,102,2026-05-12T13:46:45.889905+00:00,770,1,2.072,1919.602,124.32,66.466,1,Start,Finish,241,43.51450810000256,16.36042175002399,273,241,63,178,,,False,
2026-05-12T13:48:56+00:00,43.515701782889664,16.363411378115416,100,2026-05-12T13:46:45.889905+00:00,770,1,2.072,1921.674,124.32,66.466,1,Start,Finish,241,43.51450810000256,16.36042175002399,275,241,64,177,,,False,
2026-05-12T13:48:57+00:00,43.51570922182873,16.363434931263328,99,2026-05-12T13:46:45.889905+00:00,770,1,2.072,1923.745,124.32,66.466,1,Start,Finish,241,43.51450810000256,16.36042175002399,277,241,65,176,,,False,
2026-05-12T13:48:58+00:00,43.515716660767794,16.36345848441124,97,2026-05-12T13:46:45.889905+00:00,770,1,2.072,1925.817,124.32,66.466,1,Start,Finish,241,43.51450810000256,16.36042175002399,279,241,66,175,,,False,
2026-05-12T13:48:59+00:00,43.51572269573808,16.363479858264327,95,2026-05-12T13:46:45.889905+00:00,770,1,1.85,1927.666,111.0,68.726,1,Start,Finish,241,43.51450810000256,16.36042175002399,281,241,68,173,,,False,
2026-05-12T13:49:00+00:00,43.51572825573385,16.363503020256758,96,2026-05-12T13:46:45.889905+00:00,770,1,1.967,1929.634,118.02,71.685,1,Start,Finish,241,43.51450810000256,16.36042175002399,283,241,68,173,,,False,
