timestamp_utc,latitude,longitude,heart_rate,finish_time_utc,elapsed_race_time_s,finished_flag,seg_dist_m,dist_from_start_m,SOG_raw_mpm,COG_raw_deg,geom_leg_id,geom_from_mark,geom_to_mark,geom_leg_bearing_deg,target_lat_deg,target_lon_deg,dist_to_target_m,bearing_to_target_deg,COG_deg,ATB_angle_deg,ATB_offset_deg,axis_angle_signed_deg,is_upwind,upwind_dist_remaining_m
2026-05-12T11:56:07+00:00,43.51551426574588,16.377351908013225,113,2026-05-12T12:10:10.954711+00:00,844,1,0.0,0.0,0.0,0.0,1,Start,Finish,245,43.5109103500155,16.363974050014804,1194,245,302,57,,,False,
2026-05-12T11:56:08+00:00,43.51552150212228,16.37732361909002,113,2026-05-12T12:10:10.954711+00:00,844,1,2.419,2.419,145.14,289.43,1,Start,Finish,245,43.5109103500155,16.363974050014804,1192,245,300,55,,,False,
2026-05-12T11:56:09+00:00,43.51552873849869,16.377295330166817,113,2026-05-12T12:10:10.954711+00:00,844,1,2.419,4.838,145.14,289.43,1,Start,Finish,245,43.5109103500155,16.363974050014804,1191,244,298,54,,,False,
2026-05-12T11:56:10+00:00,43.51553650572896,16.377267306670547,112,2026-05-12T12:10:10.954711+00:00,844,1,2.419,7.257,145.14,290.917,1,Start,Finish,245,43.5109103500155,16.363974050014804,1189,244,297,53,,,False,
2026-05-12T11:56:11+00:00,43.51554427295923,16.377239283174276,112,2026-05-12T12:10:10.954711+00:00,844,1,2.419,9.676,145.14,290.917,1,Start,Finish,245,43.5109103500155,16.363974050014804,1187,244,296,52,,,False,
2026-05-12T11:56:12+00:00,43.515552040189505,16.377211259678006,111,2026-05-12T12:10:10.954711+00:00,844,1,2.419,12.095,145.14,290.917,1,Start,Finish,245,43.5109103500155,16.363974050014804,1186,244,290,46,,,False,
2026-05-12T11:56:13+00:00,43.515558410435915,16.377185191959143,111,2026-05-12T12:10:10.954711+00:00,844,1,2.218,14.313,133.08,288.623,1,Start,Finish,245,43.5109103500155,16.363974050014804,1184,244,289,45,,,False,
2026-05-12T11:56:14+00:00,43.515564780682325,16.37715912424028,111,2026-05-12T12:10:10.954711+00:00,844,1,2.218,16.532,133.08,288.623,1,Start,Finish,245,43.5109103500155,16.363974050014804,1183,244,289,45,,,False,
2026-05-12T11:56:15+00:00,43.515571150928736,16.377133056521416,110,2026-05-12T12:10:10.954711+00:00,844,1,2.218,18.75,133.08,288.623,1,Start,Finish,245,43.5109103500155,16.363974050014804,1181,244,287,43,,,False,
2026-05-12T11:56:16+00:00,43.515577521175146,16.377106988802552,110,2026-05-12T12:10:10.954711+00:00,844,1,2.218,20.968,133.08,288.623,1,Start,Finish,245,43.5109103500155,16.363974050014804,1179,244,285,41,,,False,
2026-05-12T11:56:17+00:00,43.51558389142156,16.37708092108369,110,2026-05-12T12:10:10.954711+00:00,844,1,2.218,23.186,133.08,288.623,1,Start,Finish,245,43.5109103500155,16.363974050014804,1178,244,274,30,,,False,
2026-05-12T11:56:18+00:00,43.51559026166797,16.377054853364825,110,2026-05-12T12:10:10.954711+00:00,844,1,2.218,25.404,133.08,288.623,1,Start,Finish,245,43.5109103500155,16.363974050014804,1176,244,259,15,,,False,
2026-05-12T11:56:19+00:00,43.51559026166797,16.377029875293374,110,2026-05-12T12:10:10.954711+00:00,844,1,2.014,27.418,120.84,270.0,1,Start,Finish,245,43.5109103500155,16.363974050014804,1174,244,248,4,,,False,
2026-05-12T11:56:20+00:00,43.51559026166797,16.377004897221923,109,2026-05-12T12:10:10.954711+00:00,844,1,2.014,29.433,120.84,270.0,1,Start,Finish,245,43.5109103500155,16.363974050014804,1173,244,236,8,,,False,
2026-05-12T11:56:21+00:00,43.51558296941221,16.37698469683528,111,2026-05-12T12:10:10.954711+00:00,844,1,1.82,31.252,109.2,243.536,1,Start,Finish,245,43.5109103500155,16.363974050014804,1171,244,223,21,,,False,
2026-05-12T11:56:22+00:00,43.51557437796146,16.376978452317417,112,2026-05-12T12:10:10.954711+00:00,844,1,1.08,32.332,64.8,207.793,1,Start,Finish,245,43.5109103500155,16.363974050014804,1170,244,219,25,,,False,
2026-05-12T11:56:23+00:00,43.515565786510706,16.376972207799554,113,2026-05-12T12:10:10.954711+00:00,844,1,1.08,33.412,64.8,207.793,1,Start,Finish,245,43.5109103500155,16.363974050014804,1169,244,209,35,,,False,
2026-05-12T11:56:24+00:00,43.51555723696947,16.376972626894712,115,2026-05-12T12:10:10.954711+00:00,844,1,0.951,34.363,57.06,177.964,1,Start,Finish,245,43.5109103500155,16.363974050014804,1169,244,209,35,,,False,
2026-05-12T11:56:25+00:00,43.51554189808667,16.37697609141469,116,2026-05-12T12:10:10.954711+00:00,844,1,1.728,36.092,103.68,170.698,1,Start,Finish,245,43.5109103500155,16.363974050014804,1168,244,201,43,,,False,
2026-05-12T11:56:26+00:00,43.51552655920386,16.376979555934668,118,2026-05-12T12:10:10.954711+00:00,844,1,1.728,37.82,103.68,170.698,1,Start,Finish,245,43.5109103500155,16.363974050014804,1168,244,196,48,,,False,
2026-05-12T11:56:27+00:00,43.51551122032106,16.376983020454645,119,2026-05-12T12:10:10.954711+00:00,844,1,1.728,39.548,103.68,170.698,1,Start,Finish,245,43.5109103500155,16.363974050014804,1167,244,191,53,,,False,
2026-05-12T11:56:28+00:00,43.51549500133842,16.376982601359487,121,2026-05-12T12:10:10.954711+00:00,844,1,1.804,41.352,108.24,181.074,1,Start,Finish,245,43.5109103500155,16.363974050014804,1166,244,187,57,,,False,
2026-05-12T11:56:29+00:00,43.515478782355785,16.376982182264328,123,2026-05-12T12:10:10.954711+00:00,844,1,1.804,43.156,108.24,181.074,1,Start,Finish,245,43.5109103500155,16.363974050014804,1166,244,187,57,,,False,
2026-05-12T11:56:30+00:00,43.51546050980687,16.376976734027267,127,2026-05-12T12:10:10.954711+00:00,844,1,2.079,45.235,124.74,192.201,1,Start,Finish,245,43.5109103500155,16.363974050014804,1164,244,186,58,,,False,
2026-05-12T11:56:31+00:00,43.51543854922056,16.376965921372175,129,2026-05-12T12:10:10.954711+00:00,844,1,2.593,47.827,155.58,199.65,1,Start,Finish,245,43.5109103500155,16.363974050014804,1162,244,190,54,,,False,
2026-05-12T11:56:32+00:00,43.51541658863425,16.376955108717084,131,2026-05-12T12:10:10.954711+00:00,844,1,2.593,50.42,155.58,199.65,1,Start,Finish,245,43.5109103500155,16.363974050014804,1161,244,193,51,,,False,
2026-05-12T11:56:33+00:00,43.515403009951115,16.37694655917585,134,2026-05-12T12:10:10.954711+00:00,844,1,1.66,52.08,99.6,204.541,1,Start,Finish,245,43.5109103500155,16.363974050014804,1159,244,194,50,,,False,
2026-05-12T11:56:34+00:00,43.51538599468768,16.376942368224263,134,2026-05-12T12:10:10.954711+00:00,844,1,1.922,54.002,115.32,190.127,1,Start,Finish,245,43.5109103500155,16.363974050014804,1158,245,196,49,,,False,
2026-05-12T11:56:35+00:00,43.515369314700365,16.376938638277352,132,2026-05-12T12:10:10.954711+00:00,844,1,1.879,55.881,112.74,189.211,1,Start,Finish,245,43.5109103500155,16.363974050014804,1157,245,196,49,,,False,
2026-05-12T11:56:36+00:00,43.515352634713054,16.37693490833044,131,2026-05-12T12:10:10.954711+00:00,844,1,1.879,57.76,112.74,189.211,1,Start,Finish,245,43.5109103500155,16.363974050014804,1156,245,196,49,,,False,
2026-05-12T11:56:37+00:00,43.51533645763993,16.37692702934146,130,2026-05-12T12:10:10.954711+00:00,844,1,1.908,59.668,114.48,199.453,1,Start,Finish,245,43.5109103500155,16.363974050014804,1155,245,196,49,,,False,
2026-05-12T11:56:38+00:00,43.51532028056681,16.376919150352478,129,2026-05-12T12:10:10.954711+00:00,844,1,1.908,61.576,114.48,199.453,1,Start,Finish,245,43.5109103500155,16.363974050014804,1153,245,195,50,,,False,
2026-05-12T11:56:39+00:00,43.51530293002725,16.37691294774413,128,2026-05-12T12:10:10.954711+00:00,844,1,1.993,63.569,119.58,194.534,1,Start,Finish,245,43.5109103500155,16.363974050014804,1152,245,194,51,,,False,
2026-05-12T11:56:40+00:00,43.51528557948768,16.376906745135784,126,2026-05-12T12:10:10.954711+00:00,844,1,1.993,65.562,119.58,194.534,1,Start,Finish,245,43.5109103500155,16.363974050014804,1151,245,195,50,,,False,
2026-05-12T11:56:41+00:00,43.51526424754411,16.376898642629385,126,2026-05-12T12:10:10.954711+00:00,844,1,2.46,68.022,147.6,195.4,1,Start,Finish,245,43.5109103500155,16.363974050014804,1149,245,196,49,,,False,
2026-05-12T11:56:42+00:00,43.51524291560054,16.376890540122986,125,2026-05-12T12:10:10.954711+00:00,844,1,2.46,70.482,147.6,195.4,1,Start,Finish,245,43.5109103500155,16.363974050014804,1148,245,196,49,,,False,
2026-05-12T11:56:43+00:00,43.51522158365697,16.376882437616587,125,2026-05-12T12:10:10.954711+00:00,844,1,2.46,72.943,147.6,195.4,1,Start,Finish,245,43.5109103500155,16.363974050014804,1146,245,194,51,,,False,
2026-05-12T11:56:44+00:00,43.515200251713395,16.376874335110188,125,2026-05-12T12:10:10.954711+00:00,844,1,2.46,75.403,147.6,195.4,1,Start,Finish,245,43.5109103500155,16.363974050014804,1144,245,193,52,,,False,
2026-05-12T11:56:45+00:00,43.51517891976982,16.37686623260379,124,2026-05-12T12:10:10.954711+00:00,844,1,2.46,77.863,147.6,195.4,1,Start,Finish,245,43.5109103500155,16.363974050014804,1143,245,193,52,,,False,
2026-05-12T11:56:46+00:00,43.51515758782625,16.37685813009739,124,2026-05-12T12:10:10.954711+00:00,844,1,2.46,80.324,147.6,195.4,1,Start,Finish,245,43.5109103500155,16.363974050014804,1141,246,192,54,,,False,
2026-05-12T11:56:47+00:00,43.5151390498504,16.3768549868837,124,2026-05-12T12:10:10.954711+00:00,844,1,2.077,82.401,124.62,187.01,1,Start,Finish,245,43.5109103500155,16.363974050014804,1140,246,191,55,,,False,
2026-05-12T11:56:48+00:00,43.51512051187456,16.37685184367001,125,2026-05-12T12:10:10.954711+00:00,844,1,2.077,84.477,124.62,187.01,1,Start,Finish,245,43.5109103500155,16.363974050014804,1139,246,190,56,,,False,
2026-05-12T11:56:49+00:00,43.51510197389871,16.37684870045632,125,2026-05-12T12:10:10.954711+00:00,844,1,2.077,86.554,124.62,187.01,1,Start,Finish,245,43.5109103500155,16.363974050014804,1138,246,189,57,,,False,
2026-05-12T11:56:50+00:00,43.51508343592286,16.376845557242632,125,2026-05-12T12:10:10.954711+00:00,844,1,2.077,88.631,124.62,187.01,1,Start,Finish,245,43.5109103500155,16.363974050014804,1137,246,188,58,,,False,
2026-05-12T11:56:51+00:00,43.51506489794701,16.376842414028943,126,2026-05-12T12:10:10.954711+00:00,844,1,2.077,90.708,124.62,187.01,1,Start,Finish,245,43.5109103500155,16.363974050014804,1136,246,187,59,,,False,
2026-05-12T11:56:52+00:00,43.515046359971166,16.376839270815253,126,2026-05-12T12:10:10.954711+00:00,844,1,2.077,92.785,124.62,187.01,1,Start,Finish,245,43.5109103500155,16.363974050014804,1135,246,188,58,,,False,
2026-05-12T11:56:53+00:00,43.515028674155474,16.37683636508882,124,2026-05-12T12:10:10.954711+00:00,844,1,1.98,94.765,118.8,186.795,1,Start,Finish,245,43.5109103500155,16.363974050014804,1134,246,188,58,,,False,
2026-05-12T11:56:54+00:00,43.51501098833978,16.376833459362388,123,2026-05-12T12:10:10.954711+00:00,844,1,1.98,96.746,118.8,186.795,1,Start,Finish,245,43.5109103500155,16.363974050014804,1133,246,189,57,,,False,
2026-05-12T11:56:55+00:00,43.51499330252409,16.376830553635955,121,2026-05-12T12:10:10.954711+00:00,844,1,1.98,98.726,118.8,186.795,1,Start,Finish,245,43.5109103500155,16.363974050014804,1132,246,189,57,,,False,
2026-05-12T11:56:56+00:00,43.51497195661068,16.37682351283729,120,2026-05-12T12:10:10.954711+00:00,844,1,2.441,101.167,146.46,193.452,1,Start,Finish,245,43.5109103500155,16.363974050014804,1130,246,189,57,,,False,
2026-05-12T11:56:57+00:00,43.51495061069727,16.376816472038627,119,2026-05-12T12:10:10.954711+00:00,844,1,2.441,103.607,146.46,193.452,1,Start,Finish,245,43.5109103500155,16.363974050014804,1129,247,190,57,,,False,
2026-05-12T11:56:58+00:00,43.51492926478386,16.376809431239963,118,2026-05-12T12:10:10.954711+00:00,844,1,2.441,106.048,146.46,193.452,1,Start,Finish,245,43.5109103500155,16.363974050014804,1127,247,190,57,,,False,
2026-05-12T11:56:59+00:00,43.51491136942059,16.37680559651926,117,2026-05-12T12:10:10.954711+00:00,844,1,2.014,108.062,120.84,188.833,1,Start,Finish,245,43.5109103500155,16.363974050014804,1126,247,191,56,,,False,
2026-05-12T11:57:00+00:00,43.51489347405732,16.37680176179856,116,2026-05-12T12:10:10.954711+00:00,844,1,2.014,110.075,120.84,188.833,1,Start,Finish,245,43.5109103500155,16.363974050014804,1125,247,192,55,,,False,
2026-05-12T11:57:01+00:00,43.514875578694046,16.37679792707786,116,2026-05-12T12:10:10.954711+00:00,844,1,2.014,112.089,120.84,188.833,1,Start,Finish,245,43.5109103500155,16.363974050014804,1124,247,192,55,,,False,
2026-05-12T11:57:02+00:00,43.514857683330774,16.37679409235716,115,2026-05-12T12:10:10.954711+00:00,844,1,2.014,114.103,120.84,188.833,1,Start,Finish,245,43.5109103500155,16.363974050014804,1123,247,192,55,,,False,
2026-05-12T11:57:03+00:00,43.51483868435025,16.376787568442523,115,2026-05-12T12:10:10.954711+00:00,844,1,2.177,116.28,130.62,193.983,1,Start,Finish,245,43.5109103500155,16.363974050014804,1122,247,192,55,,,False,
2026-05-12T11:57:04+00:00,43.51481968536973,16.37678104452789,115,2026-05-12T12:10:10.954711+00:00,844,1,2.177,118.457,130.62,193.983,1,Start,Finish,245,43.5109103500155,16.363974050014804,1121,247,192,55,,,False,
2026-05-12T11:57:05+00:00,43.51480068638921,16.376774520613253,116,2026-05-12T12:10:10.954711+00:00,844,1,2.177,120.634,130.62,193.983,1,Start,Finish,245,43.5109103500155,16.363974050014804,1119,247,192,55,,,False,
2026-05-12T11:57:06+00:00,43.514781687408686,16.376767996698618,116,2026-05-12T12:10:10.954711+00:00,844,1,2.177,122.811,130.62,193.983,1,Start,Finish,245,43.5109103500155,16.363974050014804,1118,247,192,55,,,False,
2026-05-12T11:57:07+00:00,43.51476268842816,16.376761472783983,116,2026-05-12T12:10:10.954711+00:00,844,1,2.177,124.988,130.62,193.983,1,Start,Finish,245,43.5109103500155,16.363974050014804,1117,247,192,55,,,False,
2026-05-12T11:57:08+00:00,43.51474368944764,16.376754948869348,116,2026-05-12T12:10:10.954711+00:00,844,1,2.177,127.165,130.62,193.983,1,Start,Finish,245,43.5109103500155,16.363974050014804,1115,248,191,57,,,False,
2026-05-12T11:57:09+00:00,43.514723209664226,16.37675047852099,116,2026-05-12T12:10:10.954711+00:00,844,1,2.306,129.471,138.36,188.995,1,Start,Finish,245,43.5109103500155,16.363974050014804,1114,248,190,58,,,False,
2026-05-12T11:57:10+00:00,43.51470272988081,16.37674600817263,115,2026-05-12T12:10:10.954711+00:00,844,1,2.306,131.777,138.36,188.995,1,Start,Finish,245,43.5109103500155,16.363974050014804,1113,248,189,59,,,False,
2026-05-12T11:57:11+00:00,43.514682250097394,16.376741537824273,115,2026-05-12T12:10:10.954711+00:00,844,1,2.306,134.082,138.36,188.995,1,Start,Finish,245,43.5109103500155,16.363974050014804,1112,248,189,59,,,False,
2026-05-12T11:57:12+00:00,43.51466339081526,16.376740322448313,117,2026-05-12T12:10:10.954711+00:00,844,1,2.099,136.182,125.94,182.676,1,Start,Finish,245,43.5109103500155,16.363974050014804,1111,248,188,60,,,False,
2026-05-12T11:57:13+00:00,43.51464453153312,16.376739107072353,119,2026-05-12T12:10:10.954711+00:00,844,1,2.099,138.281,125.94,182.676,1,Start,Finish,245,43.5109103500155,16.363974050014804,1110,248,187,61,,,False,
2026-05-12T11:57:14+00:00,43.51462583988905,16.3767349999398,122,2026-05-12T12:10:10.954711+00:00,844,1,2.105,140.386,126.3,189.054,1,Start,Finish,245,43.5109103500155,16.363974050014804,1109,248,187,61,,,False,
2026-05-12T11:57:15+00:00,43.51460466720164,16.376730842515826,120,2026-05-12T12:10:10.954711+00:00,844,1,2.378,142.764,142.68,188.104,1,Start,Finish,245,43.5109103500155,16.363974050014804,1108,248,187,61,,,False,
2026-05-12T11:57:16+00:00,43.51458349451423,16.376726685091853,119,2026-05-12T12:10:10.954711+00:00,844,1,2.378,145.142,142.68,188.104,1,Start,Finish,245,43.5109103500155,16.363974050014804,1107,248,187,61,,,False,
2026-05-12T11:57:17+00:00,43.514562321826816,16.37672252766788,117,2026-05-12T12:10:10.954711+00:00,844,1,2.378,147.52,142.68,188.104,1,Start,Finish,245,43.5109103500155,16.363974050014804,1105,248,188,60,,,False,
2026-05-12T11:57:18+00:00,43.51454114913941,16.376718370243907,116,2026-05-12T12:10:10.954711+00:00,844,1,2.378,149.898,142.68,188.104,1,Start,Finish,245,43.5109103500155,16.363974050014804,1104,249,190,59,,,False,
2026-05-12T11:57:19+00:00,43.51451997645199,16.376714212819934,114,2026-05-12T12:10:10.954711+00:00,844,1,2.378,152.276,142.68,188.104,1,Start,Finish,245,43.5109103500155,16.363974050014804,1103,249,190,59,,,False,
2026-05-12T11:57:20+00:00,43.51450899615884,16.376712955534458,115,2026-05-12T12:10:10.954711+00:00,844,1,1.225,153.501,73.5,184.747,1,Start,Finish,245,43.5109103500155,16.363974050014804,1102,249,190,59,,,False,
2026-05-12T11:57:21+00:00,43.51449178531766,16.37670706026256,115,2026-05-12T12:10:10.954711+00:00,844,1,1.972,155.473,118.32,193.95,1,Start,Finish,245,43.5109103500155,16.363974050014804,1101,249,191,58,,,False,
2026-05-12T11:57:22+00:00,43.51447457447648,16.376701164990664,115,2026-05-12T12:10:10.954711+00:00,844,1,1.972,157.445,118.32,193.95,1,Start,Finish,245,43.5109103500155,16.363974050014804,1100,249,192,57,,,False,
2026-05-12T11:57:23+00:00,43.5144573636353,16.376695269718766,115,2026-05-12T12:10:10.954711+00:00,844,1,1.972,159.417,118.32,193.95,1,Start,Finish,245,43.5109103500155,16.363974050014804,1099,249,192,57,,,False,
2026-05-12T11:57:24+00:00,43.514438909478486,16.376688480377197,114,2026-05-12T12:10:10.954711+00:00,844,1,2.124,161.541,127.44,194.939,1,Start,Finish,245,43.5109103500155,16.363974050014804,1098,249,193,56,,,False,
2026-05-12T11:57:25+00:00,43.51442045532167,16.37668169103563,113,2026-05-12T12:10:10.954711+00:00,844,1,2.124,163.664,127.44,194.939,1,Start,Finish,245,43.5109103500155,16.363974050014804,1097,249,195,54,,,False,
2026-05-12T11:57:26+00:00,43.514402001164854,16.37667490169406,112,2026-05-12T12:10:10.954711+00:00,844,1,2.124,165.788,127.44,194.939,1,Start,Finish,245,43.5109103500155,16.363974050014804,1095,249,194,55,,,False,
2026-05-12T11:57:27+00:00,43.51438354700804,16.37666811235249,111,2026-05-12T12:10:10.954711+00:00,844,1,2.124,167.912,127.44,194.939,1,Start,Finish,245,43.5109103500155,16.363974050014804,1094,249,194,55,,,False,
2026-05-12T11:57:28+00:00,43.51436509285122,16.37666132301092,110,2026-05-12T12:10:10.954711+00:00,844,1,2.124,170.036,127.44,194.939,1,Start,Finish,245,43.5109103500155,16.363974050014804,1093,249,194,55,,,False,
2026-05-12T11:57:29+00:00,43.514346638694406,16.376654533669353,109,2026-05-12T12:10:10.954711+00:00,844,1,2.124,172.159,127.44,194.939,1,Start,Finish,245,43.5109103500155,16.363974050014804,1092,250,194,56,,,False,
2026-05-12T11:57:30+00:00,43.51432698313147,16.376649462617934,108,2026-05-12T12:10:10.954711+00:00,844,1,2.224,174.383,133.44,190.597,1,Start,Finish,245,43.5109103500155,16.363974050014804,1090,250,193,57,,,False,
2026-05-12T11:57:31+00:00,43.51430732756853,16.376644391566515,106,2026-05-12T12:10:10.954711+00:00,844,1,2.224,176.607,133.44,190.597,1,Start,Finish,245,43.5109103500155,16.363974050014804,1089,250,193,57,,,False,
2026-05-12T11:57:32+00:00,43.5142898093909,16.37663726694882,106,2026-05-12T12:10:10.954711+00:00,844,1,2.031,178.637,121.86,196.433,1,Start,Finish,245,43.5109103500155,16.363974050014804,1088,250,193,57,,,False,
2026-05-12T11:57:33+00:00,43.514275224879384,16.376632237806916,103,2026-05-12T12:10:10.954711+00:00,844,1,1.672,180.309,100.32,194.04,1,Start,Finish,245,43.5109103500155,16.363974050014804,1087,250,192,58,,,False,
2026-05-12T11:57:34+00:00,43.51425836328417,16.37662754394114,103,2026-05-12T12:10:10.954711+00:00,844,1,1.913,182.222,114.78,191.413,1,Start,Finish,245,43.5109103500155,16.363974050014804,1086,250,192,58,,,False,
2026-05-12T11:57:35+00:00,43.51424150168896,16.376622850075364,103,2026-05-12T12:10:10.954711+00:00,844,1,1.913,184.135,114.78,191.413,1,Start,Finish,245,43.5109103500155,16.363974050014804,1085,250,192,58,,,False,
2026-05-12T11:57:36+00:00,43.514224640093744,16.376618156209588,102,2026-05-12T12:10:10.954711+00:00,844,1,1.913,186.047,114.78,191.413,1,Start,Finish,245,43.5109103500155,16.363974050014804,1084,250,192,58,,,False,
2026-05-12T11:57:37+00:00,43.51420777849853,16.376613462343812,102,2026-05-12T12:10:10.954711+00:00,844,1,1.913,187.96,114.78,191.413,1,Start,Finish,245,43.5109103500155,16.363974050014804,1083,250,192,58,,,False,
2026-05-12T11:57:38+00:00,43.51419091690332,16.376608768478036,102,2026-05-12T12:10:10.954711+00:00,844,1,1.913,189.873,114.78,191.413,1,Start,Finish,245,43.5109103500155,16.363974050014804,1082,250,191,59,,,False,
2026-05-12T11:57:39+00:00,43.514174055308104,16.37660407461226,102,2026-05-12T12:10:10.954711+00:00,844,1,1.913,191.786,114.78,191.413,1,Start,Finish,245,43.5109103500155,16.363974050014804,1081,250,191,59,,,False,
2026-05-12T11:57:40+00:00,43.51415681652725,16.376599995419383,101,2026-05-12T12:10:10.954711+00:00,844,1,1.945,193.73,116.7,189.737,1,Start,Finish,245,43.5109103500155,16.363974050014804,1080,250,191,59,,,False,
2026-05-12T11:57:41+00:00,43.51413957774639,16.376595916226506,100,2026-05-12T12:10:10.954711+00:00,844,1,1.945,195.675,116.7,189.737,1,Start,Finish,245,43.5109103500155,16.363974050014804,1079,251,191,60,,,False,
2026-05-12T11:57:42+00:00,43.514122338965535,16.37659183703363,99,2026-05-12T12:10:10.954711+00:00,844,1,1.945,197.62,116.7,189.737,1,Start,Finish,245,43.5109103500155,16.363974050014804,1078,251,190,61,,,False,
2026-05-12T11:57:43+00:00,43.514103814959526,16.376586724072695,98,2026-05-12T12:10:10.954711+00:00,844,1,2.101,199.721,126.06,191.319,1,Start,Finish,245,43.5109103500155,16.363974050014804,1077,251,190,61,,,False,
2026-05-12T11:57:44+00:00,43.51408610818907,16.37658251216635,99,2026-05-12T12:10:10.954711+00:00,844,1,1.998,201.719,119.88,189.787,1,Start,Finish,245,43.5109103500155,16.363974050014804,1076,251,190,61,,,False,
2026-05-12T11:57:45+00:00,43.514068401418626,16.376578300260007,100,2026-05-12T12:10:10.954711+00:00,844,1,1.998,203.717,119.88,189.787,1,Start,Finish,245,43.5109103500155,16.363974050014804,1075,251,189,62,,,False,
2026-05-12T11:57:46+00:00,43.514050694648176,16.376574088353664,100,2026-05-12T12:10:10.954711+00:00,844,1,1.998,205.715,119.88,189.787,1,Start,Finish,245,43.5109103500155,16.363974050014804,1074,251,189,62,,,False,
2026-05-12T11:57:47+00:00,43.51403298787773,16.37656987644732,101,2026-05-12T12:10:10.954711+00:00,844,1,1.998,207.713,119.88,189.787,1,Start,Finish,245,43.5109103500155,16.363974050014804,1073,251,189,62,,,False,
2026-05-12T11:57:48+00:00,43.51401373045519,16.37656641891226,100,2026-05-12T12:10:10.954711+00:00,844,1,2.159,209.872,129.54,187.418,1,Start,Finish,245,43.5109103500155,16.363974050014804,1072,251,188,63,,,False,
2026-05-12T11:57:49+00:00,43.51399447303265,16.376562961377203,98,2026-05-12T12:10:10.954711+00:00,844,1,2.159,212.032,129.54,187.419,1,Start,Finish,245,43.5109103500155,16.363974050014804,1072,251,188,63,,,False,
2026-05-12T11:57:50+00:00,43.51397521561012,16.376559503842145,97,2026-05-12T12:10:10.954711+00:00,844,1,2.159,214.191,129.54,187.419,1,Start,Finish,245,43.5109103500155,16.363974050014804,1071,251,188,63,,,False,
2026-05-12T11:57:51+00:00,43.51395595818758,16.376556046307087,96,2026-05-12T12:10:10.954711+00:00,844,1,2.159,216.35,129.54,187.419,1,Start,Finish,245,43.5109103500155,16.363974050014804,1070,252,189,63,,,False,
2026-05-12T11:57:52+00:00,43.51393957156688,16.376554244197905,94,2026-05-12T12:10:10.954711+00:00,844,1,1.828,218.178,109.68,184.56,1,Start,Finish,245,43.5109103500155,16.363974050014804,1069,252,194,58,,,False,
2026-05-12T11:57:53+00:00,43.51392318494618,16.376552442088723,93,2026-05-12T12:10:10.954711+00:00,844,1,1.828,220.006,109.68,184.56,1,Start,Finish,245,43.5109103500155,16.363974050014804,1068,252,199,53,,,False,
2026-05-12T11:57:54+00:00,43.5139047447592,16.37654561083764,92,2026-05-12T12:10:10.954711+00:00,844,1,2.123,222.129,127.38,195.038,1,Start,Finish,245,43.5109103500155,16.363974050014804,1067,252,207,45,,,False,
2026-05-12T11:57:55+00:00,43.513886304572225,16.376538779586554,91,2026-05-12T12:10:10.954711+00:00,844,1,2.123,224.253,127.38,195.038,1,Start,Finish,245,43.5109103500155,16.363974050014804,1066,252,216,36,,,False,
2026-05-12T11:57:56+00:00,43.51386652328074,16.376525536179543,95,2026-05-12T12:10:10.954711+00:00,844,1,2.445,226.698,146.7,205.898,1,Start,Finish,245,43.5109103500155,16.363974050014804,1064,252,227,25,,,False,
2026-05-12T11:57:57+00:00,43.51385872811079,16.376511580310762,98,2026-05-12T12:10:10.954711+00:00,844,1,1.421,228.118,85.26,232.396,1,Start,Finish,245,43.5109103500155,16.363974050014804,1063,252,234,18,,,False,
2026-05-12T11:57:58+00:00,43.51385093294084,16.37649762444198,102,2026-05-12T12:10:10.954711+00:00,844,1,1.421,229.539,85.26,232.396,1,Start,Finish,245,43.5109103500155,16.363974050014804,1062,252,240,12,,,False,
2026-05-12T11:57:59+00:00,43.51385369896889,16.376479100435972,103,2026-05-12T12:10:10.954711+00:00,844,1,1.525,231.064,91.5,281.635,1,Start,Finish,245,43.5109103500155,16.363974050014804,1060,252,254,2,,,False,
2026-05-12T11:58:00+00:00,43.513856464996934,16.376460576429963,104,2026-05-12T12:10:10.954711+00:00,844,1,1.525,232.589,91.5,281.635,1,Start,Finish,245,43.5109103500155,16.363974050014804,1059,252,261,9,,,False,
2026-05-12T11:58:01+00:00,43.51386467926204,16.376439118757844,110,2026-05-12T12:10:10.954711+00:00,844,1,1.957,234.545,117.42,297.828,1,Start,Finish,245,43.5109103500155,16.363974050014804,1058,252,273,21,,,False,
2026-05-12T11:58:02+00:00,43.51388052105904,16.37640961445868,114,2026-05-12T12:10:10.954711+00:00,844,1,2.96,237.506,177.6,306.516,1,Start,Finish,245,43.5109103500155,16.363974050014804,1056,252,284,32,,,False,
2026-05-12T11:58:03+00:00,43.51389372255653,16.376381954178214,116,2026-05-12T12:10:10.954711+00:00,844,1,2.67,240.176,160.2,303.35,1,Start,Finish,245,43.5109103500155,16.363974050014804,1054,252,295,43,,,False,
2026-05-12T11:58:04+00:00,43.51390692405403,16.376354293897748,117,2026-05-12T12:10:10.954711+00:00,844,1,2.67,242.846,160.2,303.35,1,Start,Finish,245,43.5109103500155,16.363974050014804,1052,252,296,44,,,False,
2026-05-12T11:58:05+00:00,43.513916144147515,16.376328435726464,120,2026-05-12T12:10:10.954711+00:00,844,1,2.324,245.17,139.44,296.182,1,Start,Finish,245,43.5109103500155,16.363974050014804,1051,251,293,42,,,False,
2026-05-12T11:58:06+00:00,43.51392536424101,16.37630257755518,122,2026-05-12T12:10:10.954711+00:00,844,1,2.324,247.493,139.44,296.182,1,Start,Finish,245,43.5109103500155,16.363974050014804,1049,251,292,41,,,False,
2026-05-12T11:58:07+00:00,43.51392989046872,16.376277431845665,123,2026-05-12T12:10:10.954711+00:00,844,1,2.089,249.583,125.34,283.939,1,Start,Finish,245,43.5109103500155,16.363974050014804,1047,251,288,37,,,False,
2026-05-12T11:58:08+00:00,43.51393289398402,16.376249128952622,122,2026-05-12T12:10:10.954711+00:00,844,1,2.307,251.889,138.42,278.325,1,Start,Finish,245,43.5109103500155,16.363974050014804,1045,251,286,35,,,False,
2026-05-12T11:58:09+00:00,43.51393589749932,16.37622082605958,122,2026-05-12T12:10:10.954711+00:00,844,1,2.307,254.196,138.42,278.325,1,Start,Finish,245,43.5109103500155,16.363974050014804,1043,251,283,32,,,False,
2026-05-12T11:58:10+00:00,43.513938901014626,16.376192523166537,121,2026-05-12T12:10:10.954711+00:00,844,1,2.307,256.503,138.42,278.325,1,Start,Finish,245,43.5109103500155,16.363974050014804,1041,251,284,33,,,False,
2026-05-12T11:58:11+00:00,43.51394190452993,16.376164220273495,120,2026-05-12T12:10:10.954711+00:00,844,1,2.307,258.809,138.42,278.325,1,Start,Finish,245,43.5109103500155,16.363974050014804,1039,251,283,32,,,False,
2026-05-12T11:58:12+00:00,43.51394490804523,16.376135917380452,120,2026-05-12T12:10:10.954711+00:00,844,1,2.307,261.116,138.42,278.325,1,Start,Finish,245,43.5109103500155,16.363974050014804,1037,251,286,35,,,False,
2026-05-12T11:58:13+00:00,43.513947911560535,16.37610761448741,119,2026-05-12T12:10:10.954711+00:00,844,1,2.307,263.422,138.42,278.325,1,Start,Finish,245,43.5109103500155,16.363974050014804,1035,251,287,36,,,False,
2026-05-12T11:58:14+00:00,43.51396404672414,16.376080876216292,118,2026-05-12T12:10:10.954711+00:00,844,1,2.805,266.227,168.3,309.764,1,Start,Finish,245,43.5109103500155,16.363974050014804,1034,251,287,36,,,False,
2026-05-12T11:58:15+00:00,43.513980181887746,16.376054137945175,118,2026-05-12T12:10:10.954711+00:00,844,1,2.805,269.032,168.3,309.764,1,Start,Finish,245,43.5109103500155,16.363974050014804,1032,251,288,37,,,False,
2026-05-12T11:58:16+00:00,43.51398462429643,16.37602656148374,118,2026-05-12T12:10:10.954711+00:00,844,1,2.278,271.31,136.68,282.524,1,Start,Finish,245,43.5109103500155,16.363974050014804,1030,251,289,38,,,False,
2026-05-12T11:58:17+00:00,43.51398906670511,16.375998985022306,118,2026-05-12T12:10:10.954711+00:00,844,1,2.278,273.588,136.68,282.524,1,Start,Finish,245,43.5109103500155,16.363974050014804,1028,251,289,38,,,False,
2026-05-12T11:58:18+00:00,43.51399350911379,16.375971408560872,118,2026-05-12T12:10:10.954711+00:00,844,1,2.278,275.866,136.68,282.524,1,Start,Finish,245,43.5109103500155,16.363974050014804,1026,250,290,40,,,False,
2026-05-12T11:58:19+00:00,43.51399795152247,16.375943832099438,117,2026-05-12T12:10:10.954711+00:00,844,1,2.278,278.144,136.68,282.524,1,Start,Finish,245,43.5109103500155,16.363974050014804,1024,250,287,37,,,False,
2026-05-12T11:58:20+00:00,43.51400239393115,16.375916255638003,117,2026-05-12T12:10:10.954711+00:00,844,1,2.278,280.422,136.68,282.524,1,Start,Finish,245,43.5109103500155,16.363974050014804,1023,250,285,35,,,False,
2026-05-12T11:58:21+00:00,43.51400683633983,16.37588867917657,117,2026-05-12T12:10:10.954711+00:00,844,1,2.278,282.7,136.68,282.524,1,Start,Finish,245,43.5109103500155,16.363974050014804,1021,250,285,35,,,False,
2026-05-12T11:58:22+00:00,43.51401727180928,16.37585800141096,114,2026-05-12T12:10:10.954711+00:00,844,1,2.732,285.433,163.92,295.129,1,Start,Finish,245,43.5109103500155,16.363974050014804,1019,250,285,35,,,False,
2026-05-12T11:58:23+00:00,43.51402770727873,16.375827323645353,112,2026-05-12T12:10:10.954711+00:00,844,1,2.732,288.165,163.92,295.129,1,Start,Finish,245,43.5109103500155,16.363974050014804,1017,250,286,36,,,False,
2026-05-12T11:58:24+00:00,43.51403139531613,16.375801423564553,107,2026-05-12T12:10:10.954711+00:00,844,1,2.128,290.294,127.68,281.109,1,Start,Finish,245,43.5109103500155,16.363974050014804,1015,250,286,36,,,False,
2026-05-12T11:58:25+00:00,43.51403569802642,16.37577666901052,106,2026-05-12T12:10:10.954711+00:00,844,1,2.053,292.346,123.18,283.478,1,Start,Finish,245,43.5109103500155,16.363974050014804,1013,250,286,36,,,False,
2026-05-12T11:58:26+00:00,43.51404000073671,16.375751914456487,105,2026-05-12T12:10:10.954711+00:00,844,1,2.053,294.399,123.18,283.478,1,Start,Finish,245,43.5109103500155,16.363974050014804,1012,250,286,36,,,False,
2026-05-12T11:58:27+00:00,43.51404430344701,16.375727159902453,104,2026-05-12T12:10:10.954711+00:00,844,1,2.053,296.452,123.18,283.478,1,Start,Finish,245,43.5109103500155,16.363974050014804,1010,250,285,35,,,False,
2026-05-12T11:58:28+00:00,43.51404871232808,16.375703305006027,105,2026-05-12T12:10:10.954711+00:00,844,1,1.985,298.437,119.1,284.298,1,Start,Finish,245,43.5109103500155,16.363974050014804,1008,250,284,34,,,False,
2026-05-12T11:58:29+00:00,43.514053121209145,16.3756794501096,105,2026-05-12T12:10:10.954711+00:00,844,1,1.985,300.422,119.1,284.298,1,Start,Finish,245,43.5109103500155,16.363974050014804,1007,250,285,35,,,False,
2026-05-12T11:58:30+00:00,43.51405753009021,16.375655595213175,106,2026-05-12T12:10:10.954711+00:00,844,1,1.985,302.407,119.1,284.298,1,Start,Finish,245,43.5109103500155,16.363974050014804,1005,250,287,37,,,False,
2026-05-12T11:58:31+00:00,43.51406193897128,16.37563174031675,106,2026-05-12T12:10:10.954711+00:00,844,1,1.985,304.392,119.1,284.298,1,Start,Finish,245,43.5109103500155,16.363974050014804,1003,250,287,37,,,False,
2026-05-12T11:58:32+00:00,43.51406634785235,16.375607885420322,107,2026-05-12T12:10:10.954711+00:00,844,1,1.985,306.377,119.1,284.298,1,Start,Finish,245,43.5109103500155,16.363974050014804,1002,249,287,38,,,False,
2026-05-12T11:58:33+00:00,43.514075484126806,16.375581650063396,110,2026-05-12T12:10:10.954711+00:00,844,1,2.347,308.724,140.82,295.65,1,Start,Finish,245,43.5109103500155,16.363974050014804,1000,249,287,38,,,False,
2026-05-12T11:58:34+00:00,43.51408579386771,16.375556169077754,113,2026-05-12T12:10:10.954711+00:00,844,1,2.353,311.077,141.18,299.158,1,Start,Finish,245,43.5109103500155,16.363974050014804,999,249,287,38,,,False,
2026-05-12T11:58:35+00:00,43.51408952381462,16.375536136329174,114,2026-05-12T12:10:10.954711+00:00,844,1,1.668,312.745,100.08,284.399,1,Start,Finish,245,43.5109103500155,16.363974050014804,997,249,288,39,,,False,
2026-05-12T11:58:36+00:00,43.51409325376153,16.375516103580594,115,2026-05-12T12:10:10.954711+00:00,844,1,1.668,314.413,100.08,284.399,1,Start,Finish,245,43.5109103500155,16.363974050014804,996,249,288,39,,,False,
2026-05-12T11:58:37+00:00,43.51409698370844,16.375496070832014,116,2026-05-12T12:10:10.954711+00:00,844,1,1.668,316.081,100.08,284.399,1,Start,Finish,245,43.5109103500155,16.363974050014804,994,249,289,40,,,False,
2026-05-12T11:58:38+00:00,43.51410071365535,16.375476038083434,117,2026-05-12T12:10:10.954711+00:00,844,1,1.668,317.748,100.08,284.399,1,Start,Finish,245,43.5109103500155,16.363974050014804,993,249,289,40,,,False,
2026-05-12T11:58:39+00:00,43.51410618983209,16.375454496592283,117,2026-05-12T12:10:10.954711+00:00,844,1,1.841,319.589,110.46,289.318,1,Start,Finish,245,43.5109103500155,16.363974050014804,992,249,288,39,,,False,
2026-05-12T11:58:40+00:00,43.51411166600883,16.375432955101132,118,2026-05-12T12:10:10.954711+00:00,844,1,1.841,321.43,110.46,289.318,1,Start,Finish,245,43.5109103500155,16.363974050014804,990,249,287,38,,,False,
2026-05-12T11:58:41+00:00,43.51411714218557,16.37541141360998,118,2026-05-12T12:10:10.954711+00:00,844,1,1.841,323.271,110.46,289.318,1,Start,Finish,245,43.5109103500155,16.363974050014804,989,249,288,39,,,False,
2026-05-12T11:58:42+00:00,43.51412293966859,16.375388209708035,118,2026-05-12T12:10:10.954711+00:00,844,1,1.979,325.25,118.74,289.01,1,Start,Finish,245,43.5109103500155,16.363974050014804,987,249,288,39,,,False,
2026-05-12T11:58:43+00:00,43.51412873715162,16.37536500580609,118,2026-05-12T12:10:10.954711+00:00,844,1,1.979,327.229,118.74,289.01,1,Start,Finish,245,43.5109103500155,16.363974050014804,986,249,289,40,,,False,
2026-05-12T11:58:44+00:00,43.51413453463465,16.375341801904142,118,2026-05-12T12:10:10.954711+00:00,844,1,1.979,329.208,118.74,289.01,1,Start,Finish,245,43.5109103500155,16.363974050014804,984,249,289,40,,,False,
2026-05-12T11:58:45+00:00,43.51414033211768,16.375318598002195,118,2026-05-12T12:10:10.954711+00:00,844,1,1.979,331.187,118.74,289.01,1,Start,Finish,245,43.5109103500155,16.363974050014804,983,249,289,40,,,False,
2026-05-12T11:58:46+00:00,43.514146129600704,16.37529539410025,118,2026-05-12T12:10:10.954711+00:00,844,1,1.979,333.166,118.74,289.01,1,Start,Finish,245,43.5109103500155,16.363974050014804,981,248,289,41,,,False,
2026-05-12T11:58:47+00:00,43.51415192708373,16.375272190198302,118,2026-05-12T12:10:10.954711+00:00,844,1,1.979,335.145,118.74,289.01,1,Start,Finish,245,43.5109103500155,16.363974050014804,980,248,288,40,,,False,
2026-05-12T11:58:48+00:00,43.51415930315852,16.37524499092251,118,2026-05-12T12:10:10.954711+00:00,844,1,2.342,337.487,140.52,290.503,1,Start,Finish,245,43.5109103500155,16.363974050014804,978,248,287,39,,,False,
2026-05-12T11:58:49+00:00,43.51416667923331,16.37521779164672,119,2026-05-12T12:10:10.954711+00:00,844,1,2.342,339.828,140.52,290.503,1,Start,Finish,245,43.5109103500155,16.363974050014804,976,248,286,38,,,False,
2026-05-12T11:58:50+00:00,43.51417045108974,16.37519176583737,116,2026-05-12T12:10:10.954711+00:00,844,1,2.14,341.969,128.4,281.301,1,Start,Finish,245,43.5109103500155,16.363974050014804,975,248,287,39,,,False,
2026-05-12T11:58:51+00:00,43.51417422294617,16.375165740028024,114,2026-05-12T12:10:10.954711+00:00,844,1,2.14,344.109,128.4,281.301,1,Start,Finish,245,43.5109103500155,16.363974050014804,973,248,286,38,,,False,
2026-05-12T11:58:52+00:00,43.51417782716453,16.375140300951898,112,2026-05-12T12:10:10.954711+00:00,844,1,2.09,346.199,125.4,281.054,1,Start,Finish,245,43.5109103500155,16.363974050014804,971,248,284,36,,,False,
2026-05-12T11:58:53+00:00,43.514181431382895,16.375114861875772,110,2026-05-12T12:10:10.954711+00:00,844,1,2.09,348.289,125.4,281.054,1,Start,Finish,245,43.5109103500155,16.363974050014804,969,248,278,30,,,False,
2026-05-12T11:58:54+00:00,43.51418734062463,16.375094284303486,108,2026-05-12T12:10:10.954711+00:00,844,1,1.785,350.074,107.1,291.603,1,Start,Finish,245,43.5109103500155,16.363974050014804,968,248,270,22,,,False,
2026-05-12T11:58:55+00:00,43.514193249866366,16.3750737067312,107,2026-05-12T12:10:10.954711+00:00,844,1,1.785,351.858,107.1,291.603,1,Start,Finish,245,43.5109103500155,16.363974050014804,967,248,265,17,,,False,
2026-05-12T11:58:56+00:00,43.51419618353248,16.375055434182286,105,2026-05-12T12:10:10.954711+00:00,844,1,1.509,353.368,90.54,282.483,1,Start,Finish,245,43.5109103500155,16.363974050014804,965,248,259,11,,,False,
2026-05-12T11:58:57+00:00,43.51419911719859,16.375037161633372,103,2026-05-12T12:10:10.954711+00:00,844,1,1.509,354.877,90.54,282.483,1,Start,Finish,245,43.5109103500155,16.363974050014804,964,248,257,9,,,False,
2026-05-12T11:58:58+00:00,43.51419878192246,16.375021236017346,101,2026-05-12T12:10:10.954711+00:00,844,1,1.285,356.162,77.1,268.337,1,Start,Finish,245,43.5109103500155,16.363974050014804,963,248,252,4,,,False,
2026-05-12T11:58:59+00:00,43.51419601589441,16.37501008808613,103,2026-05-12T12:10:10.954711+00:00,844,1,0.95,357.112,57.0,251.112,1,Start,Finish,245,43.5109103500155,16.363974050014804,962,248,250,2,,,False,
2026-05-12T11:59:00+00:00,43.514193249866366,16.37499894015491,105,2026-05-12T12:10:10.954711+00:00,844,1,0.95,358.062,57.0,251.112,1,Start,Finish,245,43.5109103500155,16.363974050014804,961,248,245,3,,,False,
2026-05-12T11:59:01+00:00,43.514190735295415,16.37499005533755,110,2026-05-12T12:10:10.954711+00:00,844,1,0.769,358.831,46.14,248.681,1,Start,Finish,245,43.5109103500155,16.363974050014804,960,248,242,6,,,False,
2026-05-12T11:59:02+00:00,43.51418067701161,16.37498519383371,113,2026-05-12T12:10:10.954711+00:00,844,1,1.185,360.016,71.1,199.316,1,Start,Finish,245,43.5109103500155,16.363974050014804,960,248,239,9,,,False,
2026-05-12T11:59:03+00:00,43.514168690890074,16.37498284690082,115,2026-05-12T12:10:10.954711+00:00,844,1,1.346,361.362,80.76,188.082,1,Start,Finish,245,43.5109103500155,16.363974050014804,959,248,234,14,,,False,
2026-05-12T11:59:04+00:00,43.51415242999792,16.37497639283538,118,2026-05-12T12:10:10.954711+00:00,844,1,1.882,363.244,112.92,196.058,1,Start,Finish,245,43.5109103500155,16.363974050014804,958,248,227,21,,,False,
2026-05-12T11:59:05+00:00,43.51413373835385,16.374970232136548,120,2026-05-12T12:10:10.954711+00:00,844,1,2.137,365.381,128.22,193.443,1,Start,Finish,245,43.5109103500155,16.363974050014804,956,248,215,33,,,False,
2026-05-12T11:59:06+00:00,43.514115046709776,16.374964071437716,122,2026-05-12T12:10:10.954711+00:00,844,1,2.137,367.518,128.22,193.443,1,Start,Finish,245,43.5109103500155,16.363974050014804,955,248,205,43,,,False,
2026-05-12T11:59:07+00:00,43.51409719325602,16.374954264611006,124,2026-05-12T12:10:10.954711+00:00,844,1,2.137,369.655,128.22,201.72,1,Start,Finish,245,43.5109103500155,16.363974050014804,954,248,195,53,,,False,
2026-05-12T11:59:08+00:00,43.514079339802265,16.374944457784295,127,2026-05-12T12:10:10.954711+00:00,844,1,2.137,371.792,128.22,201.72,1,Start,Finish,245,43.5109103500155,16.363974050014804,952,248,195,53,,,False,
2026-05-12T11:59:09+00:00,43.514061737805605,16.37493804562837,129,2026-05-12T12:10:10.954711+00:00,844,1,2.024,373.816,121.44,194.798,1,Start,Finish,245,43.5109103500155,16.363974050014804,951,248,195,53,,,False,
2026-05-12T11:59:10+00:00,43.514044135808945,16.374931633472443,131,2026-05-12T12:10:10.954711+00:00,844,1,2.024,375.84,121.44,194.798,1,Start,Finish,245,43.5109103500155,16.363974050014804,950,248,195,53,,,False,
2026-05-12T11:59:11+00:00,43.51402745582163,16.374927442520857,133,2026-05-12T12:10:10.954711+00:00,844,1,1.885,377.726,113.1,190.327,1,Start,Finish,245,43.5109103500155,16.363974050014804,949,249,196,53,,,False,
2026-05-12T11:59:12+00:00,43.51401077583432,16.37492325156927,135,2026-05-12T12:10:10.954711+00:00,844,1,1.885,379.611,113.1,190.327,1,Start,Finish,245,43.5109103500155,16.363974050014804,948,249,196,53,,,False,
2026-05-12T11:59:13+00:00,43.51398856379092,16.37491780333221,136,2026-05-12T12:10:10.954711+00:00,844,1,2.509,382.119,150.54,190.086,1,Start,Finish,245,43.5109103500155,16.363974050014804,947,249,196,53,,,False,
2026-05-12T11:59:14+00:00,43.51397244259715,16.374909868463874,135,2026-05-12T12:10:10.954711+00:00,844,1,1.903,384.023,114.18,199.644,1,Start,Finish,245,43.5109103500155,16.363974050014804,945,249,197,52,,,False,
2026-05-12T11:59:15+00:00,43.513956321403384,16.374901933595538,134,2026-05-12T12:10:10.954711+00:00,844,1,1.903,385.926,114.18,199.644,1,Start,Finish,245,43.5109103500155,16.363974050014804,944,249,198,51,,,False,
2026-05-12T11:59:16+00:00,43.51394020020962,16.374893998727202,133,2026-05-12T12:10:10.954711+00:00,844,1,1.903,387.83,114.18,199.644,1,Start,Finish,245,43.5109103500155,16.363974050014804,943,249,199,50,,,False,
2026-05-12T11:59:17+00:00,43.51392159238458,16.374883269891143,133,2026-05-12T12:10:10.954711+00:00,844,1,2.243,390.072,134.58,202.692,1,Start,Finish,245,43.5109103500155,16.363974050014804,941,249,200,49,,,False,
2026-05-12T11:59:18+00:00,43.513902984559536,16.374872541055083,132,2026-05-12T12:10:10.954711+00:00,844,1,2.243,392.315,134.58,202.692,1,Start,Finish,245,43.5109103500155,16.363974050014804,940,249,202,47,,,False,
2026-05-12T11:59:19+00:00,43.513884376734495,16.374861812219024,132,2026-05-12T12:10:10.954711+00:00,844,1,2.243,394.558,134.58,202.692,1,Start,Finish,245,43.5109103500155,16.363974050014804,938,249,202,47,,,False,
2026-05-12T11:59:20+00:00,43.513865768909454,16.374851083382964,132,2026-05-12T12:10:10.954711+00:00,844,1,2.243,396.8,134.58,202.692,1,Start,Finish,245,43.5109103500155,16.363974050014804,937,249,203,46,,,False,
2026-05-12T11:59:21+00:00,43.51384716108441,16.374840354546905,131,2026-05-12T12:10:10.954711+00:00,844,1,2.243,399.043,134.58,202.692,1,Start,Finish,245,43.5109103500155,16.363974050014804,935,250,203,47,,,False,
2026-05-12T11:59:22+00:00,43.51382855325937,16.374829625710845,131,2026-05-12T12:10:10.954711+00:00,844,1,2.243,401.286,134.58,202.692,1,Start,Finish,245,43.5109103500155,16.363974050014804,934,250,204,46,,,False,
2026-05-12T11:59:23+00:00,43.51380952633917,16.374818310141563,130,2026-05-12T12:10:10.954711+00:00,844,1,2.304,403.59,138.24,203.33,1,Start,Finish,245,43.5109103500155,16.363974050014804,932,250,204,46,,,False,
2026-05-12T11:59:24+00:00,43.51379142142832,16.374806659296155,128,2026-05-12T12:10:10.954711+00:00,844,1,2.222,405.811,133.32,205.018,1,Start,Finish,245,43.5109103500155,16.363974050014804,930,250,205,45,,,False,
2026-05-12T11:59:25+00:00,43.51377331651747,16.374795008450747,126,2026-05-12T12:10:10.954711+00:00,844,1,2.222,408.033,133.32,205.018,1,Start,Finish,245,43.5109103500155,16.363974050014804,929,250,205,45,,,False,
2026-05-12T11:59:26+00:00,43.51375529542565,16.374782561324537,126,2026-05-12T12:10:10.954711+00:00,844,1,2.241,410.274,134.46,206.606,1,Start,Finish,245,43.5109103500155,16.363974050014804,927,250,205,45,,,False,
2026-05-12T11:59:27+00:00,43.513737274333835,16.374770114198327,125,2026-05-12T12:10:10.954711+00:00,844,1,2.241,412.515,134.46,206.606,1,Start,Finish,245,43.5109103500155,16.363974050014804,926,250,206,44,,,False,
2026-05-12T11:59:28+00:00,43.513719253242016,16.374757667072117,125,2026-05-12T12:10:10.954711+00:00,844,1,2.241,414.757,134.46,206.606,1,Start,Finish,245,43.5109103500155,16.363974050014804,924,250,206,44,,,False,
2026-05-12T11:59:29+00:00,43.5137012321502,16.374745219945908,125,2026-05-12T12:10:10.954711+00:00,844,1,2.241,416.998,134.46,206.606,1,Start,Finish,245,43.5109103500155,16.363974050014804,922,250,205,45,,,False,
2026-05-12T11:59:30+00:00,43.51368321105838,16.374732772819698,124,2026-05-12T12:10:10.954711+00:00,844,1,2.241,419.239,134.46,206.606,1,Start,Finish,245,43.5109103500155,16.363974050014804,921,250,204,46,,,False,
2026-05-12T11:59:31+00:00,43.51366518996656,16.374720325693488,124,2026-05-12T12:10:10.954711+00:00,844,1,2.241,421.48,134.46,206.606,1,Start,Finish,245,43.5109103500155,16.363974050014804,919,251,203,48,,,False,
2026-05-12T11:59:32+00:00,43.5136466100812,16.374710937961936,124,2026-05-12T12:10:10.954711+00:00,844,1,2.2,423.68,132.0,200.124,1,Start,Finish,245,43.5109103500155,16.363974050014804,918,251,203,48,,,False,
2026-05-12T11:59:33+00:00,43.51362803019583,16.374701550230384,124,2026-05-12T12:10:10.954711+00:00,844,1,2.2,425.881,132.0,200.124,1,Start,Finish,245,43.5109103500155,16.363974050014804,916,251,202,49,,,False,
2026-05-12T11:59:34+00:00,43.51360945031047,16.37469216249883,124,2026-05-12T12:10:10.954711+00:00,844,1,2.2,428.081,132.0,200.124,1,Start,Finish,245,43.5109103500155,16.363974050014804,915,251,201,50,,,False,
2026-05-12T11:59:35+00:00,43.513590870425105,16.374683864414692,123,2026-05-12T12:10:10.954711+00:00,844,1,2.172,430.253,130.32,197.947,1,Start,Finish,245,43.5109103500155,16.363974050014804,914,251,201,50,,,False,
2026-05-12T11:59:36+00:00,43.51357229053974,16.374675566330552,122,2026-05-12T12:10:10.954711+00:00,844,1,2.172,432.424,130.32,197.947,1,Start,Finish,245,43.5109103500155,16.363974050014804,912,251,201,50,,,False,
2026-05-12T11:59:37+00:00,43.51355371065438,16.374667268246412,121,2026-05-12T12:10:10.954711+00:00,844,1,2.172,434.596,130.32,197.947,1,Start,Finish,245,43.5109103500155,16.363974050014804,911,251,201,50,,,False,
2026-05-12T11:59:38+00:00,43.513537080958486,16.37465700879693,121,2026-05-12T12:10:10.954711+00:00,844,1,2.026,436.622,121.56,204.104,1,Start,Finish,245,43.5109103500155,16.363974050014804,910,251,202,49,,,False,
2026-05-12T11:59:39+00:00,43.51352045126259,16.37464674934745,121,2026-05-12T12:10:10.954711+00:00,844,1,2.026,438.648,121.56,204.104,1,Start,Finish,245,43.5109103500155,16.363974050014804,908,251,201,50,,,False,
2026-05-12T11:59:40+00:00,43.5135038215667,16.374636489897966,122,2026-05-12T12:10:10.954711+00:00,844,1,2.026,440.673,121.56,204.104,1,Start,Finish,245,43.5109103500155,16.363974050014804,907,251,201,50,,,False,
2026-05-12T11:59:41+00:00,43.51348719187081,16.374626230448484,122,2026-05-12T12:10:10.954711+00:00,844,1,2.026,442.699,121.56,204.104,1,Start,Finish,245,43.5109103500155,16.363974050014804,906,252,201,51,,,False,
2026-05-12T11:59:42+00:00,43.51347056217491,16.374615970999002,122,2026-05-12T12:10:10.954711+00:00,844,1,2.026,444.725,121.56,204.104,1,Start,Finish,245,43.5109103500155,16.363974050014804,904,252,202,50,,,False,
2026-05-12T11:59:43+00:00,43.51345404982567,16.374608532059938,121,2026-05-12T12:10:10.954711+00:00,844,1,1.932,446.657,115.92,198.093,1,Start,Finish,245,43.5109103500155,16.363974050014804,903,252,201,51,,,False,
2026-05-12T11:59:44+00:00,43.51343753747642,16.374601093120873,120,2026-05-12T12:10:10.954711+00:00,844,1,1.932,448.588,115.92,198.093,1,Start,Finish,245,43.5109103500155,16.363974050014804,902,252,201,51,,,False,
2026-05-12T11:59:45+00:00,43.51342102512717,16.37459365418181,118,2026-05-12T12:10:10.954711+00:00,844,1,1.932,450.52,115.92,198.093,1,Start,Finish,245,43.5109103500155,16.363974050014804,901,252,200,52,,,False,
2026-05-12T11:59:46+00:00,43.513404512777925,16.374586215242743,117,2026-05-12T12:10:10.954711+00:00,844,1,1.932,452.451,115.92,198.093,1,Start,Finish,245,43.5109103500155,16.363974050014804,900,252,199,53,,,False,
2026-05-12T11:59:47+00:00,43.513386491686106,16.374576073139906,114,2026-05-12T12:10:10.954711+00:00,844,1,2.164,454.616,129.84,202.203,1,Start,Finish,245,43.5109103500155,16.363974050014804,898,252,198,54,,,False,
2026-05-12T11:59:48+00:00,43.513367380946875,16.37456743977964,110,2026-05-12T12:10:10.954711+00:00,844,1,2.236,456.852,134.16,198.14,1,Start,Finish,245,43.5109103500155,16.363974050014804,897,252,198,54,,,False,
2026-05-12T11:59:49+00:00,43.51334949955344,16.374560482800007,110,2026-05-12T12:10:10.954711+00:00,844,1,2.066,458.918,123.96,195.757,1,Start,Finish,245,43.5109103500155,16.363974050014804,896,252,198,54,,,False,
2026-05-12T11:59:50+00:00,43.51333161816001,16.374553525820374,110,2026-05-12T12:10:10.954711+00:00,844,1,2.066,460.984,123.96,195.757,1,Start,Finish,245,43.5109103500155,16.363974050014804,895,252,199,53,,,False,
2026-05-12T11:59:51+00:00,43.51331373676658,16.374546568840742,110,2026-05-12T12:10:10.954711+00:00,844,1,2.066,463.05,123.96,195.757,1,Start,Finish,245,43.5109103500155,16.363974050014804,893,253,199,54,,,False,
2026-05-12T11:59:52+00:00,43.5132960928604,16.37453736970201,111,2026-05-12T12:10:10.954711+00:00,844,1,2.097,465.147,125.82,200.712,1,Start,Finish,245,43.5109103500155,16.363974050014804,892,253,198,55,,,False,
2026-05-12T11:59:53+00:00,43.513278448954225,16.37452817056328,112,2026-05-12T12:10:10.954711+00:00,844,1,2.097,467.245,125.82,200.712,1,Start,Finish,245,43.5109103500155,16.363974050014804,891,253,197,56,,,False,
2026-05-12T11:59:54+00:00,43.51326080504805,16.37451897142455,112,2026-05-12T12:10:10.954711+00:00,844,1,2.097,469.342,125.82,200.712,1,Start,Finish,245,43.5109103500155,16.363974050014804,890,253,197,56,,,False,
2026-05-12T11:59:55+00:00,43.51324316114187,16.37450977228582,113,2026-05-12T12:10:10.954711+00:00,844,1,2.097,471.44,125.82,200.712,1,Start,Finish,245,43.5109103500155,16.363974050014804,888,253,196,57,,,False,
2026-05-12T11:59:56+00:00,43.513225223869085,16.374504374340177,112,2026-05-12T12:10:10.954711+00:00,844,1,2.041,473.481,122.46,192.311,1,Start,Finish,245,43.5109103500155,16.363974050014804,887,253,196,57,,,False,
2026-05-12T11:59:57+00:00,43.5132072865963,16.374498976394534,111,2026-05-12T12:10:10.954711+00:00,844,1,2.041,475.523,122.46,192.311,1,Start,Finish,245,43.5109103500155,16.363974050014804,886,253,196,57,,,False,
2026-05-12T11:59:58+00:00,43.51318934932351,16.37449357844889,109,2026-05-12T12:10:10.954711+00:00,844,1,2.041,477.564,122.46,192.311,1,Start,Finish,245,43.5109103500155,16.363974050014804,885,253,195,58,,,False,
2026-05-12T11:59:59+00:00,43.51317141205072,16.37448818050325,108,2026-05-12T12:10:10.954711+00:00,844,1,2.041,479.606,122.46,192.311,1,Start,Finish,245,43.5109103500155,16.363974050014804,884,253,195,58,,,False,
2026-05-12T12:00:00+00:00,43.51315347477794,16.374482782557607,107,2026-05-12T12:10:10.954711+00:00,844,1,2.041,481.647,122.46,192.311,1,Start,Finish,245,43.5109103500155,16.363974050014804,883,254,194,60,,,False,
2026-05-12T12:00:01+00:00,43.51313637569547,16.374475532211363,105,2026-05-12T12:10:10.954711+00:00,844,1,1.989,483.636,119.34,197.093,1,Start,Finish,245,43.5109103500155,16.363974050014804,882,254,195,59,,,False,
2026-05-12T12:00:02+00:00,43.513119276613,16.37446828186512,103,2026-05-12T12:10:10.954711+00:00,844,1,1.989,485.625,119.34,197.093,1,Start,Finish,245,43.5109103500155,16.363974050014804,881,254,195,59,,,False,
2026-05-12T12:00:03+00:00,43.51310150697827,16.374460933730006,105,2026-05-12T12:10:10.954711+00:00,844,1,2.063,487.688,123.78,196.694,1,Start,Finish,245,43.5109103500155,16.363974050014804,880,254,196,58,,,False,
2026-05-12T12:00:04+00:00,43.51308373734355,16.374453585594893,106,2026-05-12T12:10:10.954711+00:00,844,1,2.063,489.751,123.78,196.694,1,Start,Finish,245,43.5109103500155,16.363974050014804,879,254,197,57,,,False,
2026-05-12T12:00:05+00:00,43.513065967708826,16.37444623745978,108,2026-05-12T12:10:10.954711+00:00,844,1,2.063,491.814,123.78,196.694,1,Start,Finish,245,43.5109103500155,16.363974050014804,878,254,197,57,,,False,
2026-05-12T12:00:06+00:00,43.51304825395346,16.37443823274225,108,2026-05-12T12:10:10.954711+00:00,844,1,2.073,493.887,124.38,198.145,1,Start,Finish,245,43.5109103500155,16.363974050014804,877,254,198,56,,,False,
2026-05-12T12:00:07+00:00,43.51303054019809,16.37443022802472,107,2026-05-12T12:10:10.954711+00:00,844,1,2.073,495.959,124.38,198.145,1,Start,Finish,245,43.5109103500155,16.363974050014804,876,254,198,56,,,False,
2026-05-12T12:00:08+00:00,43.51301282644272,16.374422223307192,106,2026-05-12T12:10:10.954711+00:00,844,1,2.073,498.032,124.38,198.145,1,Start,Finish,245,43.5109103500155,16.363974050014804,874,254,198,56,,,False,
2026-05-12T12:00:09+00:00,43.51299511268735,16.374414218589664,106,2026-05-12T12:10:10.954711+00:00,844,1,2.073,500.105,124.38,198.145,1,Start,Finish,245,43.5109103500155,16.363974050014804,873,255,198,57,,,False,
2026-05-12T12:00:10+00:00,43.51297739893198,16.374406213872135,106,2026-05-12T12:10:10.954711+00:00,844,1,2.073,502.178,124.38,198.145,1,Start,Finish,245,43.5109103500155,16.363974050014804,872,255,201,54,,,False,
2026-05-12T12:00:11+00:00,43.51295968517661,16.374398209154606,105,2026-05-12T12:10:10.954711+00:00,844,1,2.073,504.25,124.38,198.145,1,Start,Finish,245,43.5109103500155,16.363974050014804,871,255,202,53,,,False,
2026-05-12T12:00:12+00:00,43.512940322980285,16.374390413984656,101,2026-05-12T12:10:10.954711+00:00,844,1,2.243,506.493,134.58,196.276,1,Start,Finish,245,43.5109103500155,16.363974050014804,870,255,211,44,,,False,
2026-05-12T12:00:13+00:00,43.512925738468766,16.37438219971955,99,2026-05-12T12:10:10.954711+00:00,844,1,1.752,508.245,105.12,202.218,1,Start,Finish,245,43.5109103500155,16.363974050014804,869,255,218,37,,,False,
2026-05-12T12:00:14+00:00,43.51290914230049,16.374370465055108,93,2026-05-12T12:10:10.954711+00:00,844,1,2.074,510.319,124.44,207.148,1,Start,Finish,245,43.5109103500155,16.363974050014804,867,255,227,28,,,False,
2026-05-12T12:00:15+00:00,43.512895186431706,16.374357934109867,92,2026-05-12T12:10:10.954711+00:00,844,1,1.852,512.171,111.12,213.071,1,Start,Finish,245,43.5109103500155,16.363974050014804,866,255,233,22,,,False,
2026-05-12T12:00:16+00:00,43.512881230562925,16.374345403164625,90,2026-05-12T12:10:10.954711+00:00,844,1,1.852,514.023,111.12,213.071,1,Start,Finish,245,43.5109103500155,16.363974050014804,865,255,243,12,,,False,
2026-05-12T12:00:17+00:00,43.5128772072494,16.37433119583875,93,2026-05-12T12:10:10.954711+00:00,844,1,1.23,515.253,73.8,248.67,1,Start,Finish,245,43.5109103500155,16.363974050014804,863,255,254,1,,,False,
2026-05-12T12:00:18+00:00,43.51287318393588,16.374316988512874,96,2026-05-12T12:10:10.954711+00:00,844,1,1.23,516.482,73.8,248.67,1,Start,Finish,245,43.5109103500155,16.363974050014804,862,255,254,1,,,False,
2026-05-12T12:00:19+00:00,43.51287921890616,16.37430458329618,100,2026-05-12T12:10:10.954711+00:00,844,1,1.205,517.687,72.3,303.854,1,Start,Finish,245,43.5109103500155,16.363974050014804,861,255,262,7,,,False,
2026-05-12T12:00:20+00:00,43.51288843899965,16.374292010441422,100,2026-05-12T12:10:10.954711+00:00,844,1,1.442,519.129,86.52,315.319,1,Start,Finish,245,43.5109103500155,16.363974050014804,861,255,268,13,,,False,
2026-05-12T12:00:21+00:00,43.51289757527411,16.374270329251885,100,2026-05-12T12:10:10.954711+00:00,844,1,2.022,521.151,121.32,300.159,1,Start,Finish,245,43.5109103500155,16.363974050014804,859,255,275,20,,,False,
2026-05-12T12:00:22+00:00,43.51290671154857,16.37424864806235,99,2026-05-12T12:10:10.954711+00:00,844,1,2.022,523.173,121.32,300.159,1,Start,Finish,245,43.5109103500155,16.363974050014804,858,255,283,28,,,False,
2026-05-12T12:00:23+00:00,43.512915847823024,16.37422696687281,99,2026-05-12T12:10:10.954711+00:00,844,1,2.022,525.195,121.32,300.159,1,Start,Finish,245,43.5109103500155,16.363974050014804,856,255,289,34,,,False,
2026-05-12T12:00:24+00:00,43.51292096078396,16.37419804930687,102,2026-05-12T12:10:10.954711+00:00,844,1,2.4,527.596,144.0,283.702,1,Start,Finish,245,43.5109103500155,16.363974050014804,854,255,298,43,,,False,
2026-05-12T12:00:25+00:00,43.51292607374489,16.374169131740928,105,2026-05-12T12:10:10.954711+00:00,844,1,2.4,529.996,144.0,283.702,1,Start,Finish,245,43.5109103500155,16.363974050014804,852,255,296,41,,,False,
2026-05-12T12:00:26+00:00,43.51293579675257,16.374143147841096,109,2026-05-12T12:10:10.954711+00:00,844,1,2.358,532.354,141.48,297.293,1,Start,Finish,245,43.5109103500155,16.363974050014804,850,255,297,42,,,False,
2026-05-12T12:00:27+00:00,43.51294258609414,16.374121606349945,112,2026-05-12T12:10:10.954711+00:00,844,1,1.894,534.248,113.64,293.489,1,Start,Finish,245,43.5109103500155,16.363974050014804,849,255,297,42,,,False,
2026-05-12T12:00:28+00:00,43.5129533149302,16.374099059030414,115,2026-05-12T12:10:10.954711+00:00,844,1,2.175,536.422,130.5,303.27,1,Start,Finish,245,43.5109103500155,16.363974050014804,848,254,296,42,,,False,
2026-05-12T12:00:29+00:00,43.5129638761282,16.37407927773893,118,2026-05-12T12:10:10.954711+00:00,844,1,1.981,538.403,118.86,306.36,1,Start,Finish,245,43.5109103500155,16.363974050014804,846,254,298,44,,,False,
2026-05-12T12:00:30+00:00,43.512972090393305,16.37406117282808,124,2026-05-12T12:10:10.954711+00:00,844,1,1.722,540.125,103.32,302.03,1,Start,Finish,245,43.5109103500155,16.363974050014804,845,254,296,42,,,False,
2026-05-12T12:00:31+00:00,43.51297980174422,16.37404222972691,128,2026-05-12T12:10:10.954711+00:00,844,1,1.752,541.877,105.12,299.306,1,Start,Finish,245,43.5109103500155,16.363974050014804,844,254,296,42,,,False,
2026-05-12T12:00:32+00:00,43.51298986002803,16.374015994369984,127,2026-05-12T12:10:10.954711+00:00,844,1,2.393,544.27,143.58,297.863,1,Start,Finish,245,43.5109103500155,16.363974050014804,842,254,292,38,,,False,
2026-05-12T12:00:33+00:00,43.51299706846475,16.373995458707213,124,2026-05-12T12:10:10.954711+00:00,844,1,1.84,546.11,110.4,295.828,1,Start,Finish,245,43.5109103500155,16.363974050014804,841,254,292,38,,,False,
2026-05-12T12:00:34+00:00,43.51299681700766,16.373960338532925,121,2026-05-12T12:10:10.954711+00:00,844,1,2.832,548.942,169.92,269.434,1,Start,Finish,245,43.5109103500155,16.363974050014804,838,254,289,35,,,False,
2026-05-12T12:00:35+00:00,43.51299488916993,16.37392245233059,118,2026-05-12T12:10:10.954711+00:00,844,1,3.063,552.005,183.78,265.986,1,Start,Finish,245,43.5109103500155,16.363974050014804,835,254,286,32,,,False,
2026-05-12T12:00:36+00:00,43.51300146896392,16.373896608129144,118,2026-05-12T12:10:10.954711+00:00,844,1,2.209,554.214,132.54,289.344,1,Start,Finish,245,43.5109103500155,16.363974050014804,833,254,286,32,,,False,
2026-05-12T12:00:37+00:00,43.51300804875791,16.373870763927698,119,2026-05-12T12:10:10.954711+00:00,844,1,2.209,556.423,132.54,289.344,1,Start,Finish,245,43.5109103500155,16.363974050014804,831,254,284,30,,,False,
2026-05-12T12:00:38+00:00,43.5130146285519,16.373844919726253,119,2026-05-12T12:10:10.954711+00:00,844,1,2.209,558.631,132.54,289.344,1,Start,Finish,245,43.5109103500155,16.363974050014804,830,254,284,30,,,False,
2026-05-12T12:00:39+00:00,43.51302120834589,16.373819075524807,119,2026-05-12T12:10:10.954711+00:00,844,1,2.209,560.84,132.54,289.344,1,Start,Finish,245,43.5109103500155,16.363974050014804,828,254,286,32,,,False,
2026-05-12T12:00:40+00:00,43.51302778813988,16.37379323132336,120,2026-05-12T12:10:10.954711+00:00,844,1,2.209,563.049,132.54,289.344,1,Start,Finish,245,43.5109103500155,16.363974050014804,826,253,288,35,,,False,
2026-05-12T12:00:41+00:00,43.51303436793387,16.373767387121916,120,2026-05-12T12:10:10.954711+00:00,844,1,2.209,565.258,132.54,289.344,1,Start,Finish,245,43.5109103500155,16.363974050014804,824,253,288,35,,,False,
2026-05-12T12:00:42+00:00,43.51303963456303,16.37374102603644,120,2026-05-12T12:10:10.954711+00:00,844,1,2.205,567.463,132.3,285.402,1,Start,Finish,245,43.5109103500155,16.363974050014804,822,253,287,34,,,False,
2026-05-12T12:00:43+00:00,43.51304490119219,16.373714664950967,119,2026-05-12T12:10:10.954711+00:00,844,1,2.205,569.668,132.3,285.402,1,Start,Finish,245,43.5109103500155,16.363974050014804,821,253,287,34,,,False,
2026-05-12T12:00:44+00:00,43.51305016782135,16.373688303865492,118,2026-05-12T12:10:10.954711+00:00,844,1,2.205,571.873,132.3,285.402,1,Start,Finish,245,43.5109103500155,16.363974050014804,819,253,287,34,,,False,
2026-05-12T12:00:45+00:00,43.51305543445051,16.373661942780018,118,2026-05-12T12:10:10.954711+00:00,844,1,2.205,574.078,132.3,285.402,1,Start,Finish,245,43.5109103500155,16.363974050014804,817,253,287,34,,,False,
2026-05-12T12:00:46+00:00,43.51306070107967,16.373635581694543,118,2026-05-12T12:10:10.954711+00:00,844,1,2.205,576.282,132.3,285.402,1,Start,Finish,245,43.5109103500155,16.363974050014804,815,253,286,33,,,False,
2026-05-12T12:00:47+00:00,43.513065967708826,16.37360922060907,117,2026-05-12T12:10:10.954711+00:00,844,1,2.205,578.487,132.3,285.402,1,Start,Finish,245,43.5109103500155,16.363974050014804,813,253,286,33,,,False,
2026-05-12T12:00:48+00:00,43.51307233795523,16.373583655804396,116,2026-05-12T12:10:10.954711+00:00,844,1,2.18,580.667,130.8,288.962,1,Start,Finish,245,43.5109103500155,16.363974050014804,811,253,285,32,,,False,
2026-05-12T12:00:49+00:00,43.51307870820165,16.373558090999722,115,2026-05-12T12:10:10.954711+00:00,844,1,2.18,582.847,130.8,288.962,1,Start,Finish,245,43.5109103500155,16.363974050014804,810,253,285,32,,,False,
2026-05-12T12:00:50+00:00,43.513083695434034,16.373527287505567,116,2026-05-12T12:10:10.954711+00:00,844,1,2.545,585.392,152.7,282.585,1,Start,Finish,245,43.5109103500155,16.363974050014804,807,253,285,32,,,False,
2026-05-12T12:00:51+00:00,43.51308868266642,16.37349648401141,116,2026-05-12T12:10:10.954711+00:00,844,1,2.545,587.937,152.7,282.585,1,Start,Finish,245,43.5109103500155,16.363974050014804,805,252,285,33,,,False,
2026-05-12T12:00:52+00:00,43.51309366989881,16.373465680517256,116,2026-05-12T12:10:10.954711+00:00,844,1,2.545,590.483,152.7,282.585,1,Start,Finish,245,43.5109103500155,16.363974050014804,803,252,284,32,,,False,
2026-05-12T12:00:53+00:00,43.513098657131195,16.3734348770231,117,2026-05-12T12:10:10.954711+00:00,844,1,2.545,593.028,152.7,282.585,1,Start,Finish,245,43.5109103500155,16.363974050014804,801,252,283,31,,,False,
2026-05-12T12:00:54+00:00,43.51310364436358,16.373404073528945,118,2026-05-12T12:10:10.954711+00:00,844,1,2.545,595.573,152.7,282.585,1,Start,Finish,245,43.5109103500155,16.363974050014804,799,252,283,31,,,False,
2026-05-12T12:00:55+00:00,43.51310863159597,16.37337327003479,118,2026-05-12T12:10:10.954711+00:00,844,1,2.545,598.118,152.7,282.585,1,Start,Finish,245,43.5109103500155,16.363974050014804,796,252,284,32,,,False,
2026-05-12T12:00:56+00:00,43.51311491802335,16.37334189377725,116,2026-05-12T12:10:10.954711+00:00,844,1,2.625,600.743,157.5,285.444,1,Start,Finish,245,43.5109103500155,16.363974050014804,794,252,285,33,,,False,
2026-05-12T12:00:57+00:00,43.51312120445073,16.373310517519712,115,2026-05-12T12:10:10.954711+00:00,844,1,2.625,603.368,157.5,285.444,1,Start,Finish,245,43.5109103500155,16.363974050014804,792,252,287,35,,,False,
2026-05-12T12:00:58+00:00,43.513127490878105,16.373279141262174,113,2026-05-12T12:10:10.954711+00:00,844,1,2.625,605.993,157.5,285.444,1,Start,Finish,245,43.5109103500155,16.363974050014804,790,252,288,36,,,False,
2026-05-12T12:00:59+00:00,43.5131350136362,16.373251103796065,114,2026-05-12T12:10:10.954711+00:00,844,1,2.411,608.404,144.66,290.303,1,Start,Finish,245,43.5109103500155,16.363974050014804,788,252,286,34,,,False,
2026-05-12T12:01:00+00:00,43.5131425363943,16.373223066329956,114,2026-05-12T12:10:10.954711+00:00,844,1,2.411,610.814,144.66,290.303,1,Start,Finish,245,43.5109103500155,16.363974050014804,786,252,284,32,,,False,
2026-05-12T12:01:01+00:00,43.513150059152395,16.373195028863847,115,2026-05-12T12:10:10.954711+00:00,844,1,2.411,613.225,144.66,290.303,1,Start,Finish,245,43.5109103500155,16.363974050014804,784,251,286,35,,,False,
2026-05-12T12:01:02+00:00,43.51315758191049,16.37316699139774,116,2026-05-12T12:10:10.954711+00:00,844,1,2.411,615.636,144.66,290.303,1,Start,Finish,245,43.5109103500155,16.363974050014804,782,251,287,36,,,False,
2026-05-12T12:01:03+00:00,43.51315741427243,16.373141258955002,118,2026-05-12T12:10:10.954711+00:00,844,1,2.075,617.711,124.5,269.485,1,Start,Finish,245,43.5109103500155,16.363974050014804,780,251,289,38,,,False,
2026-05-12T12:01:04+00:00,43.51315724663437,16.373115526512265,121,2026-05-12T12:10:10.954711+00:00,844,1,2.075,619.786,124.5,269.485,1,Start,Finish,245,43.5109103500155,16.363974050014804,778,251,290,39,,,False,
2026-05-12T12:01:05+00:00,43.51316642481834,16.373093985021114,122,2026-05-12T12:10:10.954711+00:00,844,1,2.015,621.801,120.9,300.435,1,Start,Finish,245,43.5109103500155,16.363974050014804,777,251,290,39,,,False,
2026-05-12T12:01:06+00:00,43.51317560300231,16.373072443529963,124,2026-05-12T12:10:10.954711+00:00,844,1,2.015,623.816,120.9,300.435,1,Start,Finish,245,43.5109103500155,16.363974050014804,776,251,291,40,,,False,
2026-05-12T12:01:07+00:00,43.51318398490548,16.373050357215106,122,2026-05-12T12:10:10.954711+00:00,844,1,2.01,625.826,120.6,297.623,1,Start,Finish,245,43.5109103500155,16.363974050014804,774,251,292,41,,,False,
2026-05-12T12:01:08+00:00,43.51319236680865,16.37302827090025,121,2026-05-12T12:10:10.954711+00:00,844,1,2.01,627.836,120.6,297.623,1,Start,Finish,245,43.5109103500155,16.363974050014804,773,251,290,39,,,False,
2026-05-12T12:01:09+00:00,43.51320108398795,16.37300418689847,120,2026-05-12T12:10:10.954711+00:00,844,1,2.171,630.007,130.26,296.523,1,Start,Finish,245,43.5109103500155,16.363974050014804,771,251,291,40,,,False,
2026-05-12T12:01:10+00:00,43.51320980116725,16.37298010289669,118,2026-05-12T12:10:10.954711+00:00,844,1,2.171,632.177,130.26,296.523,1,Start,Finish,245,43.5109103500155,16.363974050014804,770,251,277,26,,,False,
2026-05-12T12:01:11+00:00,43.51321851834655,16.37295601889491,117,2026-05-12T12:10:10.954711+00:00,844,1,2.171,634.348,130.26,296.523,1,Start,Finish,245,43.5109103500155,16.363974050014804,768,250,267,17,,,False,
2026-05-12T12:01:12+00:00,43.513219552114606,16.372935930266976,117,2026-05-12T12:10:10.954711+00:00,844,1,1.624,635.972,97.44,274.059,1,Start,Finish,245,43.5109103500155,16.363974050014804,767,250,263,13,,,False,
2026-05-12T12:01:13+00:00,43.513220585882664,16.372915841639042,118,2026-05-12T12:10:10.954711+00:00,844,1,1.624,637.596,97.44,274.059,1,Start,Finish,245,43.5109103500155,16.363974050014804,765,250,255,5,,,False,
2026-05-12T12:01:14+00:00,43.51322161965072,16.372895753011107,118,2026-05-12T12:10:10.954711+00:00,844,1,1.624,639.22,97.44,274.059,1,Start,Finish,245,43.5109103500155,16.363974050014804,764,250,241,9,,,False,
2026-05-12T12:01:15+00:00,43.51320917252451,16.372891226783395,120,2026-05-12T12:10:10.954711+00:00,844,1,1.431,640.651,85.86,194.773,1,Start,Finish,245,43.5109103500155,16.363974050014804,763,250,227,23,,,False,
2026-05-12T12:01:16+00:00,43.5131967253983,16.372886700555682,122,2026-05-12T12:10:10.954711+00:00,844,1,1.431,642.083,85.86,194.773,1,Start,Finish,245,43.5109103500155,16.363974050014804,762,251,221,30,,,False,
2026-05-12T12:01:17+00:00,43.51317841093987,16.372888167388737,122,2026-05-12T12:10:10.954711+00:00,844,1,2.04,644.123,122.4,176.676,1,Start,Finish,245,43.5109103500155,16.363974050014804,762,251,210,41,,,False,
2026-05-12T12:01:18+00:00,43.51316009648144,16.372889634221792,122,2026-05-12T12:10:10.954711+00:00,844,1,2.04,646.162,122.4,176.676,1,Start,Finish,245,43.5109103500155,16.363974050014804,761,251,195,56,,,False,
2026-05-12T12:01:19+00:00,43.513142557349056,16.37288986472413,124,2026-05-12T12:10:10.954711+00:00,844,1,1.95,648.113,117.0,179.454,1,Start,Finish,245,43.5109103500155,16.363974050014804,761,251,187,64,,,False,
2026-05-12T12:01:20+00:00,43.51312501821667,16.372890095226467,125,2026-05-12T12:10:10.954711+00:00,844,1,1.95,650.063,117.0,179.454,1,Start,Finish,245,43.5109103500155,16.363974050014804,760,251,181,70,,,False,
2026-05-12T12:01:21+00:00,43.51310747908428,16.372890325728804,126,2026-05-12T12:10:10.954711+00:00,844,1,1.95,652.014,117.0,179.454,1,Start,Finish,245,43.5109103500155,16.363974050014804,759,251,181,70,,,False,
2026-05-12T12:01:22+00:00,43.5130899399519,16.37289055623114,128,2026-05-12T12:10:10.954711+00:00,844,1,1.95,653.964,117.0,179.454,1,Start,Finish,245,43.5109103500155,16.363974050014804,759,251,181,70,,,False,
2026-05-12T12:01:23+00:00,43.513073762878776,16.372891534119844,128,2026-05-12T12:10:10.954711+00:00,844,1,1.801,655.764,108.06,177.49,1,Start,Finish,245,43.5109103500155,16.363974050014804,758,252,182,70,,,False,
2026-05-12T12:01:24+00:00,43.513057585805655,16.372892512008548,128,2026-05-12T12:10:10.954711+00:00,844,1,1.801,657.565,108.06,177.49,1,Start,Finish,245,43.5109103500155,16.363974050014804,758,252,184,68,,,False,
2026-05-12T12:01:25+00:00,43.51304140873253,16.37289348989725,128,2026-05-12T12:10:10.954711+00:00,844,1,1.801,659.365,108.06,177.49,1,Start,Finish,245,43.5109103500155,16.363974050014804,757,252,185,67,,,False,
2026-05-12T12:01:26+00:00,43.513024686835706,16.3728883350268,128,2026-05-12T12:10:10.954711+00:00,844,1,1.905,661.271,114.3,192.602,1,Start,Finish,245,43.5109103500155,16.363974050014804,756,252,186,66,,,False,
2026-05-12T12:01:27+00:00,43.51300796493888,16.37288318015635,127,2026-05-12T12:10:10.954711+00:00,844,1,1.905,663.176,114.3,192.602,1,Start,Finish,245,43.5109103500155,16.363974050014804,755,252,188,64,,,False,
2026-05-12T12:01:28+00:00,43.51299124304205,16.3728780252859,126,2026-05-12T12:10:10.954711+00:00,844,1,1.905,665.081,114.3,192.602,1,Start,Finish,245,43.5109103500155,16.363974050014804,754,252,190,62,,,False,
2026-05-12T12:01:29+00:00,43.512974521145225,16.37287287041545,126,2026-05-12T12:10:10.954711+00:00,844,1,1.905,666.987,114.3,192.602,1,Start,Finish,245,43.5109103500155,16.363974050014804,753,252,192,60,,,False,
2026-05-12T12:01:30+00:00,43.5129577992484,16.372867715545,126,2026-05-12T12:10:10.954711+00:00,844,1,1.905,668.892,114.3,192.602,1,Start,Finish,245,43.5109103500155,16.363974050014804,752,252,195,57,,,False,
2026-05-12T12:01:31+00:00,43.51294107735157,16.372862560674548,125,2026-05-12T12:10:10.954711+00:00,844,1,1.905,670.797,114.3,192.602,1,Start,Finish,245,43.5109103500155,16.363974050014804,752,253,198,55,,,False,
2026-05-12T12:01:32+00:00,43.512925459071994,16.372853899374604,124,2026-05-12T12:10:10.954711+00:00,844,1,1.872,672.669,112.32,201.909,1,Start,Finish,245,43.5109103500155,16.363974050014804,750,253,199,54,,,False,
2026-05-12T12:01:33+00:00,43.51290984079242,16.37284523807466,123,2026-05-12T12:10:10.954711+00:00,844,1,1.872,674.541,112.32,201.909,1,Start,Finish,245,43.5109103500155,16.363974050014804,749,253,201,52,,,False,
2026-05-12T12:01:34+00:00,43.51289422251284,16.372836576774716,122,2026-05-12T12:10:10.954711+00:00,844,1,1.872,676.413,112.32,201.909,1,Start,Finish,245,43.5109103500155,16.363974050014804,748,253,202,51,,,False,
2026-05-12T12:01:35+00:00,43.51287955418229,16.372825987637043,122,2026-05-12T12:10:10.954711+00:00,844,1,1.841,678.254,110.46,207.634,1,Start,Finish,245,43.5109103500155,16.363974050014804,747,253,203,50,,,False,
2026-05-12T12:01:36+00:00,43.51286488585174,16.37281539849937,121,2026-05-12T12:10:10.954711+00:00,844,1,1.841,680.095,110.46,207.634,1,Start,Finish,245,43.5109103500155,16.363974050014804,745,253,205,48,,,False,
2026-05-12T12:01:37+00:00,43.51285021752119,16.372804809361696,120,2026-05-12T12:10:10.954711+00:00,844,1,1.841,681.936,110.46,207.634,1,Start,Finish,245,43.5109103500155,16.363974050014804,744,253,206,47,,,False,
2026-05-12T12:01:38+00:00,43.51283554919064,16.372794220224023,120,2026-05-12T12:10:10.954711+00:00,844,1,1.841,683.777,110.46,207.634,1,Start,Finish,245,43.5109103500155,16.363974050014804,743,253,207,46,,,False,
2026-05-12T12:01:39+00:00,43.51282088086009,16.37278363108635,120,2026-05-12T12:10:10.954711+00:00,844,1,1.841,685.618,110.46,207.634,1,Start,Finish,245,43.5109103500155,16.363974050014804,742,253,207,46,,,False,
2026-05-12T12:01:40+00:00,43.51280621252954,16.372773041948676,119,2026-05-12T12:10:10.954711+00:00,844,1,1.841,687.459,110.46,207.634,1,Start,Finish,245,43.5109103500155,16.363974050014804,740,253,208,45,,,False,
2026-05-12T12:01:41+00:00,43.51278970018029,16.37276095105335,120,2026-05-12T12:10:10.954711+00:00,844,1,2.079,689.538,124.74,207.97,1,Start,Finish,245,43.5109103500155,16.363974050014804,739,254,208,46,,,False,
2026-05-12T12:01:42+00:00,43.51277318783104,16.372748860158026,120,2026-05-12T12:10:10.954711+00:00,844,1,2.079,691.617,124.74,207.97,1,Start,Finish,245,43.5109103500155,16.363974050014804,737,254,208,46,,,False,
2026-05-12T12:01:43+00:00,43.51275667548179,16.3727367692627,120,2026-05-12T12:10:10.954711+00:00,844,1,2.079,693.696,124.74,207.97,1,Start,Finish,245,43.5109103500155,16.363974050014804,736,254,207,47,,,False,
2026-05-12T12:01:44+00:00,43.51274016313255,16.372724678367376,121,2026-05-12T12:10:10.954711+00:00,844,1,2.079,695.775,124.74,207.97,1,Start,Finish,245,43.5109103500155,16.363974050014804,734,254,206,48,,,False,
2026-05-12T12:01:45+00:00,43.51272184867412,16.372710554860532,120,2026-05-12T12:10:10.954711+00:00,844,1,2.333,698.108,139.98,209.217,1,Start,Finish,245,43.5109103500155,16.363974050014804,733,254,207,47,,,False,
2026-05-12T12:01:46+00:00,43.51270353421569,16.37269643135369,118,2026-05-12T12:10:10.954711+00:00,844,1,2.333,700.441,139.98,209.217,1,Start,Finish,245,43.5109103500155,16.363974050014804,731,254,207,47,,,False,
2026-05-12T12:01:47+00:00,43.512687189504504,16.37268842663616,116,2026-05-12T12:10:10.954711+00:00,844,1,1.929,702.37,115.74,199.554,1,Start,Finish,245,43.5109103500155,16.363974050014804,730,254,208,46,,,False,
2026-05-12T12:01:48+00:00,43.51267084479332,16.37268042191863,115,2026-05-12T12:10:10.954711+00:00,844,1,1.929,704.299,115.74,199.554,1,Start,Finish,245,43.5109103500155,16.363974050014804,729,254,208,46,,,False,
2026-05-12T12:01:49+00:00,43.51265563163906,16.372667807154357,115,2026-05-12T12:10:10.954711+00:00,844,1,1.974,706.273,118.44,211.021,1,Start,Finish,245,43.5109103500155,16.363974050014804,727,255,208,47,,,False,
2026-05-12T12:01:50+00:00,43.51264041848481,16.372655192390084,115,2026-05-12T12:10:10.954711+00:00,844,1,1.974,708.247,118.44,211.021,1,Start,Finish,245,43.5109103500155,16.363974050014804,726,255,209,46,,,False,
2026-05-12T12:01:51+00:00,43.51262520533055,16.37264257762581,116,2026-05-12T12:10:10.954711+00:00,844,1,1.974,710.221,118.44,211.021,1,Start,Finish,245,43.5109103500155,16.363974050014804,725,255,209,46,,,False,
2026-05-12T12:01:52+00:00,43.512609992176294,16.372629962861538,116,2026-05-12T12:10:10.954711+00:00,844,1,1.974,712.195,118.44,211.021,1,Start,Finish,245,43.5109103500155,16.363974050014804,723,255,208,47,,,False,
2026-05-12T12:01:53+00:00,43.51259477902204,16.372617348097265,116,2026-05-12T12:10:10.954711+00:00,844,1,1.974,714.168,118.44,211.021,1,Start,Finish,245,43.5109103500155,16.363974050014804,722,255,208,47,,,False,
2026-05-12T12:01:54+00:00,43.51257956586778,16.37260473333299,116,2026-05-12T12:10:10.954711+00:00,844,1,1.974,716.142,118.44,211.021,1,Start,Finish,245,43.5109103500155,16.363974050014804,720,255,209,46,,,False,
2026-05-12T12:01:55+00:00,43.512569423764944,16.37259291484952,113,2026-05-12T12:10:10.954711+00:00,844,1,1.477,717.619,88.62,220.201,1,Start,Finish,245,43.5109103500155,16.363974050014804,719,255,209,46,,,False,
2026-05-12T12:01:56+00:00,43.51255146972835,16.37258263863623,112,2026-05-12T12:10:10.954711+00:00,844,1,2.162,719.781,129.72,202.543,1,Start,Finish,245,43.5109103500155,16.363974050014804,718,255,208,47,,,False,
2026-05-12T12:01:57+00:00,43.51253351569176,16.372572362422943,112,2026-05-12T12:10:10.954711+00:00,844,1,2.162,721.942,129.72,202.543,1,Start,Finish,245,43.5109103500155,16.363974050014804,716,255,205,50,,,False,
2026-05-12T12:01:58+00:00,43.51251556165517,16.372562086209655,111,2026-05-12T12:10:10.954711+00:00,844,1,2.162,724.104,129.72,202.543,1,Start,Finish,245,43.5109103500155,16.363974050014804,715,256,201,55,,,False,
2026-05-12T12:01:59+00:00,43.51249760761857,16.372551809996367,111,2026-05-12T12:10:10.954711+00:00,844,1,2.162,726.265,129.72,202.543,1,Start,Finish,245,43.5109103500155,16.363974050014804,714,256,199,57,,,False,
2026-05-12T12:02:00+00:00,43.51247965358198,16.372541533783078,110,2026-05-12T12:10:10.954711+00:00,844,1,2.162,728.427,129.72,202.543,1,Start,Finish,245,43.5109103500155,16.363974050014804,713,256,197,59,,,False,
2026-05-12T12:02:01+00:00,43.512463085353374,16.372539270669222,109,2026-05-12T12:10:10.954711+00:00,844,1,1.851,730.278,111.06,185.657,1,Start,Finish,245,43.5109103500155,16.363974050014804,712,256,197,59,,,False,
2026-05-12T12:02:02+00:00,43.51244651712477,16.372537007555366,109,2026-05-12T12:10:10.954711+00:00,844,1,1.851,732.129,111.06,185.657,1,Start,Finish,245,43.5109103500155,16.363974050014804,711,256,197,59,,,False,
2026-05-12T12:02:03+00:00,43.51242994889617,16.37253474444151,108,2026-05-12T12:10:10.954711+00:00,844,1,1.851,733.981,111.06,185.657,1,Start,Finish,245,43.5109103500155,16.363974050014804,711,256,197,59,,,False,
2026-05-12T12:02:04+00:00,43.51241544820368,16.372526572085917,107,2026-05-12T12:10:10.954711+00:00,844,1,1.742,735.723,104.52,202.231,1,Start,Finish,245,43.5109103500155,16.363974050014804,710,256,198,58,,,False,
2026-05-12T12:02:05+00:00,43.5124009475112,16.372518399730325,106,2026-05-12T12:10:10.954711+00:00,844,1,1.742,737.464,104.52,202.231,1,Start,Finish,245,43.5109103500155,16.363974050014804,709,256,198,58,,,False,
2026-05-12T12:02:06+00:00,43.51238644681871,16.372510227374732,105,2026-05-12T12:10:10.954711+00:00,844,1,1.742,739.206,104.52,202.231,1,Start,Finish,245,43.5109103500155,16.363974050014804,708,257,199,58,,,False,
2026-05-12T12:02:07+00:00,43.51237194612622,16.37250205501914,104,2026-05-12T12:10:10.954711+00:00,844,1,1.742,740.948,104.52,202.231,1,Start,Finish,245,43.5109103500155,16.363974050014804,707,257,200,57,,,False,
2026-05-12T12:02:08+00:00,43.51235903799534,16.37249690014869,102,2026-05-12T12:10:10.954711+00:00,844,1,1.494,742.443,89.64,196.152,1,Start,Finish,245,43.5109103500155,16.363974050014804,706,257,201,56,,,False,
2026-05-12T12:02:09+00:00,43.512346129864454,16.37249174527824,101,2026-05-12T12:10:10.954711+00:00,844,1,1.494,743.937,89.64,196.152,1,Start,Finish,245,43.5109103500155,16.363974050014804,705,257,201,56,,,False,
2026-05-12T12:02:10+00:00,43.51233299821615,16.372481575235724,100,2026-05-12T12:10:10.954711+00:00,844,1,1.675,745.612,100.5,209.321,1,Start,Finish,245,43.5109103500155,16.363974050014804,704,257,202,55,,,False,
2026-05-12T12:02:11+00:00,43.51231986656785,16.37247140519321,100,2026-05-12T12:10:10.954711+00:00,844,1,1.675,747.286,100.5,209.321,1,Start,Finish,245,43.5109103500155,16.363974050014804,703,257,202,55,,,False,
2026-05-12T12:02:12+00:00,43.51230673491955,16.372461235150695,99,2026-05-12T12:10:10.954711+00:00,844,1,1.675,748.961,100.5,209.321,1,Start,Finish,245,43.5109103500155,16.363974050014804,702,257,202,55,,,False,
2026-05-12T12:02:13+00:00,43.51229215040803,16.372454166412354,99,2026-05-12T12:10:10.954711+00:00,844,1,1.719,750.68,103.14,199.367,1,Start,Finish,245,43.5109103500155,16.363974050014804,701,257,202,55,,,False,
2026-05-12T12:02:14+00:00,43.51227756589651,16.372447097674012,98,2026-05-12T12:10:10.954711+00:00,844,1,1.719,752.399,103.14,199.367,1,Start,Finish,245,43.5109103500155,16.363974050014804,700,257,202,55,,,False,
2026-05-12T12:02:15+00:00,43.51226298138499,16.37244002893567,98,2026-05-12T12:10:10.954711+00:00,844,1,1.719,754.118,103.14,199.367,1,Start,Finish,245,43.5109103500155,16.363974050014804,699,258,202,56,,,False,
2026-05-12T12:02:16+00:00,43.512248396873474,16.37243296019733,98,2026-05-12T12:10:10.954711+00:00,844,1,1.719,755.837,103.14,199.367,1,Start,Finish,245,43.5109103500155,16.363974050014804,698,258,202,56,,,False,
2026-05-12T12:02:17+00:00,43.51223381236195,16.372425891458988,97,2026-05-12T12:10:10.954711+00:00,844,1,1.719,757.556,103.14,199.367,1,Start,Finish,245,43.5109103500155,16.363974050014804,697,258,201,57,,,False,
2026-05-12T12:02:18+00:00,43.51221922785044,16.372418822720647,97,2026-05-12T12:10:10.954711+00:00,844,1,1.719,759.275,103.14,199.367,1,Start,Finish,245,43.5109103500155,16.363974050014804,696,258,198,60,,,False,
2026-05-12T12:02:19+00:00,43.51220514625311,16.372411139309406,98,2026-05-12T12:10:10.954711+00:00,844,1,1.684,760.959,101.04,201.589,1,Start,Finish,245,43.5109103500155,16.363974050014804,695,258,198,60,,,False,
2026-05-12T12:02:20+00:00,43.51219106465578,16.372403455898166,100,2026-05-12T12:10:10.954711+00:00,844,1,1.684,762.643,101.04,201.589,1,Start,Finish,245,43.5109103500155,16.363974050014804,695,258,198,60,,,False,
2026-05-12T12:02:21+00:00,43.51217698305845,16.372395772486925,101,2026-05-12T12:10:10.954711+00:00,844,1,1.684,764.327,101.04,201.589,1,Start,Finish,245,43.5109103500155,16.363974050014804,694,258,198,60,,,False,
2026-05-12T12:02:22+00:00,43.51216122508049,16.37238873168826,102,2026-05-12T12:10:10.954711+00:00,844,1,1.842,766.169,110.52,197.954,1,Start,Finish,245,43.5109103500155,16.363974050014804,693,258,198,60,,,False,
2026-05-12T12:02:23+00:00,43.512148233130574,16.372385434806347,101,2026-05-12T12:10:10.954711+00:00,844,1,1.469,767.638,88.14,190.428,1,Start,Finish,245,43.5109103500155,16.363974050014804,692,259,198,61,,,False,
2026-05-12T12:02:24+00:00,43.51213524118066,16.372382137924433,100,2026-05-12T12:10:10.954711+00:00,844,1,1.469,769.106,88.14,190.428,1,Start,Finish,245,43.5109103500155,16.363974050014804,692,259,198,61,,,False,
2026-05-12T12:02:25+00:00,43.51212224923074,16.37237884104252,99,2026-05-12T12:10:10.954711+00:00,844,1,1.469,770.575,88.14,190.428,1,Start,Finish,245,43.5109103500155,16.363974050014804,691,259,198,61,,,False,
2026-05-12T12:02:26+00:00,43.51210799999535,16.372371515259147,99,2026-05-12T12:10:10.954711+00:00,844,1,1.691,772.266,101.46,200.448,1,Start,Finish,245,43.5109103500155,16.363974050014804,690,259,198,61,,,False,
2026-05-12T12:02:27+00:00,43.51209375075996,16.372364189475775,99,2026-05-12T12:10:10.954711+00:00,844,1,1.691,773.957,101.46,200.448,1,Start,Finish,245,43.5109103500155,16.363974050014804,689,259,197,62,,,False,
2026-05-12T12:02:28+00:00,43.51207950152457,16.372356863692403,99,2026-05-12T12:10:10.954711+00:00,844,1,1.691,775.648,101.46,200.448,1,Start,Finish,245,43.5109103500155,16.363974050014804,688,259,196,63,,,False,
2026-05-12T12:02:29+00:00,43.512065252289176,16.37234953790903,99,2026-05-12T12:10:10.954711+00:00,844,1,1.691,777.339,101.46,200.448,1,Start,Finish,245,43.5109103500155,16.363974050014804,688,259,196,63,,,False,
2026-05-12T12:02:30+00:00,43.512051003053784,16.37234221212566,99,2026-05-12T12:10:10.954711+00:00,844,1,1.691,779.03,101.46,200.448,1,Start,Finish,245,43.5109103500155,16.363974050014804,687,259,196,63,,,False,
2026-05-12T12:02:31+00:00,43.51203113794327,16.37233299203217,102,2026-05-12T12:10:10.954711+00:00,844,1,2.331,781.361,139.86,198.603,1,Start,Finish,245,43.5109103500155,16.363974050014804,686,260,198,62,,,False,
2026-05-12T12:02:32+00:00,43.512018498033285,16.372329069301486,101,2026-05-12T12:10:10.954711+00:00,844,1,1.441,782.802,86.46,192.684,1,Start,Finish,245,43.5109103500155,16.363974050014804,685,260,200,60,,,False,
2026-05-12T12:02:33+00:00,43.5120058581233,16.3723251465708,100,2026-05-12T12:10:10.954711+00:00,844,1,1.441,784.242,86.46,192.684,1,Start,Finish,245,43.5109103500155,16.363974050014804,684,260,200,60,,,False,
2026-05-12T12:02:34+00:00,43.51199321821332,16.372321223840117,100,2026-05-12T12:10:10.954711+00:00,844,1,1.441,785.683,86.46,192.684,1,Start,Finish,245,43.5109103500155,16.363974050014804,684,260,200,60,,,False,
2026-05-12T12:02:35+00:00,43.51198057830334,16.372317301109433,99,2026-05-12T12:10:10.954711+00:00,844,1,1.441,787.124,86.46,192.684,1,Start,Finish,245,43.5109103500155,16.363974050014804,683,260,200,60,,,False,
2026-05-12T12:02:36+00:00,43.511967938393354,16.37231337837875,98,2026-05-12T12:10:10.954711+00:00,844,1,1.441,788.564,86.46,192.684,1,Start,Finish,245,43.5109103500155,16.363974050014804,683,260,200,60,,,False,
2026-05-12T12:02:37+00:00,43.511955994181335,16.372300637885928,98,2026-05-12T12:10:10.954711+00:00,844,1,1.679,790.243,100.74,217.725,1,Start,Finish,245,43.5109103500155,16.363974050014804,681,260,200,60,,,False,
2026-05-12T12:02:38+00:00,43.511944049969316,16.372287897393107,98,2026-05-12T12:10:10.954711+00:00,844,1,1.679,791.923,100.74,217.725,1,Start,Finish,245,43.5109103500155,16.363974050014804,680,260,201,59,,,False,
2026-05-12T12:02:39+00:00,43.51192376576364,16.37227614596486,99,2026-05-12T12:10:10.954711+00:00,844,1,2.446,794.369,146.76,202.79,1,Start,Finish,245,43.5109103500155,16.363974050014804,679,260,203,57,,,False,
2026-05-12T12:02:40+00:00,43.511903481557965,16.372264394536614,99,2026-05-12T12:10:10.954711+00:00,844,1,2.446,796.816,146.76,202.79,1,Start,Finish,245,43.5109103500155,16.363974050014804,678,261,203,58,,,False,
2026-05-12T12:02:41+00:00,43.51188319735229,16.372252643108368,100,2026-05-12T12:10:10.954711+00:00,844,1,2.446,799.262,146.76,202.79,1,Start,Finish,245,43.5109103500155,16.363974050014804,676,261,205,56,,,False,
2026-05-12T12:02:42+00:00,43.511862913146615,16.37224089168012,100,2026-05-12T12:10:10.954711+00:00,844,1,2.446,801.709,146.76,202.79,1,Start,Finish,245,43.5109103500155,16.363974050014804,675,261,204,57,,,False,
2026-05-12T12:02:43+00:00,43.51184262894094,16.372229140251875,101,2026-05-12T12:10:10.954711+00:00,844,1,2.446,804.155,146.76,202.79,1,Start,Finish,245,43.5109103500155,16.363974050014804,674,261,202,59,,,False,
2026-05-12T12:02:44+00:00,43.5118252504617,16.3722203951329,100,2026-05-12T12:10:10.954711+00:00,844,1,2.057,806.212,123.42,200.049,1,Start,Finish,245,43.5109103500155,16.363974050014804,673,261,203,58,,,False,
2026-05-12T12:02:45+00:00,43.511807871982455,16.372211650013924,100,2026-05-12T12:10:10.954711+00:00,844,1,2.057,808.269,123.42,200.049,1,Start,Finish,245,43.5109103500155,16.363974050014804,672,261,203,58,,,False,
2026-05-12T12:02:46+00:00,43.51179049350321,16.372202904894948,99,2026-05-12T12:10:10.954711+00:00,844,1,2.057,810.326,123.42,200.049,1,Start,Finish,245,43.5109103500155,16.363974050014804,671,262,203,59,,,False,
2026-05-12T12:02:47+00:00,43.51177058648318,16.372189703397453,98,2026-05-12T12:10:10.954711+00:00,844,1,2.456,812.783,147.36,205.685,1,Start,Finish,245,43.5109103500155,16.363974050014804,669,262,204,58,,,False,
2026-05-12T12:02:48+00:00,43.51175067946315,16.372176501899958,98,2026-05-12T12:10:10.954711+00:00,844,1,2.456,815.239,147.36,205.685,1,Start,Finish,245,43.5109103500155,16.363974050014804,668,262,204,58,,,False,
2026-05-12T12:02:49+00:00,43.51173077244312,16.372163300402462,97,2026-05-12T12:10:10.954711+00:00,844,1,2.456,817.695,147.36,205.685,1,Start,Finish,245,43.5109103500155,16.363974050014804,667,262,205,57,,,False,
2026-05-12T12:02:50+00:00,43.51171086542308,16.372150098904967,96,2026-05-12T12:10:10.954711+00:00,844,1,2.456,820.151,147.36,205.685,1,Start,Finish,245,43.5109103500155,16.363974050014804,665,262,205,57,,,False,
2026-05-12T12:02:51+00:00,43.51169312372804,16.3721380289644,97,2026-05-12T12:10:10.954711+00:00,844,1,2.2,822.351,132.0,206.261,1,Start,Finish,245,43.5109103500155,16.363974050014804,664,262,205,57,,,False,
2026-05-12T12:02:52+00:00,43.51167538203299,16.372125959023833,97,2026-05-12T12:10:10.954711+00:00,844,1,2.2,824.551,132.0,206.261,1,Start,Finish,245,43.5109103500155,16.363974050014804,663,263,205,58,,,False,
2026-05-12T12:02:53+00:00,43.511657640337944,16.372113889083266,98,2026-05-12T12:10:10.954711+00:00,844,1,2.2,826.751,132.0,206.261,1,Start,Finish,245,43.5109103500155,16.363974050014804,662,263,205,58,,,False,
2026-05-12T12:02:54+00:00,43.511638613417745,16.372103914618492,100,2026-05-12T12:10:10.954711+00:00,844,1,2.263,829.014,135.78,200.816,1,Start,Finish,245,43.5109103500155,16.363974050014804,661,263,206,57,,,False,
2026-05-12T12:02:55+00:00,43.511619586497545,16.372093940153718,101,2026-05-12T12:10:10.954711+00:00,844,1,2.263,831.278,135.78,200.816,1,Start,Finish,245,43.5109103500155,16.363974050014804,660,263,206,57,,,False,
2026-05-12T12:02:56+00:00,43.51160139776766,16.372081199660897,104,2026-05-12T12:10:10.954711+00:00,844,1,2.268,833.546,136.08,206.931,1,Start,Finish,245,43.5109103500155,16.363974050014804,658,263,207,56,,,False,
2026-05-12T12:02:57+00:00,43.51158262230456,16.372068291530013,105,2026-05-12T12:10:10.954711+00:00,844,1,2.333,835.879,139.98,206.501,1,Start,Finish,245,43.5109103500155,16.363974050014804,657,263,207,56,,,False,
2026-05-12T12:02:58+00:00,43.51156349759549,16.372052617371082,106,2026-05-12T12:10:10.954711+00:00,844,1,2.474,838.353,148.44,210.727,1,Start,Finish,245,43.5109103500155,16.363974050014804,656,264,208,56,,,False,
2026-05-12T12:02:59+00:00,43.51154437288642,16.37203694321215,106,2026-05-12T12:10:10.954711+00:00,844,1,2.474,840.827,148.44,210.727,1,Start,Finish,245,43.5109103500155,16.363974050014804,654,264,209,55,,,False,
2026-05-12T12:03:00+00:00,43.51152524817735,16.37202126905322,107,2026-05-12T12:10:10.954711+00:00,844,1,2.474,843.301,148.44,210.727,1,Start,Finish,245,43.5109103500155,16.363974050014804,653,264,209,55,,,False,
2026-05-12T12:03:01+00:00,43.51150612346828,16.37200559489429,108,2026-05-12T12:10:10.954711+00:00,844,1,2.474,845.775,148.44,210.727,1,Start,Finish,245,43.5109103500155,16.363974050014804,651,264,208,56,,,False,
2026-05-12T12:03:02+00:00,43.51148699875921,16.37198992073536,108,2026-05-12T12:10:10.954711+00:00,844,1,2.474,848.248,148.44,210.727,1,Start,Finish,245,43.5109103500155,16.363974050014804,650,264,208,56,,,False,
2026-05-12T12:03:03+00:00,43.51146787405014,16.37197424657643,109,2026-05-12T12:10:10.954711+00:00,844,1,2.474,850.722,148.44,210.727,1,Start,Finish,245,43.5109103500155,16.363974050014804,648,265,207,58,,,False,
2026-05-12T12:03:04+00:00,43.51144876331091,16.371964355930686,110,2026-05-12T12:10:10.954711+00:00,844,1,2.27,852.992,136.2,200.573,1,Start,Finish,245,43.5109103500155,16.363974050014804,647,265,207,58,,,False,
2026-05-12T12:03:05+00:00,43.51142965257168,16.371954465284944,112,2026-05-12T12:10:10.954711+00:00,844,1,2.27,855.262,136.2,200.573,1,Start,Finish,245,43.5109103500155,16.363974050014804,646,265,207,58,,,False,
2026-05-12T12:03:06+00:00,43.51140953600407,16.37194105423987,115,2026-05-12T12:10:10.954711+00:00,844,1,2.485,857.746,149.1,205.803,1,Start,Finish,245,43.5109103500155,16.363974050014804,645,265,207,58,,,False,
2026-05-12T12:03:07+00:00,43.51138669531792,16.3719281880185,117,2026-05-12T12:10:10.954711+00:00,844,1,2.744,860.49,164.64,202.221,1,Start,Finish,245,43.5109103500155,16.363974050014804,644,265,208,57,,,False,
2026-05-12T12:03:08+00:00,43.51136385463178,16.371915321797132,119,2026-05-12T12:10:10.954711+00:00,844,1,2.744,863.233,164.64,202.221,1,Start,Finish,245,43.5109103500155,16.363974050014804,642,266,217,49,,,False,
2026-05-12T12:03:09+00:00,43.51134983589873,16.37190096778795,120,2026-05-12T12:10:10.954711+00:00,844,1,1.942,865.175,116.52,216.597,1,Start,Finish,245,43.5109103500155,16.363974050014804,641,266,223,43,,,False,
2026-05-12T12:03:10+00:00,43.51133581716567,16.37188661377877,120,2026-05-12T12:10:10.954711+00:00,844,1,1.942,867.117,116.52,216.597,1,Start,Finish,245,43.5109103500155,16.363974050014804,640,266,233,33,,,False,
2026-05-12T12:03:11+00:00,43.51132179843262,16.37187225976959,120,2026-05-12T12:10:10.954711+00:00,844,1,1.942,869.058,116.52,216.597,1,Start,Finish,245,43.5109103500155,16.363974050014804,639,266,243,23,,,False,
2026-05-12T12:03:12+00:00,43.51130777969957,16.371857905760407,121,2026-05-12T12:10:10.954711+00:00,844,1,1.942,871.0,116.52,216.597,1,Start,Finish,245,43.5109103500155,16.363974050014804,637,266,253,13,,,False,
2026-05-12T12:03:13+00:00,43.51131138391793,16.371844075620174,122,2026-05-12T12:10:10.954711+00:00,844,1,1.185,872.185,71.1,289.765,1,Start,Finish,245,43.5109103500155,16.363974050014804,636,266,258,8,,,False,
2026-05-12T12:03:14+00:00,43.51131498813629,16.37183024547994,123,2026-05-12T12:10:10.954711+00:00,844,1,1.185,873.37,71.1,289.765,1,Start,Finish,245,43.5109103500155,16.363974050014804,635,266,263,3,,,False,
2026-05-12T12:03:15+00:00,43.5113250464201,16.3718039682135,125,2026-05-12T12:10:10.954711+00:00,844,1,2.396,875.766,143.76,297.825,1,Start,Finish,245,43.5109103500155,16.363974050014804,633,266,272,6,,,False,
2026-05-12T12:03:16+00:00,43.5113351047039,16.371777690947056,127,2026-05-12T12:10:10.954711+00:00,844,1,2.396,878.162,143.76,297.825,1,Start,Finish,245,43.5109103500155,16.363974050014804,631,266,282,16,,,False,
2026-05-12T12:03:17+00:00,43.5113411815837,16.371755143627524,129,2026-05-12T12:10:10.954711+00:00,844,1,1.94,880.102,116.4,290.386,1,Start,Finish,245,43.5109103500155,16.363974050014804,629,266,287,21,,,False,
2026-05-12T12:03:18+00:00,43.5113472584635,16.371732596307993,131,2026-05-12T12:10:10.954711+00:00,844,1,1.94,882.042,116.4,290.386,1,Start,Finish,245,43.5109103500155,16.363974050014804,628,266,293,27,,,False,
2026-05-12T12:03:19+00:00,43.51135455071926,16.37171038426459,131,2026-05-12T12:10:10.954711+00:00,844,1,1.966,884.008,117.96,294.355,1,Start,Finish,245,43.5109103500155,16.363974050014804,626,265,295,30,,,False,
2026-05-12T12:03:20+00:00,43.51136184297502,16.371688172221184,132,2026-05-12T12:10:10.954711+00:00,844,1,1.966,885.974,117.96,294.355,1,Start,Finish,245,43.5109103500155,16.363974050014804,624,265,294,29,,,False,
2026-05-12T12:03:21+00:00,43.51136913523078,16.37166596017778,132,2026-05-12T12:10:10.954711+00:00,844,1,1.966,887.941,117.96,294.355,1,Start,Finish,245,43.5109103500155,16.363974050014804,622,265,293,28,,,False,
2026-05-12T12:03:22+00:00,43.51137785241008,16.371640814468265,136,2026-05-12T12:10:10.954711+00:00,844,1,2.248,890.188,134.88,295.548,1,Start,Finish,245,43.5109103500155,16.363974050014804,620,265,293,28,,,False,
2026-05-12T12:03:23+00:00,43.51138656958938,16.37161566875875,139,2026-05-12T12:10:10.954711+00:00,844,1,2.248,892.436,134.88,295.548,1,Start,Finish,245,43.5109103500155,16.363974050014804,619,265,293,28,,,False,
2026-05-12T12:03:24+00:00,43.51139446534216,16.37158477306366,138,2026-05-12T12:10:10.954711+00:00,844,1,2.642,895.077,158.52,289.412,1,Start,Finish,245,43.5109103500155,16.363974050014804,616,265,292,27,,,False,
2026-05-12T12:03:25+00:00,43.51140236109495,16.37155387736857,138,2026-05-12T12:10:10.954711+00:00,844,1,2.642,897.719,158.52,289.412,1,Start,Finish,245,43.5109103500155,16.363974050014804,614,265,292,27,,,False,
2026-05-12T12:03:26+00:00,43.51141025684774,16.37152298167348,137,2026-05-12T12:10:10.954711+00:00,844,1,2.642,900.361,158.52,289.412,1,Start,Finish,245,43.5109103500155,16.363974050014804,611,265,290,25,,,False,
2026-05-12T12:03:27+00:00,43.51141815260053,16.37149208597839,137,2026-05-12T12:10:10.954711+00:00,844,1,2.642,903.002,158.52,289.412,1,Start,Finish,245,43.5109103500155,16.363974050014804,609,265,288,23,,,False,
2026-05-12T12:03:28+00:00,43.511426048353314,16.3714611902833,136,2026-05-12T12:10:10.954711+00:00,844,1,2.642,905.644,158.52,289.412,1,Start,Finish,245,43.5109103500155,16.363974050014804,607,265,287,22,,,False,
2026-05-12T12:03:29+00:00,43.51143258623779,16.371427662670612,136,2026-05-12T12:10:10.954711+00:00,844,1,2.8,908.444,168.0,285.05,1,Start,Finish,245,43.5109103500155,16.363974050014804,604,264,287,23,,,False,
2026-05-12T12:03:30+00:00,43.51143823005259,16.371399289928377,136,2026-05-12T12:10:10.954711+00:00,844,1,2.373,910.816,142.38,285.338,1,Start,Finish,245,43.5109103500155,16.363974050014804,602,264,286,22,,,False,
2026-05-12T12:03:31+00:00,43.51144387386739,16.37137091718614,136,2026-05-12T12:10:10.954711+00:00,844,1,2.373,913.189,142.38,285.338,1,Start,Finish,245,43.5109103500155,16.363974050014804,599,264,286,22,,,False,
2026-05-12T12:03:32+00:00,43.511449517682195,16.371342544443905,136,2026-05-12T12:10:10.954711+00:00,844,1,2.373,915.562,142.38,285.338,1,Start,Finish,245,43.5109103500155,16.363974050014804,597,264,286,22,,,False,
2026-05-12T12:03:33+00:00,43.511455161497,16.37131417170167,136,2026-05-12T12:10:10.954711+00:00,844,1,2.373,917.934,142.38,285.338,1,Start,Finish,245,43.5109103500155,16.363974050014804,595,264,285,21,,,False,
2026-05-12T12:03:34+00:00,43.5114608053118,16.371285798959434,136,2026-05-12T12:10:10.954711+00:00,844,1,2.373,920.307,142.38,285.338,1,Start,Finish,245,43.5109103500155,16.363974050014804,593,264,286,22,,,False,
2026-05-12T12:03:35+00:00,43.5114664491266,16.3712574262172,136,2026-05-12T12:10:10.954711+00:00,844,1,2.373,922.679,142.38,285.338,1,Start,Finish,245,43.5109103500155,16.363974050014804,591,264,286,22,,,False,
2026-05-12T12:03:36+00:00,43.51147131063044,16.371228508651257,136,2026-05-12T12:10:10.954711+00:00,844,1,2.394,925.073,143.64,283.051,1,Start,Finish,245,43.5109103500155,16.363974050014804,588,264,286,22,,,False,
2026-05-12T12:03:37+00:00,43.51147617213428,16.371199591085315,136,2026-05-12T12:10:10.954711+00:00,844,1,2.394,927.467,143.64,283.051,1,Start,Finish,245,43.5109103500155,16.363974050014804,586,264,287,23,,,False,
2026-05-12T12:03:38+00:00,43.51148528745398,16.371168431360275,135,2026-05-12T12:10:10.954711+00:00,844,1,2.71,930.176,162.6,291.967,1,Start,Finish,245,43.5109103500155,16.363974050014804,584,264,288,24,,,False,
2026-05-12T12:03:39+00:00,43.51149440277368,16.371137271635234,134,2026-05-12T12:10:10.954711+00:00,844,1,2.71,932.886,162.6,291.967,1,Start,Finish,245,43.5109103500155,16.363974050014804,581,264,289,25,,,False,
2026-05-12T12:03:40+00:00,43.51150351809338,16.371106111910194,133,2026-05-12T12:10:10.954711+00:00,844,1,2.71,935.595,162.6,291.967,1,Start,Finish,245,43.5109103500155,16.363974050014804,579,263,289,26,,,False,
2026-05-12T12:03:41+00:00,43.51151263341307,16.371074952185154,132,2026-05-12T12:10:10.954711+00:00,844,1,2.71,938.305,162.6,291.967,1,Start,Finish,245,43.5109103500155,16.363974050014804,577,263,290,27,,,False,
2026-05-12T12:03:42+00:00,43.5115192970261,16.371048046275973,130,2026-05-12T12:10:10.954711+00:00,844,1,2.293,940.598,137.58,288.855,1,Start,Finish,245,43.5109103500155,16.363974050014804,574,263,289,26,,,False,
2026-05-12T12:03:43+00:00,43.51152596063912,16.371021140366793,129,2026-05-12T12:10:10.954711+00:00,844,1,2.293,942.891,137.58,288.855,1,Start,Finish,245,43.5109103500155,16.363974050014804,572,263,289,26,,,False,
2026-05-12T12:03:44+00:00,43.51153168827295,16.370995435863733,129,2026-05-12T12:10:10.954711+00:00,844,1,2.169,945.059,130.14,287.079,1,Start,Finish,245,43.5109103500155,16.363974050014804,570,263,289,26,,,False,
2026-05-12T12:03:45+00:00,43.51153741590679,16.370969731360674,129,2026-05-12T12:10:10.954711+00:00,844,1,2.169,947.228,130.14,287.079,1,Start,Finish,245,43.5109103500155,16.363974050014804,568,263,288,25,,,False,
2026-05-12T12:03:46+00:00,43.51154314354062,16.370944026857615,129,2026-05-12T12:10:10.954711+00:00,844,1,2.169,949.396,130.14,287.079,1,Start,Finish,245,43.5109103500155,16.363974050014804,566,263,289,26,,,False,
2026-05-12T12:03:47+00:00,43.511548871174455,16.370918322354555,129,2026-05-12T12:10:10.954711+00:00,844,1,2.169,951.565,130.14,287.079,1,Start,Finish,245,43.5109103500155,16.363974050014804,564,263,289,26,,,False,
2026-05-12T12:03:48+00:00,43.51155459880829,16.370892617851496,129,2026-05-12T12:10:10.954711+00:00,844,1,2.169,953.733,130.14,287.079,1,Start,Finish,245,43.5109103500155,16.363974050014804,563,263,291,28,,,False,
2026-05-12T12:03:49+00:00,43.51156032644212,16.370866913348436,129,2026-05-12T12:10:10.954711+00:00,844,1,2.169,955.902,130.14,287.079,1,Start,Finish,245,43.5109103500155,16.363974050014804,561,263,292,29,,,False,
2026-05-12T12:03:50+00:00,43.511574366129935,16.370837576687336,128,2026-05-12T12:10:10.954711+00:00,844,1,2.834,958.736,170.04,303.42,1,Start,Finish,245,43.5109103500155,16.363974050014804,558,262,292,30,,,False,
2026-05-12T12:03:51+00:00,43.51158840581775,16.370808240026236,128,2026-05-12T12:10:10.954711+00:00,844,1,2.834,961.57,170.04,303.42,1,Start,Finish,245,43.5109103500155,16.363974050014804,556,262,293,31,,,False,
2026-05-12T12:03:52+00:00,43.51159680169076,16.370777701959014,128,2026-05-12T12:10:10.954711+00:00,844,1,2.634,964.204,158.04,290.761,1,Start,Finish,245,43.5109103500155,16.363974050014804,554,262,294,32,,,False,
2026-05-12T12:03:53+00:00,43.51160519756377,16.370747163891792,129,2026-05-12T12:10:10.954711+00:00,844,1,2.634,966.838,158.04,290.761,1,Start,Finish,245,43.5109103500155,16.363974050014804,552,262,294,32,,,False,
2026-05-12T12:03:54+00:00,43.51161359343678,16.37071662582457,129,2026-05-12T12:10:10.954711+00:00,844,1,2.634,969.472,158.04,290.761,1,Start,Finish,245,43.5109103500155,16.363974050014804,549,262,293,31,,,False,
2026-05-12T12:03:55+00:00,43.51162198930979,16.37068608775735,129,2026-05-12T12:10:10.954711+00:00,844,1,2.634,972.105,158.04,290.761,1,Start,Finish,245,43.5109103500155,16.363974050014804,547,262,291,29,,,False,
2026-05-12T12:03:56+00:00,43.5116303851828,16.370655549690127,130,2026-05-12T12:10:10.954711+00:00,844,1,2.634,974.739,158.04,290.761,1,Start,Finish,245,43.5109103500155,16.363974050014804,545,262,290,28,,,False,
2026-05-12T12:03:57+00:00,43.51163878105581,16.370625011622906,130,2026-05-12T12:10:10.954711+00:00,844,1,2.634,977.373,158.04,290.761,1,Start,Finish,245,43.5109103500155,16.363974050014804,542,261,291,30,,,False,
2026-05-12T12:03:58+00:00,43.51164587773383,16.370598105713725,129,2026-05-12T12:10:10.954711+00:00,844,1,2.309,979.681,138.54,289.986,1,Start,Finish,245,43.5109103500155,16.363974050014804,540,261,292,31,,,False,
2026-05-12T12:03:59+00:00,43.511652974411845,16.370571199804544,127,2026-05-12T12:10:10.954711+00:00,844,1,2.309,981.99,138.54,289.986,1,Start,Finish,245,43.5109103500155,16.363974050014804,538,261,292,31,,,False,
2026-05-12T12:04:00+00:00,43.511660071089864,16.370544293895364,126,2026-05-12T12:10:10.954711+00:00,844,1,2.309,984.299,138.54,289.986,1,Start,Finish,245,43.5109103500155,16.363974050014804,536,261,293,32,,,False,
2026-05-12T12:04:01+00:00,43.5116694169119,16.37051770929247,126,2026-05-12T12:10:10.954711+00:00,844,1,2.382,986.681,142.92,295.861,1,Start,Finish,245,43.5109103500155,16.363974050014804,534,261,293,32,,,False,
2026-05-12T12:04:02+00:00,43.511678762733936,16.37049112468958,126,2026-05-12T12:10:10.954711+00:00,844,1,2.382,989.064,142.92,295.861,1,Start,Finish,245,43.5109103500155,16.363974050014804,532,261,294,33,,,False,
2026-05-12T12:04:03+00:00,43.51168810855597,16.370464540086687,126,2026-05-12T12:10:10.954711+00:00,844,1,2.382,991.446,142.92,295.861,1,Start,Finish,245,43.5109103500155,16.363974050014804,531,261,294,33,,,False,
2026-05-12T12:04:04+00:00,43.51169745437801,16.370437955483794,126,2026-05-12T12:10:10.954711+00:00,844,1,2.382,993.829,142.92,295.861,1,Start,Finish,245,43.5109103500155,16.363974050014804,529,260,294,34,,,False,
2026-05-12T12:04:05+00:00,43.511706800200045,16.370411370880902,126,2026-05-12T12:10:10.954711+00:00,844,1,2.382,996.211,142.92,295.861,1,Start,Finish,245,43.5109103500155,16.363974050014804,527,260,293,33,,,False,
2026-05-12T12:04:06+00:00,43.51171614602208,16.37038478627801,126,2026-05-12T12:10:10.954711+00:00,844,1,2.382,998.594,142.92,295.861,1,Start,Finish,245,43.5109103500155,16.363974050014804,525,260,291,31,,,False,
2026-05-12T12:04:07+00:00,43.511722683906555,16.37036110740155,126,2026-05-12T12:10:10.954711+00:00,844,1,2.043,1000.637,122.58,290.843,1,Start,Finish,245,43.5109103500155,16.363974050014804,523,260,288,28,,,False,
2026-05-12T12:04:08+00:00,43.51172922179103,16.37033742852509,126,2026-05-12T12:10:10.954711+00:00,844,1,2.043,1002.68,122.58,290.843,1,Start,Finish,245,43.5109103500155,16.363974050014804,521,260,286,26,,,False,
2026-05-12T12:04:09+00:00,43.511731589678675,16.370311067439616,127,2026-05-12T12:10:10.954711+00:00,844,1,2.142,1004.822,128.52,277.061,1,Start,Finish,245,43.5109103500155,16.363974050014804,519,260,284,24,,,False,
2026-05-12T12:04:10+00:00,43.51173395756632,16.37028470635414,128,2026-05-12T12:10:10.954711+00:00,844,1,2.142,1006.964,128.52,277.061,1,Start,Finish,245,43.5109103500155,16.363974050014804,517,260,282,22,,,False,
2026-05-12T12:04:11+00:00,43.51173632545397,16.370258345268667,128,2026-05-12T12:10:10.954711+00:00,844,1,2.142,1009.106,128.52,277.061,1,Start,Finish,245,43.5109103500155,16.363974050014804,515,260,280,20,,,False,
2026-05-12T12:04:12+00:00,43.51173869334161,16.370231984183192,129,2026-05-12T12:10:10.954711+00:00,844,1,2.142,1011.248,128.52,277.061,1,Start,Finish,245,43.5109103500155,16.363974050014804,513,260,279,19,,,False,
2026-05-12T12:04:13+00:00,43.51174185052514,16.370200691744685,129,2026-05-12T12:10:10.954711+00:00,844,1,2.548,1013.796,152.88,277.92,1,Start,Finish,245,43.5109103500155,16.363974050014804,511,260,277,17,,,False,
2026-05-12T12:04:14+00:00,43.51174500770867,16.370169399306178,129,2026-05-12T12:10:10.954711+00:00,844,1,2.548,1016.344,152.88,277.92,1,Start,Finish,245,43.5109103500155,16.363974050014804,508,259,277,18,,,False,
2026-05-12T12:04:15+00:00,43.5117481648922,16.37013810686767,129,2026-05-12T12:10:10.954711+00:00,844,1,2.548,1018.892,152.88,277.92,1,Start,Finish,245,43.5109103500155,16.363974050014804,506,259,277,18,,,False,
2026-05-12T12:04:16+00:00,43.51175023242831,16.37010756880045,130,2026-05-12T12:10:10.954711+00:00,844,1,2.473,1021.365,148.38,275.333,1,Start,Finish,245,43.5109103500155,16.363974050014804,503,259,276,17,,,False,
2026-05-12T12:04:17+00:00,43.51175229996443,16.370077030733228,130,2026-05-12T12:10:10.954711+00:00,844,1,2.473,1023.838,148.38,275.333,1,Start,Finish,245,43.5109103500155,16.363974050014804,501,259,276,17,,,False,
2026-05-12T12:04:18+00:00,43.511754367500544,16.370046492666006,130,2026-05-12T12:10:10.954711+00:00,844,1,2.473,1026.312,148.38,275.333,1,Start,Finish,245,43.5109103500155,16.363974050014804,499,259,274,15,,,False,
2026-05-12T12:04:19+00:00,43.51175643503666,16.370015954598784,131,2026-05-12T12:10:10.954711+00:00,844,1,2.473,1028.785,148.38,275.333,1,Start,Finish,245,43.5109103500155,16.363974050014804,496,259,271,12,,,False,
2026-05-12T12:04:20+00:00,43.511758502572775,16.369985416531563,132,2026-05-12T12:10:10.954711+00:00,844,1,2.473,1031.259,148.38,275.333,1,Start,Finish,245,43.5109103500155,16.363974050014804,494,259,271,12,,,False,
2026-05-12T12:04:21+00:00,43.51176057010889,16.36995487846434,132,2026-05-12T12:10:10.954711+00:00,844,1,2.473,1033.732,148.38,275.333,1,Start,Finish,245,43.5109103500155,16.363974050014804,491,259,271,12,,,False,
2026-05-12T12:04:22+00:00,43.511756085790694,16.369929146021605,132,2026-05-12T12:10:10.954711+00:00,844,1,2.134,1035.866,128.04,256.489,1,Start,Finish,245,43.5109103500155,16.363974050014804,489,259,272,13,,,False,
2026-05-12T12:04:23+00:00,43.5117516014725,16.369903413578868,133,2026-05-12T12:10:10.954711+00:00,844,1,2.134,1038.0,128.04,256.489,1,Start,Finish,245,43.5109103500155,16.363974050014804,487,259,272,13,,,False,
2026-05-12T12:04:24+00:00,43.51175397634506,16.36987404897809,133,2026-05-12T12:10:10.954711+00:00,844,1,2.383,1040.383,142.98,276.363,1,Start,Finish,245,43.5109103500155,16.363974050014804,485,259,272,13,,,False,
2026-05-12T12:04:25+00:00,43.51175635121763,16.369844684377313,134,2026-05-12T12:10:10.954711+00:00,844,1,2.383,1042.766,142.98,276.363,1,Start,Finish,245,43.5109103500155,16.363974050014804,483,259,272,13,,,False,
2026-05-12T12:04:26+00:00,43.51175872609019,16.369815319776535,134,2026-05-12T12:10:10.954711+00:00,844,1,2.383,1045.148,142.98,276.363,1,Start,Finish,245,43.5109103500155,16.363974050014804,480,259,273,14,,,False,
2026-05-12T12:04:27+00:00,43.51176110096276,16.369785955175757,134,2026-05-12T12:10:10.954711+00:00,844,1,2.383,1047.531,142.98,276.363,1,Start,Finish,245,43.5109103500155,16.363974050014804,478,259,277,18,,,False,
2026-05-12T12:04:28+00:00,43.51176347583532,16.36975659057498,135,2026-05-12T12:10:10.954711+00:00,844,1,2.383,1049.914,142.98,276.363,1,Start,Finish,245,43.5109103500155,16.363974050014804,476,259,281,22,,,False,
2026-05-12T12:04:29+00:00,43.51176585070789,16.369727225974202,135,2026-05-12T12:10:10.954711+00:00,844,1,2.383,1052.297,142.98,276.363,1,Start,Finish,245,43.5109103500155,16.363974050014804,474,258,283,25,,,False,
2026-05-12T12:04:30+00:00,43.511772262863815,16.36969881132245,135,2026-05-12T12:10:10.954711+00:00,844,1,2.4,1054.696,144.0,287.284,1,Start,Finish,245,43.5109103500155,16.363974050014804,472,258,285,27,,,False,
2026-05-12T12:04:31+00:00,43.51177867501974,16.3696703966707,135,2026-05-12T12:10:10.954711+00:00,844,1,2.4,1057.096,144.0,287.284,1,Start,Finish,245,43.5109103500155,16.363974050014804,469,258,286,28,,,False,
2026-05-12T12:04:32+00:00,43.51178720779717,16.36964352428913,136,2026-05-12T12:10:10.954711+00:00,844,1,2.366,1059.462,141.96,293.645,1,Start,Finish,245,43.5109103500155,16.363974050014804,467,258,288,30,,,False,
2026-05-12T12:04:33+00:00,43.5117957405746,16.369616651907563,136,2026-05-12T12:10:10.954711+00:00,844,1,2.366,1061.827,141.96,293.645,1,Start,Finish,245,43.5109103500155,16.363974050014804,466,258,290,32,,,False,
2026-05-12T12:04:34+00:00,43.51180427335203,16.369589779525995,137,2026-05-12T12:10:10.954711+00:00,844,1,2.366,1064.193,141.96,293.645,1,Start,Finish,245,43.5109103500155,16.363974050014804,464,258,291,33,,,False,
2026-05-12T12:04:35+00:00,43.511812806129456,16.369562907144427,137,2026-05-12T12:10:10.954711+00:00,844,1,2.366,1066.559,141.96,293.645,1,Start,Finish,245,43.5109103500155,16.363974050014804,462,257,291,34,,,False,
2026-05-12T12:04:36+00:00,43.51182133890688,16.36953603476286,138,2026-05-12T12:10:10.954711+00:00,844,1,2.366,1068.924,141.96,293.645,1,Start,Finish,245,43.5109103500155,16.363974050014804,460,257,290,33,,,False,
2026-05-12T12:04:37+00:00,43.51182829588652,16.369505133479834,137,2026-05-12T12:10:10.954711+00:00,844,1,2.609,1071.534,156.54,287.246,1,Start,Finish,245,43.5109103500155,16.363974050014804,458,257,288,31,,,False,
2026-05-12T12:04:38+00:00,43.51183525286615,16.369474232196808,137,2026-05-12T12:10:10.954711+00:00,844,1,2.609,1074.143,156.54,287.246,1,Start,Finish,245,43.5109103500155,16.363974050014804,455,257,287,30,,,False,
2026-05-12T12:04:39+00:00,43.51184220984578,16.369443330913782,136,2026-05-12T12:10:10.954711+00:00,844,1,2.609,1076.752,156.54,287.246,1,Start,Finish,245,43.5109103500155,16.363974050014804,453,257,284,27,,,False,
2026-05-12T12:04:40+00:00,43.51184538099915,16.36941764038056,136,2026-05-12T12:10:10.954711+00:00,844,1,2.102,1078.854,126.12,279.659,1,Start,Finish,245,43.5109103500155,16.363974050014804,451,257,284,27,,,False,
2026-05-12T12:04:41+00:00,43.511848552152514,16.36939194984734,137,2026-05-12T12:10:10.954711+00:00,844,1,2.102,1080.955,126.12,279.659,1,Start,Finish,245,43.5109103500155,16.363974050014804,449,257,282,25,,,False,
2026-05-12T12:04:42+00:00,43.51185172330588,16.36936625931412,138,2026-05-12T12:10:10.954711+00:00,844,1,2.102,1083.057,126.12,279.659,1,Start,Finish,245,43.5109103500155,16.363974050014804,447,256,282,26,,,False,
2026-05-12T12:04:43+00:00,43.51185489445925,16.3693405687809,138,2026-05-12T12:10:10.954711+00:00,844,1,2.102,1085.158,126.12,279.659,1,Start,Finish,245,43.5109103500155,16.363974050014804,445,256,283,27,,,False,
2026-05-12T12:04:44+00:00,43.511858065612614,16.36931487824768,138,2026-05-12T12:10:10.954711+00:00,844,1,2.102,1087.26,126.12,279.659,1,Start,Finish,245,43.5109103500155,16.363974050014804,443,256,283,27,,,False,
2026-05-12T12:04:45+00:00,43.51186123676598,16.369289187714458,139,2026-05-12T12:10:10.954711+00:00,844,1,2.102,1089.361,126.12,279.659,1,Start,Finish,245,43.5109103500155,16.363974050014804,441,256,284,28,,,False,
2026-05-12T12:04:46+00:00,43.51186813088134,16.369262197986245,139,2026-05-12T12:10:10.954711+00:00,844,1,2.308,1091.669,138.48,289.403,1,Start,Finish,245,43.5109103500155,16.363974050014804,440,256,286,30,,,False,
2026-05-12T12:04:47+00:00,43.5118750249967,16.369235208258033,138,2026-05-12T12:10:10.954711+00:00,844,1,2.308,1093.976,138.48,289.403,1,Start,Finish,245,43.5109103500155,16.363974050014804,438,256,288,32,,,False,
2026-05-12T12:04:48+00:00,43.51188191911206,16.36920821852982,138,2026-05-12T12:10:10.954711+00:00,844,1,2.308,1096.284,138.48,289.403,1,Start,Finish,245,43.5109103500155,16.363974050014804,436,256,290,34,,,False,
2026-05-12T12:04:49+00:00,43.511888813227415,16.369181228801608,138,2026-05-12T12:10:10.954711+00:00,844,1,2.308,1098.592,138.48,289.403,1,Start,Finish,245,43.5109103500155,16.363974050014804,434,255,292,37,,,False,
2026-05-12T12:04:50+00:00,43.511898829601705,16.369154169224203,138,2026-05-12T12:10:10.954711+00:00,844,1,2.45,1101.042,147.0,297.04,1,Start,Finish,245,43.5109103500155,16.363974050014804,432,255,294,39,,,False,
2026-05-12T12:04:51+00:00,43.511908845975995,16.369127109646797,137,2026-05-12T12:10:10.954711+00:00,844,1,2.45,1103.491,147.0,297.04,1,Start,Finish,245,43.5109103500155,16.363974050014804,430,255,294,39,,,False,
2026-05-12T12:04:52+00:00,43.511918862350285,16.36910005006939,137,2026-05-12T12:10:10.954711+00:00,844,1,2.45,1105.941,147.0,297.04,1,Start,Finish,245,43.5109103500155,16.363974050014804,428,255,296,41,,,False,
2026-05-12T12:04:53+00:00,43.511928878724575,16.369072990491986,137,2026-05-12T12:10:10.954711+00:00,844,1,2.45,1108.391,147.0,297.04,1,Start,Finish,245,43.5109103500155,16.363974050014804,427,255,297,42,,,False,
2026-05-12T12:04:54+00:00,43.511938895098865,16.36904593091458,136,2026-05-12T12:10:10.954711+00:00,844,1,2.45,1110.841,147.0,297.04,1,Start,Finish,245,43.5109103500155,16.363974050014804,425,254,298,44,,,False,
2026-05-12T12:04:55+00:00,43.511948911473155,16.369018871337175,136,2026-05-12T12:10:10.954711+00:00,844,1,2.45,1113.291,147.0,297.04,1,Start,Finish,245,43.5109103500155,16.363974050014804,423,254,297,43,,,False,
2026-05-12T12:04:56+00:00,43.511961149051785,16.368993893265724,136,2026-05-12T12:10:10.954711+00:00,844,1,2.431,1115.722,145.86,304.041,1,Start,Finish,245,43.5109103500155,16.363974050014804,421,254,296,42,,,False,
2026-05-12T12:04:57+00:00,43.51197548210621,16.368963299319148,129,2026-05-12T12:10:10.954711+00:00,844,1,2.937,1118.659,176.22,302.862,1,Start,Finish,245,43.5109103500155,16.363974050014804,419,254,294,40,,,False,
2026-05-12T12:04:58+00:00,43.51198115386069,16.368940290994942,129,2026-05-12T12:10:10.954711+00:00,844,1,1.96,1120.619,117.6,288.773,1,Start,Finish,245,43.5109103500155,16.363974050014804,418,253,293,40,,,False,
2026-05-12T12:04:59+00:00,43.51198682561517,16.368917282670736,130,2026-05-12T12:10:10.954711+00:00,844,1,1.96,1122.579,117.6,288.773,1,Start,Finish,245,43.5109103500155,16.363974050014804,416,253,293,40,,,False,
2026-05-12T12:05:00+00:00,43.51199249736965,16.36889427434653,130,2026-05-12T12:10:10.954711+00:00,844,1,1.96,1124.538,117.6,288.773,1,Start,Finish,245,43.5109103500155,16.363974050014804,415,253,294,41,,,False,
2026-05-12T12:05:01+00:00,43.511998169124126,16.368871266022325,130,2026-05-12T12:10:10.954711+00:00,844,1,1.96,1126.498,117.6,288.773,1,Start,Finish,245,43.5109103500155,16.363974050014804,413,253,294,41,,,False,
2026-05-12T12:05:02+00:00,43.512003840878606,16.36884825769812,131,2026-05-12T12:10:10.954711+00:00,844,1,1.96,1128.458,117.6,288.773,1,Start,Finish,245,43.5109103500155,16.363974050014804,411,253,295,42,,,False,
2026-05-12T12:05:03+00:00,43.512009512633085,16.368825249373913,131,2026-05-12T12:10:10.954711+00:00,844,1,1.96,1130.417,117.6,288.773,1,Start,Finish,245,43.5109103500155,16.363974050014804,410,253,294,41,,,False,
2026-05-12T12:05:04+00:00,43.51202292367816,16.368797505274415,130,2026-05-12T12:10:10.954711+00:00,844,1,2.689,1133.106,161.34,303.684,1,Start,Finish,245,43.5109103500155,16.363974050014804,408,252,295,43,,,False,
2026-05-12T12:05:05+00:00,43.512036334723234,16.368769761174917,130,2026-05-12T12:10:10.954711+00:00,844,1,2.689,1135.795,161.34,303.684,1,Start,Finish,245,43.5109103500155,16.363974050014804,407,252,294,42,,,False,
2026-05-12T12:05:06+00:00,43.512048069387674,16.368745788931847,126,2026-05-12T12:10:10.954711+00:00,844,1,2.332,1138.127,139.92,304.018,1,Start,Finish,245,43.5109103500155,16.363974050014804,405,252,292,40,,,False,
2026-05-12T12:05:07+00:00,43.51205754093826,16.368720810860395,121,2026-05-12T12:10:10.954711+00:00,844,1,2.273,1140.4,136.38,297.603,1,Start,Finish,245,43.5109103500155,16.363974050014804,403,252,294,42,,,False,
2026-05-12T12:05:08+00:00,43.512062821537256,16.368696922436357,115,2026-05-12T12:10:10.954711+00:00,844,1,2.014,1142.414,120.84,286.951,1,Start,Finish,245,43.5109103500155,16.363974050014804,402,251,295,44,,,False,
2026-05-12T12:05:09+00:00,43.51206571329385,16.36867282446474,114,2026-05-12T12:10:10.954711+00:00,844,1,1.97,1144.384,118.2,279.395,1,Start,Finish,245,43.5109103500155,16.363974050014804,400,251,294,43,,,False,
2026-05-12T12:05:10+00:00,43.512068605050445,16.36864872649312,112,2026-05-12T12:10:10.954711+00:00,844,1,1.97,1146.354,118.2,279.395,1,Start,Finish,245,43.5109103500155,16.363974050014804,398,251,293,42,,,False,
2026-05-12T12:05:11+00:00,43.5120777413249,16.368625019676983,112,2026-05-12T12:10:10.954711+00:00,844,1,2.165,1148.519,129.9,297.986,1,Start,Finish,245,43.5109103500155,16.363974050014804,397,251,293,42,,,False,
2026-05-12T12:05:12+00:00,43.51208687759936,16.368601312860847,112,2026-05-12T12:10:10.954711+00:00,844,1,2.165,1150.683,129.9,297.986,1,Start,Finish,245,43.5109103500155,16.363974050014804,395,251,293,42,,,False,
2026-05-12T12:05:13+00:00,43.512096013873816,16.36857760604471,112,2026-05-12T12:10:10.954711+00:00,844,1,2.165,1152.848,129.9,297.986,1,Start,Finish,245,43.5109103500155,16.363974050014804,394,250,293,43,,,False,
2026-05-12T12:05:14+00:00,43.51210515014827,16.368553899228573,113,2026-05-12T12:10:10.954711+00:00,844,1,2.165,1155.013,129.9,297.986,1,Start,Finish,245,43.5109103500155,16.363974050014804,392,250,294,44,,,False,
2026-05-12T12:05:15+00:00,43.51211428642273,16.368530192412436,113,2026-05-12T12:10:10.954711+00:00,844,1,2.165,1157.178,129.9,297.986,1,Start,Finish,245,43.5109103500155,16.363974050014804,391,250,294,44,,,False,
2026-05-12T12:05:16+00:00,43.51212342269719,16.3685064855963,113,2026-05-12T12:10:10.954711+00:00,844,1,2.165,1159.343,129.9,297.986,1,Start,Finish,245,43.5109103500155,16.363974050014804,390,250,293,43,,,False,
2026-05-12T12:05:17+00:00,43.51212927605957,16.36848036199808,114,2026-05-12T12:10:10.954711+00:00,844,1,2.205,1161.548,132.3,287.169,1,Start,Finish,245,43.5109103500155,16.363974050014804,388,250,292,42,,,False,
2026-05-12T12:05:18+00:00,43.51213512942195,16.368454238399863,114,2026-05-12T12:10:10.954711+00:00,844,1,2.205,1163.753,132.3,287.169,1,Start,Finish,245,43.5109103500155,16.363974050014804,386,249,291,42,,,False,
2026-05-12T12:05:19+00:00,43.51214098278433,16.368428114801645,114,2026-05-12T12:10:10.954711+00:00,844,1,2.205,1165.958,132.3,287.169,1,Start,Finish,245,43.5109103500155,16.363974050014804,384,249,290,41,,,False,
2026-05-12T12:05:20+00:00,43.51214683614671,16.368401991203427,115,2026-05-12T12:10:10.954711+00:00,844,1,2.205,1168.163,132.3,287.169,1,Start,Finish,245,43.5109103500155,16.363974050014804,383,249,290,41,,,False,
2026-05-12T12:05:21+00:00,43.512152689509094,16.36837586760521,116,2026-05-12T12:10:10.954711+00:00,844,1,2.205,1170.368,132.3,287.169,1,Start,Finish,245,43.5109103500155,16.363974050014804,381,249,290,41,,,False,
2026-05-12T12:05:22+00:00,43.512158542871475,16.36834974400699,116,2026-05-12T12:10:10.954711+00:00,844,1,2.205,1172.573,132.3,287.169,1,Start,Finish,245,43.5109103500155,16.363974050014804,379,249,291,42,,,False,
2026-05-12T12:05:23+00:00,43.51216625422239,16.368325855582952,118,2026-05-12T12:10:10.954711+00:00,844,1,2.109,1174.681,126.54,293.994,1,Start,Finish,245,43.5109103500155,16.363974050014804,378,248,292,44,,,False,
2026-05-12T12:05:24+00:00,43.51217396557331,16.368301967158914,121,2026-05-12T12:10:10.954711+00:00,844,1,2.109,1176.79,126.54,293.994,1,Start,Finish,245,43.5109103500155,16.363974050014804,376,248,293,45,,,False,
2026-05-12T12:05:25+00:00,43.51218377240002,16.368276569992304,122,2026-05-12T12:10:10.954711+00:00,844,1,2.32,1179.11,139.2,298.033,1,Start,Finish,245,43.5109103500155,16.363974050014804,375,248,293,45,,,False,
2026-05-12T12:05:26+00:00,43.51219357922673,16.368251172825694,122,2026-05-12T12:10:10.954711+00:00,844,1,2.32,1181.43,139.2,298.033,1,Start,Finish,245,43.5109103500155,16.363974050014804,373,248,294,46,,,False,
2026-05-12T12:05:27+00:00,43.51220338605344,16.368225775659084,123,2026-05-12T12:10:10.954711+00:00,844,1,2.32,1183.751,139.2,298.033,1,Start,Finish,245,43.5109103500155,16.363974050014804,372,247,295,48,,,False,
2026-05-12T12:05:28+00:00,43.51221025921405,16.36820174753666,124,2026-05-12T12:10:10.954711+00:00,844,1,2.083,1185.834,124.98,291.525,1,Start,Finish,245,43.5109103500155,16.363974050014804,370,247,295,48,,,False,
2026-05-12T12:05:29+00:00,43.51221713237464,16.368177719414234,125,2026-05-12T12:10:10.954711+00:00,844,1,2.083,1187.917,124.98,291.525,1,Start,Finish,245,43.5109103500155,16.363974050014804,369,247,295,48,,,False,
2026-05-12T12:05:30+00:00,43.512224005535245,16.36815369129181,126,2026-05-12T12:10:10.954711+00:00,844,1,2.083,1189.999,124.98,291.525,1,Start,Finish,245,43.5109103500155,16.363974050014804,367,247,295,48,,,False,
2026-05-12T12:05:31+00:00,43.512233421206474,16.36812717653811,125,2026-05-12T12:10:10.954711+00:00,844,1,2.381,1192.38,142.86,296.089,1,Start,Finish,245,43.5109103500155,16.363974050014804,366,246,295,49,,,False,
2026-05-12T12:05:32+00:00,43.512242836877704,16.36810066178441,124,2026-05-12T12:10:10.954711+00:00,844,1,2.381,1194.761,142.86,296.089,1,Start,Finish,245,43.5109103500155,16.363974050014804,364,246,296,50,,,False,
2026-05-12T12:05:33+00:00,43.51225225254893,16.36807414703071,123,2026-05-12T12:10:10.954711+00:00,844,1,2.381,1197.142,142.86,296.089,1,Start,Finish,245,43.5109103500155,16.363974050014804,363,246,296,50,,,False,
2026-05-12T12:05:34+00:00,43.51226239465177,16.368045648559928,119,2026-05-12T12:10:10.954711+00:00,844,1,2.56,1199.702,153.6,296.138,1,Start,Finish,245,43.5109103500155,16.363974050014804,361,245,296,51,,,False,
2026-05-12T12:05:35+00:00,43.512273081578314,16.36802104767412,117,2026-05-12T12:10:10.954711+00:00,844,1,2.313,1202.014,138.78,300.922,1,Start,Finish,245,43.5109103500155,16.363974050014804,360,245,296,51,,,False,
2026-05-12T12:05:36+00:00,43.51228376850486,16.36799644678831,115,2026-05-12T12:10:10.954711+00:00,844,1,2.313,1204.327,138.78,300.922,1,Start,Finish,245,43.5109103500155,16.363974050014804,359,245,295,50,,,False,
2026-05-12T12:05:37+00:00,43.51229541935027,16.367962500080466,115,2026-05-12T12:10:10.954711+00:00,844,1,3.029,1207.355,181.74,295.326,1,Start,Finish,245,43.5109103500155,16.363974050014804,357,244,294,50,,,False,
2026-05-12T12:05:38+00:00,43.512301999144256,16.367937019094825,116,2026-05-12T12:10:10.954711+00:00,844,1,2.181,1209.537,130.86,289.599,1,Start,Finish,245,43.5109103500155,16.363974050014804,355,244,293,49,,,False,
2026-05-12T12:05:39+00:00,43.512308578938246,16.367911538109183,116,2026-05-12T12:10:10.954711+00:00,844,1,2.181,1211.718,130.86,289.599,1,Start,Finish,245,43.5109103500155,16.363974050014804,354,244,293,49,,,False,
2026-05-12T12:05:40+00:00,43.512315158732235,16.367886057123542,117,2026-05-12T12:10:10.954711+00:00,844,1,2.181,1213.899,130.86,289.599,1,Start,Finish,245,43.5109103500155,16.363974050014804,352,244,291,47,,,False,
2026-05-12T12:05:41+00:00,43.512321738526225,16.3678605761379,118,2026-05-12T12:10:10.954711+00:00,844,1,2.181,1216.08,130.86,289.599,1,Start,Finish,245,43.5109103500155,16.363974050014804,351,243,290,47,,,False,
2026-05-12T12:05:42+00:00,43.51232789084315,16.367836520075798,119,2026-05-12T12:10:10.954711+00:00,844,1,2.057,1218.137,123.42,289.425,1,Start,Finish,245,43.5109103500155,16.363974050014804,349,243,290,47,,,False,
2026-05-12T12:05:43+00:00,43.51233404316008,16.367812464013696,119,2026-05-12T12:10:10.954711+00:00,844,1,2.057,1220.194,123.42,289.425,1,Start,Finish,245,43.5109103500155,16.363974050014804,348,243,289,46,,,False,
2026-05-12T12:05:44+00:00,43.51234019547701,16.367788407951593,120,2026-05-12T12:10:10.954711+00:00,844,1,2.057,1222.251,123.42,289.425,1,Start,Finish,245,43.5109103500155,16.363974050014804,346,243,289,46,,,False,
2026-05-12T12:05:45+00:00,43.51234634779394,16.36776435188949,120,2026-05-12T12:10:10.954711+00:00,844,1,2.057,1224.308,123.42,289.425,1,Start,Finish,245,43.5109103500155,16.363974050014804,345,242,289,47,,,False,
2026-05-12T12:05:46+00:00,43.512352500110865,16.36774029582739,121,2026-05-12T12:10:10.954711+00:00,844,1,2.057,1226.365,123.42,289.425,1,Start,Finish,245,43.5109103500155,16.363974050014804,343,242,289,47,,,False,
2026-05-12T12:05:47+00:00,43.51235878653824,16.367713599465787,123,2026-05-12T12:10:10.954711+00:00,844,1,2.263,1228.629,135.78,287.988,1,Start,Finish,245,43.5109103500155,16.363974050014804,342,242,289,47,,,False,
2026-05-12T12:05:48+00:00,43.51236507296562,16.367686903104186,125,2026-05-12T12:10:10.954711+00:00,844,1,2.263,1230.892,135.78,287.988,1,Start,Finish,245,43.5109103500155,16.363974050014804,340,242,289,47,,,False,
2026-05-12T12:05:49+00:00,43.51237270049751,16.367656770162284,126,2026-05-12T12:10:10.954711+00:00,844,1,2.574,1233.466,154.44,289.241,1,Start,Finish,245,43.5109103500155,16.363974050014804,339,241,289,48,,,False,
2026-05-12T12:05:50+00:00,43.512380328029394,16.367626637220383,128,2026-05-12T12:10:10.954711+00:00,844,1,2.574,1236.04,154.44,289.241,1,Start,Finish,245,43.5109103500155,16.363974050014804,337,241,290,49,,,False,
2026-05-12T12:05:51+00:00,43.51238795556128,16.36759650427848,129,2026-05-12T12:10:10.954711+00:00,844,1,2.574,1238.613,154.44,289.241,1,Start,Finish,245,43.5109103500155,16.363974050014804,335,241,290,49,,,False,
2026-05-12T12:05:52+00:00,43.512395583093166,16.36756637133658,130,2026-05-12T12:10:10.954711+00:00,844,1,2.574,1241.187,154.44,289.241,1,Start,Finish,245,43.5109103500155,16.363974050014804,333,240,291,51,,,False,
2026-05-12T12:05:53+00:00,43.51240360876545,16.367539025377482,130,2026-05-12T12:10:10.954711+00:00,844,1,2.379,1243.566,142.74,292.032,1,Start,Finish,245,43.5109103500155,16.363974050014804,332,240,291,51,,,False,
2026-05-12T12:05:54+00:00,43.51241163443774,16.367511679418385,131,2026-05-12T12:10:10.954711+00:00,844,1,2.379,1245.945,142.74,292.032,1,Start,Finish,245,43.5109103500155,16.363974050014804,331,240,292,52,,,False,
2026-05-12T12:05:55+00:00,43.51241966011003,16.367484333459288,132,2026-05-12T12:10:10.954711+00:00,844,1,2.379,1248.324,142.74,292.032,1,Start,Finish,245,43.5109103500155,16.363974050014804,329,239,292,53,,,False,
2026-05-12T12:05:56+00:00,43.51242768578231,16.36745698750019,132,2026-05-12T12:10:10.954711+00:00,844,1,2.379,1250.703,142.74,292.032,1,Start,Finish,245,43.5109103500155,16.363974050014804,328,239,293,54,,,False,
2026-05-12T12:05:57+00:00,43.51243575336411,16.367432763800025,131,2026-05-12T12:10:10.954711+00:00,844,1,2.15,1252.852,129.0,294.666,1,Start,Finish,245,43.5109103500155,16.363974050014804,326,239,294,55,,,False,
2026-05-12T12:05:58+00:00,43.51244382094592,16.36740854009986,130,2026-05-12T12:10:10.954711+00:00,844,1,2.15,1255.002,129.0,294.666,1,Start,Finish,245,43.5109103500155,16.363974050014804,325,238,295,57,,,False,
2026-05-12T12:05:59+00:00,43.51245188852772,16.367384316399693,130,2026-05-12T12:10:10.954711+00:00,844,1,2.15,1257.152,129.0,294.666,1,Start,Finish,245,43.5109103500155,16.363974050014804,324,238,295,57,,,False,
2026-05-12T12:06:00+00:00,43.51245995610952,16.367360092699528,129,2026-05-12T12:10:10.954711+00:00,844,1,2.15,1259.301,129.0,294.666,1,Start,Finish,245,43.5109103500155,16.363974050014804,323,238,296,58,,,False,
2026-05-12T12:06:01+00:00,43.51246982580051,16.367334800306708,129,2026-05-12T12:10:10.954711+00:00,844,1,2.316,1261.617,138.96,298.283,1,Start,Finish,245,43.5109103500155,16.363974050014804,322,237,297,60,,,False,
2026-05-12T12:06:02+00:00,43.51247969549149,16.367309507913888,128,2026-05-12T12:10:10.954711+00:00,844,1,2.316,1263.933,138.96,298.284,1,Start,Finish,245,43.5109103500155,16.363974050014804,321,237,297,60,,,False,
2026-05-12T12:06:03+00:00,43.51248956518248,16.367284215521067,128,2026-05-12T12:10:10.954711+00:00,844,1,2.316,1266.249,138.96,298.284,1,Start,Finish,245,43.5109103500155,16.363974050014804,320,237,297,60,,,False,
2026-05-12T12:06:04+00:00,43.51249943487346,16.367258923128247,128,2026-05-12T12:10:10.954711+00:00,844,1,2.316,1268.566,138.96,298.284,1,Start,Finish,245,43.5109103500155,16.363974050014804,318,236,297,61,,,False,
2026-05-12T12:06:05+00:00,43.51250917185098,16.36723229661584,128,2026-05-12T12:10:10.954711+00:00,844,1,2.405,1270.97,144.3,296.759,1,Start,Finish,245,43.5109103500155,16.363974050014804,317,236,297,61,,,False,
2026-05-12T12:06:06+00:00,43.5125189088285,16.36720567010343,128,2026-05-12T12:10:10.954711+00:00,844,1,2.405,1273.375,144.3,296.759,1,Start,Finish,245,43.5109103500155,16.363974050014804,316,236,297,61,,,False,
2026-05-12T12:06:07+00:00,43.512528645806015,16.367179043591022,128,2026-05-12T12:10:10.954711+00:00,844,1,2.405,1275.78,144.3,296.759,1,Start,Finish,245,43.5109103500155,16.363974050014804,315,235,296,61,,,False,
2026-05-12T12:06:08+00:00,43.51253838278353,16.367152417078614,127,2026-05-12T12:10:10.954711+00:00,844,1,2.405,1278.184,144.3,296.759,1,Start,Finish,245,43.5109103500155,16.363974050014804,314,235,294,59,,,False,
2026-05-12T12:06:09+00:00,43.51254811976105,16.367125790566206,127,2026-05-12T12:10:10.954711+00:00,844,1,2.405,1280.589,144.3,296.759,1,Start,Finish,245,43.5109103500155,16.363974050014804,313,234,292,58,,,False,
2026-05-12T12:06:10+00:00,43.51255785673857,16.367099164053798,127,2026-05-12T12:10:10.954711+00:00,844,1,2.405,1282.994,144.3,296.759,1,Start,Finish,245,43.5109103500155,16.363974050014804,312,234,291,57,,,False,
2026-05-12T12:06:11+00:00,43.51256274618208,16.367070078849792,125,2026-05-12T12:10:10.954711+00:00,844,1,2.408,1285.402,144.48,283.051,1,Start,Finish,245,43.5109103500155,16.363974050014804,310,234,289,55,,,False,
2026-05-12T12:06:12+00:00,43.5125676356256,16.367040993645787,124,2026-05-12T12:10:10.954711+00:00,844,1,2.408,1287.809,144.48,283.051,1,Start,Finish,245,43.5109103500155,16.363974050014804,308,233,286,53,,,False,
2026-05-12T12:06:13+00:00,43.51257252506912,16.367011908441782,122,2026-05-12T12:10:10.954711+00:00,844,1,2.408,1290.217,144.48,283.051,1,Start,Finish,245,43.5109103500155,16.363974050014804,307,233,284,51,,,False,
2026-05-12T12:06:14+00:00,43.51257931441069,16.36697905138135,119,2026-05-12T12:10:10.954711+00:00,844,1,2.755,1292.972,165.3,285.903,1,Start,Finish,245,43.5109103500155,16.363974050014804,305,233,282,49,,,False,
2026-05-12T12:06:15+00:00,43.51258143084124,16.366951244417578,120,2026-05-12T12:10:10.954711+00:00,844,1,2.255,1295.227,135.3,275.991,1,Start,Finish,245,43.5109103500155,16.363974050014804,304,232,281,49,,,False,
2026-05-12T12:06:16+00:00,43.51258354727179,16.366923437453806,121,2026-05-12T12:10:10.954711+00:00,844,1,2.255,1297.481,135.3,275.991,1,Start,Finish,245,43.5109103500155,16.363974050014804,302,232,282,50,,,False,
2026-05-12T12:06:17+00:00,43.51258566370234,16.366895630490035,122,2026-05-12T12:10:10.954711+00:00,844,1,2.255,1299.736,135.3,275.991,1,Start,Finish,245,43.5109103500155,16.363974050014804,300,232,282,50,,,False,
2026-05-12T12:06:18+00:00,43.51258778013289,16.366867823526263,123,2026-05-12T12:10:10.954711+00:00,844,1,2.255,1301.991,135.3,275.991,1,Start,Finish,245,43.5109103500155,16.363974050014804,299,231,283,52,,,False,
2026-05-12T12:06:19+00:00,43.51259431801736,16.366841525305063,124,2026-05-12T12:10:10.954711+00:00,844,1,2.242,1304.233,134.52,288.922,1,Start,Finish,245,43.5109103500155,16.363974050014804,298,231,283,52,,,False,
2026-05-12T12:06:20+00:00,43.51260085590184,16.366815227083862,124,2026-05-12T12:10:10.954711+00:00,844,1,2.242,1306.474,134.52,288.922,1,Start,Finish,245,43.5109103500155,16.363974050014804,296,231,284,53,,,False,
2026-05-12T12:06:21+00:00,43.51260739378631,16.36678892886266,124,2026-05-12T12:10:10.954711+00:00,844,1,2.242,1308.716,134.52,288.922,1,Start,Finish,245,43.5109103500155,16.363974050014804,295,230,285,55,,,False,
2026-05-12T12:06:22+00:00,43.512613931670785,16.36676263064146,125,2026-05-12T12:10:10.954711+00:00,844,1,2.242,1310.958,134.52,288.922,1,Start,Finish,245,43.5109103500155,16.363974050014804,294,230,286,56,,,False,
2026-05-12T12:06:23+00:00,43.512619799003005,16.366737904027104,125,2026-05-12T12:10:10.954711+00:00,844,1,2.098,1313.056,125.88,288.118,1,Start,Finish,245,43.5109103500155,16.363974050014804,293,230,288,58,,,False,
2026-05-12T12:06:24+00:00,43.51262591779232,16.366708651185036,125,2026-05-12T12:10:10.954711+00:00,844,1,2.455,1315.511,147.3,286.089,1,Start,Finish,245,43.5109103500155,16.363974050014804,292,229,287,58,,,False,
2026-05-12T12:06:25+00:00,43.512632036581635,16.366679398342967,125,2026-05-12T12:10:10.954711+00:00,844,1,2.455,1317.966,147.3,286.089,1,Start,Finish,245,43.5109103500155,16.363974050014804,290,229,286,57,,,False,
2026-05-12T12:06:26+00:00,43.51263815537095,16.3666501455009,125,2026-05-12T12:10:10.954711+00:00,844,1,2.455,1320.422,147.3,286.089,1,Start,Finish,245,43.5109103500155,16.363974050014804,289,228,285,57,,,False,
2026-05-12T12:06:27+00:00,43.512644274160266,16.36662089265883,125,2026-05-12T12:10:10.954711+00:00,844,1,2.455,1322.877,147.3,286.089,1,Start,Finish,245,43.5109103500155,16.363974050014804,288,228,284,56,,,False,
2026-05-12T12:06:28+00:00,43.51265039294958,16.36659163981676,125,2026-05-12T12:10:10.954711+00:00,844,1,2.455,1325.332,147.3,286.089,1,Start,Finish,245,43.5109103500155,16.363974050014804,286,227,283,56,,,False,
2026-05-12T12:06:29+00:00,43.51265389658511,16.36656468361616,125,2026-05-12T12:10:10.954711+00:00,844,1,2.208,1327.54,132.48,280.161,1,Start,Finish,245,43.5109103500155,16.363974050014804,285,227,283,56,,,False,
2026-05-12T12:06:30+00:00,43.51265740022063,16.36653772741556,125,2026-05-12T12:10:10.954711+00:00,844,1,2.208,1329.749,132.48,280.161,1,Start,Finish,245,43.5109103500155,16.363974050014804,284,227,282,55,,,False,
2026-05-12T12:06:31+00:00,43.51266090385616,16.366510771214962,126,2026-05-12T12:10:10.954711+00:00,844,1,2.208,1331.957,132.48,280.161,1,Start,Finish,245,43.5109103500155,16.363974050014804,282,226,281,55,,,False,
2026-05-12T12:06:32+00:00,43.51266440749168,16.366483815014362,126,2026-05-12T12:10:10.954711+00:00,844,1,2.208,1334.166,132.48,280.161,1,Start,Finish,245,43.5109103500155,16.363974050014804,281,226,281,55,,,False,
2026-05-12T12:06:33+00:00,43.51266791112721,16.366456858813763,126,2026-05-12T12:10:10.954711+00:00,844,1,2.208,1336.374,132.48,280.161,1,Start,Finish,245,43.5109103500155,16.363974050014804,280,226,280,54,,,False,
2026-05-12T12:06:34+00:00,43.51267071906477,16.366426390595734,126,2026-05-12T12:10:10.954711+00:00,844,1,2.477,1338.851,148.62,277.242,1,Start,Finish,245,43.5109103500155,16.363974050014804,278,225,281,56,,,False,
2026-05-12T12:06:35+00:00,43.512673527002335,16.366395922377706,126,2026-05-12T12:10:10.954711+00:00,844,1,2.477,1341.327,148.62,277.242,1,Start,Finish,245,43.5109103500155,16.363974050014804,277,225,282,57,,,False,
2026-05-12T12:06:36+00:00,43.512680400162935,16.366364523768425,127,2026-05-12T12:10:10.954711+00:00,844,1,2.645,1343.972,158.7,286.796,1,Start,Finish,245,43.5109103500155,16.363974050014804,275,224,283,59,,,False,
2026-05-12T12:06:37+00:00,43.512687273323536,16.366333125159144,127,2026-05-12T12:10:10.954711+00:00,844,1,2.645,1346.617,158.7,286.796,1,Start,Finish,245,43.5109103500155,16.363974050014804,274,224,284,60,,,False,
2026-05-12T12:06:38+00:00,43.51269414648414,16.366301726549864,128,2026-05-12T12:10:10.954711+00:00,844,1,2.645,1349.262,158.7,286.796,1,Start,Finish,245,43.5109103500155,16.363974050014804,273,223,285,62,,,False,
2026-05-12T12:06:39+00:00,43.51270101964474,16.366270327940583,128,2026-05-12T12:10:10.954711+00:00,844,1,2.645,1351.907,158.7,286.796,1,Start,Finish,245,43.5109103500155,16.363974050014804,272,223,285,62,,,False,
2026-05-12T12:06:40+00:00,43.51270789280534,16.366238929331303,129,2026-05-12T12:10:10.954711+00:00,844,1,2.645,1354.552,158.7,286.796,1,Start,Finish,245,43.5109103500155,16.363974050014804,271,222,285,63,,,False,
2026-05-12T12:06:41+00:00,43.51271300576627,16.36620234232396,130,2026-05-12T12:10:10.954711+00:00,844,1,3.005,1357.556,180.3,280.907,1,Start,Finish,245,43.5109103500155,16.363974050014804,269,222,285,63,,,False,
2026-05-12T12:06:42+00:00,43.51271811872721,16.366165755316615,132,2026-05-12T12:10:10.954711+00:00,844,1,3.005,1360.561,180.3,280.907,1,Start,Finish,245,43.5109103500155,16.363974050014804,268,221,285,64,,,False,
2026-05-12T12:06:43+00:00,43.512724628672,16.366134826093912,133,2026-05-12T12:10:10.954711+00:00,844,1,2.597,1363.158,155.82,286.184,1,Start,Finish,245,43.5109103500155,16.363974050014804,267,221,285,64,,,False,
2026-05-12T12:06:44+00:00,43.5127311386168,16.36610389687121,135,2026-05-12T12:10:10.954711+00:00,844,1,2.597,1365.755,155.82,286.184,1,Start,Finish,245,43.5109103500155,16.363974050014804,266,220,285,65,,,False,
2026-05-12T12:06:45+00:00,43.5127376485616,16.366072967648506,136,2026-05-12T12:10:10.954711+00:00,844,1,2.597,1368.352,155.82,286.184,1,Start,Finish,245,43.5109103500155,16.363974050014804,264,220,285,65,,,False,
2026-05-12T12:06:46+00:00,43.51274418644607,16.366045894101262,137,2026-05-12T12:10:10.954711+00:00,844,1,2.301,1370.653,138.06,288.417,1,Start,Finish,245,43.5109103500155,16.363974050014804,264,219,286,67,,,False,
2026-05-12T12:06:47+00:00,43.512749187648296,16.366018946282566,137,2026-05-12T12:10:10.954711+00:00,844,1,2.243,1372.896,134.58,284.354,1,Start,Finish,245,43.5109103500155,16.363974050014804,263,219,285,66,,,False,
2026-05-12T12:06:48+00:00,43.51275418885052,16.36599199846387,137,2026-05-12T12:10:10.954711+00:00,844,1,2.243,1375.14,134.58,284.354,1,Start,Finish,245,43.5109103500155,16.363974050014804,262,218,285,67,,,False,
2026-05-12T12:06:49+00:00,43.51275919005275,16.365965050645173,136,2026-05-12T12:10:10.954711+00:00,844,1,2.243,1377.383,134.58,284.354,1,Start,Finish,245,43.5109103500155,16.363974050014804,261,218,286,68,,,False,
2026-05-12T12:06:50+00:00,43.51276419125497,16.365938102826476,136,2026-05-12T12:10:10.954711+00:00,844,1,2.243,1379.626,134.58,284.354,1,Start,Finish,245,43.5109103500155,16.363974050014804,260,218,287,69,,,False,
2026-05-12T12:06:51+00:00,43.5127691924572,16.36591115500778,136,2026-05-12T12:10:10.954711+00:00,844,1,2.243,1381.869,134.58,284.354,1,Start,Finish,245,43.5109103500155,16.363974050014804,259,217,288,71,,,False,
2026-05-12T12:06:52+00:00,43.512774193659425,16.365884207189083,136,2026-05-12T12:10:10.954711+00:00,844,1,2.243,1384.112,134.58,284.354,1,Start,Finish,245,43.5109103500155,16.363974050014804,258,217,289,72,,,False,
2026-05-12T12:06:53+00:00,43.512781569734216,16.36586015112698,137,2026-05-12T12:10:10.954711+00:00,844,1,2.106,1386.218,126.36,292.918,1,Start,Finish,245,43.5109103500155,16.363974050014804,258,216,291,75,,,False,
2026-05-12T12:06:54+00:00,43.51279111113399,16.365833692252636,137,2026-05-12T12:10:10.954711+00:00,844,1,2.383,1388.601,142.98,296.439,1,Start,Finish,245,43.5109103500155,16.363974050014804,257,216,292,76,,,False,
2026-05-12T12:06:55+00:00,43.51280065253377,16.36580723337829,137,2026-05-12T12:10:10.954711+00:00,844,1,2.383,1390.984,142.98,296.439,1,Start,Finish,245,43.5109103500155,16.363974050014804,257,215,293,78,,,False,
2026-05-12T12:06:56+00:00,43.51281019393355,16.365780774503946,138,2026-05-12T12:10:10.954711+00:00,844,1,2.383,1393.367,142.98,296.439,1,Start,Finish,245,43.5109103500155,16.363974050014804,257,215,295,80,,,False,
2026-05-12T12:06:57+00:00,43.51281973533332,16.3657543156296,138,2026-05-12T12:10:10.954711+00:00,844,1,2.383,1395.75,142.98,296.439,1,Start,Finish,245,43.5109103500155,16.363974050014804,256,214,297,83,,,False,
2026-05-12T12:06:58+00:00,43.5128292767331,16.365727856755257,138,2026-05-12T12:10:10.954711+00:00,844,1,2.383,1398.133,142.98,296.439,1,Start,Finish,245,43.5109103500155,16.363974050014804,256,214,297,83,,,False,
2026-05-12T12:06:59+00:00,43.51283881813288,16.365701397880912,138,2026-05-12T12:10:10.954711+00:00,844,1,2.383,1400.516,142.98,296.439,1,Start,Finish,245,43.5109103500155,16.363974050014804,256,213,295,82,,,False,
2026-05-12T12:07:00+00:00,43.51285034324974,16.365676294080913,138,2026-05-12T12:10:10.954711+00:00,844,1,2.396,1402.912,143.76,302.336,1,Start,Finish,245,43.5109103500155,16.363974050014804,256,212,294,82,,,False,
2026-05-12T12:07:01+00:00,43.5128618683666,16.365651190280914,138,2026-05-12T12:10:10.954711+00:00,844,1,2.396,1405.307,143.76,302.336,1,Start,Finish,245,43.5109103500155,16.363974050014804,256,212,293,81,,,False,
2026-05-12T12:07:02+00:00,43.51286694779992,16.365626882761717,137,2026-05-12T12:10:10.954711+00:00,844,1,2.04,1407.347,122.4,286.074,1,Start,Finish,245,43.5109103500155,16.363974050014804,255,211,292,81,,,False,
2026-05-12T12:07:03+00:00,43.51287202723324,16.36560257524252,137,2026-05-12T12:10:10.954711+00:00,844,1,2.04,1409.387,122.4,286.074,1,Start,Finish,245,43.5109103500155,16.363974050014804,255,211,292,81,,,False,
2026-05-12T12:07:04+00:00,43.512877106666565,16.365578267723322,136,2026-05-12T12:10:10.954711+00:00,844,1,2.04,1411.427,122.4,286.074,1,Start,Finish,245,43.5109103500155,16.363974050014804,254,211,292,81,,,False,
2026-05-12T12:07:05+00:00,43.51288218609989,16.365553960204124,136,2026-05-12T12:10:10.954711+00:00,844,1,2.04,1413.467,122.4,286.074,1,Start,Finish,245,43.5109103500155,16.363974050014804,254,210,290,80,,,False,
2026-05-12T12:07:06+00:00,43.51288726553321,16.365529652684927,135,2026-05-12T12:10:10.954711+00:00,844,1,2.04,1415.507,122.4,286.074,1,Start,Finish,245,43.5109103500155,16.363974050014804,253,210,288,78,,,False,
2026-05-12T12:07:07+00:00,43.51289677899331,16.36550249531865,134,2026-05-12T12:10:10.954711+00:00,844,1,2.432,1417.939,145.92,295.782,1,Start,Finish,245,43.5109103500155,16.363974050014804,253,209,288,79,,,False,
2026-05-12T12:07:08+00:00,43.51290629245341,16.365475337952375,134,2026-05-12T12:10:10.954711+00:00,844,1,2.432,1420.371,145.92,295.782,1,Start,Finish,245,43.5109103500155,16.363974050014804,253,209,289,80,,,False,
2026-05-12T12:07:09+00:00,43.51291277445853,16.365445875562727,134,2026-05-12T12:10:10.954711+00:00,844,1,2.483,1422.854,148.98,286.876,1,Start,Finish,245,43.5109103500155,16.363974050014804,252,208,289,81,,,False,
2026-05-12T12:07:10+00:00,43.51291925646365,16.36541641317308,134,2026-05-12T12:10:10.954711+00:00,844,1,2.483,1425.337,148.98,286.876,1,Start,Finish,245,43.5109103500155,16.363974050014804,252,208,289,81,,,False,
2026-05-12T12:07:11+00:00,43.512925738468766,16.36538695078343,134,2026-05-12T12:10:10.954711+00:00,844,1,2.483,1427.82,148.98,286.876,1,Start,Finish,245,43.5109103500155,16.363974050014804,251,207,290,83,,,False,
2026-05-12T12:07:12+00:00,43.512932220473886,16.365357488393784,133,2026-05-12T12:10:10.954711+00:00,844,1,2.483,1430.302,148.98,286.876,1,Start,Finish,245,43.5109103500155,16.363974050014804,251,206,290,84,,,False,
2026-05-12T12:07:13+00:00,43.512938702479005,16.365328026004136,133,2026-05-12T12:10:10.954711+00:00,844,1,2.483,1432.785,148.98,286.876,1,Start,Finish,245,43.5109103500155,16.363974050014804,251,206,290,84,,,False,
2026-05-12T12:07:14+00:00,43.51294518448413,16.365298563614488,133,2026-05-12T12:10:10.954711+00:00,844,1,2.483,1435.268,148.98,286.876,1,Start,Finish,245,43.5109103500155,16.363974050014804,250,205,291,86,,,False,
2026-05-12T12:07:15+00:00,43.512954474426806,16.36527171358466,133,2026-05-12T12:10:10.954711+00:00,844,1,2.399,1437.667,143.94,295.505,1,Start,Finish,245,43.5109103500155,16.363974050014804,250,205,292,87,,,False,
2026-05-12T12:07:16+00:00,43.51296376436949,16.365244863554835,133,2026-05-12T12:10:10.954711+00:00,844,1,2.399,1440.066,143.94,295.505,1,Start,Finish,245,43.5109103500155,16.363974050014804,250,204,293,89,,,False,
2026-05-12T12:07:17+00:00,43.51297305431217,16.36521801352501,134,2026-05-12T12:10:10.954711+00:00,844,1,2.399,1442.465,143.94,295.505,1,Start,Finish,245,43.5109103500155,16.363974050014804,250,204,292,88,,,False,
2026-05-12T12:07:18+00:00,43.51298234425485,16.365191163495183,134,2026-05-12T12:10:10.954711+00:00,844,1,2.399,1444.864,143.94,295.505,1,Start,Finish,245,43.5109103500155,16.363974050014804,250,203,291,88,,,False,
2026-05-12T12:07:19+00:00,43.51299163419753,16.365164313465357,134,2026-05-12T12:10:10.954711+00:00,844,1,2.399,1447.263,143.94,295.505,1,Start,Finish,245,43.5109103500155,16.363974050014804,251,203,292,89,,,False,
2026-05-12T12:07:20+00:00,43.513000924140215,16.36513746343553,134,2026-05-12T12:10:10.954711+00:00,844,1,2.399,1449.662,143.94,295.505,1,Start,Finish,245,43.5109103500155,16.363974050014804,251,202,290,88,,,False,
2026-05-12T12:07:21+00:00,43.513006288558245,16.365107875317335,134,2026-05-12T12:10:10.954711+00:00,844,1,2.459,1452.121,147.54,284.036,1,Start,Finish,245,43.5109103500155,16.363974050014804,250,201,288,87,,,False,
2026-05-12T12:07:22+00:00,43.51301008835435,16.365074990317225,133,2026-05-12T12:10:10.954711+00:00,844,1,2.685,1454.807,161.1,279.053,1,Start,Finish,245,43.5109103500155,16.363974050014804,250,201,286,85,,,False,
2026-05-12T12:07:23+00:00,43.513013888150454,16.365042105317116,131,2026-05-12T12:10:10.954711+00:00,844,1,2.685,1457.492,161.1,279.053,1,Start,Finish,245,43.5109103500155,16.363974050014804,249,200,281,81,,,False,
2026-05-12T12:07:24+00:00,43.51301768794656,16.365009220317006,130,2026-05-12T12:10:10.954711+00:00,844,1,2.685,1460.177,161.1,279.053,1,Start,Finish,245,43.5109103500155,16.363974050014804,249,200,279,79,,,False,
2026-05-12T12:07:25+00:00,43.51302078925073,16.364979674108326,128,2026-05-12T12:10:10.954711+00:00,844,1,2.407,1462.585,144.42,278.236,1,Start,Finish,245,43.5109103500155,16.363974050014804,248,199,279,80,,,False,
2026-05-12T12:07:26+00:00,43.513023890554905,16.364950127899647,126,2026-05-12T12:10:10.954711+00:00,844,1,2.407,1464.992,144.42,278.236,1,Start,Finish,245,43.5109103500155,16.363974050014804,248,199,279,80,,,False,
2026-05-12T12:07:27+00:00,43.51302718743682,16.364920986816287,126,2026-05-12T12:10:10.954711+00:00,844,1,2.378,1467.371,142.68,278.867,1,Start,Finish,245,43.5109103500155,16.363974050014804,247,198,279,81,,,False,
2026-05-12T12:07:28+00:00,43.51303048431873,16.364891845732927,127,2026-05-12T12:10:10.954711+00:00,844,1,2.378,1469.749,142.68,278.867,1,Start,Finish,245,43.5109103500155,16.363974050014804,247,197,280,83,,,False,
2026-05-12T12:07:29+00:00,43.51303378120065,16.364862704649568,127,2026-05-12T12:10:10.954711+00:00,844,1,2.378,1472.127,142.68,278.867,1,Start,Finish,245,43.5109103500155,16.363974050014804,247,197,280,83,,,False,
2026-05-12T12:07:30+00:00,43.51303797215223,16.364833074621856,129,2026-05-12T12:10:10.954711+00:00,844,1,2.434,1474.562,146.04,281.036,1,Start,Finish,245,43.5109103500155,16.363974050014804,247,196,281,85,,,False,
2026-05-12T12:07:31+00:00,43.51304216310382,16.364803444594145,131,2026-05-12T12:10:10.954711+00:00,844,1,2.434,1476.996,146.04,281.036,1,Start,Finish,245,43.5109103500155,16.363974050014804,246,196,281,85,,,False,
2026-05-12T12:07:32+00:00,43.51304702460766,16.364774680696428,131,2026-05-12T12:10:10.954711+00:00,844,1,2.382,1479.378,142.92,283.119,1,Start,Finish,245,43.5109103500155,16.363974050014804,246,195,282,87,,,False,
2026-05-12T12:07:33+00:00,43.5130518861115,16.36474591679871,131,2026-05-12T12:10:10.954711+00:00,844,1,2.382,1481.76,142.92,283.119,1,Start,Finish,245,43.5109103500155,16.363974050014804,246,195,282,87,,,False,
2026-05-12T12:07:34+00:00,43.51305674761534,16.364717152900994,132,2026-05-12T12:10:10.954711+00:00,844,1,2.382,1484.141,142.92,283.119,1,Start,Finish,245,43.5109103500155,16.363974050014804,246,194,283,89,,,False,
2026-05-12T12:07:35+00:00,43.51306160911918,16.364688389003277,132,2026-05-12T12:10:10.954711+00:00,844,1,2.382,1486.523,142.92,283.119,1,Start,Finish,245,43.5109103500155,16.363974050014804,246,194,282,88,,,False,
2026-05-12T12:07:36+00:00,43.513066470623016,16.36465962510556,132,2026-05-12T12:10:10.954711+00:00,844,1,2.382,1488.905,142.92,283.119,1,Start,Finish,245,43.5109103500155,16.363974050014804,246,193,282,89,,,False,
2026-05-12T12:07:37+00:00,43.513071332126856,16.364630861207843,132,2026-05-12T12:10:10.954711+00:00,844,1,2.382,1491.286,142.92,283.119,1,Start,Finish,245,43.5109103500155,16.363974050014804,246,192,280,88,,,False,
2026-05-12T12:07:38+00:00,43.51307895965874,16.3645985070616,133,2026-05-12T12:10:10.954711+00:00,844,1,2.743,1494.03,164.58,288.008,1,Start,Finish,245,43.5109103500155,16.363974050014804,246,192,270,78,,,False,
2026-05-12T12:07:39+00:00,43.513078317046165,16.36456785723567,134,2026-05-12T12:10:10.954711+00:00,844,1,2.473,1496.502,148.38,268.344,1,Start,Finish,245,43.5109103500155,16.363974050014804,246,191,262,71,,,False,
2026-05-12T12:07:40+00:00,43.51307767443359,16.36453720740974,135,2026-05-12T12:10:10.954711+00:00,844,1,2.473,1498.975,148.38,268.344,1,Start,Finish,245,43.5109103500155,16.363974050014804,245,191,244,53,,,False,
2026-05-12T12:07:41+00:00,43.51307703182101,16.36450655758381,136,2026-05-12T12:10:10.954711+00:00,844,1,2.473,1501.448,148.38,268.344,1,Start,Finish,245,43.5109103500155,16.363974050014804,245,190,233,43,,,False,
2026-05-12T12:07:42+00:00,43.51307179313153,16.364496164023876,137,2026-05-12T12:10:10.954711+00:00,844,1,1.021,1502.468,61.26,235.2,1,Start,Finish,245,43.5109103500155,16.363974050014804,244,190,233,43,,,False,
2026-05-12T12:07:43+00:00,43.51306655444205,16.364485770463943,138,2026-05-12T12:10:10.954711+00:00,844,1,1.021,1503.489,61.26,235.2,1,Start,Finish,245,43.5109103500155,16.363974050014804,243,190,228,38,,,False,
2026-05-12T12:07:44+00:00,43.513052416965365,16.3644811604172,139,2026-05-12T12:10:10.954711+00:00,844,1,1.615,1505.105,96.9,193.305,1,Start,Finish,245,43.5109103500155,16.363974050014804,242,190,222,32,,,False,
2026-05-12T12:07:45+00:00,43.51303827948868,16.364476550370455,140,2026-05-12T12:10:10.954711+00:00,844,1,1.615,1506.72,96.9,193.305,1,Start,Finish,245,43.5109103500155,16.363974050014804,240,190,213,23,,,False,
2026-05-12T12:07:46+00:00,43.513024142012,16.36447194032371,141,2026-05-12T12:10:10.954711+00:00,844,1,1.615,1508.335,96.9,193.305,1,Start,Finish,245,43.5109103500155,16.363974050014804,238,190,211,21,,,False,
2026-05-12T12:07:47+00:00,43.51300184614957,16.364470054395497,143,2026-05-12T12:10:10.954711+00:00,844,1,2.484,1510.819,149.04,183.51,1,Start,Finish,245,43.5109103500155,16.363974050014804,236,190,203,13,,,False,
2026-05-12T12:07:48+00:00,43.51297955028713,16.364468168467283,145,2026-05-12T12:10:10.954711+00:00,844,1,2.484,1513.303,149.04,183.51,1,Start,Finish,245,43.5109103500155,16.363974050014804,234,190,194,4,,,False,
2026-05-12T12:07:49+00:00,43.51295775733888,16.364463306963444,146,2026-05-12T12:10:10.954711+00:00,844,1,2.455,1515.758,147.3,189.19,1,Start,Finish,245,43.5109103500155,16.363974050014804,231,190,188,2,,,False,
2026-05-12T12:07:50+00:00,43.512935964390635,16.364458445459604,148,2026-05-12T12:10:10.954711+00:00,844,1,2.455,1518.213,147.3,189.19,1,Start,Finish,245,43.5109103500155,16.363974050014804,229,190,186,4,,,False,
2026-05-12T12:07:51+00:00,43.51291417144239,16.364453583955765,149,2026-05-12T12:10:10.954711+00:00,844,1,2.455,1520.667,147.3,189.19,1,Start,Finish,245,43.5109103500155,16.363974050014804,226,190,184,6,,,False,
2026-05-12T12:07:52+00:00,43.512888522818685,16.364451153203845,152,2026-05-12T12:10:10.954711+00:00,844,1,2.859,1523.526,171.54,183.932,1,Start,Finish,245,43.5109103500155,16.363974050014804,223,190,184,6,,,False,
2026-05-12T12:07:53+00:00,43.51286061108112,16.364451572299004,155,2026-05-12T12:10:10.954711+00:00,844,1,3.104,1526.63,186.24,179.376,1,Start,Finish,245,43.5109103500155,16.363974050014804,220,190,182,8,,,False,
2026-05-12T12:07:54+00:00,43.5128337610513,16.3644534163177,156,2026-05-12T12:10:10.954711+00:00,844,1,2.989,1529.619,179.34,177.149,1,Start,Finish,245,43.5109103500155,16.363974050014804,217,190,182,8,,,False,
2026-05-12T12:07:55+00:00,43.51280691102147,16.3644552603364,157,2026-05-12T12:10:10.954711+00:00,844,1,2.989,1532.608,179.34,177.149,1,Start,Finish,245,43.5109103500155,16.363974050014804,214,190,182,8,,,False,
2026-05-12T12:07:56+00:00,43.512780060991645,16.364457104355097,158,2026-05-12T12:10:10.954711+00:00,844,1,2.989,1535.598,179.34,177.149,1,Start,Finish,245,43.5109103500155,16.363974050014804,212,191,183,8,,,False,
2026-05-12T12:07:57+00:00,43.51275675930083,16.36445190757513,159,2026-05-12T12:10:10.954711+00:00,844,1,2.625,1538.222,157.5,189.187,1,Start,Finish,245,43.5109103500155,16.363974050014804,209,191,182,9,,,False,
2026-05-12T12:07:58+00:00,43.51273345761001,16.364446710795164,159,2026-05-12T12:10:10.954711+00:00,844,1,2.625,1540.847,157.5,189.187,1,Start,Finish,245,43.5109103500155,16.363974050014804,206,191,183,8,,,False,
2026-05-12T12:07:59+00:00,43.512710155919194,16.364441514015198,160,2026-05-12T12:10:10.954711+00:00,844,1,2.625,1543.472,157.5,189.187,1,Start,Finish,245,43.5109103500155,16.363974050014804,204,191,183,8,,,False,
2026-05-12T12:08:00+00:00,43.51268874015659,16.364442352205515,158,2026-05-12T12:10:10.954711+00:00,844,1,2.382,1545.854,142.92,178.374,1,Start,Finish,245,43.5109103500155,16.363974050014804,201,191,184,7,,,False,
2026-05-12T12:08:01+00:00,43.51266732439399,16.364443190395832,157,2026-05-12T12:10:10.954711+00:00,844,1,2.382,1548.236,142.92,178.374,1,Start,Finish,245,43.5109103500155,16.363974050014804,199,191,183,8,,,False,
2026-05-12T12:08:02+00:00,43.5126451542601,16.364441870246083,156,2026-05-12T12:10:10.954711+00:00,844,1,2.468,1550.704,148.08,182.473,1,Start,Finish,245,43.5109103500155,16.363974050014804,197,191,183,8,,,False,
2026-05-12T12:08:03+00:00,43.51262298412621,16.364440550096333,155,2026-05-12T12:10:10.954711+00:00,844,1,2.468,1553.171,148.08,182.473,1,Start,Finish,245,43.5109103500155,16.363974050014804,194,191,183,8,,,False,
2026-05-12T12:08:04+00:00,43.51260081399232,16.364439229946584,154,2026-05-12T12:10:10.954711+00:00,844,1,2.468,1555.639,148.08,182.473,1,Start,Finish,245,43.5109103500155,16.363974050014804,192,191,183,8,,,False,
2026-05-12T12:08:05+00:00,43.51257864385843,16.364437909796834,153,2026-05-12T12:10:10.954711+00:00,844,1,2.468,1558.106,148.08,182.473,1,Start,Finish,245,43.5109103500155,16.363974050014804,189,191,184,7,,,False,
2026-05-12T12:08:06+00:00,43.51255539804697,16.36443299241364,153,2026-05-12T12:10:10.954711+00:00,844,1,2.615,1560.721,156.9,188.722,1,Start,Finish,245,43.5109103500155,16.363974050014804,187,191,186,5,,,False,
2026-05-12T12:08:07+00:00,43.51253215223551,16.364428075030446,152,2026-05-12T12:10:10.954711+00:00,844,1,2.615,1563.337,156.9,188.722,1,Start,Finish,245,43.5109103500155,16.363974050014804,184,191,186,5,,,False,
2026-05-12T12:08:08+00:00,43.512508906424046,16.364423157647252,152,2026-05-12T12:10:10.954711+00:00,844,1,2.615,1565.952,156.9,188.722,1,Start,Finish,245,43.5109103500155,16.363974050014804,181,192,187,5,,,False,
2026-05-12T12:08:09+00:00,43.512487549334764,16.364419855177402,151,2026-05-12T12:10:10.954711+00:00,844,1,2.39,1568.341,143.4,186.399,1,Start,Finish,245,43.5109103500155,16.363974050014804,179,192,187,5,,,False,
2026-05-12T12:08:10+00:00,43.51246619224548,16.364416552707553,151,2026-05-12T12:10:10.954711+00:00,844,1,2.39,1570.731,143.4,186.399,1,Start,Finish,245,43.5109103500155,16.363974050014804,177,192,187,5,,,False,
2026-05-12T12:08:11+00:00,43.5124448351562,16.364413250237703,150,2026-05-12T12:10:10.954711+00:00,844,1,2.39,1573.121,143.4,186.399,1,Start,Finish,245,43.5109103500155,16.363974050014804,174,192,187,5,,,False,
2026-05-12T12:08:12+00:00,43.51242347806692,16.364409947767854,150,2026-05-12T12:10:10.954711+00:00,844,1,2.39,1575.51,143.4,186.399,1,Start,Finish,245,43.5109103500155,16.363974050014804,172,192,187,5,,,False,
2026-05-12T12:08:13+00:00,43.51240212097764,16.364406645298004,149,2026-05-12T12:10:10.954711+00:00,844,1,2.39,1577.9,143.4,186.399,1,Start,Finish,245,43.5109103500155,16.363974050014804,170,192,186,6,,,False,
2026-05-12T12:08:14+00:00,43.51237806491554,16.364400861784816,150,2026-05-12T12:10:10.954711+00:00,844,1,2.715,1580.615,162.9,189.891,1,Start,Finish,245,43.5109103500155,16.363974050014804,167,192,186,6,,,False,
2026-05-12T12:08:15+00:00,43.51235618814826,16.36439859867096,150,2026-05-12T12:10:10.954711+00:00,844,1,2.439,1583.055,146.34,184.29,1,Start,Finish,245,43.5109103500155,16.363974050014804,164,192,185,7,,,False,
2026-05-12T12:08:16+00:00,43.51233431138098,16.364396335557103,149,2026-05-12T12:10:10.954711+00:00,844,1,2.439,1585.494,146.34,184.29,1,Start,Finish,245,43.5109103500155,16.363974050014804,162,192,185,7,,,False,
2026-05-12T12:08:17+00:00,43.51231219712645,16.364394812844694,148,2026-05-12T12:10:10.954711+00:00,844,1,2.462,1587.956,147.72,182.859,1,Start,Finish,245,43.5109103500155,16.363974050014804,160,192,184,8,,,False,
2026-05-12T12:08:18+00:00,43.512290082871914,16.364393290132284,148,2026-05-12T12:10:10.954711+00:00,844,1,2.462,1590.418,147.72,182.859,1,Start,Finish,245,43.5109103500155,16.363974050014804,157,192,184,8,,,False,
2026-05-12T12:08:19+00:00,43.51226796861738,16.364391767419875,147,2026-05-12T12:10:10.954711+00:00,844,1,2.462,1592.88,147.72,182.859,1,Start,Finish,245,43.5109103500155,16.363974050014804,155,193,182,11,,,False,
2026-05-12T12:08:20+00:00,43.512245854362845,16.364390244707465,146,2026-05-12T12:10:10.954711+00:00,844,1,2.462,1595.342,147.72,182.859,1,Start,Finish,245,43.5109103500155,16.363974050014804,152,193,181,12,,,False,
2026-05-12T12:08:21+00:00,43.51222374010831,16.364388721995056,146,2026-05-12T12:10:10.954711+00:00,844,1,2.462,1597.804,147.72,182.859,1,Start,Finish,245,43.5109103500155,16.363974050014804,150,193,180,13,,,False,
2026-05-12T12:08:22+00:00,43.51220162585378,16.364387199282646,145,2026-05-12T12:10:10.954711+00:00,844,1,2.462,1600.266,147.72,182.859,1,Start,Finish,245,43.5109103500155,16.363974050014804,147,193,179,14,,,False,
2026-05-12T12:08:23+00:00,43.51217916235328,16.36438960209489,145,2026-05-12T12:10:10.954711+00:00,844,1,2.505,1602.772,150.3,175.564,1,Start,Finish,245,43.5109103500155,16.363974050014804,145,193,177,16,,,False,
2026-05-12T12:08:24+00:00,43.51215669885278,16.36439200490713,144,2026-05-12T12:10:10.954711+00:00,844,1,2.505,1605.277,150.3,175.564,1,Start,Finish,245,43.5109103500155,16.363974050014804,143,194,176,18,,,False,
2026-05-12T12:08:25+00:00,43.51213423535228,16.364394407719374,144,2026-05-12T12:10:10.954711+00:00,844,1,2.505,1607.782,150.3,175.564,1,Start,Finish,245,43.5109103500155,16.363974050014804,140,194,174,20,,,False,
2026-05-12T12:08:26+00:00,43.51211526431143,16.364399478770792,144,2026-05-12T12:10:10.954711+00:00,844,1,2.149,1609.931,128.94,169.029,1,Start,Finish,245,43.5109103500155,16.363974050014804,138,194,173,21,,,False,
2026-05-12T12:08:27+00:00,43.51209629327059,16.36440454982221,144,2026-05-12T12:10:10.954711+00:00,844,1,2.149,1612.08,128.94,169.029,1,Start,Finish,245,43.5109103500155,16.363974050014804,136,195,171,24,,,False,
2026-05-12T12:08:28+00:00,43.51207732222974,16.36440962087363,144,2026-05-12T12:10:10.954711+00:00,844,1,2.149,1614.229,128.94,169.029,1,Start,Finish,245,43.5109103500155,16.363974050014804,134,195,169,26,,,False,
2026-05-12T12:08:29+00:00,43.5120583511889,16.36441469192505,145,2026-05-12T12:10:10.954711+00:00,844,1,2.149,1616.377,128.94,169.029,1,Start,Finish,245,43.5109103500155,16.363974050014804,133,196,167,29,,,False,
2026-05-12T12:08:30+00:00,43.51203938014805,16.364419762976468,145,2026-05-12T12:10:10.954711+00:00,844,1,2.149,1618.526,128.94,169.029,1,Start,Finish,245,43.5109103500155,16.363974050014804,131,196,166,30,,,False,
2026-05-12T12:08:31+00:00,43.51202040910721,16.364424834027886,145,2026-05-12T12:10:10.954711+00:00,844,1,2.149,1620.675,128.94,169.029,1,Start,Finish,245,43.5109103500155,16.363974050014804,129,196,164,32,,,False,
2026-05-12T12:08:32+00:00,43.512000711634755,16.36443552095443,146,2026-05-12T12:10:10.954711+00:00,844,1,2.354,1623.029,141.24,158.522,1,Start,Finish,245,43.5109103500155,16.363974050014804,127,197,165,32,,,False,
2026-05-12T12:08:33+00:00,43.5119810141623,16.364446207880974,146,2026-05-12T12:10:10.954711+00:00,844,1,2.354,1625.382,141.24,158.522,1,Start,Finish,245,43.5109103500155,16.363974050014804,125,198,167,31,,,False,
2026-05-12T12:08:34+00:00,43.51196131668985,16.364456894807518,146,2026-05-12T12:10:10.954711+00:00,844,1,2.354,1627.736,141.24,158.522,1,Start,Finish,245,43.5109103500155,16.363974050014804,123,198,171,27,,,False,
2026-05-12T12:08:35+00:00,43.51194161921739,16.36446758173406,147,2026-05-12T12:10:10.954711+00:00,844,1,2.354,1630.09,141.24,158.522,1,Start,Finish,245,43.5109103500155,16.363974050014804,121,199,175,24,,,False,
2026-05-12T12:08:36+00:00,43.511924743652344,16.364467861130834,146,2026-05-12T12:10:10.954711+00:00,844,1,1.877,1631.966,112.62,179.312,1,Start,Finish,245,43.5109103500155,16.363974050014804,120,199,179,20,,,False,
2026-05-12T12:08:37+00:00,43.51190786808729,16.364468140527606,144,2026-05-12T12:10:10.954711+00:00,844,1,1.877,1633.843,112.62,179.312,1,Start,Finish,245,43.5109103500155,16.363974050014804,118,200,194,6,,,False,
2026-05-12T12:08:38+00:00,43.51189099252224,16.36446841992438,143,2026-05-12T12:10:10.954711+00:00,844,1,1.877,1635.72,112.62,179.312,1,Start,Finish,245,43.5109103500155,16.363974050014804,116,200,204,4,,,False,
2026-05-12T12:08:39+00:00,43.51187841966748,16.364459982141852,143,2026-05-12T12:10:10.954711+00:00,844,1,1.555,1637.274,93.3,205.953,1,Start,Finish,245,43.5109103500155,16.363974050014804,115,200,209,9,,,False,
2026-05-12T12:08:40+00:00,43.511865846812725,16.364451544359326,142,2026-05-12T12:10:10.954711+00:00,844,1,1.555,1638.829,93.3,205.953,1,Start,Finish,245,43.5109103500155,16.363974050014804,113,200,219,19,,,False,
2026-05-12T12:08:41+00:00,43.51185327395797,16.3644431065768,142,2026-05-12T12:10:10.954711+00:00,844,1,1.555,1640.384,93.3,205.953,1,Start,Finish,245,43.5109103500155,16.363974050014804,111,200,225,25,,,False,
2026-05-12T12:08:42+00:00,43.51185158081353,16.364422788843513,142,2026-05-12T12:10:10.954711+00:00,844,1,1.649,1642.033,98.94,263.445,1,Start,Finish,245,43.5109103500155,16.363974050014804,111,199,234,35,,,False,
2026-05-12T12:08:43+00:00,43.51184988766909,16.364402471110225,141,2026-05-12T12:10:10.954711+00:00,844,1,1.649,1643.683,98.94,263.445,1,Start,Finish,245,43.5109103500155,16.363974050014804,110,198,237,39,,,False,
2026-05-12T12:08:44+00:00,43.511848194524646,16.364382153376937,141,2026-05-12T12:10:10.954711+00:00,844,1,1.649,1645.332,98.94,263.445,1,Start,Finish,245,43.5109103500155,16.363974050014804,109,198,245,47,,,False,
2026-05-12T12:08:45+00:00,43.511846501380205,16.36436183564365,140,2026-05-12T12:10:10.954711+00:00,844,1,1.649,1646.981,98.94,263.445,1,Start,Finish,245,43.5109103500155,16.363974050014804,109,197,251,54,,,False,
2026-05-12T12:08:46+00:00,43.511844808235765,16.36434151791036,140,2026-05-12T12:10:10.954711+00:00,844,1,1.649,1648.63,98.94,263.445,1,Start,Finish,245,43.5109103500155,16.363974050014804,108,196,256,60,,,False,
2026-05-12T12:08:47+00:00,43.51184474118054,16.364314008504152,141,2026-05-12T12:10:10.954711+00:00,844,1,2.218,1650.849,133.08,269.807,1,Start,Finish,245,43.5109103500155,16.363974050014804,107,195,267,72,,,False,
2026-05-12T12:08:48+00:00,43.511844674125314,16.364286499097943,142,2026-05-12T12:10:10.954711+00:00,844,1,2.218,1653.067,133.08,269.807,1,Start,Finish,245,43.5109103500155,16.363974050014804,107,194,266,72,,,False,
2026-05-12T12:08:49+00:00,43.51184460707009,16.364258989691734,143,2026-05-12T12:10:10.954711+00:00,844,1,2.218,1655.286,133.08,269.807,1,Start,Finish,245,43.5109103500155,16.363974050014804,106,192,266,74,,,False,
2026-05-12T12:08:50+00:00,43.51184454001486,16.364231480285525,144,2026-05-12T12:10:10.954711+00:00,844,1,2.218,1657.504,133.08,269.807,1,Start,Finish,245,43.5109103500155,16.363974050014804,106,191,266,75,,,False,
2026-05-12T12:08:51+00:00,43.51184447295964,16.364203970879316,145,2026-05-12T12:10:10.954711+00:00,844,1,2.218,1659.723,133.08,269.807,1,Start,Finish,245,43.5109103500155,16.363974050014804,106,190,266,76,,,False,
2026-05-12T12:08:52+00:00,43.51184141356498,16.364177903160453,144,2026-05-12T12:10:10.954711+00:00,844,1,2.13,1661.852,127.8,260.808,1,Start,Finish,245,43.5109103500155,16.363974050014804,105,189,266,77,,,False,
2026-05-12T12:08:53+00:00,43.51183835417032,16.36415183544159,144,2026-05-12T12:10:10.954711+00:00,844,1,2.13,1663.982,127.8,260.808,1,Start,Finish,245,43.5109103500155,16.363974050014804,104,188,266,78,,,False,
2026-05-12T12:08:54+00:00,43.511835294775665,16.364125767722726,144,2026-05-12T12:10:10.954711+00:00,844,1,2.13,1666.111,127.8,260.808,1,Start,Finish,245,43.5109103500155,16.363974050014804,104,187,266,79,,,False,
2026-05-12T12:08:55+00:00,43.51183223538101,16.364099700003862,143,2026-05-12T12:10:10.954711+00:00,844,1,2.13,1668.241,127.8,260.808,1,Start,Finish,245,43.5109103500155,16.363974050014804,103,186,266,80,,,False,
2026-05-12T12:08:56+00:00,43.51183250080794,16.364072780124843,142,2026-05-12T12:10:10.954711+00:00,844,1,2.171,1670.412,130.26,270.779,1,Start,Finish,245,43.5109103500155,16.363974050014804,103,184,266,82,,,False,
2026-05-12T12:08:57+00:00,43.511832766234875,16.364045860245824,142,2026-05-12T12:10:10.954711+00:00,844,1,2.171,1672.583,130.26,270.779,1,Start,Finish,245,43.5109103500155,16.363974050014804,103,183,267,84,,,False,
2026-05-12T12:08:58+00:00,43.51183303166181,16.364018940366805,142,2026-05-12T12:10:10.954711+00:00,844,1,2.171,1674.754,130.26,270.779,1,Start,Finish,245,43.5109103500155,16.363974050014804,103,182,269,87,,,False,
2026-05-12T12:08:59+00:00,43.51183329708874,16.363992020487785,141,2026-05-12T12:10:10.954711+00:00,844,1,2.171,1676.925,130.26,270.779,1,Start,Finish,245,43.5109103500155,16.363974050014804,103,181,269,88,,,False,
2026-05-12T12:09:00+00:00,43.51183356251568,16.363965100608766,140,2026-05-12T12:10:10.954711+00:00,844,1,2.171,1679.096,130.26,270.779,1,Start,Finish,245,43.5109103500155,16.363974050014804,103,180,269,89,,,False,
2026-05-12T12:09:01+00:00,43.51183382794261,16.363938180729747,140,2026-05-12T12:10:10.954711+00:00,844,1,2.171,1681.267,130.26,270.779,1,Start,Finish,245,43.5109103500155,16.363974050014804,103,178,268,90,,,False,
2026-05-12T12:09:02+00:00,43.51183567196131,16.363914292305708,138,2026-05-12T12:10:10.954711+00:00,844,1,1.937,1683.204,116.22,276.076,1,Start,Finish,245,43.5109103500155,16.363974050014804,103,177,266,89,,,False,
2026-05-12T12:09:03+00:00,43.511832654476166,16.36388491373509,136,2026-05-12T12:10:10.954711+00:00,844,1,2.393,1685.597,143.58,261.939,1,Start,Finish,245,43.5109103500155,16.363974050014804,103,176,266,90,,,False,
2026-05-12T12:09:04+00:00,43.511829636991024,16.363855535164475,133,2026-05-12T12:10:10.954711+00:00,844,1,2.393,1687.99,143.58,261.939,1,Start,Finish,245,43.5109103500155,16.363974050014804,103,175,266,91,,,False,
2026-05-12T12:09:05+00:00,43.5118248173967,16.363828545436263,132,2026-05-12T12:10:10.954711+00:00,844,1,2.242,1690.231,134.52,256.167,1,Start,Finish,245,43.5109103500155,16.363974050014804,102,173,262,89,,,False,
2026-05-12T12:09:06+00:00,43.51181999780238,16.36380155570805,130,2026-05-12T12:10:10.954711+00:00,844,1,2.242,1692.473,134.52,256.167,1,Start,Finish,245,43.5109103500155,16.363974050014804,102,172,258,86,,,False,
2026-05-12T12:09:07+00:00,43.511820025742054,16.363777024671435,130,2026-05-12T12:10:10.954711+00:00,844,1,1.978,1694.451,118.68,270.09,1,Start,Finish,245,43.5109103500155,16.363974050014804,102,171,253,82,,,False,
2026-05-12T12:09:08+00:00,43.51182005368173,16.36375249363482,130,2026-05-12T12:10:10.954711+00:00,844,1,1.978,1696.429,118.68,270.09,1,Start,Finish,245,43.5109103500155,16.363974050014804,103,170,249,79,,,False,
2026-05-12T12:09:09+00:00,43.51182008162141,16.363727962598205,130,2026-05-12T12:10:10.954711+00:00,844,1,1.978,1698.408,118.68,270.09,1,Start,Finish,245,43.5109103500155,16.363974050014804,103,169,240,71,,,False,
2026-05-12T12:09:10+00:00,43.51180963777006,16.36371280811727,130,2026-05-12T12:10:10.954711+00:00,844,1,1.686,1700.094,101.16,226.461,1,Start,Finish,245,43.5109103500155,16.363974050014804,102,168,240,72,,,False,
2026-05-12T12:09:11+00:00,43.511799193918705,16.363697653636336,130,2026-05-12T12:10:10.954711+00:00,844,1,1.686,1701.779,101.16,226.461,1,Start,Finish,245,43.5109103500155,16.363974050014804,101,167,232,65,,,False,
2026-05-12T12:09:12+00:00,43.51178875006735,16.363682499155402,130,2026-05-12T12:10:10.954711+00:00,844,1,1.686,1703.465,101.16,226.461,1,Start,Finish,245,43.5109103500155,16.363974050014804,100,166,222,56,,,False,
2026-05-12T12:09:13+00:00,43.511778306216,16.363667344674468,130,2026-05-12T12:10:10.954711+00:00,844,1,1.686,1705.151,101.16,226.461,1,Start,Finish,245,43.5109103500155,16.363974050014804,100,166,211,45,,,False,
2026-05-12T12:09:14+00:00,43.51176786236465,16.363652190193534,130,2026-05-12T12:10:10.954711+00:00,844,1,1.686,1706.837,101.16,226.461,1,Start,Finish,245,43.5109103500155,16.363974050014804,99,165,200,35,,,False,
2026-05-12T12:09:15+00:00,43.51175746880472,16.363654537126422,130,2026-05-12T12:10:10.954711+00:00,844,1,1.171,1708.008,70.26,170.7,1,Start,Finish,245,43.5109103500155,16.363974050014804,98,165,200,35,,,False,
2026-05-12T12:09:16+00:00,43.51173996459693,16.363664693199098,130,2026-05-12T12:10:10.954711+00:00,844,1,2.112,1710.12,126.72,157.179,1,Start,Finish,245,43.5109103500155,16.363974050014804,96,165,185,20,,,False,
2026-05-12T12:09:17+00:00,43.51172246038914,16.363674849271774,131,2026-05-12T12:10:10.954711+00:00,844,1,2.112,1712.231,126.72,157.179,1,Start,Finish,245,43.5109103500155,16.363974050014804,93,165,178,13,,,False,
2026-05-12T12:09:18+00:00,43.51170495618135,16.36368500534445,131,2026-05-12T12:10:10.954711+00:00,844,1,2.112,1714.343,126.72,157.179,1,Start,Finish,245,43.5109103500155,16.363974050014804,91,165,169,4,,,False,
2026-05-12T12:09:19+00:00,43.51168745197356,16.363695161417127,131,2026-05-12T12:10:10.954711+00:00,844,1,2.112,1716.455,126.72,157.179,1,Start,Finish,245,43.5109103500155,16.363974050014804,89,165,164,1,,,False,
2026-05-12T12:09:20+00:00,43.51166994776577,16.363705317489803,132,2026-05-12T12:10:10.954711+00:00,844,1,2.112,1718.566,126.72,157.179,1,Start,Finish,245,43.5109103500155,16.363974050014804,87,166,159,7,,,False,
2026-05-12T12:09:21+00:00,43.51165244355798,16.36371547356248,132,2026-05-12T12:10:10.954711+00:00,844,1,2.112,1720.678,126.72,157.179,1,Start,Finish,245,43.5109103500155,16.363974050014804,85,166,160,6,,,False,
2026-05-12T12:09:22+00:00,43.51163794286549,16.363724819384515,134,2026-05-12T12:10:10.954711+00:00,844,1,1.78,1722.458,106.8,154.948,1,Start,Finish,245,43.5109103500155,16.363974050014804,83,166,161,5,,,False,
2026-05-12T12:09:23+00:00,43.51162344217301,16.36373416520655,136,2026-05-12T12:10:10.954711+00:00,844,1,1.78,1724.238,106.8,154.948,1,Start,Finish,245,43.5109103500155,16.363974050014804,82,166,161,5,,,False,
2026-05-12T12:09:24+00:00,43.511606846004725,16.36373881716281,138,2026-05-12T12:10:10.954711+00:00,844,1,1.883,1726.121,112.98,168.509,1,Start,Finish,245,43.5109103500155,16.363974050014804,80,166,162,4,,,False,
2026-05-12T12:09:25+00:00,43.511590249836445,16.363743469119072,139,2026-05-12T12:10:10.954711+00:00,844,1,1.883,1728.004,112.98,168.509,1,Start,Finish,245,43.5109103500155,16.363974050014804,78,166,163,3,,,False,
2026-05-12T12:09:26+00:00,43.51157172583043,16.363749336451292,139,2026-05-12T12:10:10.954711+00:00,844,1,2.113,1730.118,126.78,167.063,1,Start,Finish,245,43.5109103500155,16.363974050014804,76,166,164,2,,,False,
2026-05-12T12:09:27+00:00,43.51155320182443,16.363755203783512,138,2026-05-12T12:10:10.954711+00:00,844,1,2.113,1732.231,126.78,167.063,1,Start,Finish,245,43.5109103500155,16.363974050014804,74,166,164,2,,,False,
2026-05-12T12:09:28+00:00,43.51153467781842,16.363761071115732,138,2026-05-12T12:10:10.954711+00:00,844,1,2.113,1734.344,126.78,167.063,1,Start,Finish,245,43.5109103500155,16.363974050014804,72,166,166,0,,,False,
2026-05-12T12:09:29+00:00,43.51151615381241,16.363766938447952,137,2026-05-12T12:10:10.954711+00:00,844,1,2.113,1736.458,126.78,167.063,1,Start,Finish,245,43.5109103500155,16.363974050014804,69,166,166,0,,,False,
2026-05-12T12:09:30+00:00,43.5114976298064,16.363772805780172,137,2026-05-12T12:10:10.954711+00:00,844,1,2.113,1738.571,126.78,167.063,1,Start,Finish,245,43.5109103500155,16.363974050014804,67,166,165,1,,,False,
2026-05-12T12:09:31+00:00,43.511482598260045,16.363779176026583,135,2026-05-12T12:10:10.954711+00:00,844,1,1.749,1740.32,104.94,162.915,1,Start,Finish,245,43.5109103500155,16.363974050014804,66,166,165,1,,,False,
2026-05-12T12:09:32+00:00,43.51146756671369,16.363785546272993,134,2026-05-12T12:10:10.954711+00:00,844,1,1.749,1742.068,104.94,162.915,1,Start,Finish,245,43.5109103500155,16.363974050014804,64,166,164,2,,,False,
2026-05-12T12:09:33+00:00,43.51145253516734,16.363791916519403,132,2026-05-12T12:10:10.954711+00:00,844,1,1.749,1743.817,104.94,162.915,1,Start,Finish,245,43.5109103500155,16.363974050014804,62,166,163,3,,,False,
2026-05-12T12:09:34+00:00,43.51143254432827,16.363800633698702,130,2026-05-12T12:10:10.954711+00:00,844,1,2.331,1746.148,139.86,162.451,1,Start,Finish,245,43.5109103500155,16.363974050014804,60,166,162,4,,,False,
2026-05-12T12:09:35+00:00,43.51141255348921,16.363809350878,128,2026-05-12T12:10:10.954711+00:00,844,1,2.331,1748.48,139.86,162.451,1,Start,Finish,245,43.5109103500155,16.363974050014804,57,167,162,5,,,False,
2026-05-12T12:09:36+00:00,43.51139530772343,16.36381865479052,128,2026-05-12T12:10:10.954711+00:00,844,1,2.059,1750.539,123.54,158.632,1,Start,Finish,245,43.5109103500155,16.363974050014804,55,167,161,6,,,False,
2026-05-12T12:09:37+00:00,43.51137806195766,16.36382795870304,128,2026-05-12T12:10:10.954711+00:00,844,1,2.059,1752.598,123.54,158.632,1,Start,Finish,245,43.5109103500155,16.363974050014804,53,167,161,6,,,False,
2026-05-12T12:09:38+00:00,43.51136081619188,16.36383726261556,129,2026-05-12T12:10:10.954711+00:00,844,1,2.059,1754.657,123.54,158.632,1,Start,Finish,245,43.5109103500155,16.363974050014804,51,168,161,7,,,False,
2026-05-12T12:09:39+00:00,43.51134357042611,16.363846566528082,129,2026-05-12T12:10:10.954711+00:00,844,1,2.059,1756.717,123.54,158.632,1,Start,Finish,245,43.5109103500155,16.363974050014804,49,168,161,7,,,False,
2026-05-12T12:09:40+00:00,43.51132311858237,16.363854194059968,127,2026-05-12T12:10:10.954711+00:00,844,1,2.356,1759.072,141.36,164.865,1,Start,Finish,245,43.5109103500155,16.363974050014804,47,168,161,7,,,False,
2026-05-12T12:09:41+00:00,43.51130266673863,16.363861821591854,125,2026-05-12T12:10:10.954711+00:00,844,1,2.356,1761.428,141.36,164.865,1,Start,Finish,245,43.5109103500155,16.363974050014804,45,168,161,7,,,False,
2026-05-12T12:09:42+00:00,43.51128556765616,16.363870203495026,124,2026-05-12T12:10:10.954711+00:00,844,1,2.018,1763.446,121.08,160.429,1,Start,Finish,245,43.5109103500155,16.363974050014804,43,169,161,8,,,False,
2026-05-12T12:09:43+00:00,43.51126846857369,16.363878585398197,122,2026-05-12T12:10:10.954711+00:00,844,1,2.018,1765.464,121.08,160.429,1,Start,Finish,245,43.5109103500155,16.363974050014804,41,169,161,8,,,False,
2026-05-12T12:09:44+00:00,43.51125091686845,16.363887570798397,121,2026-05-12T12:10:10.954711+00:00,844,1,2.082,1767.546,124.92,159.631,1,Start,Finish,245,43.5109103500155,16.363974050014804,39,170,161,9,,,False,
2026-05-12T12:09:45+00:00,43.51123336516321,16.363896556198597,121,2026-05-12T12:10:10.954711+00:00,844,1,2.082,1769.628,124.92,159.631,1,Start,Finish,245,43.5109103500155,16.363974050014804,36,170,161,9,,,False,
2026-05-12T12:09:46+00:00,43.511215813457966,16.363905541598797,120,2026-05-12T12:10:10.954711+00:00,844,1,2.082,1771.71,124.92,159.631,1,Start,Finish,245,43.5109103500155,16.363974050014804,34,171,160,11,,,False,
2026-05-12T12:09:47+00:00,43.511198261752725,16.363914526998997,120,2026-05-12T12:10:10.954711+00:00,844,1,2.082,1773.791,124.92,159.631,1,Start,Finish,245,43.5109103500155,16.363974050014804,32,171,160,11,,,False,
2026-05-12T12:09:48+00:00,43.51118071004748,16.363923512399197,119,2026-05-12T12:10:10.954711+00:00,844,1,2.082,1775.873,124.92,159.631,1,Start,Finish,245,43.5109103500155,16.363974050014804,30,172,162,10,,,False,
2026-05-12T12:09:49+00:00,43.51116327568889,16.363931614905596,119,2026-05-12T12:10:10.954711+00:00,844,1,2.046,1777.919,122.76,161.374,1,Start,Finish,245,43.5109103500155,16.363974050014804,28,173,162,11,,,False,
2026-05-12T12:09:50+00:00,43.51114584133029,16.363939717411995,119,2026-05-12T12:10:10.954711+00:00,844,1,2.046,1779.965,122.76,161.374,1,Start,Finish,245,43.5109103500155,16.363974050014804,26,174,163,11,,,False,
2026-05-12T12:09:51+00:00,43.51112840697169,16.363947819918394,119,2026-05-12T12:10:10.954711+00:00,844,1,2.046,1782.011,122.76,161.374,1,Start,Finish,245,43.5109103500155,16.363974050014804,24,175,164,11,,,False,
2026-05-12T12:09:52+00:00,43.511111576110125,16.363953184336424,118,2026-05-12T12:10:10.954711+00:00,844,1,1.921,1783.931,115.26,166.985,1,Start,Finish,245,43.5109103500155,16.363974050014804,22,176,163,13,,,False,
2026-05-12T12:09:53+00:00,43.51109474524856,16.363958548754454,118,2026-05-12T12:10:10.954711+00:00,844,1,1.921,1785.852,115.26,166.985,1,Start,Finish,245,43.5109103500155,16.363974050014804,21,177,162,15,,,False,
2026-05-12T12:09:54+00:00,43.51107791438699,16.363963913172483,117,2026-05-12T12:10:10.954711+00:00,844,1,1.921,1787.773,115.26,166.985,1,Start,Finish,245,43.5109103500155,16.363974050014804,19,177,162,15,,,False,
2026-05-12T12:09:55+00:00,43.51106108352542,16.363969277590513,117,2026-05-12T12:10:10.954711+00:00,844,1,1.921,1789.694,115.26,166.985,1,Start,Finish,245,43.5109103500155,16.363974050014804,17,179,162,17,,,False,
2026-05-12T12:09:56+00:00,43.51104425266385,16.363974642008543,116,2026-05-12T12:10:10.954711+00:00,844,1,1.921,1791.615,115.26,166.985,1,Start,Finish,245,43.5109103500155,16.363974050014804,15,180,161,19,,,False,
2026-05-12T12:09:57+00:00,43.5110279917717,16.363986879587173,114,2026-05-12T12:10:10.954711+00:00,844,1,2.06,1793.675,123.6,151.374,1,Start,Finish,245,43.5109103500155,16.363974050014804,13,185,161,24,,,False,
2026-05-12T12:09:58+00:00,43.511011730879545,16.363999117165804,112,2026-05-12T12:10:10.954711+00:00,844,1,2.06,1795.735,123.6,151.374,1,Start,Finish,245,43.5109103500155,16.363974050014804,11,190,161,29,,,False,
2026-05-12T12:09:59+00:00,43.510993919335306,16.364009301178157,110,2026-05-12T12:10:10.954711+00:00,844,1,2.144,1797.879,128.64,157.478,1,Start,Finish,245,43.5109103500155,16.363974050014804,10,197,167,30,,,False,
2026-05-12T12:10:00+00:00,43.510976107791066,16.36401948519051,107,2026-05-12T12:10:10.954711+00:00,844,1,2.144,1800.023,128.64,157.478,1,Start,Finish,245,43.5109103500155,16.363974050014804,8,207,177,30,,,False,
2026-05-12T12:10:01+00:00,43.51096177473664,16.364027028903365,104,2026-05-12T12:10:10.954711+00:00,844,1,1.706,1801.729,102.36,159.108,1,Start,Finish,245,43.5109103500155,16.363974050014804,7,217,186,31,,,False,
2026-05-12T12:10:02+00:00,43.51094744168222,16.36403457261622,100,2026-05-12T12:10:10.954711+00:00,844,1,1.706,1803.435,102.36,159.108,1,Start,Finish,245,43.5109103500155,16.363974050014804,6,230,198,32,,,False,
2026-05-12T12:10:03+00:00,43.51093419827521,16.364040607586503,101,2026-05-12T12:10:10.954711+00:00,844,1,1.551,1804.986,93.06,161.712,1,Start,Finish,245,43.5109103500155,16.363974050014804,6,244,213,31,,,False,
2026-05-12T12:10:04+00:00,43.51092246361077,16.364039098843932,103,2026-05-12T12:10:10.954711+00:00,844,1,1.31,1806.296,78.6,185.327,1,Start,Finish,245,43.5109103500155,16.363974050014804,5,256,221,35,,,False,
2026-05-12T12:10:05+00:00,43.51091760210693,16.36403121985495,106,2026-05-12T12:10:10.954711+00:00,844,1,0.834,1807.13,50.04,229.61,1,Start,Finish,245,43.5109103500155,16.363974050014804,5,260,218,42,,,False,
2026-05-12T12:10:06+00:00,43.510912572965026,16.364019652828574,108,2026-05-12T12:10:10.954711+00:00,844,1,1.088,1808.218,65.28,239.057,1,Start,Finish,245,43.5109103500155,16.363974050014804,4,266,216,50,,,False,
2026-05-12T12:10:07+00:00,43.510918356478214,16.36400825344026,108,2026-05-12T12:10:10.954711+00:00,844,1,1.122,1809.34,67.32,304.975,1,Start,Finish,245,43.5109103500155,16.363974050014804,3,252,211,41,,,False,
2026-05-12T12:10:08+00:00,43.510920661501586,16.363991824910045,108,2026-05-12T12:10:10.954711+00:00,844,1,1.349,1810.689,80.94,280.949,1,Start,Finish,245,43.5109103500155,16.363974050014804,2,231,210,21,,,False,
2026-05-12T12:10:09+00:00,43.51092296652496,16.36397539637983,108,2026-05-12T12:10:10.954711+00:00,844,1,1.349,1812.039,80.94,280.949,1,Start,Finish,245,43.5109103500155,16.363974050014804,1,184,209,25,,,False,
2026-05-12T12:10:10+00:00,43.5109172668308,16.36396081186831,108,2026-05-12T12:10:10.954711+00:00,844,1,1.336,1813.375,80.16,241.682,1,Start,Finish,245,43.5109103500155,16.363974050014804,1,126,209,83,,,False,
2026-05-12T12:10:11+00:00,43.510915422812104,16.36395312845707,107,2026-05-12T12:10:10.954711+00:00,844,1,0.653,1814.027,39.18,251.689,1,Start,Finish,245,43.5109103500155,16.363974050014804,2,108,208,100,,,False,
2026-05-12T12:10:12+00:00,43.51091357879341,16.36394544504583,105,2026-05-12T12:10:10.954711+00:00,844,1,0.653,1814.68,39.18,251.689,1,Start,Finish,245,43.5109103500155,16.363974050014804,2,99,208,109,,,False,
2026-05-12T12:10:13+00:00,43.51091173477471,16.36393776163459,104,2026-05-12T12:10:10.954711+00:00,844,1,0.653,1815.333,39.18,251.689,1,Start,Finish,245,43.5109103500155,16.363974050014804,3,93,213,120,,,False,
2026-05-12T12:10:14+00:00,43.51090284995735,16.36393855791539,102,2026-05-12T12:10:10.954711+00:00,844,1,0.99,1816.323,59.4,176.281,1,Start,Finish,245,43.5109103500155,16.363974050014804,3,74,210,136,,,False,
2026-05-12T12:10:15+00:00,43.510893965139985,16.36393935419619,101,2026-05-12T12:10:10.954711+00:00,844,1,0.99,1817.313,59.4,176.281,1,Start,Finish,245,43.5109103500155,16.363974050014804,3,57,207,150,,,False,
2026-05-12T12:10:16+00:00,43.510890025645494,16.363938935101032,98,2026-05-12T12:10:10.954711+00:00,844,1,0.439,1817.752,26.34,184.412,1,Start,Finish,245,43.5109103500155,16.363974050014804,4,51,207,156,,,False,
2026-05-12T12:10:17+00:00,43.51088318042457,16.363948490470648,98,2026-05-12T12:10:10.954711+00:00,844,1,1.083,1818.835,64.98,134.647,1,Start,Finish,245,43.5109103500155,16.363974050014804,4,34,193,159,,,False,
2026-05-12T12:10:18+00:00,43.51087633520365,16.363958045840263,98,2026-05-12T12:10:10.954711+00:00,844,1,1.083,1819.918,64.98,134.647,1,Start,Finish,245,43.5109103500155,16.363974050014804,4,19,185,166,,,False,
2026-05-12T12:10:19+00:00,43.51086948998272,16.36396760120988,98,2026-05-12T12:10:10.954711+00:00,844,1,1.083,1821.001,64.98,134.647,1,Start,Finish,245,43.5109103500155,16.363974050014804,5,7,169,162,,,False,
2026-05-12T12:10:20+00:00,43.51086538285017,16.363996686413884,98,2026-05-12T12:10:10.954711+00:00,844,1,2.39,1823.391,143.4,101.018,1,Start,Finish,245,43.5109103500155,16.363974050014804,5,340,151,171,,,False,
2026-05-12T12:10:21+00:00,43.510864838026464,16.364026525989175,102,2026-05-12T12:10:10.954711+00:00,844,1,2.407,1825.798,144.42,91.442,1,Start,Finish,245,43.5109103500155,16.363974050014804,7,320,134,174,,,False,
2026-05-12T12:10:22+00:00,43.51086429320276,16.364056365564466,105,2026-05-12T12:10:10.954711+00:00,844,1,2.407,1828.205,144.42,91.442,1,Start,Finish,245,43.5109103500155,16.363974050014804,8,308,124,176,,,False,
2026-05-12T12:10:23+00:00,43.51085540838539,16.364083858206868,106,2026-05-12T12:10:10.954711+00:00,844,1,2.427,1830.633,145.62,114.018,1,Start,Finish,245,43.5109103500155,16.363974050014804,11,305,127,178,,,False,
2026-05-12T12:10:24+00:00,43.51084627211094,16.36409890372306,108,2026-05-12T12:10:10.954711+00:00,844,1,1.582,1832.215,94.92,129.939,1,Start,Finish,245,43.5109103500155,16.363974050014804,12,305,134,171,,,False,
2026-05-12T12:10:25+00:00,43.51083713583648,16.364113949239254,109,2026-05-12T12:10:10.954711+00:00,844,1,1.582,1833.798,94.92,129.939,1,Start,Finish,245,43.5109103500155,16.363974050014804,14,306,133,173,,,False,
2026-05-12T12:10:26+00:00,43.51083138026297,16.364121213555336,108,2026-05-12T12:10:10.954711+00:00,844,1,0.868,1834.665,52.08,137.53,1,Start,Finish,245,43.5109103500155,16.363974050014804,15,306,133,173,,,False,
2026-05-12T12:10:27+00:00,43.51082562468946,16.364128477871418,107,2026-05-12T12:10:10.954711+00:00,844,1,0.868,1835.533,52.08,137.53,1,Start,Finish,245,43.5109103500155,16.363974050014804,16,307,132,175,,,False,
2026-05-12T12:10:28+00:00,43.51081986911595,16.3641357421875,106,2026-05-12T12:10:10.954711+00:00,844,1,0.868,1836.4,52.08,137.53,1,Start,Finish,245,43.5109103500155,16.363974050014804,16,308,131,177,,,False,
2026-05-12T12:10:29+00:00,43.510808972641826,16.36413968168199,103,2026-05-12T12:10:10.954711+00:00,844,1,1.253,1837.653,75.18,165.308,1,Start,Finish,245,43.5109103500155,16.363974050014804,17,310,128,178,,,False,
2026-05-12T12:10:30+00:00,43.51080830208957,16.3641452556476,100,2026-05-12T12:10:10.954711+00:00,844,1,0.456,1838.109,27.36,99.418,1,Start,Finish,245,43.5109103500155,16.363974050014804,18,309,126,177,,,False,
2026-05-12T12:10:31+00:00,43.51080763153732,16.36415082961321,97,2026-05-12T12:10:10.954711+00:00,844,1,0.456,1838.564,27.36,99.418,1,Start,Finish,245,43.5109103500155,16.363974050014804,18,309,125,176,,,False,
2026-05-12T12:10:32+00:00,43.51079958491027,16.364152212627232,97,2026-05-12T12:10:10.954711+00:00,844,1,0.902,1839.466,54.12,172.895,1,Start,Finish,245,43.5109103500155,16.363974050014804,19,311,122,171,,,False,
2026-05-12T12:10:33+00:00,43.51079153828323,16.364153595641255,97,2026-05-12T12:10:10.954711+00:00,844,1,0.902,1840.368,54.12,172.895,1,Start,Finish,245,43.5109103500155,16.363974050014804,20,312,123,171,,,False,
2026-05-12T12:10:34+00:00,43.51078663486987,16.364156026393175,100,2026-05-12T12:10:10.954711+00:00,844,1,0.579,1840.947,34.74,160.225,1,Start,Finish,245,43.5109103500155,16.363974050014804,20,313,124,171,,,False,
2026-05-12T12:10:35+00:00,43.51078173145652,16.364158457145095,103,2026-05-12T12:10:10.954711+00:00,844,1,0.579,1841.526,34.74,160.225,1,Start,Finish,245,43.5109103500155,16.363974050014804,21,314,124,170,,,False,
2026-05-12T12:10:36+00:00,43.51077829487622,16.364154433831573,106,2026-05-12T12:10:10.954711+00:00,844,1,0.501,1842.028,30.06,220.333,1,Start,Finish,245,43.5109103500155,16.363974050014804,21,315,122,167,,,False,
2026-05-12T12:10:37+00:00,43.51077980361879,16.364153428003192,107,2026-05-12T12:10:10.954711+00:00,844,1,0.186,1842.214,11.16,334.196,1,Start,Finish,245,43.5109103500155,16.363974050014804,20,315,121,166,,,False,
2026-05-12T12:10:38+00:00,43.51078131236136,16.36415242217481,108,2026-05-12T12:10:10.954711+00:00,844,1,0.186,1842.4,11.16,334.196,1,Start,Finish,245,43.5109103500155,16.363974050014804,20,315,118,163,,,False,
2026-05-12T12:10:39+00:00,43.51077889557928,16.364156724885106,108,2026-05-12T12:10:10.954711+00:00,844,1,0.439,1842.839,26.34,127.757,1,Start,Finish,245,43.5109103500155,16.363974050014804,21,315,113,158,,,False,
2026-05-12T12:10:40+00:00,43.5107764787972,16.3641610275954,107,2026-05-12T12:10:10.954711+00:00,844,1,0.439,1843.278,26.34,127.757,1,Start,Finish,245,43.5109103500155,16.363974050014804,21,315,113,158,,,False,
2026-05-12T12:10:41+00:00,43.51077406201512,16.364165330305696,106,2026-05-12T12:10:10.954711+00:00,844,1,0.439,1843.717,26.34,127.757,1,Start,Finish,245,43.5109103500155,16.363974050014804,22,314,113,159,,,False,
2026-05-12T12:10:42+00:00,43.510771645233035,16.36416963301599,106,2026-05-12T12:10:10.954711+00:00,844,1,0.439,1844.156,26.34,127.757,1,Start,Finish,245,43.5109103500155,16.363974050014804,22,314,112,158,,,False,
2026-05-12T12:10:43+00:00,43.510769228450954,16.364173935726285,106,2026-05-12T12:10:10.954711+00:00,844,1,0.439,1844.595,26.34,127.757,1,Start,Finish,245,43.5109103500155,16.363974050014804,22,314,112,158,,,False,
2026-05-12T12:10:44+00:00,43.51076681166887,16.36417823843658,105,2026-05-12T12:10:10.954711+00:00,844,1,0.439,1845.034,26.34,127.757,1,Start,Finish,245,43.5109103500155,16.363974050014804,23,314,111,157,,,False,
2026-05-12T12:10:45+00:00,43.510772259905934,16.36419076938182,107,2026-05-12T12:10:10.954711+00:00,844,1,1.178,1846.212,70.68,59.057,1,Start,Finish,245,43.5109103500155,16.363974050014804,23,311,110,159,,,False,
2026-05-12T12:10:46+00:00,43.51077770814299,16.364203300327063,109,2026-05-12T12:10:10.954711+00:00,844,1,1.178,1847.39,70.68,59.057,1,Start,Finish,245,43.5109103500155,16.363974050014804,24,309,109,160,,,False,
2026-05-12T12:10:47+00:00,43.510779440402985,16.364209838211536,109,2026-05-12T12:10:10.954711+00:00,844,1,0.561,1847.951,33.66,69.931,1,Start,Finish,245,43.5109103500155,16.363974050014804,24,307,106,159,,,False,
2026-05-12T12:10:48+00:00,43.51078117266297,16.36421637609601,108,2026-05-12T12:10:10.954711+00:00,844,1,0.561,1848.513,33.66,69.931,1,Start,Finish,245,43.5109103500155,16.363974050014804,24,306,107,161,,,False,
2026-05-12T12:10:49+00:00,43.51078290492296,16.364222913980484,108,2026-05-12T12:10:10.954711+00:00,844,1,0.561,1849.074,33.66,69.931,1,Start,Finish,245,43.5109103500155,16.363974050014804,25,305,107,162,,,False,
2026-05-12T12:10:50+00:00,43.5107805300504,16.36422710493207,108,2026-05-12T12:10:10.954711+00:00,844,1,0.429,1849.503,25.74,128.002,1,Start,Finish,245,43.5109103500155,16.363974050014804,25,305,104,159,,,False,
2026-05-12T12:10:51+00:00,43.51077815517783,16.364231295883656,107,2026-05-12T12:10:10.954711+00:00,844,1,0.429,1849.932,25.74,128.002,1,Start,Finish,245,43.5109103500155,16.363974050014804,25,305,104,159,,,False,
2026-05-12T12:10:52+00:00,43.510775780305266,16.36423548683524,107,2026-05-12T12:10:10.954711+00:00,844,1,0.429,1850.361,25.74,128.002,1,Start,Finish,245,43.5109103500155,16.363974050014804,26,305,104,159,,,False,
2026-05-12T12:10:53+00:00,43.5107734054327,16.364239677786827,107,2026-05-12T12:10:10.954711+00:00,844,1,0.429,1850.79,25.74,128.002,1,Start,Finish,245,43.5109103500155,16.363974050014804,26,305,101,156,,,False,
2026-05-12T12:10:54+00:00,43.510771030560136,16.364243868738413,106,2026-05-12T12:10:10.954711+00:00,844,1,0.429,1851.219,25.74,128.002,1,Start,Finish,245,43.5109103500155,16.363974050014804,27,305,98,153,,,False,
2026-05-12T12:10:55+00:00,43.51076865568757,16.36424805969,106,2026-05-12T12:10:10.954711+00:00,844,1,0.429,1851.648,25.74,128.002,1,Start,Finish,245,43.5109103500155,16.363974050014804,27,305,94,149,,,False,
2026-05-12T12:10:56+00:00,43.510768907144666,16.364250616170466,106,2026-05-12T12:10:10.954711+00:00,844,1,0.208,1851.856,12.48,82.276,1,Start,Finish,245,43.5109103500155,16.363974050014804,27,305,94,149,,,False,
2026-05-12T12:10:57+00:00,43.51076915860176,16.364253172650933,106,2026-05-12T12:10:10.954711+00:00,844,1,0.208,1852.064,12.48,82.276,1,Start,Finish,245,43.5109103500155,16.363974050014804,27,305,92,147,,,False,
2026-05-12T12:10:58+00:00,43.51077063381672,16.36425392702222,105,2026-05-12T12:10:10.954711+00:00,844,1,0.175,1852.239,10.5,20.348,1,Start,Finish,245,43.5109103500155,16.363974050014804,27,305,95,150,,,False,
2026-05-12T12:10:59+00:00,43.51077210903168,16.364254681393504,105,2026-05-12T12:10:10.954711+00:00,844,1,0.175,1852.414,10.5,20.348,1,Start,Finish,245,43.5109103500155,16.363974050014804,27,304,97,153,,,False,
2026-05-12T12:11:00+00:00,43.510773584246635,16.36425543576479,104,2026-05-12T12:10:10.954711+00:00,844,1,0.175,1852.588,10.5,20.348,1,Start,Finish,245,43.5109103500155,16.363974050014804,27,304,97,153,,,False,
