timestamp_utc,latitude,longitude,heart_rate,finish_time_utc,elapsed_race_time_s,finished_flag,seg_dist_m,dist_from_start_m,SOG_raw_mpm,COG_raw_deg,geom_leg_id,geom_from_mark,geom_to_mark,geom_leg_bearing_deg,target_lat_deg,target_lon_deg,dist_to_target_m,bearing_to_target_deg,COG_deg,ATB_angle_deg,ATB_offset_deg,axis_angle_signed_deg,is_upwind,upwind_dist_remaining_m
2026-05-12T12:28:38+00:00,43.516532932408154,16.370474388822913,121,2026-05-12T12:37:50.609191+00:00,553,1,0.0,0.0,0.0,0.0,1,Start,Finish,222,43.51087825005148,16.363954599943668,820,220,184,36,,,False,
2026-05-12T12:28:39+00:00,43.51651210337877,16.3704717066139,121,2026-05-12T12:37:50.609191+00:00,553,1,2.326,2.326,139.56,185.335,1,Start,Finish,222,43.51087825005148,16.363954599943668,818,220,183,37,,,False,
2026-05-12T12:28:40+00:00,43.51649304293096,16.37047083489597,122,2026-05-12T12:37:50.609191+00:00,553,1,2.121,4.447,127.26,181.9,1,Start,Finish,222,43.51087825005148,16.363954599943668,816,220,183,37,,,False,
2026-05-12T12:28:41+00:00,43.51647398248315,16.37046996317804,122,2026-05-12T12:37:50.609191+00:00,553,1,2.121,6.567,127.26,181.9,1,Start,Finish,222,43.51087825005148,16.363954599943668,814,220,182,38,,,False,
2026-05-12T12:28:42+00:00,43.51645492203534,16.37046909146011,123,2026-05-12T12:37:50.609191+00:00,553,1,2.121,8.688,127.26,181.9,1,Start,Finish,222,43.51087825005148,16.363954599943668,813,220,182,38,,,False,
2026-05-12T12:28:43+00:00,43.51643586158752,16.37046821974218,123,2026-05-12T12:37:50.609191+00:00,553,1,2.121,10.809,127.26,181.9,1,Start,Finish,222,43.51087825005148,16.363954599943668,811,220,182,38,,,False,
2026-05-12T12:28:44+00:00,43.51641680113971,16.37046734802425,124,2026-05-12T12:37:50.609191+00:00,553,1,2.121,12.929,127.26,181.9,1,Start,Finish,222,43.51087825005148,16.363954599943668,809,220,181,39,,,False,
2026-05-12T12:28:45+00:00,43.51639691507444,16.370467515662313,124,2026-05-12T12:37:50.609191+00:00,553,1,2.211,15.14,132.66,179.65,1,Start,Finish,222,43.51087825005148,16.363954599943668,808,221,180,41,,,False,
2026-05-12T12:28:46+00:00,43.51637702900916,16.370467683300376,123,2026-05-12T12:37:50.609191+00:00,553,1,2.211,17.352,132.66,179.65,1,Start,Finish,222,43.51087825005148,16.363954599943668,806,221,179,42,,,False,
2026-05-12T12:28:47+00:00,43.51635714294389,16.37046785093844,122,2026-05-12T12:37:50.609191+00:00,553,1,2.211,19.563,132.66,179.65,1,Start,Finish,222,43.51087825005148,16.363954599943668,804,221,179,42,,,False,
2026-05-12T12:28:48+00:00,43.516337256878614,16.370468018576503,122,2026-05-12T12:37:50.609191+00:00,553,1,2.211,21.774,132.66,179.65,1,Start,Finish,222,43.51087825005148,16.363954599943668,803,221,178,43,,,False,
2026-05-12T12:28:49+00:00,43.516313368454576,16.37047067284584,122,2026-05-12T12:37:50.609191+00:00,553,1,2.665,24.439,159.9,175.393,1,Start,Finish,222,43.51087825005148,16.363954599943668,801,221,178,43,,,False,
2026-05-12T12:28:50+00:00,43.51628948003054,16.370473327115178,121,2026-05-12T12:37:50.609191+00:00,553,1,2.665,27.104,159.9,175.393,1,Start,Finish,222,43.51087825005148,16.363954599943668,799,221,177,44,,,False,
2026-05-12T12:28:51+00:00,43.5162655916065,16.370475981384516,121,2026-05-12T12:37:50.609191+00:00,553,1,2.665,29.769,159.9,175.393,1,Start,Finish,222,43.51087825005148,16.363954599943668,797,221,176,45,,,False,
2026-05-12T12:28:52+00:00,43.51624170318246,16.370478635653853,121,2026-05-12T12:37:50.609191+00:00,553,1,2.665,32.434,159.9,175.393,1,Start,Finish,222,43.51087825005148,16.363954599943668,795,221,175,46,,,False,
2026-05-12T12:28:53+00:00,43.51621781475842,16.37048128992319,120,2026-05-12T12:37:50.609191+00:00,553,1,2.665,35.099,159.9,175.393,1,Start,Finish,222,43.51087825005148,16.363954599943668,793,222,175,47,,,False,
2026-05-12T12:28:54+00:00,43.51619392633438,16.37048394419253,120,2026-05-12T12:37:50.609191+00:00,553,1,2.665,37.763,159.9,175.393,1,Start,Finish,222,43.51087825005148,16.363954599943668,792,222,175,47,,,False,
2026-05-12T12:28:55+00:00,43.5161715047434,16.370487436652184,120,2026-05-12T12:37:50.609191+00:00,553,1,2.509,40.272,150.54,173.555,1,Start,Finish,222,43.51087825005148,16.363954599943668,790,222,174,48,,,False,
2026-05-12T12:28:56+00:00,43.51614908315241,16.37049092911184,120,2026-05-12T12:37:50.609191+00:00,553,1,2.509,42.782,150.54,173.555,1,Start,Finish,222,43.51087825005148,16.363954599943668,788,222,174,48,,,False,
2026-05-12T12:28:57+00:00,43.51612666156143,16.370494421571493,120,2026-05-12T12:37:50.609191+00:00,553,1,2.509,45.291,150.54,173.555,1,Start,Finish,222,43.51087825005148,16.363954599943668,787,222,176,46,,,False,
2026-05-12T12:28:58+00:00,43.516104239970446,16.370497914031148,120,2026-05-12T12:37:50.609191+00:00,553,1,2.509,47.8,150.54,173.555,1,Start,Finish,222,43.51087825005148,16.363954599943668,785,222,180,42,,,False,
2026-05-12T12:28:59+00:00,43.51608181837946,16.370501406490803,120,2026-05-12T12:37:50.609191+00:00,553,1,2.509,50.309,150.54,173.555,1,Start,Finish,222,43.51087825005148,16.363954599943668,783,222,191,31,,,False,
2026-05-12T12:29:00+00:00,43.51605939678848,16.370504898950458,120,2026-05-12T12:37:50.609191+00:00,553,1,2.509,52.818,150.54,173.555,1,Start,Finish,222,43.51087825005148,16.363954599943668,782,223,203,20,,,False,
2026-05-12T12:29:01+00:00,43.51603902876377,16.37050020508468,122,2026-05-12T12:37:50.609191+00:00,553,1,2.296,55.114,137.76,189.488,1,Start,Finish,222,43.51087825005148,16.363954599943668,780,223,210,13,,,False,
2026-05-12T12:29:02+00:00,43.51602817419917,16.37049190700054,124,2026-05-12T12:37:50.609191+00:00,553,1,1.38,56.494,82.8,209.003,1,Start,Finish,222,43.51087825005148,16.363954599943668,778,223,221,2,,,False,
2026-05-12T12:29:03+00:00,43.51601731963456,16.370483608916402,125,2026-05-12T12:37:50.609191+00:00,553,1,1.38,57.874,82.8,209.003,1,Start,Finish,222,43.51087825005148,16.363954599943668,777,223,227,4,,,False,
2026-05-12T12:29:04+00:00,43.51602368988097,16.370466761291027,126,2026-05-12T12:37:50.609191+00:00,553,1,1.532,59.406,91.92,297.538,1,Start,Finish,222,43.51087825005148,16.363954599943668,777,223,230,7,,,False,
2026-05-12T12:29:05+00:00,43.51602570153773,16.37044496834278,128,2026-05-12T12:37:50.609191+00:00,553,1,1.771,61.178,106.26,277.254,1,Start,Finish,222,43.51087825005148,16.363954599943668,776,222,242,20,,,False,
2026-05-12T12:29:06+00:00,43.51602293550968,16.37041714042425,130,2026-05-12T12:37:50.609191+00:00,553,1,2.265,63.442,135.9,262.195,1,Start,Finish,222,43.51087825005148,16.363954599943668,774,222,253,31,,,False,
2026-05-12T12:29:07+00:00,43.516020169481635,16.370389312505722,131,2026-05-12T12:37:50.609191+00:00,553,1,2.265,65.707,135.9,262.195,1,Start,Finish,222,43.51087825005148,16.363954599943668,772,222,262,40,,,False,
2026-05-12T12:29:08+00:00,43.51601296104491,16.370360562577844,134,2026-05-12T12:37:50.609191+00:00,553,1,2.453,68.16,147.18,250.927,1,Start,Finish,222,43.51087825005148,16.363954599943668,770,222,274,52,,,False,
2026-05-12T12:29:09+00:00,43.51601446978748,16.370332734659314,136,2026-05-12T12:37:50.609191+00:00,553,1,2.25,70.411,135.0,274.276,1,Start,Finish,222,43.51087825005148,16.363954599943668,769,222,271,49,,,False,
2026-05-12T12:29:10+00:00,43.51601907983422,16.370305074378848,138,2026-05-12T12:37:50.609191+00:00,553,1,2.289,72.699,137.34,282.943,1,Start,Finish,222,43.51087825005148,16.363954599943668,767,222,269,47,,,False,
2026-05-12T12:29:11+00:00,43.51602368988097,16.370277414098382,139,2026-05-12T12:37:50.609191+00:00,553,1,2.289,74.988,137.34,282.943,1,Start,Finish,222,43.51087825005148,16.363954599943668,766,222,270,48,,,False,
2026-05-12T12:29:12+00:00,43.516024318523705,16.370248454622924,140,2026-05-12T12:37:50.609191+00:00,553,1,2.336,77.324,140.16,271.715,1,Start,Finish,222,43.51087825005148,16.363954599943668,765,222,270,48,,,False,
2026-05-12T12:29:13+00:00,43.51602494716644,16.370219495147467,142,2026-05-12T12:37:50.609191+00:00,553,1,2.336,79.66,140.16,271.715,1,Start,Finish,222,43.51087825005148,16.363954599943668,763,221,272,51,,,False,
2026-05-12T12:29:14+00:00,43.516023606061935,16.370190347079188,142,2026-05-12T12:37:50.609191+00:00,553,1,2.355,82.015,141.3,266.37,1,Start,Finish,222,43.51087825005148,16.363954599943668,762,221,272,51,,,False,
2026-05-12T12:29:15+00:00,43.51602226495743,16.37016119901091,142,2026-05-12T12:37:50.609191+00:00,553,1,2.355,84.37,141.3,266.37,1,Start,Finish,222,43.51087825005148,16.363954599943668,760,221,270,49,,,False,
2026-05-12T12:29:16+00:00,43.51602092385292,16.37013205094263,141,2026-05-12T12:37:50.609191+00:00,553,1,2.355,86.726,141.3,266.37,1,Start,Finish,222,43.51087825005148,16.363954599943668,758,221,269,48,,,False,
2026-05-12T12:29:17+00:00,43.51601958274841,16.37010290287435,141,2026-05-12T12:37:50.609191+00:00,553,1,2.355,89.081,141.3,266.37,1,Start,Finish,222,43.51087825005148,16.363954599943668,757,221,269,48,,,False,
2026-05-12T12:29:18+00:00,43.5160192893818,16.370075661689043,140,2026-05-12T12:37:50.609191+00:00,553,1,2.197,91.278,131.82,269.149,1,Start,Finish,222,43.51087825005148,16.363954599943668,755,221,269,48,,,False,
2026-05-12T12:29:19+00:00,43.51601899601519,16.370048420503736,138,2026-05-12T12:37:50.609191+00:00,553,1,2.197,93.474,131.82,269.149,1,Start,Finish,222,43.51087825005148,16.363954599943668,754,221,269,48,,,False,
2026-05-12T12:29:20+00:00,43.51601948495954,16.370020173490047,138,2026-05-12T12:37:50.609191+00:00,553,1,2.278,95.753,136.68,271.367,1,Start,Finish,222,43.51087825005148,16.363954599943668,752,221,270,49,,,False,
2026-05-12T12:29:21+00:00,43.516019973903894,16.36999192647636,138,2026-05-12T12:37:50.609191+00:00,553,1,2.278,98.031,136.68,271.367,1,Start,Finish,222,43.51087825005148,16.363954599943668,751,220,270,50,,,False,
2026-05-12T12:29:22+00:00,43.516020462848246,16.36996367946267,138,2026-05-12T12:37:50.609191+00:00,553,1,2.278,100.31,136.68,271.367,1,Start,Finish,222,43.51087825005148,16.363954599943668,750,220,269,49,,,False,
2026-05-12T12:29:23+00:00,43.5160209517926,16.369935432448983,138,2026-05-12T12:37:50.609191+00:00,553,1,2.278,102.588,136.68,271.367,1,Start,Finish,222,43.51087825005148,16.363954599943668,748,220,269,49,,,False,
2026-05-12T12:29:24+00:00,43.51602144073695,16.369907185435295,138,2026-05-12T12:37:50.609191+00:00,553,1,2.278,104.866,136.68,271.367,1,Start,Finish,222,43.51087825005148,16.363954599943668,747,220,270,50,,,False,
2026-05-12T12:29:25+00:00,43.5160219296813,16.369878938421607,138,2026-05-12T12:37:50.609191+00:00,553,1,2.278,107.145,136.68,271.367,1,Start,Finish,222,43.51087825005148,16.363954599943668,745,220,270,50,,,False,
2026-05-12T12:29:26+00:00,43.51601656526327,16.369852786883712,137,2026-05-12T12:37:50.609191+00:00,553,1,2.192,109.336,131.52,254.206,1,Start,Finish,222,43.51087825005148,16.363954599943668,743,220,271,51,,,False,
2026-05-12T12:29:27+00:00,43.51601715199649,16.369826020672917,137,2026-05-12T12:37:50.609191+00:00,553,1,2.159,111.496,129.54,271.731,1,Start,Finish,222,43.51087825005148,16.363954599943668,742,220,272,52,,,False,
2026-05-12T12:29:28+00:00,43.516017738729715,16.369799254462123,137,2026-05-12T12:37:50.609191+00:00,553,1,2.159,113.655,129.54,271.731,1,Start,Finish,222,43.51087825005148,16.363954599943668,741,220,273,53,,,False,
2026-05-12T12:29:29+00:00,43.51601832546294,16.36977248825133,137,2026-05-12T12:37:50.609191+00:00,553,1,2.159,115.814,129.54,271.731,1,Start,Finish,222,43.51087825005148,16.363954599943668,739,219,274,55,,,False,
2026-05-12T12:29:30+00:00,43.51602251641452,16.369742983952165,137,2026-05-12T12:37:50.609191+00:00,553,1,2.424,118.239,145.44,281.083,1,Start,Finish,222,43.51087825005148,16.363954599943668,738,219,276,57,,,False,
2026-05-12T12:29:31+00:00,43.51602704264224,16.369715051259845,137,2026-05-12T12:37:50.609191+00:00,553,1,2.308,120.547,138.48,282.596,1,Start,Finish,222,43.51087825005148,16.363954599943668,737,219,278,59,,,False,
2026-05-12T12:29:32+00:00,43.51603156886995,16.369687118567526,136,2026-05-12T12:37:50.609191+00:00,553,1,2.308,122.854,138.48,282.596,1,Start,Finish,222,43.51087825005148,16.363954599943668,736,219,278,59,,,False,
2026-05-12T12:29:33+00:00,43.51603609509766,16.369659185875207,136,2026-05-12T12:37:50.609191+00:00,553,1,2.308,125.162,138.48,282.596,1,Start,Finish,222,43.51087825005148,16.363954599943668,735,219,279,60,,,False,
2026-05-12T12:29:34+00:00,43.516040621325374,16.369631253182888,136,2026-05-12T12:37:50.609191+00:00,553,1,2.308,127.47,138.48,282.596,1,Start,Finish,222,43.51087825005148,16.363954599943668,734,219,279,60,,,False,
2026-05-12T12:29:35+00:00,43.51604275871068,16.369601748883724,136,2026-05-12T12:37:50.609191+00:00,553,1,2.391,129.861,143.46,275.705,1,Start,Finish,222,43.51087825005148,16.363954599943668,733,218,279,61,,,False,
2026-05-12T12:29:36+00:00,43.51604489609599,16.36957224458456,136,2026-05-12T12:37:50.609191+00:00,553,1,2.391,132.252,143.46,275.705,1,Start,Finish,222,43.51087825005148,16.363954599943668,732,218,278,60,,,False,
2026-05-12T12:29:37+00:00,43.5160470334813,16.369542740285397,136,2026-05-12T12:37:50.609191+00:00,553,1,2.391,134.643,143.46,275.705,1,Start,Finish,222,43.51087825005148,16.363954599943668,730,218,277,59,,,False,
2026-05-12T12:29:38+00:00,43.51604917086661,16.369513235986233,137,2026-05-12T12:37:50.609191+00:00,553,1,2.391,137.034,143.46,275.705,1,Start,Finish,222,43.51087825005148,16.363954599943668,729,218,275,57,,,False,
2026-05-12T12:29:39+00:00,43.51605130825192,16.36948373168707,137,2026-05-12T12:37:50.609191+00:00,553,1,2.391,139.425,143.46,275.705,1,Start,Finish,222,43.51087825005148,16.363954599943668,728,218,273,55,,,False,
2026-05-12T12:29:40+00:00,43.516053445637226,16.369454227387905,137,2026-05-12T12:37:50.609191+00:00,553,1,2.391,141.816,143.46,275.705,1,Start,Finish,222,43.51087825005148,16.363954599943668,727,218,272,54,,,False,
2026-05-12T12:29:41+00:00,43.51605331990868,16.36942979414016,138,2026-05-12T12:37:50.609191+00:00,553,1,1.97,143.786,118.2,269.593,1,Start,Finish,222,43.51087825005148,16.363954599943668,725,217,271,54,,,False,
2026-05-12T12:29:42+00:00,43.51605319418013,16.369405360892415,138,2026-05-12T12:37:50.609191+00:00,553,1,1.97,145.757,118.2,269.593,1,Start,Finish,222,43.51087825005148,16.363954599943668,724,217,270,53,,,False,
2026-05-12T12:29:43+00:00,43.51605155970901,16.36937838513404,138,2026-05-12T12:37:50.609191+00:00,553,1,2.183,147.939,130.98,265.224,1,Start,Finish,222,43.51087825005148,16.363954599943668,723,217,269,52,,,False,
2026-05-12T12:29:44+00:00,43.516049925237894,16.369351409375668,138,2026-05-12T12:37:50.609191+00:00,553,1,2.183,150.122,130.98,265.224,1,Start,Finish,222,43.51087825005148,16.363954599943668,721,217,267,50,,,False,
2026-05-12T12:29:45+00:00,43.516048290766776,16.369324433617294,138,2026-05-12T12:37:50.609191+00:00,553,1,2.183,152.305,130.98,265.224,1,Start,Finish,222,43.51087825005148,16.363954599943668,720,217,266,49,,,False,
2026-05-12T12:29:46+00:00,43.51604665629566,16.36929745785892,138,2026-05-12T12:37:50.609191+00:00,553,1,2.183,154.488,130.98,265.224,1,Start,Finish,222,43.51087825005148,16.363954599943668,718,217,266,49,,,False,
2026-05-12T12:29:47+00:00,43.51604502182454,16.369270482100546,138,2026-05-12T12:37:50.609191+00:00,553,1,2.183,156.671,130.98,265.224,1,Start,Finish,222,43.51087825005148,16.363954599943668,717,217,266,49,,,False,
2026-05-12T12:29:48+00:00,43.51604338735342,16.369243506342173,138,2026-05-12T12:37:50.609191+00:00,553,1,2.183,158.854,130.98,265.224,1,Start,Finish,222,43.51087825005148,16.363954599943668,715,217,266,49,,,False,
2026-05-12T12:29:49+00:00,43.516042213886976,16.369215846061707,137,2026-05-12T12:37:50.609191+00:00,553,1,2.234,161.088,134.04,266.652,1,Start,Finish,222,43.51087825005148,16.363954599943668,714,216,265,49,,,False,
2026-05-12T12:29:50+00:00,43.51604104042053,16.36918818578124,136,2026-05-12T12:37:50.609191+00:00,553,1,2.234,163.322,134.04,266.652,1,Start,Finish,222,43.51087825005148,16.363954599943668,713,216,265,49,,,False,
2026-05-12T12:29:51+00:00,43.51603986695409,16.369160525500774,135,2026-05-12T12:37:50.609191+00:00,553,1,2.234,165.556,134.04,266.652,1,Start,Finish,222,43.51087825005148,16.363954599943668,711,216,265,49,,,False,
2026-05-12T12:29:52+00:00,43.516037666704506,16.36913164984435,134,2026-05-12T12:37:50.609191+00:00,553,1,2.341,167.897,140.46,264.002,1,Start,Finish,222,43.51087825005148,16.363954599943668,710,216,264,48,,,False,
2026-05-12T12:29:53+00:00,43.51603546645492,16.369102774187922,134,2026-05-12T12:37:50.609191+00:00,553,1,2.341,170.239,140.46,264.002,1,Start,Finish,222,43.51087825005148,16.363954599943668,708,216,263,47,,,False,
2026-05-12T12:29:54+00:00,43.51603326620534,16.369073898531497,133,2026-05-12T12:37:50.609191+00:00,553,1,2.341,172.58,140.46,264.002,1,Start,Finish,222,43.51087825005148,16.363954599943668,706,216,263,47,,,False,
2026-05-12T12:29:55+00:00,43.51603106595576,16.36904502287507,132,2026-05-12T12:37:50.609191+00:00,553,1,2.341,174.921,140.46,264.002,1,Start,Finish,222,43.51087825005148,16.363954599943668,705,216,263,47,,,False,
2026-05-12T12:29:56+00:00,43.51602599490434,16.369017069227993,130,2026-05-12T12:37:50.609191+00:00,553,1,2.324,177.245,139.44,255.955,1,Start,Finish,222,43.51087825005148,16.363954599943668,703,215,263,48,,,False,
2026-05-12T12:29:57+00:00,43.51602092385292,16.368989115580916,128,2026-05-12T12:37:50.609191+00:00,553,1,2.324,179.568,139.44,255.955,1,Start,Finish,222,43.51087825005148,16.363954599943668,701,215,263,48,,,False,
2026-05-12T12:29:58+00:00,43.516019163653255,16.368959213141352,128,2026-05-12T12:37:50.609191+00:00,553,1,2.419,181.987,145.14,265.359,1,Start,Finish,222,43.51087825005148,16.363954599943668,700,215,264,49,,,False,
2026-05-12T12:29:59+00:00,43.51601740345359,16.368929310701787,128,2026-05-12T12:37:50.609191+00:00,553,1,2.419,184.407,145.14,265.359,1,Start,Finish,222,43.51087825005148,16.363954599943668,698,215,266,51,,,False,
2026-05-12T12:30:00+00:00,43.51601564325392,16.368899408262223,129,2026-05-12T12:37:50.609191+00:00,553,1,2.419,186.826,145.14,265.359,1,Start,Finish,222,43.51087825005148,16.363954599943668,697,215,267,52,,,False,
2026-05-12T12:30:01+00:00,43.516013883054256,16.36886950582266,129,2026-05-12T12:37:50.609191+00:00,553,1,2.419,189.245,145.14,265.359,1,Start,Finish,222,43.51087825005148,16.363954599943668,695,215,270,55,,,False,
2026-05-12T12:30:02+00:00,43.51601643953472,16.368842222727835,129,2026-05-12T12:37:50.609191+00:00,553,1,2.218,191.463,133.08,277.363,1,Start,Finish,222,43.51087825005148,16.363954599943668,694,215,270,55,,,False,
2026-05-12T12:30:03+00:00,43.51601899601519,16.368814939633012,128,2026-05-12T12:37:50.609191+00:00,553,1,2.218,193.682,133.08,277.363,1,Start,Finish,222,43.51087825005148,16.363954599943668,693,214,270,56,,,False,
2026-05-12T12:30:04+00:00,43.51602155249566,16.36878765653819,128,2026-05-12T12:37:50.609191+00:00,553,1,2.218,195.9,133.08,277.363,1,Start,Finish,222,43.51087825005148,16.363954599943668,692,214,270,56,,,False,
2026-05-12T12:30:05+00:00,43.516024108976126,16.368760373443365,128,2026-05-12T12:37:50.609191+00:00,553,1,2.218,198.118,133.08,277.363,1,Start,Finish,222,43.51087825005148,16.363954599943668,691,214,268,54,,,False,
2026-05-12T12:30:06+00:00,43.5160215664655,16.36873302049935,128,2026-05-12T12:37:50.609191+00:00,553,1,2.224,200.342,133.44,262.696,1,Start,Finish,222,43.51087825005148,16.363954599943668,690,214,267,53,,,False,
2026-05-12T12:30:07+00:00,43.51601902395487,16.368705667555332,129,2026-05-12T12:37:50.609191+00:00,553,1,2.224,202.566,133.44,262.696,1,Start,Finish,222,43.51087825005148,16.363954599943668,688,214,264,50,,,False,
2026-05-12T12:30:08+00:00,43.51601648144424,16.368678314611316,129,2026-05-12T12:37:50.609191+00:00,553,1,2.224,204.789,133.44,262.696,1,Start,Finish,222,43.51087825005148,16.363954599943668,687,214,262,48,,,False,
2026-05-12T12:30:09+00:00,43.5160108236596,16.368652330711484,130,2026-05-12T12:37:50.609191+00:00,553,1,2.188,206.977,131.28,253.287,1,Start,Finish,222,43.51087825005148,16.363954599943668,685,214,260,46,,,False,
2026-05-12T12:30:10+00:00,43.51600516587496,16.368626346811652,130,2026-05-12T12:37:50.609191+00:00,553,1,2.188,209.165,131.28,253.287,1,Start,Finish,222,43.51087825005148,16.363954599943668,683,213,259,46,,,False,
2026-05-12T12:30:11+00:00,43.51599950809032,16.36860036291182,131,2026-05-12T12:37:50.609191+00:00,553,1,2.188,211.352,131.28,253.287,1,Start,Finish,222,43.51087825005148,16.363954599943668,682,213,259,46,,,False,
2026-05-12T12:30:12+00:00,43.51599385030568,16.36857437901199,132,2026-05-12T12:37:50.609191+00:00,553,1,2.188,213.54,131.28,253.287,1,Start,Finish,222,43.51087825005148,16.363954599943668,680,213,260,47,,,False,
2026-05-12T12:30:13+00:00,43.515992341563106,16.36854512616992,134,2026-05-12T12:37:50.609191+00:00,553,1,2.365,215.905,141.9,265.932,1,Start,Finish,222,43.51087825005148,16.363954599943668,679,213,262,49,,,False,
2026-05-12T12:30:14+00:00,43.515990832820535,16.36851587332785,135,2026-05-12T12:37:50.609191+00:00,553,1,2.365,218.27,141.9,265.932,1,Start,Finish,222,43.51087825005148,16.363954599943668,677,213,264,51,,,False,
2026-05-12T12:30:15+00:00,43.515988402068615,16.368489135056734,136,2026-05-12T12:37:50.609191+00:00,553,1,2.173,220.442,130.38,262.855,1,Start,Finish,222,43.51087825005148,16.363954599943668,676,213,266,53,,,False,
2026-05-12T12:30:16+00:00,43.51598939392716,16.368462592363358,136,2026-05-12T12:37:50.609191+00:00,553,1,2.143,222.586,128.58,272.95,1,Start,Finish,222,43.51087825005148,16.363954599943668,675,213,268,55,,,False,
2026-05-12T12:30:17+00:00,43.5159903857857,16.36843604966998,136,2026-05-12T12:37:50.609191+00:00,553,1,2.143,224.729,128.58,272.95,1,Start,Finish,222,43.51087825005148,16.363954599943668,674,212,270,58,,,False,
2026-05-12T12:30:18+00:00,43.51599137764424,16.368409506976604,136,2026-05-12T12:37:50.609191+00:00,553,1,2.143,226.872,128.58,272.95,1,Start,Finish,222,43.51087825005148,16.363954599943668,673,212,270,58,,,False,
2026-05-12T12:30:19+00:00,43.51599236950278,16.368382964283228,137,2026-05-12T12:37:50.609191+00:00,553,1,2.143,229.015,128.58,272.95,1,Start,Finish,222,43.51087825005148,16.363954599943668,671,212,269,57,,,False,
2026-05-12T12:30:20+00:00,43.515993361361325,16.36835642158985,137,2026-05-12T12:37:50.609191+00:00,553,1,2.143,231.158,128.58,272.95,1,Start,Finish,222,43.51087825005148,16.363954599943668,670,212,270,58,,,False,
2026-05-12T12:30:21+00:00,43.51599435321987,16.368329878896475,137,2026-05-12T12:37:50.609191+00:00,553,1,2.143,233.301,128.58,272.95,1,Start,Finish,222,43.51087825005148,16.363954599943668,669,212,270,58,,,False,
2026-05-12T12:30:22+00:00,43.51599141955376,16.36830200906843,136,2026-05-12T12:37:50.609191+00:00,553,1,2.271,235.572,136.26,261.741,1,Start,Finish,222,43.51087825005148,16.363954599943668,668,212,270,58,,,False,
2026-05-12T12:30:23+00:00,43.51598848588765,16.368274139240384,135,2026-05-12T12:37:50.609191+00:00,553,1,2.271,237.843,136.26,261.741,1,Start,Finish,222,43.51087825005148,16.363954599943668,666,212,270,58,,,False,
2026-05-12T12:30:24+00:00,43.51598877925426,16.36824534740299,134,2026-05-12T12:37:50.609191+00:00,553,1,2.322,240.165,139.32,270.805,1,Start,Finish,222,43.51087825005148,16.363954599943668,665,211,270,59,,,False,
2026-05-12T12:30:25+00:00,43.51598907262087,16.368216555565596,132,2026-05-12T12:37:50.609191+00:00,553,1,2.322,242.487,139.32,270.805,1,Start,Finish,222,43.51087825005148,16.363954599943668,664,211,269,58,,,False,
2026-05-12T12:30:26+00:00,43.515990011394024,16.368185056373477,132,2026-05-12T12:37:50.609191+00:00,553,1,2.542,245.029,152.52,272.353,1,Start,Finish,222,43.51087825005148,16.363954599943668,663,211,269,58,,,False,
2026-05-12T12:30:27+00:00,43.51599095016718,16.36815355718136,132,2026-05-12T12:37:50.609191+00:00,553,1,2.542,247.571,152.52,272.353,1,Start,Finish,222,43.51087825005148,16.363954599943668,662,211,271,60,,,False,
2026-05-12T12:30:28+00:00,43.515991888940334,16.36812205798924,133,2026-05-12T12:37:50.609191+00:00,553,1,2.542,250.113,152.52,272.353,1,Start,Finish,222,43.51087825005148,16.363954599943668,660,211,273,62,,,False,
2026-05-12T12:30:29+00:00,43.51599282771349,16.36809055879712,133,2026-05-12T12:37:50.609191+00:00,553,1,2.542,252.655,152.52,272.353,1,Start,Finish,222,43.51087825005148,16.363954599943668,659,210,272,62,,,False,
2026-05-12T12:30:30+00:00,43.515993766486645,16.368059059605002,133,2026-05-12T12:37:50.609191+00:00,553,1,2.542,255.198,152.52,272.353,1,Start,Finish,222,43.51087825005148,16.363954599943668,658,210,272,62,,,False,
2026-05-12T12:30:31+00:00,43.51599573623389,16.36802871711552,133,2026-05-12T12:37:50.609191+00:00,553,1,2.456,257.654,147.36,275.115,1,Start,Finish,222,43.51087825005148,16.363954599943668,657,210,272,62,,,False,
2026-05-12T12:30:32+00:00,43.515997705981135,16.36799837462604,133,2026-05-12T12:37:50.609191+00:00,553,1,2.456,260.111,147.36,275.115,1,Start,Finish,222,43.51087825005148,16.363954599943668,656,210,272,62,,,False,
2026-05-12T12:30:33+00:00,43.51599657442421,16.3679676130414,134,2026-05-12T12:37:50.609191+00:00,553,1,2.484,262.594,149.04,267.096,1,Start,Finish,222,43.51087825005148,16.363954599943668,655,210,272,62,,,False,
2026-05-12T12:30:34+00:00,43.51599544286728,16.36793685145676,136,2026-05-12T12:37:50.609191+00:00,553,1,2.484,265.078,149.04,267.096,1,Start,Finish,222,43.51087825005148,16.363954599943668,653,209,272,63,,,False,
2026-05-12T12:30:35+00:00,43.51599619723856,16.36790558695793,137,2026-05-12T12:37:50.609191+00:00,553,1,2.522,267.6,151.32,271.906,1,Start,Finish,222,43.51087825005148,16.363954599943668,652,209,272,63,,,False,
2026-05-12T12:30:36+00:00,43.51599695160985,16.3678743224591,138,2026-05-12T12:37:50.609191+00:00,553,1,2.522,270.123,151.32,271.906,1,Start,Finish,222,43.51087825005148,16.363954599943668,651,209,271,62,,,False,
2026-05-12T12:30:37+00:00,43.515997705981135,16.367843057960272,138,2026-05-12T12:37:50.609191+00:00,553,1,2.522,272.645,151.32,271.906,1,Start,Finish,222,43.51087825005148,16.363954599943668,650,209,272,63,,,False,
2026-05-12T12:30:38+00:00,43.51599846035242,16.367811793461442,139,2026-05-12T12:37:50.609191+00:00,553,1,2.522,275.168,151.32,271.906,1,Start,Finish,222,43.51087825005148,16.363954599943668,649,209,273,64,,,False,
2026-05-12T12:30:39+00:00,43.51600022055209,16.36777902022004,140,2026-05-12T12:37:50.609191+00:00,553,1,2.65,277.818,159.0,274.236,1,Start,Finish,222,43.51087825005148,16.363954599943668,648,208,272,64,,,False,
2026-05-12T12:30:40+00:00,43.51600198075175,16.36774624697864,140,2026-05-12T12:37:50.609191+00:00,553,1,2.65,280.468,159.0,274.236,1,Start,Finish,222,43.51087825005148,16.363954599943668,647,208,271,63,,,False,
2026-05-12T12:30:41+00:00,43.51600374095142,16.36771347373724,141,2026-05-12T12:37:50.609191+00:00,553,1,2.65,283.118,159.0,274.236,1,Start,Finish,222,43.51087825005148,16.363954599943668,646,208,269,61,,,False,
2026-05-12T12:30:42+00:00,43.51600188296288,16.36768260039389,141,2026-05-12T12:37:50.609191+00:00,553,1,2.498,285.616,149.88,265.256,1,Start,Finish,222,43.51087825005148,16.363954599943668,644,208,269,61,,,False,
2026-05-12T12:30:43+00:00,43.516000024974346,16.367651727050543,140,2026-05-12T12:37:50.609191+00:00,553,1,2.498,288.114,149.88,265.256,1,Start,Finish,222,43.51087825005148,16.363954599943668,643,208,267,59,,,False,
2026-05-12T12:30:44+00:00,43.51599816698581,16.367620853707194,140,2026-05-12T12:37:50.609191+00:00,553,1,2.498,290.612,149.88,265.256,1,Start,Finish,222,43.51087825005148,16.363954599943668,641,207,266,59,,,False,
2026-05-12T12:30:45+00:00,43.51599630899727,16.367589980363846,140,2026-05-12T12:37:50.609191+00:00,553,1,2.498,293.11,149.88,265.256,1,Start,Finish,222,43.51087825005148,16.363954599943668,640,207,266,59,,,False,
2026-05-12T12:30:46+00:00,43.51599445100874,16.367559107020497,139,2026-05-12T12:37:50.609191+00:00,553,1,2.498,295.608,149.88,265.256,1,Start,Finish,222,43.51087825005148,16.363954599943668,639,207,265,58,,,False,
2026-05-12T12:30:47+00:00,43.5159925930202,16.36752823367715,139,2026-05-12T12:37:50.609191+00:00,553,1,2.498,298.106,149.88,265.256,1,Start,Finish,222,43.51087825005148,16.363954599943668,638,207,265,58,,,False,
2026-05-12T12:30:48+00:00,43.51599058136344,16.367497430182993,139,2026-05-12T12:37:50.609191+00:00,553,1,2.494,300.6,149.64,264.854,1,Start,Finish,222,43.51087825005148,16.363954599943668,636,207,265,58,,,False,
2026-05-12T12:30:49+00:00,43.51598856970668,16.367466626688838,140,2026-05-12T12:37:50.609191+00:00,553,1,2.494,303.094,149.64,264.854,1,Start,Finish,222,43.51087825005148,16.363954599943668,635,206,265,59,,,False,
2026-05-12T12:30:50+00:00,43.51598655804992,16.367435823194683,140,2026-05-12T12:37:50.609191+00:00,553,1,2.494,305.588,149.64,264.854,1,Start,Finish,222,43.51087825005148,16.363954599943668,634,206,265,59,,,False,
2026-05-12T12:30:51+00:00,43.51598454639315,16.367405019700527,140,2026-05-12T12:37:50.609191+00:00,553,1,2.494,308.082,149.64,264.854,1,Start,Finish,222,43.51087825005148,16.363954599943668,632,206,265,59,,,False,
2026-05-12T12:30:52+00:00,43.515983037650585,16.367375599220395,140,2026-05-12T12:37:50.609191+00:00,553,1,2.378,310.46,142.68,265.955,1,Start,Finish,222,43.51087825005148,16.363954599943668,631,206,265,59,,,False,
2026-05-12T12:30:53+00:00,43.515980299562216,16.367341624572873,140,2026-05-12T12:37:50.609191+00:00,553,1,2.756,313.217,165.36,263.659,1,Start,Finish,222,43.51087825005148,16.363954599943668,630,206,264,58,,,False,
2026-05-12T12:30:54+00:00,43.515977561473846,16.36730764992535,140,2026-05-12T12:37:50.609191+00:00,553,1,2.756,315.973,165.36,263.659,1,Start,Finish,222,43.51087825005148,16.363954599943668,628,205,264,59,,,False,
2026-05-12T12:30:55+00:00,43.51597482338548,16.36727367527783,140,2026-05-12T12:37:50.609191+00:00,553,1,2.756,318.73,165.36,263.659,1,Start,Finish,222,43.51087825005148,16.363954599943668,627,205,264,59,,,False,
2026-05-12T12:30:56+00:00,43.51597208529711,16.367239700630307,141,2026-05-12T12:37:50.609191+00:00,553,1,2.756,321.486,165.36,263.659,1,Start,Finish,222,43.51087825005148,16.363954599943668,625,205,264,59,,,False,
2026-05-12T12:30:57+00:00,43.51596934720874,16.367205725982785,141,2026-05-12T12:37:50.609191+00:00,553,1,2.756,324.243,165.36,263.659,1,Start,Finish,222,43.51087825005148,16.363954599943668,624,205,264,59,,,False,
2026-05-12T12:30:58+00:00,43.51596660912037,16.367171751335263,141,2026-05-12T12:37:50.609191+00:00,553,1,2.756,326.999,165.36,263.659,1,Start,Finish,222,43.51087825005148,16.363954599943668,622,205,265,60,,,False,
2026-05-12T12:30:59+00:00,43.51596505846828,16.36713820276782,142,2026-05-12T12:37:50.609191+00:00,553,1,2.711,329.71,162.66,266.353,1,Start,Finish,222,43.51087825005148,16.363954599943668,621,204,265,61,,,False,
2026-05-12T12:31:00+00:00,43.515963507816195,16.367104654200375,142,2026-05-12T12:37:50.609191+00:00,553,1,2.711,332.421,162.66,266.353,1,Start,Finish,222,43.51087825005148,16.363954599943668,620,204,265,61,,,False,
2026-05-12T12:31:01+00:00,43.51596195716411,16.36707110563293,143,2026-05-12T12:37:50.609191+00:00,553,1,2.711,335.131,162.66,266.353,1,Start,Finish,222,43.51087825005148,16.363954599943668,619,204,265,61,,,False,
2026-05-12T12:31:02+00:00,43.51596040651202,16.367037557065487,144,2026-05-12T12:37:50.609191+00:00,553,1,2.711,337.842,162.66,266.353,1,Start,Finish,222,43.51087825005148,16.363954599943668,617,204,266,62,,,False,
2026-05-12T12:31:03+00:00,43.51595819927752,16.367005230858922,144,2026-05-12T12:37:50.609191+00:00,553,1,2.618,340.46,157.08,264.621,1,Start,Finish,222,43.51087825005148,16.363954599943668,616,204,264,60,,,False,
2026-05-12T12:31:04+00:00,43.51595599204302,16.366972904652357,143,2026-05-12T12:37:50.609191+00:00,553,1,2.618,343.078,157.08,264.621,1,Start,Finish,222,43.51087825005148,16.363954599943668,615,203,263,60,,,False,
2026-05-12T12:31:05+00:00,43.51595378480852,16.366940578445792,143,2026-05-12T12:37:50.609191+00:00,553,1,2.618,345.697,157.08,264.621,1,Start,Finish,222,43.51087825005148,16.363954599943668,614,203,262,59,,,False,
2026-05-12T12:31:06+00:00,43.51594890234992,16.366907700430602,142,2026-05-12T12:37:50.609191+00:00,553,1,2.706,348.403,162.36,258.427,1,Start,Finish,222,43.51087825005148,16.363954599943668,612,203,261,58,,,False,
2026-05-12T12:31:07+00:00,43.51594401989132,16.36687482241541,142,2026-05-12T12:37:50.609191+00:00,553,1,2.706,351.109,162.36,258.427,1,Start,Finish,222,43.51087825005148,16.363954599943668,611,203,261,58,,,False,
2026-05-12T12:31:08+00:00,43.51593913743272,16.36684194440022,141,2026-05-12T12:37:50.609191+00:00,553,1,2.706,353.815,162.36,258.427,1,Start,Finish,222,43.51087825005148,16.363954599943668,609,202,261,59,,,False,
2026-05-12T12:31:09+00:00,43.51593425497413,16.36680906638503,140,2026-05-12T12:37:50.609191+00:00,553,1,2.706,356.521,162.36,258.427,1,Start,Finish,222,43.51087825005148,16.363954599943668,607,202,261,59,,,False,
2026-05-12T12:31:10+00:00,43.51593200583011,16.36677548289299,140,2026-05-12T12:37:50.609191+00:00,553,1,2.72,359.241,163.2,264.724,1,Start,Finish,222,43.51087825005148,16.363954599943668,606,202,262,60,,,False,
2026-05-12T12:31:11+00:00,43.51592975668609,16.36674189940095,140,2026-05-12T12:37:50.609191+00:00,553,1,2.72,361.961,163.2,264.724,1,Start,Finish,222,43.51087825005148,16.363954599943668,605,202,263,61,,,False,
2026-05-12T12:31:12+00:00,43.515927507542074,16.36670831590891,140,2026-05-12T12:37:50.609191+00:00,553,1,2.72,364.68,163.2,264.724,1,Start,Finish,222,43.51087825005148,16.363954599943668,604,202,264,62,,,False,
2026-05-12T12:31:13+00:00,43.515925258398056,16.366674732416868,140,2026-05-12T12:37:50.609191+00:00,553,1,2.72,367.4,163.2,264.724,1,Start,Finish,222,43.51087825005148,16.363954599943668,603,201,264,63,,,False,
2026-05-12T12:31:14+00:00,43.51592300925404,16.366641148924828,140,2026-05-12T12:37:50.609191+00:00,553,1,2.72,370.119,163.2,264.724,1,Start,Finish,222,43.51087825005148,16.363954599943668,601,201,263,62,,,False,
2026-05-12T12:31:15+00:00,43.51592076011002,16.366607565432787,140,2026-05-12T12:37:50.609191+00:00,553,1,2.72,372.839,163.2,264.724,1,Start,Finish,222,43.51087825005148,16.363954599943668,600,201,262,61,,,False,
2026-05-12T12:31:16+00:00,43.515915932133794,16.366573099046946,139,2026-05-12T12:37:50.609191+00:00,553,1,2.831,375.669,169.86,259.067,1,Start,Finish,222,43.51087825005148,16.363954599943668,599,201,261,60,,,False,
2026-05-12T12:31:17+00:00,43.51591110415757,16.366538632661104,139,2026-05-12T12:37:50.609191+00:00,553,1,2.831,378.5,169.86,259.067,1,Start,Finish,222,43.51087825005148,16.363954599943668,597,200,261,61,,,False,
2026-05-12T12:31:18+00:00,43.51590627618134,16.366504166275263,138,2026-05-12T12:37:50.609191+00:00,553,1,2.831,381.331,169.86,259.067,1,Start,Finish,222,43.51087825005148,16.363954599943668,596,200,261,61,,,False,
2026-05-12T12:31:19+00:00,43.51590144820511,16.36646969988942,138,2026-05-12T12:37:50.609191+00:00,553,1,2.831,384.161,169.86,259.067,1,Start,Finish,222,43.51087825005148,16.363954599943668,594,200,260,60,,,False,
2026-05-12T12:31:20+00:00,43.51589662022889,16.36643523350358,137,2026-05-12T12:37:50.609191+00:00,553,1,2.831,386.992,169.86,259.067,1,Start,Finish,222,43.51087825005148,16.363954599943668,593,200,260,60,,,False,
2026-05-12T12:31:21+00:00,43.51589578203857,16.36640153825283,136,2026-05-12T12:37:50.609191+00:00,553,1,2.719,389.711,163.14,268.035,1,Start,Finish,222,43.51087825005148,16.363954599943668,592,199,259,60,,,False,
2026-05-12T12:31:22+00:00,43.515890962444246,16.366367717273533,137,2026-05-12T12:37:50.609191+00:00,553,1,2.779,392.49,166.74,258.883,1,Start,Finish,222,43.51087825005148,16.363954599943668,590,199,258,59,,,False,
2026-05-12T12:31:23+00:00,43.51588614284992,16.366333896294236,138,2026-05-12T12:37:50.609191+00:00,553,1,2.779,395.269,166.74,258.883,1,Start,Finish,222,43.51087825005148,16.363954599943668,589,199,257,58,,,False,
2026-05-12T12:31:24+00:00,43.51587826386094,16.36630168184638,139,2026-05-12T12:37:50.609191+00:00,553,1,2.741,398.011,164.46,251.363,1,Start,Finish,222,43.51087825005148,16.363954599943668,587,199,257,58,,,False,
2026-05-12T12:31:25+00:00,43.51587038487196,16.366269467398524,140,2026-05-12T12:37:50.609191+00:00,553,1,2.741,400.752,164.46,251.363,1,Start,Finish,222,43.51087825005148,16.363954599943668,586,199,257,58,,,False,
2026-05-12T12:31:26+00:00,43.51586250588298,16.36623725295067,141,2026-05-12T12:37:50.609191+00:00,553,1,2.741,403.494,164.46,251.363,1,Start,Finish,222,43.51087825005148,16.363954599943668,584,198,258,60,,,False,
2026-05-12T12:31:27+00:00,43.51585941854864,16.366207567043602,140,2026-05-12T12:37:50.609191+00:00,553,1,2.418,405.912,145.08,261.839,1,Start,Finish,222,43.51087825005148,16.363954599943668,583,198,258,60,,,False,
2026-05-12T12:31:28+00:00,43.51585633121431,16.366177881136537,140,2026-05-12T12:37:50.609191+00:00,553,1,2.418,408.33,145.08,261.839,1,Start,Finish,222,43.51087825005148,16.363954599943668,582,198,259,61,,,False,
2026-05-12T12:31:29+00:00,43.515853243879974,16.36614819522947,140,2026-05-12T12:37:50.609191+00:00,553,1,2.418,410.749,145.08,261.839,1,Start,Finish,222,43.51087825005148,16.363954599943668,581,198,259,61,,,False,
2026-05-12T12:31:30+00:00,43.51585015654564,16.366118509322405,139,2026-05-12T12:37:50.609191+00:00,553,1,2.418,413.167,145.08,261.839,1,Start,Finish,222,43.51087825005148,16.363954599943668,580,198,260,62,,,False,
2026-05-12T12:31:31+00:00,43.515847069211304,16.36608882341534,138,2026-05-12T12:37:50.609191+00:00,553,1,2.418,415.585,145.08,261.839,1,Start,Finish,222,43.51087825005148,16.363954599943668,579,197,261,64,,,False,
2026-05-12T12:31:32+00:00,43.51584398187697,16.366059137508273,138,2026-05-12T12:37:50.609191+00:00,553,1,2.418,418.003,145.08,261.839,1,Start,Finish,222,43.51087825005148,16.363954599943668,578,197,260,63,,,False,
2026-05-12T12:31:33+00:00,43.51583814248443,16.366025204770267,138,2026-05-12T12:37:50.609191+00:00,553,1,2.812,420.816,168.72,256.651,1,Start,Finish,222,43.51087825005148,16.363954599943668,576,197,259,62,,,False,
2026-05-12T12:31:34+00:00,43.51583230309189,16.36599127203226,138,2026-05-12T12:37:50.609191+00:00,553,1,2.812,423.628,168.72,256.651,1,Start,Finish,222,43.51087825005148,16.363954599943668,575,197,258,61,,,False,
2026-05-12T12:31:35+00:00,43.51582646369934,16.365957339294255,138,2026-05-12T12:37:50.609191+00:00,553,1,2.812,426.44,168.72,256.651,1,Start,Finish,222,43.51087825005148,16.363954599943668,573,196,257,61,,,False,
2026-05-12T12:31:36+00:00,43.5158206243068,16.36592340655625,139,2026-05-12T12:37:50.609191+00:00,553,1,2.812,429.252,168.72,256.651,1,Start,Finish,222,43.51087825005148,16.363954599943668,572,196,254,58,,,False,
2026-05-12T12:31:37+00:00,43.515814784914255,16.365889473818243,139,2026-05-12T12:37:50.609191+00:00,553,1,2.812,432.064,168.72,256.651,1,Start,Finish,222,43.51087825005148,16.363954599943668,571,196,252,56,,,False,
2026-05-12T12:31:38+00:00,43.51580894552171,16.365855541080236,139,2026-05-12T12:37:50.609191+00:00,553,1,2.812,434.877,168.72,256.651,1,Start,Finish,222,43.51087825005148,16.363954599943668,569,196,252,56,,,False,
2026-05-12T12:31:39+00:00,43.515797085128725,16.36582758743316,140,2026-05-12T12:37:50.609191+00:00,553,1,2.612,437.488,156.72,239.669,1,Start,Finish,222,43.51087825005148,16.363954599943668,567,195,252,57,,,False,
2026-05-12T12:31:40+00:00,43.51578522473574,16.365799633786082,141,2026-05-12T12:37:50.609191+00:00,553,1,2.612,440.1,156.72,239.669,1,Start,Finish,222,43.51087825005148,16.363954599943668,566,195,252,57,,,False,
2026-05-12T12:31:41+00:00,43.51578030735254,16.36576951481402,140,2026-05-12T12:37:50.609191+00:00,553,1,2.489,442.589,149.34,257.312,1,Start,Finish,222,43.51087825005148,16.363954599943668,564,195,253,58,,,False,
2026-05-12T12:31:42+00:00,43.51577538996935,16.365739395841956,138,2026-05-12T12:37:50.609191+00:00,553,1,2.489,445.079,149.34,257.312,1,Start,Finish,222,43.51087825005148,16.363954599943668,563,195,252,57,,,False,
2026-05-12T12:31:43+00:00,43.515770472586155,16.365709276869893,137,2026-05-12T12:37:50.609191+00:00,553,1,2.489,447.568,149.34,257.312,1,Start,Finish,222,43.51087825005148,16.363954599943668,562,195,254,59,,,False,
2026-05-12T12:31:44+00:00,43.515768544748425,16.365677593275905,134,2026-05-12T12:37:50.609191+00:00,553,1,2.564,450.132,153.84,265.204,1,Start,Finish,222,43.51087825005148,16.363954599943668,561,194,255,61,,,False,
2026-05-12T12:31:45+00:00,43.51576012093574,16.365647062193602,134,2026-05-12T12:37:50.609191+00:00,553,1,2.634,452.766,158.04,249.17,1,Start,Finish,222,43.51087825005148,16.363954599943668,560,194,254,60,,,False,
2026-05-12T12:31:46+00:00,43.51575169712305,16.3656165311113,134,2026-05-12T12:37:50.609191+00:00,553,1,2.634,455.4,158.04,249.17,1,Start,Finish,222,43.51087825005148,16.363954599943668,558,194,256,62,,,False,
2026-05-12T12:31:47+00:00,43.51574327331036,16.365586000028998,133,2026-05-12T12:37:50.609191+00:00,553,1,2.634,458.034,158.04,249.17,1,Start,Finish,222,43.51087825005148,16.363954599943668,557,194,257,63,,,False,
2026-05-12T12:31:48+00:00,43.51573484949768,16.365555468946695,133,2026-05-12T12:37:50.609191+00:00,553,1,2.634,460.668,158.04,249.17,1,Start,Finish,222,43.51087825005148,16.363954599943668,555,193,257,64,,,False,
2026-05-12T12:31:49+00:00,43.51573325693607,16.36552881449461,133,2026-05-12T12:37:50.609191+00:00,553,1,2.157,462.825,129.42,265.29,1,Start,Finish,222,43.51087825005148,16.363954599943668,555,193,259,66,,,False,
2026-05-12T12:31:50+00:00,43.51573166437447,16.365502160042524,133,2026-05-12T12:37:50.609191+00:00,553,1,2.157,464.982,129.42,265.29,1,Start,Finish,222,43.51087825005148,16.363954599943668,554,193,260,67,,,False,
2026-05-12T12:31:51+00:00,43.51573007181287,16.36547550559044,134,2026-05-12T12:37:50.609191+00:00,553,1,2.157,467.138,129.42,265.29,1,Start,Finish,222,43.51087825005148,16.363954599943668,553,193,261,68,,,False,
2026-05-12T12:31:52+00:00,43.515728479251266,16.365448851138353,134,2026-05-12T12:37:50.609191+00:00,553,1,2.157,469.295,129.42,265.29,1,Start,Finish,222,43.51087825005148,16.363954599943668,553,193,261,68,,,False,
2026-05-12T12:31:53+00:00,43.51572688668966,16.365422196686268,134,2026-05-12T12:37:50.609191+00:00,553,1,2.157,471.451,129.42,265.29,1,Start,Finish,222,43.51087825005148,16.363954599943668,552,192,262,70,,,False,
2026-05-12T12:31:54+00:00,43.51572529412806,16.365395542234182,134,2026-05-12T12:37:50.609191+00:00,553,1,2.157,473.608,129.42,265.29,1,Start,Finish,222,43.51087825005148,16.363954599943668,551,192,260,68,,,False,
2026-05-12T12:31:55+00:00,43.51572152227163,16.365366708487272,133,2026-05-12T12:37:50.609191+00:00,553,1,2.363,475.971,141.78,259.775,1,Start,Finish,222,43.51087825005148,16.363954599943668,550,192,260,68,,,False,
2026-05-12T12:31:56+00:00,43.515715040266514,16.365338657051325,134,2026-05-12T12:37:50.609191+00:00,553,1,2.374,478.345,142.44,252.326,1,Start,Finish,222,43.51087825005148,16.363954599943668,549,192,259,67,,,False,
2026-05-12T12:31:57+00:00,43.515708558261395,16.365310605615377,135,2026-05-12T12:37:50.609191+00:00,553,1,2.374,480.719,142.44,252.326,1,Start,Finish,222,43.51087825005148,16.363954599943668,548,192,259,67,,,False,
2026-05-12T12:31:58+00:00,43.515702076256275,16.36528255417943,136,2026-05-12T12:37:50.609191+00:00,553,1,2.374,483.093,142.44,252.326,1,Start,Finish,222,43.51087825005148,16.363954599943668,547,191,258,67,,,False,
2026-05-12T12:31:59+00:00,43.51569876540452,16.365254202391952,136,2026-05-12T12:37:50.609191+00:00,553,1,2.316,485.408,138.96,260.852,1,Start,Finish,222,43.51087825005148,16.363954599943668,546,191,258,67,,,False,
2026-05-12T12:32:00+00:00,43.51569545455277,16.365225850604475,136,2026-05-12T12:37:50.609191+00:00,553,1,2.316,487.724,138.96,260.852,1,Start,Finish,222,43.51087825005148,16.363954599943668,545,191,259,68,,,False,
2026-05-12T12:32:01+00:00,43.51569214370102,16.365197498816997,135,2026-05-12T12:37:50.609191+00:00,553,1,2.316,490.04,138.96,260.852,1,Start,Finish,222,43.51087825005148,16.363954599943668,545,191,260,69,,,False,
2026-05-12T12:32:02+00:00,43.515688832849264,16.36516914702952,135,2026-05-12T12:37:50.609191+00:00,553,1,2.316,492.355,138.96,260.852,1,Start,Finish,222,43.51087825005148,16.363954599943668,544,190,261,71,,,False,
2026-05-12T12:32:03+00:00,43.51568673737347,16.365136122331023,134,2026-05-12T12:37:50.609191+00:00,553,1,2.673,495.029,160.38,265.0,1,Start,Finish,222,43.51087825005148,16.363954599943668,543,190,266,76,,,False,
2026-05-12T12:32:04+00:00,43.51568464189768,16.365103097632527,134,2026-05-12T12:37:50.609191+00:00,553,1,2.673,497.702,160.38,265.0,1,Start,Finish,222,43.51087825005148,16.363954599943668,542,190,268,78,,,False,
2026-05-12T12:32:05+00:00,43.515682546421885,16.36507007293403,133,2026-05-12T12:37:50.609191+00:00,553,1,2.673,500.375,160.38,265.0,1,Start,Finish,222,43.51087825005148,16.363954599943668,542,190,271,81,,,False,
2026-05-12T12:32:06+00:00,43.515685584861785,16.365042726974934,133,2026-05-12T12:37:50.609191+00:00,553,1,2.231,502.606,133.86,278.711,1,Start,Finish,222,43.51087825005148,16.363954599943668,542,189,272,83,,,False,
2026-05-12T12:32:07+00:00,43.515688623301685,16.365015381015837,134,2026-05-12T12:37:50.609191+00:00,553,1,2.231,504.837,133.86,278.711,1,Start,Finish,222,43.51087825005148,16.363954599943668,542,189,271,82,,,False,
2026-05-12T12:32:08+00:00,43.515691661741585,16.36498803505674,134,2026-05-12T12:37:50.609191+00:00,553,1,2.231,507.067,133.86,278.711,1,Start,Finish,222,43.51087825005148,16.363954599943668,542,189,271,82,,,False,
2026-05-12T12:32:09+00:00,43.51569470018149,16.364960689097643,134,2026-05-12T12:37:50.609191+00:00,553,1,2.231,509.298,133.86,278.711,1,Start,Finish,222,43.51087825005148,16.363954599943668,542,189,271,82,,,False,
2026-05-12T12:32:10+00:00,43.51569178048521,16.364928823895752,134,2026-05-12T12:37:50.609191+00:00,553,1,2.59,511.888,155.4,262.799,1,Start,Finish,222,43.51087825005148,16.363954599943668,541,188,271,83,,,False,
2026-05-12T12:32:11+00:00,43.51568886078894,16.364896958693862,133,2026-05-12T12:37:50.609191+00:00,553,1,2.59,514.478,155.4,262.799,1,Start,Finish,222,43.51087825005148,16.363954599943668,540,188,269,81,,,False,
2026-05-12T12:32:12+00:00,43.51568594109267,16.36486509349197,133,2026-05-12T12:37:50.609191+00:00,553,1,2.59,517.068,155.4,262.799,1,Start,Finish,222,43.51087825005148,16.363954599943668,540,188,265,77,,,False,
2026-05-12T12:32:13+00:00,43.5156830213964,16.36483322829008,133,2026-05-12T12:37:50.609191+00:00,553,1,2.59,519.658,155.4,262.799,1,Start,Finish,222,43.51087825005148,16.363954599943668,539,188,262,74,,,False,
2026-05-12T12:32:14+00:00,43.51568010170013,16.36480136308819,132,2026-05-12T12:37:50.609191+00:00,553,1,2.59,522.248,155.4,262.799,1,Start,Finish,222,43.51087825005148,16.363954599943668,538,187,261,74,,,False,
2026-05-12T12:32:15+00:00,43.515677182003856,16.3647694978863,132,2026-05-12T12:37:50.609191+00:00,553,1,2.59,524.838,155.4,262.799,1,Start,Finish,222,43.51087825005148,16.363954599943668,538,187,260,73,,,False,
2026-05-12T12:32:16+00:00,43.5156714823097,16.364737772382796,130,2026-05-12T12:37:50.609191+00:00,553,1,2.636,527.474,158.16,256.086,1,Start,Finish,222,43.51087825005148,16.363954599943668,537,187,259,72,,,False,
2026-05-12T12:32:17+00:00,43.51566578261554,16.36470604687929,129,2026-05-12T12:37:50.609191+00:00,553,1,2.636,530.109,158.16,256.086,1,Start,Finish,222,43.51087825005148,16.363954599943668,536,186,258,72,,,False,
2026-05-12T12:32:18+00:00,43.515660397242755,16.364673734642565,130,2026-05-12T12:37:50.609191+00:00,553,1,2.673,532.783,160.38,257.057,1,Start,Finish,222,43.51087825005148,16.363954599943668,535,186,258,72,,,False,
2026-05-12T12:32:19+00:00,43.51565501186997,16.36464142240584,130,2026-05-12T12:37:50.609191+00:00,553,1,2.673,535.456,160.38,257.057,1,Start,Finish,222,43.51087825005148,16.363954599943668,534,186,257,71,,,False,
2026-05-12T12:32:20+00:00,43.51564962649718,16.364609110169113,131,2026-05-12T12:37:50.609191+00:00,553,1,2.673,538.13,160.38,257.057,1,Start,Finish,222,43.51087825005148,16.363954599943668,533,186,258,72,,,False,
2026-05-12T12:32:21+00:00,43.51564424112439,16.364576797932386,132,2026-05-12T12:37:50.609191+00:00,553,1,2.673,540.803,160.38,257.057,1,Start,Finish,222,43.51087825005148,16.363954599943668,532,185,258,73,,,False,
2026-05-12T12:32:22+00:00,43.51564055308699,16.364543857052922,132,2026-05-12T12:37:50.609191+00:00,553,1,2.688,543.491,161.28,261.224,1,Start,Finish,222,43.51087825005148,16.363954599943668,532,185,258,73,,,False,
2026-05-12T12:32:23+00:00,43.5156368650496,16.364510916173458,131,2026-05-12T12:37:50.609191+00:00,553,1,2.688,546.179,161.28,261.224,1,Start,Finish,222,43.51087825005148,16.363954599943668,531,185,257,72,,,False,
2026-05-12T12:32:24+00:00,43.51563057862222,16.36447872966528,131,2026-05-12T12:37:50.609191+00:00,553,1,2.688,548.866,161.28,254.926,1,Start,Finish,222,43.51087825005148,16.363954599943668,530,185,257,72,,,False,
2026-05-12T12:32:25+00:00,43.51562412455678,16.364445998333395,132,2026-05-12T12:37:50.609191+00:00,553,1,2.735,551.602,164.1,254.789,1,Start,Finish,222,43.51087825005148,16.363954599943668,529,184,258,74,,,False,
2026-05-12T12:32:26+00:00,43.51561767049134,16.36441326700151,134,2026-05-12T12:37:50.609191+00:00,553,1,2.735,554.337,164.1,254.789,1,Start,Finish,222,43.51087825005148,16.363954599943668,528,184,257,73,,,False,
2026-05-12T12:32:27+00:00,43.51561304368079,16.364382622763515,134,2026-05-12T12:37:50.609191+00:00,553,1,2.524,556.861,151.44,258.239,1,Start,Finish,222,43.51087825005148,16.363954599943668,528,184,257,73,,,False,
2026-05-12T12:32:28+00:00,43.51560841687024,16.36435197852552,134,2026-05-12T12:37:50.609191+00:00,553,1,2.524,559.385,151.44,258.239,1,Start,Finish,222,43.51087825005148,16.363954599943668,527,183,256,73,,,False,
2026-05-12T12:32:29+00:00,43.515603790059686,16.364321334287524,135,2026-05-12T12:37:50.609191+00:00,553,1,2.524,561.909,151.44,258.239,1,Start,Finish,222,43.51087825005148,16.363954599943668,526,183,255,72,,,False,
2026-05-12T12:32:30+00:00,43.515599163249135,16.36429069004953,135,2026-05-12T12:37:50.609191+00:00,553,1,2.524,564.433,151.44,258.239,1,Start,Finish,222,43.51087825005148,16.363954599943668,526,183,255,72,,,False,
2026-05-12T12:32:31+00:00,43.515594536438584,16.364260045811534,135,2026-05-12T12:37:50.609191+00:00,553,1,2.524,566.957,151.44,258.239,1,Start,Finish,222,43.51087825005148,16.363954599943668,525,183,255,72,,,False,
2026-05-12T12:32:32+00:00,43.515585819259286,16.364233307540417,133,2026-05-12T12:37:50.609191+00:00,553,1,2.364,569.321,141.84,245.793,1,Start,Finish,222,43.51087825005148,16.363954599943668,524,182,255,73,,,False,
2026-05-12T12:32:33+00:00,43.51557710207999,16.3642065692693,131,2026-05-12T12:37:50.609191+00:00,553,1,2.364,571.685,141.84,245.793,1,Start,Finish,222,43.51087825005148,16.363954599943668,523,182,255,73,,,False,
2026-05-12T12:32:34+00:00,43.51557279936969,16.364179076626897,131,2026-05-12T12:37:50.609191+00:00,553,1,2.268,573.953,136.08,257.822,1,Start,Finish,222,43.51087825005148,16.363954599943668,522,182,255,73,,,False,
2026-05-12T12:32:35+00:00,43.5155684966594,16.364151583984494,131,2026-05-12T12:37:50.609191+00:00,553,1,2.268,576.221,136.08,257.822,1,Start,Finish,222,43.51087825005148,16.363954599943668,522,182,255,73,,,False,
2026-05-12T12:32:36+00:00,43.5155641939491,16.36412409134209,131,2026-05-12T12:37:50.609191+00:00,553,1,2.268,578.489,136.08,257.822,1,Start,Finish,222,43.51087825005148,16.363954599943668,521,182,257,75,,,False,
2026-05-12T12:32:37+00:00,43.51555989123881,16.36409659869969,131,2026-05-12T12:37:50.609191+00:00,553,1,2.268,580.757,136.08,257.822,1,Start,Finish,222,43.51087825005148,16.363954599943668,521,181,260,79,,,False,
2026-05-12T12:32:38+00:00,43.515555588528514,16.364069106057286,131,2026-05-12T12:37:50.609191+00:00,553,1,2.268,583.025,136.08,257.822,1,Start,Finish,222,43.51087825005148,16.363954599943668,520,181,262,81,,,False,
2026-05-12T12:32:39+00:00,43.51555128581822,16.364041613414884,131,2026-05-12T12:37:50.609191+00:00,553,1,2.268,585.293,136.08,257.822,1,Start,Finish,222,43.51087825005148,16.363954599943668,520,181,262,81,,,False,
2026-05-12T12:32:40+00:00,43.51555250119418,16.364013575948775,130,2026-05-12T12:37:50.609191+00:00,553,1,2.265,587.558,135.9,273.421,1,Start,Finish,222,43.51087825005148,16.363954599943668,520,181,263,82,,,False,
2026-05-12T12:32:41+00:00,43.51555371657014,16.363985538482666,128,2026-05-12T12:37:50.609191+00:00,553,1,2.265,589.823,135.9,273.421,1,Start,Finish,222,43.51087825005148,16.363954599943668,520,180,263,83,,,False,
2026-05-12T12:32:42+00:00,43.51555089466274,16.36395899578929,128,2026-05-12T12:37:50.609191+00:00,553,1,2.163,591.986,129.78,261.66,1,Start,Finish,222,43.51087825005148,16.363954599943668,520,180,263,83,,,False,
2026-05-12T12:32:43+00:00,43.51554807275534,16.363932453095913,128,2026-05-12T12:37:50.609191+00:00,553,1,2.163,594.149,129.78,261.66,1,Start,Finish,222,43.51087825005148,16.363954599943668,519,180,264,84,,,False,
2026-05-12T12:32:44+00:00,43.515545250847936,16.363905910402536,128,2026-05-12T12:37:50.609191+00:00,553,1,2.163,596.312,129.78,261.66,1,Start,Finish,222,43.51087825005148,16.363954599943668,519,180,265,85,,,False,
2026-05-12T12:32:45+00:00,43.515542428940535,16.36387936770916,129,2026-05-12T12:37:50.609191+00:00,553,1,2.163,598.475,129.78,261.66,1,Start,Finish,222,43.51087825005148,16.363954599943668,519,179,265,86,,,False,
2026-05-12T12:32:46+00:00,43.51553960703313,16.363852825015783,129,2026-05-12T12:37:50.609191+00:00,553,1,2.163,600.639,129.78,261.66,1,Start,Finish,222,43.51087825005148,16.363954599943668,518,179,262,83,,,False,
2026-05-12T12:32:47+00:00,43.51553678512573,16.363826282322407,129,2026-05-12T12:37:50.609191+00:00,553,1,2.163,602.802,129.78,261.66,1,Start,Finish,222,43.51087825005148,16.363954599943668,518,179,261,82,,,False,
2026-05-12T12:32:48+00:00,43.51553695276379,16.36380197480321,128,2026-05-12T12:37:50.609191+00:00,553,1,1.96,604.762,117.6,270.545,1,Start,Finish,222,43.51087825005148,16.363954599943668,518,179,261,82,,,False,
2026-05-12T12:32:49+00:00,43.51553712040186,16.363777667284012,126,2026-05-12T12:37:50.609191+00:00,553,1,1.96,606.722,117.6,270.545,1,Start,Finish,222,43.51087825005148,16.363954599943668,518,178,260,82,,,False,
2026-05-12T12:32:50+00:00,43.515532705932856,16.363754686899483,126,2026-05-12T12:37:50.609191+00:00,553,1,1.917,608.639,115.02,255.164,1,Start,Finish,222,43.51087825005148,16.363954599943668,518,178,260,82,,,False,
2026-05-12T12:32:51+00:00,43.51552829146385,16.363731706514955,126,2026-05-12T12:37:50.609191+00:00,553,1,1.917,610.556,115.02,255.164,1,Start,Finish,222,43.51087825005148,16.363954599943668,517,178,259,81,,,False,
2026-05-12T12:32:52+00:00,43.51552387699485,16.363708726130426,126,2026-05-12T12:37:50.609191+00:00,553,1,1.917,612.473,115.02,255.164,1,Start,Finish,222,43.51087825005148,16.363954599943668,517,178,258,80,,,False,
2026-05-12T12:32:53+00:00,43.515519462525845,16.363685745745897,127,2026-05-12T12:37:50.609191+00:00,553,1,1.917,614.39,115.02,255.164,1,Start,Finish,222,43.51087825005148,16.363954599943668,517,178,259,81,,,False,
2026-05-12T12:32:54+00:00,43.51551504805684,16.36366276536137,127,2026-05-12T12:37:50.609191+00:00,553,1,1.917,616.307,115.02,255.164,1,Start,Finish,222,43.51087825005148,16.363954599943668,516,177,259,82,,,False,
2026-05-12T12:32:55+00:00,43.51551063358784,16.36363978497684,127,2026-05-12T12:37:50.609191+00:00,553,1,1.917,618.224,115.02,255.164,1,Start,Finish,222,43.51087825005148,16.363954599943668,516,177,258,81,,,False,
2026-05-12T12:32:56+00:00,43.51550677791238,16.36362054850906,128,2026-05-12T12:37:50.609191+00:00,553,1,1.609,619.833,96.54,254.55,1,Start,Finish,222,43.51087825005148,16.363954599943668,515,177,259,82,,,False,
2026-05-12T12:32:57+00:00,43.51550292223692,16.363601312041283,129,2026-05-12T12:37:50.609191+00:00,553,1,1.609,621.443,96.54,254.55,1,Start,Finish,222,43.51087825005148,16.363954599943668,515,177,259,82,,,False,
2026-05-12T12:32:58+00:00,43.51550191640854,16.36357694864273,130,2026-05-12T12:37:50.609191+00:00,553,1,1.968,623.411,118.08,266.742,1,Start,Finish,222,43.51087825005148,16.363954599943668,515,177,260,83,,,False,
2026-05-12T12:32:59+00:00,43.51550091058016,16.36355258524418,131,2026-05-12T12:37:50.609191+00:00,553,1,1.968,625.378,118.08,266.742,1,Start,Finish,222,43.51087825005148,16.363954599943668,515,176,261,85,,,False,
2026-05-12T12:33:00+00:00,43.51549990475178,16.363528221845627,132,2026-05-12T12:37:50.609191+00:00,553,1,1.968,627.346,118.08,266.742,1,Start,Finish,222,43.51087825005148,16.363954599943668,515,176,262,86,,,False,
2026-05-12T12:33:01+00:00,43.515497306361794,16.363500589504838,131,2026-05-12T12:37:50.609191+00:00,553,1,2.247,629.593,134.82,262.612,1,Start,Finish,222,43.51087825005148,16.363954599943668,515,176,264,88,,,False,
2026-05-12T12:33:02+00:00,43.51549470797181,16.36347295716405,129,2026-05-12T12:37:50.609191+00:00,553,1,2.247,631.84,134.82,262.612,1,Start,Finish,222,43.51087825005148,16.363954599943668,515,176,267,91,,,False,
2026-05-12T12:33:03+00:00,43.51549210958183,16.36344532482326,128,2026-05-12T12:37:50.609191+00:00,553,1,2.247,634.087,134.82,262.612,1,Start,Finish,222,43.51087825005148,16.363954599943668,515,175,268,93,,,False,
2026-05-12T12:33:04+00:00,43.51549269631505,16.363415652886033,128,2026-05-12T12:37:50.609191+00:00,553,1,2.394,636.48,143.64,271.562,1,Start,Finish,222,43.51087825005148,16.363954599943668,515,175,269,94,,,False,
2026-05-12T12:33:05+00:00,43.51549328304827,16.363385980948806,127,2026-05-12T12:37:50.609191+00:00,553,1,2.394,638.874,143.64,271.562,1,Start,Finish,222,43.51087825005148,16.363954599943668,515,175,265,90,,,False,
2026-05-12T12:33:06+00:00,43.51549433078617,16.363360185641795,128,2026-05-12T12:37:50.609191+00:00,553,1,2.083,640.957,124.98,273.206,1,Start,Finish,222,43.51087825005148,16.363954599943668,516,175,262,87,,,False,
2026-05-12T12:33:07+00:00,43.515495378524065,16.363334390334785,128,2026-05-12T12:37:50.609191+00:00,553,1,2.083,643.04,124.98,273.206,1,Start,Finish,222,43.51087825005148,16.363954599943668,516,174,256,82,,,False,
2026-05-12T12:33:08+00:00,43.51549642626196,16.363308595027775,128,2026-05-12T12:37:50.609191+00:00,553,1,2.083,645.124,124.98,273.206,1,Start,Finish,222,43.51087825005148,16.363954599943668,516,174,245,71,,,False,
2026-05-12T12:33:09+00:00,43.51549747399986,16.363282799720764,129,2026-05-12T12:37:50.609191+00:00,553,1,2.083,647.207,124.98,273.206,1,Start,Finish,222,43.51087825005148,16.363954599943668,516,174,235,61,,,False,
2026-05-12T12:33:10+00:00,43.515488295815885,16.36326989158988,131,2026-05-12T12:37:50.609191+00:00,553,1,1.458,648.665,87.48,225.564,1,Start,Finish,222,43.51087825005148,16.363954599943668,516,174,229,55,,,False,
2026-05-12T12:33:11+00:00,43.51547911763191,16.363256983458996,133,2026-05-12T12:37:50.609191+00:00,553,1,1.458,650.123,87.48,225.564,1,Start,Finish,222,43.51087825005148,16.363954599943668,515,174,224,50,,,False,
2026-05-12T12:33:12+00:00,43.51546668447554,16.363251199945807,134,2026-05-12T12:37:50.609191+00:00,553,1,1.459,651.582,87.54,198.641,1,Start,Finish,222,43.51087825005148,16.363954599943668,513,174,213,39,,,False,
2026-05-12T12:33:13+00:00,43.51545425131917,16.36324541643262,134,2026-05-12T12:37:50.609191+00:00,553,1,1.459,653.041,87.54,198.641,1,Start,Finish,222,43.51087825005148,16.363954599943668,512,174,202,28,,,False,
2026-05-12T12:33:14+00:00,43.5154418181628,16.36323963291943,135,2026-05-12T12:37:50.609191+00:00,553,1,1.459,654.5,87.54,198.641,1,Start,Finish,222,43.51087825005148,16.363954599943668,511,174,202,28,,,False,
2026-05-12T12:33:15+00:00,43.51542471908033,16.36324893683195,136,2026-05-12T12:37:50.609191+00:00,553,1,2.044,656.544,122.64,158.466,1,Start,Finish,222,43.51087825005148,16.363954599943668,509,174,194,20,,,False,
2026-05-12T12:33:16+00:00,43.51540761999786,16.36325824074447,136,2026-05-12T12:37:50.609191+00:00,553,1,2.044,658.588,122.64,158.466,1,Start,Finish,222,43.51087825005148,16.363954599943668,507,174,187,13,,,False,
2026-05-12T12:33:17+00:00,43.5153889702633,16.363264359533787,137,2026-05-12T12:37:50.609191+00:00,553,1,2.132,660.719,127.92,166.617,1,Start,Finish,222,43.51087825005148,16.363954599943668,505,174,178,4,,,False,
2026-05-12T12:33:18+00:00,43.515370320528746,16.363270478323102,138,2026-05-12T12:37:50.609191+00:00,553,1,2.132,662.851,127.92,166.617,1,Start,Finish,222,43.51087825005148,16.363954599943668,503,174,176,2,,,False,
2026-05-12T12:33:19+00:00,43.51534930989146,16.363271092996,139,2026-05-12T12:37:50.609191+00:00,553,1,2.337,665.188,140.22,178.785,1,Start,Finish,222,43.51087825005148,16.363954599943668,500,174,169,5,,,False,
2026-05-12T12:33:20+00:00,43.51532829925418,16.3632717076689,141,2026-05-12T12:37:50.609191+00:00,553,1,2.337,667.525,140.22,178.785,1,Start,Finish,222,43.51087825005148,16.363954599943668,498,174,172,2,,,False,
2026-05-12T12:33:21+00:00,43.515307288616896,16.3632723223418,142,2026-05-12T12:37:50.609191+00:00,553,1,2.337,669.861,140.22,178.785,1,Start,Finish,222,43.51087825005148,16.363954599943668,496,174,175,1,,,False,
2026-05-12T12:33:22+00:00,43.51527962833643,16.363279782235622,142,2026-05-12T12:37:50.609191+00:00,553,1,3.134,672.995,188.04,168.934,1,Start,Finish,222,43.51087825005148,16.363954599943668,492,174,178,4,,,False,
2026-05-12T12:33:23+00:00,43.51525561418384,16.363278524950147,144,2026-05-12T12:37:50.609191+00:00,553,1,2.672,675.668,160.32,182.174,1,Start,Finish,222,43.51087825005148,16.363954599943668,490,174,178,4,,,False,
2026-05-12T12:33:24+00:00,43.51523160003126,16.36327726766467,145,2026-05-12T12:37:50.609191+00:00,553,1,2.672,678.34,160.32,182.174,1,Start,Finish,222,43.51087825005148,16.363954599943668,487,174,178,4,,,False,
2026-05-12T12:33:25+00:00,43.515209052711725,16.363278524950147,145,2026-05-12T12:37:50.609191+00:00,553,1,2.509,680.849,150.54,177.684,1,Start,Finish,222,43.51087825005148,16.363954599943668,485,174,178,4,,,False,
2026-05-12T12:33:26+00:00,43.515186505392194,16.363279782235622,145,2026-05-12T12:37:50.609191+00:00,553,1,2.509,683.358,150.54,177.684,1,Start,Finish,222,43.51087825005148,16.363954599943668,482,174,179,5,,,False,
2026-05-12T12:33:27+00:00,43.51516395807266,16.363281039521098,144,2026-05-12T12:37:50.609191+00:00,553,1,2.509,685.867,150.54,177.684,1,Start,Finish,222,43.51087825005148,16.363954599943668,480,173,178,5,,,False,
2026-05-12T12:33:28+00:00,43.51514141075313,16.363282296806574,144,2026-05-12T12:37:50.609191+00:00,553,1,2.509,688.376,150.54,177.684,1,Start,Finish,222,43.51087825005148,16.363954599943668,477,173,178,5,,,False,
2026-05-12T12:33:29+00:00,43.5151188634336,16.36328355409205,144,2026-05-12T12:37:50.609191+00:00,553,1,2.509,690.886,150.54,177.684,1,Start,Finish,222,43.51087825005148,16.363954599943668,475,173,178,5,,,False,
2026-05-12T12:33:30+00:00,43.51509631611407,16.363284811377525,144,2026-05-12T12:37:50.609191+00:00,553,1,2.509,693.395,150.54,177.684,1,Start,Finish,222,43.51087825005148,16.363954599943668,472,173,178,5,,,False,
2026-05-12T12:33:31+00:00,43.51507453992963,16.363285783678293,143,2026-05-12T12:37:50.609191+00:00,553,1,2.423,695.818,145.38,178.145,1,Start,Finish,222,43.51087825005148,16.363954599943668,470,173,178,5,,,False,
2026-05-12T12:33:32+00:00,43.51505276374519,16.36328675597906,143,2026-05-12T12:37:50.609191+00:00,553,1,2.423,698.24,145.38,178.145,1,Start,Finish,222,43.51087825005148,16.363954599943668,467,173,177,4,,,False,
2026-05-12T12:33:33+00:00,43.51503098756075,16.36328772827983,142,2026-05-12T12:37:50.609191+00:00,553,1,2.423,700.663,145.38,178.145,1,Start,Finish,222,43.51087825005148,16.363954599943668,465,173,177,4,,,False,
2026-05-12T12:33:34+00:00,43.51500921137631,16.363288700580597,142,2026-05-12T12:37:50.609191+00:00,553,1,2.423,703.086,145.38,178.145,1,Start,Finish,222,43.51087825005148,16.363954599943668,462,173,177,4,,,False,
2026-05-12T12:33:35+00:00,43.51498743519187,16.363289672881365,141,2026-05-12T12:37:50.609191+00:00,553,1,2.423,705.508,145.38,178.145,1,Start,Finish,222,43.51087825005148,16.363954599943668,460,173,176,3,,,False,
2026-05-12T12:33:36+00:00,43.51496375631541,16.363293500617146,141,2026-05-12T12:37:50.609191+00:00,553,1,2.651,708.159,159.06,173.314,1,Start,Finish,222,43.51087825005148,16.363954599943668,457,173,176,3,,,False,
2026-05-12T12:33:37+00:00,43.51494007743895,16.363297328352928,140,2026-05-12T12:37:50.609191+00:00,553,1,2.651,710.81,159.06,173.314,1,Start,Finish,222,43.51087825005148,16.363954599943668,455,173,175,2,,,False,
2026-05-12T12:33:38+00:00,43.51491639856249,16.36330115608871,140,2026-05-12T12:37:50.609191+00:00,553,1,2.651,713.461,159.06,173.314,1,Start,Finish,222,43.51087825005148,16.363954599943668,452,173,174,1,,,False,
2026-05-12T12:33:39+00:00,43.51489271968603,16.36330498382449,140,2026-05-12T12:37:50.609191+00:00,553,1,2.651,716.112,159.06,173.314,1,Start,Finish,222,43.51087825005148,16.363954599943668,449,173,174,1,,,False,
2026-05-12T12:33:40+00:00,43.51486904080957,16.363308811560273,139,2026-05-12T12:37:50.609191+00:00,553,1,2.651,718.763,159.06,173.314,1,Start,Finish,222,43.51087825005148,16.363954599943668,447,173,174,1,,,False,
2026-05-12T12:33:41+00:00,43.51484536193311,16.363312639296055,139,2026-05-12T12:37:50.609191+00:00,553,1,2.651,721.414,159.06,173.314,1,Start,Finish,222,43.51087825005148,16.363954599943668,444,173,174,1,,,False,
2026-05-12T12:33:42+00:00,43.514821159187704,16.36331563582644,140,2026-05-12T12:37:50.609191+00:00,553,1,2.702,724.116,162.12,174.869,1,Start,Finish,222,43.51087825005148,16.363954599943668,441,173,174,1,,,False,
2026-05-12T12:33:43+00:00,43.5147969564423,16.363318632356822,140,2026-05-12T12:37:50.609191+00:00,553,1,2.702,726.818,162.12,174.869,1,Start,Finish,222,43.51087825005148,16.363954599943668,439,173,175,2,,,False,
2026-05-12T12:33:44+00:00,43.51477275369689,16.363321628887206,141,2026-05-12T12:37:50.609191+00:00,553,1,2.702,729.52,162.12,174.869,1,Start,Finish,222,43.51087825005148,16.363954599943668,436,173,175,2,,,False,
2026-05-12T12:33:45+00:00,43.51474855095148,16.36332462541759,142,2026-05-12T12:37:50.609191+00:00,553,1,2.702,732.222,162.12,174.869,1,Start,Finish,222,43.51087825005148,16.363954599943668,433,173,175,2,,,False,
2026-05-12T12:33:46+00:00,43.51472550071776,16.363326955586672,142,2026-05-12T12:37:50.609191+00:00,553,1,2.57,734.792,154.2,175.807,1,Start,Finish,222,43.51087825005148,16.363954599943668,431,173,175,2,,,False,
2026-05-12T12:33:47+00:00,43.51470245048404,16.363329285755754,143,2026-05-12T12:37:50.609191+00:00,553,1,2.57,737.362,154.2,175.807,1,Start,Finish,222,43.51087825005148,16.363954599943668,428,173,174,1,,,False,
2026-05-12T12:33:48+00:00,43.51467940025032,16.363331615924835,143,2026-05-12T12:37:50.609191+00:00,553,1,2.57,739.932,154.2,175.807,1,Start,Finish,222,43.51087825005148,16.363954599943668,426,173,173,0,,,False,
2026-05-12T12:33:49+00:00,43.514656350016594,16.363333946093917,144,2026-05-12T12:37:50.609191+00:00,553,1,2.57,742.502,154.2,175.807,1,Start,Finish,222,43.51087825005148,16.363954599943668,423,173,172,1,,,False,
2026-05-12T12:33:50+00:00,43.51463329978287,16.363336276263,144,2026-05-12T12:37:50.609191+00:00,553,1,2.57,745.072,154.2,175.807,1,Start,Finish,222,43.51087825005148,16.363954599943668,421,173,170,3,,,False,
2026-05-12T12:33:51+00:00,43.514616921544075,16.363342260941863,143,2026-05-12T12:37:50.609191+00:00,553,1,1.884,746.956,113.04,165.158,1,Start,Finish,222,43.51087825005148,16.363954599943668,419,173,170,3,,,False,
2026-05-12T12:33:52+00:00,43.51460054330528,16.363348245620728,143,2026-05-12T12:37:50.609191+00:00,553,1,1.884,748.84,113.04,165.158,1,Start,Finish,222,43.51087825005148,16.363954599943668,417,173,169,4,,,False,
2026-05-12T12:33:53+00:00,43.51458416506648,16.363354230299592,142,2026-05-12T12:37:50.609191+00:00,553,1,1.884,750.724,113.04,165.158,1,Start,Finish,222,43.51087825005148,16.363954599943668,415,173,169,4,,,False,
2026-05-12T12:33:54+00:00,43.51456778682768,16.363360214978456,142,2026-05-12T12:37:50.609191+00:00,553,1,1.884,752.608,113.04,165.158,1,Start,Finish,222,43.51087825005148,16.363954599943668,413,173,168,5,,,False,
2026-05-12T12:33:55+00:00,43.514551408588886,16.36336619965732,141,2026-05-12T12:37:50.609191+00:00,553,1,1.884,754.492,113.04,165.158,1,Start,Finish,222,43.51087825005148,16.363954599943668,411,173,168,5,,,False,
2026-05-12T12:33:56+00:00,43.51453196257353,16.36337005533278,140,2026-05-12T12:37:50.609191+00:00,553,1,2.185,756.677,131.1,171.818,1,Start,Finish,222,43.51087825005148,16.363954599943668,409,173,167,6,,,False,
2026-05-12T12:33:57+00:00,43.514505894854665,16.363373575732112,138,2026-05-12T12:37:50.609191+00:00,553,1,2.912,759.589,174.72,174.406,1,Start,Finish,222,43.51087825005148,16.363954599943668,406,173,168,5,,,False,
2026-05-12T12:33:58+00:00,43.51448540110141,16.363380197435617,137,2026-05-12T12:37:50.609191+00:00,553,1,2.341,761.93,140.46,166.812,1,Start,Finish,222,43.51087825005148,16.363954599943668,404,173,168,5,,,False,
2026-05-12T12:33:59+00:00,43.51446490734816,16.363386819139123,136,2026-05-12T12:37:50.609191+00:00,553,1,2.341,764.27,140.46,166.812,1,Start,Finish,222,43.51087825005148,16.363954599943668,401,173,168,5,,,False,
2026-05-12T12:34:00+00:00,43.51444589719176,16.363393004983664,135,2026-05-12T12:37:50.609191+00:00,553,1,2.172,766.442,130.32,166.722,1,Start,Finish,222,43.51087825005148,16.363954599943668,399,173,168,5,,,False,
2026-05-12T12:34:01+00:00,43.51442688703537,16.363399190828204,135,2026-05-12T12:37:50.609191+00:00,553,1,2.172,768.614,130.32,166.722,1,Start,Finish,222,43.51087825005148,16.363954599943668,397,174,168,6,,,False,
2026-05-12T12:34:02+00:00,43.51440787687898,16.363405376672745,134,2026-05-12T12:37:50.609191+00:00,553,1,2.172,770.786,130.32,166.722,1,Start,Finish,222,43.51087825005148,16.363954599943668,395,174,167,7,,,False,
2026-05-12T12:34:03+00:00,43.514388866722584,16.363411562517285,134,2026-05-12T12:37:50.609191+00:00,553,1,2.172,772.958,130.32,166.722,1,Start,Finish,222,43.51087825005148,16.363954599943668,393,174,167,7,,,False,
2026-05-12T12:34:04+00:00,43.51436985656619,16.363417748361826,133,2026-05-12T12:37:50.609191+00:00,553,1,2.172,775.13,130.32,166.722,1,Start,Finish,222,43.51087825005148,16.363954599943668,391,174,167,7,,,False,
2026-05-12T12:34:05+00:00,43.51434770738706,16.36342437006533,133,2026-05-12T12:37:50.609191+00:00,553,1,2.52,777.65,151.2,167.767,1,Start,Finish,222,43.51087825005148,16.363954599943668,388,174,167,7,,,False,
2026-05-12T12:34:06+00:00,43.51432555820793,16.363430991768837,132,2026-05-12T12:37:50.609191+00:00,553,1,2.52,780.17,151.2,167.767,1,Start,Finish,222,43.51087825005148,16.363954599943668,386,174,168,6,,,False,
2026-05-12T12:34:07+00:00,43.5143034090288,16.363437613472342,132,2026-05-12T12:37:50.609191+00:00,553,1,2.52,782.69,151.2,167.767,1,Start,Finish,222,43.51087825005148,16.363954599943668,383,174,168,6,,,False,
2026-05-12T12:34:08+00:00,43.51428125984967,16.363444235175848,132,2026-05-12T12:37:50.609191+00:00,553,1,2.52,785.21,151.2,167.767,1,Start,Finish,222,43.51087825005148,16.363954599943668,381,174,168,6,,,False,
2026-05-12T12:34:09+00:00,43.514259536750615,16.363450158387423,132,2026-05-12T12:37:50.609191+00:00,553,1,2.462,787.672,147.72,168.815,1,Start,Finish,222,43.51087825005148,16.363954599943668,378,174,168,6,,,False,
2026-05-12T12:34:10+00:00,43.51423781365156,16.363456081598997,131,2026-05-12T12:37:50.609191+00:00,553,1,2.462,790.135,147.72,168.815,1,Start,Finish,222,43.51087825005148,16.363954599943668,376,174,168,6,,,False,
2026-05-12T12:34:11+00:00,43.51421609055251,16.36346200481057,131,2026-05-12T12:37:50.609191+00:00,553,1,2.462,792.597,147.72,168.815,1,Start,Finish,222,43.51087825005148,16.363954599943668,373,174,169,5,,,False,
2026-05-12T12:34:12+00:00,43.514194367453456,16.363467928022146,131,2026-05-12T12:37:50.609191+00:00,553,1,2.462,795.059,147.72,168.815,1,Start,Finish,222,43.51087825005148,16.363954599943668,371,174,169,5,,,False,
2026-05-12T12:34:13+00:00,43.5141726443544,16.36347385123372,130,2026-05-12T12:37:50.609191+00:00,553,1,2.462,797.522,147.72,168.815,1,Start,Finish,222,43.51087825005148,16.363954599943668,368,174,170,4,,,False,
2026-05-12T12:34:14+00:00,43.51415092125535,16.363479774445295,130,2026-05-12T12:37:50.609191+00:00,553,1,2.462,799.984,147.72,168.815,1,Start,Finish,222,43.51087825005148,16.363954599943668,366,174,170,4,,,False,
2026-05-12T12:34:15+00:00,43.51412585936487,16.363485725596547,127,2026-05-12T12:37:50.609191+00:00,553,1,2.828,802.812,169.68,170.229,1,Start,Finish,222,43.51087825005148,16.363954599943668,363,174,171,3,,,False,
2026-05-12T12:34:16+00:00,43.5141042759642,16.363488966599107,128,2026-05-12T12:37:50.609191+00:00,553,1,2.414,805.226,144.84,173.785,1,Start,Finish,222,43.51087825005148,16.363954599943668,361,174,172,2,,,False,
2026-05-12T12:34:17+00:00,43.514082692563534,16.363492207601666,128,2026-05-12T12:37:50.609191+00:00,553,1,2.414,807.64,144.84,173.785,1,Start,Finish,222,43.51087825005148,16.363954599943668,358,174,173,1,,,False,
2026-05-12T12:34:18+00:00,43.51406110916287,16.363495448604226,128,2026-05-12T12:37:50.609191+00:00,553,1,2.414,810.054,144.84,173.785,1,Start,Finish,222,43.51087825005148,16.363954599943668,356,174,173,1,,,False,
2026-05-12T12:34:19+00:00,43.5140395257622,16.363498689606786,129,2026-05-12T12:37:50.609191+00:00,553,1,2.414,812.468,144.84,173.785,1,Start,Finish,222,43.51087825005148,16.363954599943668,353,174,172,2,,,False,
2026-05-12T12:34:20+00:00,43.514017942361534,16.363501930609345,130,2026-05-12T12:37:50.609191+00:00,553,1,2.414,814.882,144.84,173.785,1,Start,Finish,222,43.51087825005148,16.363954599943668,351,174,171,3,,,False,
2026-05-12T12:34:21+00:00,43.51399635896087,16.363505171611905,130,2026-05-12T12:37:50.609191+00:00,553,1,2.414,817.297,144.84,173.785,1,Start,Finish,222,43.51087825005148,16.363954599943668,349,174,170,4,,,False,
2026-05-12T12:34:22+00:00,43.51397548802197,16.363511416129768,132,2026-05-12T12:37:50.609191+00:00,553,1,2.375,819.671,142.5,167.758,1,Start,Finish,222,43.51087825005148,16.363954599943668,346,174,169,5,,,False,
2026-05-12T12:34:23+00:00,43.51395461708307,16.36351766064763,133,2026-05-12T12:37:50.609191+00:00,553,1,2.375,822.046,142.5,167.758,1,Start,Finish,222,43.51087825005148,16.363954599943668,344,174,168,6,,,False,
2026-05-12T12:34:24+00:00,43.513935366645455,16.363524924963713,133,2026-05-12T12:37:50.609191+00:00,553,1,2.219,824.265,133.14,164.695,1,Start,Finish,222,43.51087825005148,16.363954599943668,342,174,167,7,,,False,
2026-05-12T12:34:25+00:00,43.51391611620784,16.363532189279795,133,2026-05-12T12:37:50.609191+00:00,553,1,2.219,826.485,133.14,164.695,1,Start,Finish,222,43.51087825005148,16.363954599943668,340,174,166,8,,,False,
2026-05-12T12:34:26+00:00,43.51389686577022,16.363539453595877,134,2026-05-12T12:37:50.609191+00:00,553,1,2.219,828.704,133.14,164.695,1,Start,Finish,222,43.51087825005148,16.363954599943668,337,174,165,9,,,False,
2026-05-12T12:34:27+00:00,43.5138776153326,16.36354671791196,134,2026-05-12T12:37:50.609191+00:00,553,1,2.219,830.923,133.14,164.695,1,Start,Finish,222,43.51087825005148,16.363954599943668,335,174,164,10,,,False,
2026-05-12T12:34:28+00:00,43.513858364894986,16.36355398222804,134,2026-05-12T12:37:50.609191+00:00,553,1,2.219,833.142,133.14,164.695,1,Start,Finish,222,43.51087825005148,16.363954599943668,333,174,164,10,,,False,
2026-05-12T12:34:29+00:00,43.51383911445737,16.363561246544123,134,2026-05-12T12:37:50.609191+00:00,553,1,2.219,835.362,133.14,164.695,1,Start,Finish,222,43.51087825005148,16.363954599943668,331,174,164,10,,,False,
2026-05-12T12:34:30+00:00,43.513813549652696,16.363574406132102,132,2026-05-12T12:37:50.609191+00:00,553,1,3.034,838.396,182.04,159.529,1,Start,Finish,222,43.51087825005148,16.363954599943668,328,175,164,11,,,False,
2026-05-12T12:34:31+00:00,43.51379217579961,16.36358303949237,130,2026-05-12T12:37:50.609191+00:00,553,1,2.477,840.872,148.62,163.673,1,Start,Finish,222,43.51087825005148,16.363954599943668,325,175,164,11,,,False,
2026-05-12T12:34:32+00:00,43.51377080194652,16.363591672852635,128,2026-05-12T12:37:50.609191+00:00,553,1,2.477,843.349,148.62,163.673,1,Start,Finish,222,43.51087825005148,16.363954599943668,323,175,164,11,,,False,
2026-05-12T12:34:33+00:00,43.51375378668308,16.36359678581357,127,2026-05-12T12:37:50.609191+00:00,553,1,1.936,845.285,116.16,167.706,1,Start,Finish,222,43.51087825005148,16.363954599943668,321,175,164,11,,,False,
2026-05-12T12:34:34+00:00,43.51373529061675,16.363604119978845,127,2026-05-12T12:37:50.609191+00:00,553,1,2.14,847.425,128.4,163.957,1,Start,Finish,222,43.51087825005148,16.363954599943668,319,175,164,11,,,False,
2026-05-12T12:34:35+00:00,43.51371679455042,16.36361145414412,127,2026-05-12T12:37:50.609191+00:00,553,1,2.14,849.565,128.4,163.957,1,Start,Finish,222,43.51087825005148,16.363954599943668,317,175,164,11,,,False,
2026-05-12T12:34:36+00:00,43.51369829848409,16.363618788309395,127,2026-05-12T12:37:50.609191+00:00,553,1,2.14,851.705,128.4,163.957,1,Start,Finish,222,43.51087825005148,16.363954599943668,315,175,164,11,,,False,
2026-05-12T12:34:37+00:00,43.513679802417755,16.36362612247467,127,2026-05-12T12:37:50.609191+00:00,553,1,2.14,853.845,128.4,163.957,1,Start,Finish,222,43.51087825005148,16.363954599943668,313,175,164,11,,,False,
2026-05-12T12:34:38+00:00,43.51366130635142,16.363633456639946,127,2026-05-12T12:37:50.609191+00:00,553,1,2.14,855.985,128.4,163.957,1,Start,Finish,222,43.51087825005148,16.363954599943668,311,175,163,12,,,False,
2026-05-12T12:34:39+00:00,43.51364281028509,16.36364079080522,127,2026-05-12T12:37:50.609191+00:00,553,1,2.14,858.125,128.4,163.957,1,Start,Finish,222,43.51087825005148,16.363954599943668,308,175,162,13,,,False,
2026-05-12T12:34:40+00:00,43.513621017336845,16.363649256527424,127,2026-05-12T12:37:50.609191+00:00,553,1,2.518,860.643,151.08,164.267,1,Start,Finish,222,43.51087825005148,16.363954599943668,306,175,162,13,,,False,
2026-05-12T12:34:41+00:00,43.5136045049876,16.36365830898285,122,2026-05-12T12:37:50.609191+00:00,553,1,1.976,862.619,118.56,158.318,1,Start,Finish,222,43.51087825005148,16.363954599943668,304,175,161,14,,,False,
2026-05-12T12:34:42+00:00,43.51358265616,16.363670169375837,122,2026-05-12T12:37:50.609191+00:00,553,1,2.611,865.23,156.66,158.512,1,Start,Finish,222,43.51087825005148,16.363954599943668,302,176,161,15,,,False,
2026-05-12T12:34:43+00:00,43.5135608073324,16.363682029768825,121,2026-05-12T12:37:50.609191+00:00,553,1,2.611,867.841,156.66,158.512,1,Start,Finish,222,43.51087825005148,16.363954599943668,299,176,160,16,,,False,
2026-05-12T12:34:44+00:00,43.5135389585048,16.363693890161812,121,2026-05-12T12:37:50.609191+00:00,553,1,2.611,870.452,156.66,158.512,1,Start,Finish,222,43.51087825005148,16.363954599943668,297,176,159,17,,,False,
2026-05-12T12:34:45+00:00,43.5135171096772,16.3637057505548,121,2026-05-12T12:37:50.609191+00:00,553,1,2.611,873.063,156.66,158.512,1,Start,Finish,222,43.51087825005148,16.363954599943668,294,176,159,17,,,False,
2026-05-12T12:34:46+00:00,43.513495260849595,16.363717610947788,120,2026-05-12T12:37:50.609191+00:00,553,1,2.611,875.674,156.66,158.512,1,Start,Finish,222,43.51087825005148,16.363954599943668,292,176,160,16,,,False,
2026-05-12T12:34:47+00:00,43.513473412021995,16.363729471340775,120,2026-05-12T12:37:50.609191+00:00,553,1,2.611,878.285,156.66,158.512,1,Start,Finish,222,43.51087825005148,16.363954599943668,289,176,160,16,,,False,
2026-05-12T12:34:48+00:00,43.51345159811899,16.363738900981843,120,2026-05-12T12:37:50.609191+00:00,553,1,2.542,880.827,152.52,162.594,1,Start,Finish,222,43.51087825005148,16.363954599943668,287,177,161,16,,,False,
2026-05-12T12:34:49+00:00,43.51342978421599,16.36374833062291,120,2026-05-12T12:37:50.609191+00:00,553,1,2.542,883.369,152.52,162.594,1,Start,Finish,222,43.51087825005148,16.363954599943668,284,177,162,15,,,False,
2026-05-12T12:34:50+00:00,43.51340797031298,16.36375776026398,120,2026-05-12T12:37:50.609191+00:00,553,1,2.542,885.911,152.52,162.594,1,Start,Finish,222,43.51087825005148,16.363954599943668,282,177,164,13,,,False,
2026-05-12T12:34:51+00:00,43.51338615640998,16.363767189905047,120,2026-05-12T12:37:50.609191+00:00,553,1,2.542,888.453,152.52,162.594,1,Start,Finish,222,43.51087825005148,16.363954599943668,279,177,166,11,,,False,
2026-05-12T12:34:52+00:00,43.51336103864014,16.36377353221178,121,2026-05-12T12:37:50.609191+00:00,553,1,2.839,891.292,170.34,169.623,1,Start,Finish,222,43.51087825005148,16.363954599943668,276,177,166,11,,,False,
2026-05-12T12:34:53+00:00,43.513335920870304,16.363779874518514,123,2026-05-12T12:37:50.609191+00:00,553,1,2.839,894.131,170.34,169.623,1,Start,Finish,222,43.51087825005148,16.363954599943668,274,177,167,10,,,False,
2026-05-12T12:34:54+00:00,43.51331080310047,16.363786216825247,124,2026-05-12T12:37:50.609191+00:00,553,1,2.839,896.971,170.34,169.623,1,Start,Finish,222,43.51087825005148,16.363954599943668,271,177,167,10,,,False,
2026-05-12T12:34:55+00:00,43.51328801829368,16.363793592900038,124,2026-05-12T12:37:50.609191+00:00,553,1,2.602,899.573,156.12,166.788,1,Start,Finish,222,43.51087825005148,16.363954599943668,268,177,168,9,,,False,
2026-05-12T12:34:56+00:00,43.51326523348689,16.36380096897483,125,2026-05-12T12:37:50.609191+00:00,553,1,2.602,902.176,156.12,166.788,1,Start,Finish,222,43.51087825005148,16.363954599943668,266,177,168,9,,,False,
2026-05-12T12:34:57+00:00,43.5132424486801,16.36380834504962,126,2026-05-12T12:37:50.609191+00:00,553,1,2.602,904.778,156.12,166.788,1,Start,Finish,222,43.51087825005148,16.363954599943668,263,177,167,10,,,False,
2026-05-12T12:34:58+00:00,43.513219663873315,16.36381572112441,126,2026-05-12T12:37:50.609191+00:00,553,1,2.602,907.381,156.12,166.788,1,Start,Finish,222,43.51087825005148,16.363954599943668,261,178,168,10,,,False,
2026-05-12T12:34:59+00:00,43.51319687906653,16.3638230971992,126,2026-05-12T12:37:50.609191+00:00,553,1,2.602,909.983,156.12,166.788,1,Start,Finish,222,43.51087825005148,16.363954599943668,258,178,167,11,,,False,
2026-05-12T12:35:00+00:00,43.51317409425974,16.363830473273993,127,2026-05-12T12:37:50.609191+00:00,553,1,2.602,912.585,156.12,166.788,1,Start,Finish,222,43.51087825005148,16.363954599943668,255,178,166,12,,,False,
2026-05-12T12:35:01+00:00,43.51314819417894,16.363835334777832,128,2026-05-12T12:37:50.609191+00:00,553,1,2.907,915.492,174.42,172.248,1,Start,Finish,222,43.51087825005148,16.363954599943668,253,178,165,13,,,False,
2026-05-12T12:35:02+00:00,43.51312822429463,16.363844387233257,127,2026-05-12T12:37:50.609191+00:00,553,1,2.337,917.829,140.22,161.802,1,Start,Finish,222,43.51087825005148,16.363954599943668,250,178,163,15,,,False,
2026-05-12T12:35:03+00:00,43.51310825441033,16.363853439688683,126,2026-05-12T12:37:50.609191+00:00,553,1,2.337,920.167,140.22,161.802,1,Start,Finish,222,43.51087825005148,16.363954599943668,248,178,163,15,,,False,
2026-05-12T12:35:04+00:00,43.51308828452602,16.363862492144108,126,2026-05-12T12:37:50.609191+00:00,553,1,2.337,922.504,140.22,161.802,1,Start,Finish,222,43.51087825005148,16.363954599943668,246,178,162,16,,,False,
2026-05-12T12:35:05+00:00,43.513068314641714,16.363871544599533,125,2026-05-12T12:37:50.609191+00:00,553,1,2.337,924.842,140.22,161.802,1,Start,Finish,222,43.51087825005148,16.363954599943668,244,178,160,18,,,False,
2026-05-12T12:35:06+00:00,43.51304596289992,16.36388604529202,126,2026-05-12T12:37:50.609191+00:00,553,1,2.747,927.589,164.82,154.804,1,Start,Finish,222,43.51087825005148,16.363954599943668,241,179,158,21,,,False,
2026-05-12T12:35:07+00:00,43.51302361115813,16.363900545984507,126,2026-05-12T12:37:50.609191+00:00,553,1,2.747,930.335,164.82,154.804,1,Start,Finish,222,43.51087825005148,16.363954599943668,239,179,156,23,,,False,
2026-05-12T12:35:08+00:00,43.51300125941634,16.363915046676993,127,2026-05-12T12:37:50.609191+00:00,553,1,2.747,933.082,164.82,154.804,1,Start,Finish,222,43.51087825005148,16.363954599943668,236,179,157,22,,,False,
2026-05-12T12:35:09+00:00,43.51298227440566,16.363928499631584,128,2026-05-12T12:37:50.609191+00:00,553,1,2.373,935.456,142.38,152.802,1,Start,Finish,222,43.51087825005148,16.363954599943668,234,179,159,20,,,False,
2026-05-12T12:35:10+00:00,43.512963289394975,16.363941952586174,130,2026-05-12T12:37:50.609191+00:00,553,1,2.373,937.829,142.38,152.802,1,Start,Finish,222,43.51087825005148,16.363954599943668,232,180,161,19,,,False,
2026-05-12T12:35:11+00:00,43.51293914951384,16.36394766625017,130,2026-05-12T12:37:50.609191+00:00,553,1,2.723,940.553,163.38,170.26,1,Start,Finish,222,43.51087825005148,16.363954599943668,229,180,163,17,,,False,
2026-05-12T12:35:12+00:00,43.51291500963271,16.363953379914165,131,2026-05-12T12:37:50.609191+00:00,553,1,2.723,943.276,163.38,170.26,1,Start,Finish,222,43.51087825005148,16.363954599943668,226,180,165,15,,,False,
2026-05-12T12:35:13+00:00,43.51289086975157,16.36395909357816,131,2026-05-12T12:37:50.609191+00:00,553,1,2.723,946.0,163.38,170.26,1,Start,Finish,222,43.51087825005148,16.363954599943668,224,180,168,12,,,False,
2026-05-12T12:35:14+00:00,43.51286672987044,16.363964807242155,131,2026-05-12T12:37:50.609191+00:00,553,1,2.723,948.723,163.38,170.26,1,Start,Finish,222,43.51087825005148,16.363954599943668,221,180,170,10,,,False,
2026-05-12T12:35:15+00:00,43.512842589989305,16.36397052090615,132,2026-05-12T12:37:50.609191+00:00,553,1,2.723,951.446,163.38,170.26,1,Start,Finish,222,43.51087825005148,16.363954599943668,218,180,170,10,,,False,
2026-05-12T12:35:16+00:00,43.51281845010817,16.363976234570146,132,2026-05-12T12:37:50.609191+00:00,553,1,2.723,954.17,163.38,170.26,1,Start,Finish,222,43.51087825005148,16.363954599943668,216,180,169,11,,,False,
2026-05-12T12:35:17+00:00,43.51279556751251,16.363982730545104,133,2026-05-12T12:37:50.609191+00:00,553,1,2.598,956.768,155.88,168.367,1,Start,Finish,222,43.51087825005148,16.363954599943668,213,181,169,12,,,False,
2026-05-12T12:35:18+00:00,43.512772684916854,16.36398922652006,134,2026-05-12T12:37:50.609191+00:00,553,1,2.598,959.366,155.88,168.367,1,Start,Finish,222,43.51087825005148,16.363954599943668,211,181,169,12,,,False,
2026-05-12T12:35:19+00:00,43.51275164633989,16.36399489827454,134,2026-05-12T12:37:50.609191+00:00,553,1,2.384,961.749,143.04,168.938,1,Start,Finish,222,43.51087825005148,16.363954599943668,208,181,169,12,,,False,
2026-05-12T12:35:20+00:00,43.51273060776293,16.36400057002902,134,2026-05-12T12:37:50.609191+00:00,553,1,2.384,964.133,143.04,168.938,1,Start,Finish,222,43.51087825005148,16.363954599943668,206,181,169,12,,,False,
2026-05-12T12:35:21+00:00,43.51270956918597,16.3640062417835,134,2026-05-12T12:37:50.609191+00:00,553,1,2.384,966.517,143.04,168.938,1,Start,Finish,222,43.51087825005148,16.363954599943668,204,181,169,12,,,False,
2026-05-12T12:35:22+00:00,43.51268853060901,16.36401191353798,135,2026-05-12T12:37:50.609191+00:00,553,1,2.384,968.9,143.04,168.938,1,Start,Finish,222,43.51087825005148,16.363954599943668,201,181,170,11,,,False,
2026-05-12T12:35:23+00:00,43.51266749203205,16.36401758529246,135,2026-05-12T12:37:50.609191+00:00,553,1,2.384,971.284,143.04,168.938,1,Start,Finish,222,43.51087825005148,16.363954599943668,199,181,170,11,,,False,
2026-05-12T12:35:24+00:00,43.51264645345509,16.364023257046938,135,2026-05-12T12:37:50.609191+00:00,553,1,2.384,973.668,143.04,168.938,1,Start,Finish,222,43.51087825005148,16.363954599943668,197,182,170,12,,,False,
2026-05-12T12:35:25+00:00,43.512624136637896,16.364027133677155,135,2026-05-12T12:37:50.609191+00:00,553,1,2.501,976.169,150.06,172.82,1,Start,Finish,222,43.51087825005148,16.363954599943668,194,182,170,12,,,False,
2026-05-12T12:35:26+00:00,43.5126018198207,16.36403101030737,136,2026-05-12T12:37:50.609191+00:00,553,1,2.501,978.67,150.06,172.82,1,Start,Finish,222,43.51087825005148,16.363954599943668,192,182,170,12,,,False,
2026-05-12T12:35:27+00:00,43.51257950300351,16.36403488693759,136,2026-05-12T12:37:50.609191+00:00,553,1,2.501,981.171,150.06,172.82,1,Start,Finish,222,43.51087825005148,16.363954599943668,189,182,170,12,,,False,
2026-05-12T12:35:28+00:00,43.512557186186314,16.364038763567805,136,2026-05-12T12:37:50.609191+00:00,553,1,2.501,983.672,150.06,172.82,1,Start,Finish,222,43.51087825005148,16.363954599943668,187,182,170,12,,,False,
2026-05-12T12:35:29+00:00,43.512538857758045,16.364044910296798,135,2026-05-12T12:37:50.609191+00:00,553,1,2.097,985.77,125.82,166.33,1,Start,Finish,222,43.51087825005148,16.363954599943668,185,182,169,13,,,False,
2026-05-12T12:35:30+00:00,43.51252052932978,16.36405105702579,133,2026-05-12T12:37:50.609191+00:00,553,1,2.097,987.867,125.82,166.33,1,Start,Finish,222,43.51087825005148,16.363954599943668,183,182,168,14,,,False,
2026-05-12T12:35:31+00:00,43.51250220090151,16.364057203754783,132,2026-05-12T12:37:50.609191+00:00,553,1,2.097,989.964,125.82,166.33,1,Start,Finish,222,43.51087825005148,16.363954599943668,181,183,168,15,,,False,
2026-05-12T12:35:32+00:00,43.51247991900891,16.364064761437476,132,2026-05-12T12:37:50.609191+00:00,553,1,2.551,992.516,153.06,166.18,1,Start,Finish,222,43.51087825005148,16.363954599943668,178,183,167,16,,,False,
2026-05-12T12:35:33+00:00,43.51245763711631,16.36407231912017,132,2026-05-12T12:37:50.609191+00:00,553,1,2.551,995.067,153.06,166.18,1,Start,Finish,222,43.51087825005148,16.363954599943668,176,183,166,17,,,False,
2026-05-12T12:35:34+00:00,43.512435355223715,16.36407987680286,132,2026-05-12T12:37:50.609191+00:00,553,1,2.551,997.619,153.06,166.18,1,Start,Finish,222,43.51087825005148,16.363954599943668,173,183,165,18,,,False,
2026-05-12T12:35:35+00:00,43.51241307333112,16.364087434485555,132,2026-05-12T12:37:50.609191+00:00,553,1,2.551,1000.17,153.06,166.18,1,Start,Finish,222,43.51087825005148,16.363954599943668,171,184,164,20,,,False,
2026-05-12T12:35:36+00:00,43.51239079143852,16.364094992168248,132,2026-05-12T12:37:50.609191+00:00,553,1,2.551,1002.722,153.06,166.18,1,Start,Finish,222,43.51087825005148,16.363954599943668,169,184,162,22,,,False,
2026-05-12T12:35:37+00:00,43.51236850954592,16.36410254985094,132,2026-05-12T12:37:50.609191+00:00,553,1,2.551,1005.273,153.06,166.18,1,Start,Finish,222,43.51087825005148,16.363954599943668,166,184,161,23,,,False,
2026-05-12T12:35:38+00:00,43.51235129870474,16.364113138988614,133,2026-05-12T12:37:50.609191+00:00,553,1,2.096,1007.369,125.76,155.953,1,Start,Finish,222,43.51087825005148,16.363954599943668,164,184,161,23,,,False,
2026-05-12T12:35:39+00:00,43.512334087863564,16.364123728126287,133,2026-05-12T12:37:50.609191+00:00,553,1,2.096,1009.465,125.76,155.953,1,Start,Finish,222,43.51087825005148,16.363954599943668,162,185,160,25,,,False,
2026-05-12T12:35:40+00:00,43.512316877022386,16.36413431726396,134,2026-05-12T12:37:50.609191+00:00,553,1,2.096,1011.56,125.76,155.953,1,Start,Finish,222,43.51087825005148,16.363954599943668,161,185,159,26,,,False,
2026-05-12T12:35:41+00:00,43.512296257540584,16.364146135747433,132,2026-05-12T12:37:50.609191+00:00,553,1,2.483,1014.043,148.98,157.428,1,Start,Finish,222,43.51087825005148,16.363954599943668,158,186,158,28,,,False,
2026-05-12T12:35:42+00:00,43.51227563805878,16.364157954230905,131,2026-05-12T12:37:50.609191+00:00,553,1,2.483,1016.526,148.98,157.428,1,Start,Finish,222,43.51087825005148,16.363954599943668,156,186,157,29,,,False,
2026-05-12T12:35:43+00:00,43.51225392892957,16.364170485176146,130,2026-05-12T12:37:50.609191+00:00,553,1,2.617,1019.143,157.02,157.285,1,Start,Finish,222,43.51087825005148,16.363954599943668,154,186,157,29,,,False,
2026-05-12T12:35:44+00:00,43.51223221980035,16.364183016121387,128,2026-05-12T12:37:50.609191+00:00,553,1,2.617,1021.76,157.02,157.285,1,Start,Finish,222,43.51087825005148,16.363954599943668,152,187,156,31,,,False,
2026-05-12T12:35:45+00:00,43.51221180986613,16.3641944155097,126,2026-05-12T12:37:50.609191+00:00,553,1,2.449,1024.209,146.94,157.949,1,Start,Finish,222,43.51087825005148,16.363954599943668,150,187,156,31,,,False,
2026-05-12T12:35:46+00:00,43.51219139993191,16.364205814898014,125,2026-05-12T12:37:50.609191+00:00,553,1,2.449,1026.657,146.94,157.949,1,Start,Finish,222,43.51087825005148,16.363954599943668,147,188,155,33,,,False,
2026-05-12T12:35:47+00:00,43.51217122748494,16.364220092073083,125,2026-05-12T12:37:50.609191+00:00,553,1,2.521,1029.179,151.26,152.829,1,Start,Finish,222,43.51087825005148,16.363954599943668,145,188,154,34,,,False,
2026-05-12T12:35:48+00:00,43.512151055037975,16.364234369248152,125,2026-05-12T12:37:50.609191+00:00,553,1,2.521,1031.7,151.26,152.829,1,Start,Finish,222,43.51087825005148,16.363954599943668,143,189,153,36,,,False,
2026-05-12T12:35:49+00:00,43.51213088259101,16.36424864642322,125,2026-05-12T12:37:50.609191+00:00,553,1,2.521,1034.221,151.26,152.829,1,Start,Finish,222,43.51087825005148,16.363954599943668,141,190,152,38,,,False,
2026-05-12T12:35:50+00:00,43.51211325963959,16.364262748975307,126,2026-05-12T12:37:50.609191+00:00,553,1,2.266,1036.487,135.96,149.871,1,Start,Finish,222,43.51087825005148,16.363954599943668,140,190,151,39,,,False,
2026-05-12T12:35:51+00:00,43.51209563668817,16.364276851527393,126,2026-05-12T12:37:50.609191+00:00,553,1,2.266,1038.753,135.96,149.871,1,Start,Finish,222,43.51087825005148,16.363954599943668,138,191,149,42,,,False,
2026-05-12T12:35:52+00:00,43.512078013736755,16.36429095407948,127,2026-05-12T12:37:50.609191+00:00,553,1,2.266,1041.018,135.96,149.871,1,Start,Finish,222,43.51087825005148,16.363954599943668,136,191,148,43,,,False,
2026-05-12T12:35:53+00:00,43.51206039078534,16.364305056631565,128,2026-05-12T12:37:50.609191+00:00,553,1,2.266,1043.284,135.96,149.871,1,Start,Finish,222,43.51087825005148,16.363954599943668,134,192,148,44,,,False,
2026-05-12T12:35:54+00:00,43.51204234175384,16.364323860034347,128,2026-05-12T12:37:50.609191+00:00,553,1,2.515,1045.799,150.9,142.927,1,Start,Finish,222,43.51087825005148,16.363954599943668,133,193,146,47,,,False,
2026-05-12T12:35:55+00:00,43.512024292722344,16.364342663437128,127,2026-05-12T12:37:50.609191+00:00,553,1,2.515,1048.315,150.9,142.927,1,Start,Finish,222,43.51087825005148,16.363954599943668,131,194,146,48,,,False,
2026-05-12T12:35:56+00:00,43.51200624369085,16.36436146683991,126,2026-05-12T12:37:50.609191+00:00,553,1,2.515,1050.83,150.9,142.927,1,Start,Finish,222,43.51087825005148,16.363954599943668,130,195,147,48,,,False,
2026-05-12T12:35:57+00:00,43.51198819465935,16.36438027024269,126,2026-05-12T12:37:50.609191+00:00,553,1,2.515,1053.345,150.9,142.927,1,Start,Finish,222,43.51087825005148,16.363954599943668,128,196,149,47,,,False,
2026-05-12T12:35:58+00:00,43.511970145627856,16.364399073645473,126,2026-05-12T12:37:50.609191+00:00,553,1,2.515,1055.861,150.9,142.927,1,Start,Finish,222,43.51087825005148,16.363954599943668,127,196,157,39,,,False,
2026-05-12T12:35:59+00:00,43.51195209659636,16.364417877048254,125,2026-05-12T12:37:50.609191+00:00,553,1,2.515,1058.376,150.9,142.927,1,Start,Finish,222,43.51087825005148,16.363954599943668,125,197,162,35,,,False,
2026-05-12T12:36:00+00:00,43.51193156093359,16.364426342770457,125,2026-05-12T12:37:50.609191+00:00,553,1,2.383,1060.76,142.98,163.355,1,Start,Finish,222,43.51087825005148,16.363954599943668,123,198,174,24,,,False,
2026-05-12T12:36:01+00:00,43.51191806606949,16.364428312517703,124,2026-05-12T12:37:50.609191+00:00,553,1,1.509,1062.269,90.54,173.957,1,Start,Finish,222,43.51087825005148,16.363954599943668,122,198,185,13,,,False,
2026-05-12T12:36:02+00:00,43.51190457120538,16.364430282264948,124,2026-05-12T12:37:50.609191+00:00,553,1,1.509,1063.777,90.54,173.957,1,Start,Finish,222,43.51087825005148,16.363954599943668,120,199,189,10,,,False,
2026-05-12T12:36:03+00:00,43.51188889704645,16.36442642658949,124,2026-05-12T12:37:50.609191+00:00,553,1,1.77,1065.548,106.2,190.115,1,Start,Finish,222,43.51087825005148,16.363954599943668,119,199,196,3,,,False,
2026-05-12T12:36:04+00:00,43.51187322288752,16.36442257091403,125,2026-05-12T12:37:50.609191+00:00,553,1,1.77,1067.318,106.2,190.115,1,Start,Finish,222,43.51087825005148,16.363954599943668,117,199,208,9,,,False,
2026-05-12T12:36:05+00:00,43.511864924803376,16.36441226117313,127,2026-05-12T12:37:50.609191+00:00,553,1,1.242,1068.56,74.52,222.02,1,Start,Finish,222,43.51087825005148,16.363954599943668,116,199,219,20,,,False,
2026-05-12T12:36:06+00:00,43.51186143234372,16.36439038440585,128,2026-05-12T12:37:50.609191+00:00,553,1,1.806,1070.367,108.36,257.586,1,Start,Finish,222,43.51087825005148,16.363954599943668,115,198,219,21,,,False,
2026-05-12T12:36:07+00:00,43.51185793988407,16.364368507638574,129,2026-05-12T12:37:50.609191+00:00,553,1,1.806,1072.173,108.36,257.586,1,Start,Finish,222,43.51087825005148,16.363954599943668,114,197,228,31,,,False,
2026-05-12T12:36:08+00:00,43.51185444742441,16.364346630871296,130,2026-05-12T12:37:50.609191+00:00,553,1,1.806,1073.98,108.36,257.586,1,Start,Finish,222,43.51087825005148,16.363954599943668,113,196,240,44,,,False,
2026-05-12T12:36:09+00:00,43.51185063365847,16.364318844862282,132,2026-05-12T12:37:50.609191+00:00,553,1,2.28,1076.26,136.8,259.283,1,Start,Finish,222,43.51087825005148,16.363954599943668,112,195,245,50,,,False,
2026-05-12T12:36:10+00:00,43.511846819892526,16.36429105885327,134,2026-05-12T12:37:50.609191+00:00,553,1,2.28,1078.541,136.8,259.283,1,Start,Finish,222,43.51087825005148,16.363954599943668,111,194,249,55,,,False,
2026-05-12T12:36:11+00:00,43.511841371655464,16.364266080781817,136,2026-05-12T12:37:50.609191+00:00,553,1,2.103,1080.644,126.18,253.261,1,Start,Finish,222,43.51087825005148,16.363954599943668,110,193,250,57,,,False,
2026-05-12T12:36:12+00:00,43.51183261256665,16.364242150448263,138,2026-05-12T12:37:50.609191+00:00,553,1,2.162,1082.806,129.72,243.22,1,Start,Finish,222,43.51087825005148,16.363954599943668,109,192,250,58,,,False,
2026-05-12T12:36:13+00:00,43.51182385347784,16.364218220114708,140,2026-05-12T12:37:50.609191+00:00,553,1,2.162,1084.967,129.72,243.22,1,Start,Finish,222,43.51087825005148,16.363954599943668,107,191,249,58,,,False,
2026-05-12T12:36:14+00:00,43.51181341800839,16.36419533751905,142,2026-05-12T12:37:50.609191+00:00,553,1,2.18,1087.147,130.8,237.837,1,Start,Finish,222,43.51087825005148,16.363954599943668,106,191,249,58,,,False,
2026-05-12T12:36:15+00:00,43.51180298253894,16.36417245492339,143,2026-05-12T12:37:50.609191+00:00,553,1,2.18,1089.327,130.8,237.837,1,Start,Finish,222,43.51087825005148,16.363954599943668,104,190,249,59,,,False,
2026-05-12T12:36:16+00:00,43.51179803721607,16.36414574459195,144,2026-05-12T12:37:50.609191+00:00,553,1,2.223,1091.55,133.38,255.679,1,Start,Finish,222,43.51087825005148,16.363954599943668,103,189,251,62,,,False,
2026-05-12T12:36:17+00:00,43.5117930918932,16.36411903426051,144,2026-05-12T12:37:50.609191+00:00,553,1,2.223,1093.773,133.38,255.679,1,Start,Finish,222,43.51087825005148,16.363954599943668,103,187,253,66,,,False,
2026-05-12T12:36:18+00:00,43.511788146570325,16.36409232392907,145,2026-05-12T12:37:50.609191+00:00,553,1,2.223,1095.996,133.38,255.679,1,Start,Finish,222,43.51087825005148,16.363954599943668,102,186,255,69,,,False,
2026-05-12T12:36:19+00:00,43.51178569486365,16.364065292291343,144,2026-05-12T12:37:50.609191+00:00,553,1,2.197,1098.193,131.82,262.872,1,Start,Finish,222,43.51087825005148,16.363954599943668,101,185,259,74,,,False,
2026-05-12T12:36:20+00:00,43.51178324315697,16.364038260653615,142,2026-05-12T12:37:50.609191+00:00,553,1,2.197,1100.39,131.82,262.872,1,Start,Finish,222,43.51087825005148,16.363954599943668,101,184,263,79,,,False,
2026-05-12T12:36:21+00:00,43.51178079145029,16.364011229015887,141,2026-05-12T12:37:50.609191+00:00,553,1,2.197,1102.587,131.82,262.872,1,Start,Finish,222,43.51087825005148,16.363954599943668,100,183,264,81,,,False,
2026-05-12T12:36:22+00:00,43.511778339743614,16.36398419737816,140,2026-05-12T12:37:50.609191+00:00,553,1,2.197,1104.784,131.82,262.872,1,Start,Finish,222,43.51087825005148,16.363954599943668,100,181,264,83,,,False,
2026-05-12T12:36:23+00:00,43.5117801418528,16.363953351974487,138,2026-05-12T12:37:50.609191+00:00,553,1,2.495,1107.279,149.7,274.606,1,Start,Finish,222,43.51087825005148,16.363954599943668,100,180,264,84,,,False,
2026-05-12T12:36:24+00:00,43.51178194396198,16.363922506570816,137,2026-05-12T12:37:50.609191+00:00,553,1,2.495,1109.775,149.7,274.606,1,Start,Finish,222,43.51087825005148,16.363954599943668,101,179,263,84,,,False,
2026-05-12T12:36:25+00:00,43.51177817210555,16.363888392224908,136,2026-05-12T12:37:50.609191+00:00,553,1,2.783,1112.557,166.98,261.332,1,Start,Finish,222,43.51087825005148,16.363954599943668,100,177,263,86,,,False,
2026-05-12T12:36:26+00:00,43.51177410688251,16.36386559344828,134,2026-05-12T12:37:50.609191+00:00,553,1,1.893,1114.451,113.58,256.187,1,Start,Finish,222,43.51087825005148,16.363954599943668,100,176,262,86,,,False,
2026-05-12T12:36:27+00:00,43.511770041659474,16.363842794671655,132,2026-05-12T12:37:50.609191+00:00,553,1,1.893,1116.344,113.58,256.187,1,Start,Finish,222,43.51087825005148,16.363954599943668,100,175,262,87,,,False,
2026-05-12T12:36:28+00:00,43.511767003219575,16.363821169361472,132,2026-05-12T12:37:50.609191+00:00,553,1,1.776,1118.12,106.56,259.036,1,Start,Finish,222,43.51087825005148,16.363954599943668,99,174,260,86,,,False,
2026-05-12T12:36:29+00:00,43.511763964779675,16.36379954405129,132,2026-05-12T12:37:50.609191+00:00,553,1,1.776,1119.897,106.56,259.036,1,Start,Finish,222,43.51087825005148,16.363954599943668,99,173,258,85,,,False,
2026-05-12T12:36:30+00:00,43.511760926339775,16.363777918741107,132,2026-05-12T12:37:50.609191+00:00,553,1,1.776,1121.673,106.56,259.036,1,Start,Finish,222,43.51087825005148,16.363954599943668,99,172,258,86,,,False,
2026-05-12T12:36:31+00:00,43.51175788789987,16.363756293430924,132,2026-05-12T12:37:50.609191+00:00,553,1,1.776,1123.449,106.56,259.036,1,Start,Finish,222,43.51087825005148,16.363954599943668,99,171,258,87,,,False,
2026-05-12T12:36:32+00:00,43.51175298448652,16.363727459684014,132,2026-05-12T12:37:50.609191+00:00,553,1,2.388,1125.838,143.28,256.803,1,Start,Finish,222,43.51087825005148,16.363954599943668,99,169,258,89,,,False,
2026-05-12T12:36:33+00:00,43.511748081073165,16.363698625937104,131,2026-05-12T12:37:50.609191+00:00,553,1,2.388,1128.226,143.28,256.803,1,Start,Finish,222,43.51087825005148,16.363954599943668,99,168,258,90,,,False,
2026-05-12T12:36:34+00:00,43.51174317765981,16.363669792190194,130,2026-05-12T12:37:50.609191+00:00,553,1,2.388,1130.614,143.28,256.803,1,Start,Finish,222,43.51087825005148,16.363954599943668,99,167,257,90,,,False,
2026-05-12T12:36:35+00:00,43.511738274246454,16.363640958443284,130,2026-05-12T12:37:50.609191+00:00,553,1,2.388,1133.003,143.28,256.803,1,Start,Finish,222,43.51087825005148,16.363954599943668,99,165,256,91,,,False,
2026-05-12T12:36:36+00:00,43.5117333708331,16.363612124696374,130,2026-05-12T12:37:50.609191+00:00,553,1,2.388,1135.391,143.28,256.803,1,Start,Finish,222,43.51087825005148,16.363954599943668,99,164,255,91,,,False,
2026-05-12T12:36:37+00:00,43.51172846741974,16.363583290949464,129,2026-05-12T12:37:50.609191+00:00,553,1,2.388,1137.779,143.28,256.803,1,Start,Finish,222,43.51087825005148,16.363954599943668,99,162,255,93,,,False,
2026-05-12T12:36:38+00:00,43.51172377355397,16.363560492172837,127,2026-05-12T12:37:50.609191+00:00,553,1,1.911,1139.69,114.66,254.152,1,Start,Finish,222,43.51087825005148,16.363954599943668,99,161,255,94,,,False,
2026-05-12T12:36:39+00:00,43.51171907968819,16.36353769339621,125,2026-05-12T12:37:50.609191+00:00,553,1,1.911,1141.601,114.66,254.152,1,Start,Finish,222,43.51087825005148,16.363954599943668,99,160,253,93,,,False,
2026-05-12T12:36:40+00:00,43.51171258371323,16.363513888791203,122,2026-05-12T12:37:50.609191+00:00,553,1,2.051,1143.653,123.06,249.38,1,Start,Finish,222,43.51087825005148,16.363954599943668,99,159,252,93,,,False,
2026-05-12T12:36:41+00:00,43.511706087738276,16.363490084186196,120,2026-05-12T12:37:50.609191+00:00,553,1,2.051,1145.704,123.06,249.38,1,Start,Finish,222,43.51087825005148,16.363954599943668,99,158,251,93,,,False,
2026-05-12T12:36:42+00:00,43.51170177105814,16.363466950133443,118,2026-05-12T12:37:50.609191+00:00,553,1,1.926,1147.63,115.56,255.571,1,Start,Finish,222,43.51087825005148,16.363954599943668,100,157,250,93,,,False,
2026-05-12T12:36:43+00:00,43.51169745437801,16.36344381608069,117,2026-05-12T12:37:50.609191+00:00,553,1,1.926,1149.556,115.56,255.571,1,Start,Finish,222,43.51087825005148,16.363954599943668,100,156,249,93,,,False,
2026-05-12T12:36:44+00:00,43.511689910665154,16.36342177167535,117,2026-05-12T12:37:50.609191+00:00,553,1,1.966,1151.522,117.96,244.739,1,Start,Finish,222,43.51087825005148,16.363954599943668,100,155,249,94,,,False,
2026-05-12T12:36:45+00:00,43.5116823669523,16.363399727270007,118,2026-05-12T12:37:50.609191+00:00,553,1,1.966,1153.488,117.96,244.739,1,Start,Finish,222,43.51087825005148,16.363954599943668,100,153,249,96,,,False,
2026-05-12T12:36:46+00:00,43.511674823239446,16.363377682864666,118,2026-05-12T12:37:50.609191+00:00,553,1,1.966,1155.453,117.96,244.739,1,Start,Finish,222,43.51087825005148,16.363954599943668,100,152,250,98,,,False,
2026-05-12T12:36:47+00:00,43.51166727952659,16.363355638459325,119,2026-05-12T12:37:50.609191+00:00,553,1,1.966,1157.419,117.96,244.739,1,Start,Finish,222,43.51087825005148,16.363954599943668,100,151,250,99,,,False,
2026-05-12T12:36:48+00:00,43.51165973581374,16.363333594053984,119,2026-05-12T12:37:50.609191+00:00,553,1,1.966,1159.385,117.96,244.739,1,Start,Finish,222,43.51087825005148,16.363954599943668,100,150,250,100,,,False,
2026-05-12T12:36:49+00:00,43.51165504194796,16.363310404121876,118,2026-05-12T12:37:50.609191+00:00,553,1,1.942,1161.326,116.52,254.406,1,Start,Finish,222,43.51087825005148,16.363954599943668,101,149,248,99,,,False,
2026-05-12T12:36:50+00:00,43.511650348082185,16.363287214189768,118,2026-05-12T12:37:50.609191+00:00,553,1,1.942,1163.268,116.52,254.406,1,Start,Finish,222,43.51087825005148,16.363954599943668,101,148,247,99,,,False,
2026-05-12T12:36:51+00:00,43.51164565421641,16.36326402425766,117,2026-05-12T12:37:50.609191+00:00,553,1,1.942,1165.209,116.52,254.406,1,Start,Finish,222,43.51087825005148,16.363954599943668,102,147,244,97,,,False,
2026-05-12T12:36:52+00:00,43.51163936778903,16.363234519958496,117,2026-05-12T12:37:50.609191+00:00,553,1,2.48,1167.689,148.8,253.628,1,Start,Finish,222,43.51087825005148,16.363954599943668,103,146,241,95,,,False,
2026-05-12T12:36:53+00:00,43.511630105786026,16.36321352329105,116,2026-05-12T12:37:50.609191+00:00,553,1,1.982,1169.671,118.92,238.69,1,Start,Finish,222,43.51087825005148,16.363954599943668,103,144,236,92,,,False,
2026-05-12T12:36:54+00:00,43.51162084378302,16.363192526623607,116,2026-05-12T12:37:50.609191+00:00,553,1,1.982,1171.653,118.92,238.69,1,Start,Finish,222,43.51087825005148,16.363954599943668,103,143,232,89,,,False,
2026-05-12T12:36:55+00:00,43.51160894148052,16.36317467316985,112,2026-05-12T12:37:50.609191+00:00,553,1,1.956,1173.608,117.36,227.409,1,Start,Finish,222,43.51087825005148,16.363954599943668,103,142,218,76,,,False,
2026-05-12T12:36:56+00:00,43.51159946992993,16.363162519410253,108,2026-05-12T12:37:50.609191+00:00,553,1,1.439,1175.047,86.34,222.942,1,Start,Finish,222,43.51087825005148,16.363954599943668,103,141,214,73,,,False,
2026-05-12T12:36:57+00:00,43.51158966310322,16.363152477890253,108,2026-05-12T12:37:50.609191+00:00,553,1,1.358,1176.405,81.48,216.597,1,Start,Finish,222,43.51087825005148,16.363954599943668,102,141,207,66,,,False,
2026-05-12T12:36:58+00:00,43.51157985627651,16.363142436370254,109,2026-05-12T12:37:50.609191+00:00,553,1,1.358,1177.764,81.48,216.597,1,Start,Finish,222,43.51087825005148,16.363954599943668,102,140,200,60,,,False,
2026-05-12T12:36:59+00:00,43.5115700494498,16.363132394850254,109,2026-05-12T12:37:50.609191+00:00,553,1,1.358,1179.122,81.48,216.597,1,Start,Finish,222,43.51087825005148,16.363954599943668,102,139,196,57,,,False,
2026-05-12T12:37:00+00:00,43.51156024262309,16.363122353330255,110,2026-05-12T12:37:50.609191+00:00,553,1,1.358,1180.48,81.48,216.597,1,Start,Finish,222,43.51087825005148,16.363954599943668,101,138,189,51,,,False,
2026-05-12T12:37:01+00:00,43.51155043579638,16.363112311810255,110,2026-05-12T12:37:50.609191+00:00,553,1,1.358,1181.838,81.48,216.597,1,Start,Finish,222,43.51087825005148,16.363954599943668,101,138,182,44,,,False,
2026-05-12T12:37:02+00:00,43.511545616202056,16.363119520246983,108,2026-05-12T12:37:50.609191+00:00,553,1,0.791,1182.629,47.46,132.673,1,Start,Finish,222,43.51087825005148,16.363954599943668,100,138,182,44,,,False,
2026-05-12T12:37:03+00:00,43.51154079660773,16.36312672868371,107,2026-05-12T12:37:50.609191+00:00,553,1,0.791,1183.42,47.46,132.673,1,Start,Finish,222,43.51087825005148,16.363954599943668,99,138,180,42,,,False,
2026-05-12T12:37:04+00:00,43.5115307662636,16.363130416721106,108,2026-05-12T12:37:50.609191+00:00,553,1,1.154,1184.574,69.24,165.069,1,Start,Finish,222,43.51087825005148,16.363954599943668,98,138,174,36,,,False,
2026-05-12T12:37:05+00:00,43.51152073591947,16.3631341047585,109,2026-05-12T12:37:50.609191+00:00,553,1,1.154,1185.728,69.24,165.069,1,Start,Finish,222,43.51087825005148,16.363954599943668,97,137,170,33,,,False,
2026-05-12T12:37:06+00:00,43.51151070557535,16.363137792795897,110,2026-05-12T12:37:50.609191+00:00,553,1,1.154,1186.883,69.24,165.069,1,Start,Finish,222,43.51087825005148,16.363954599943668,96,137,165,28,,,False,
2026-05-12T12:37:07+00:00,43.511499624699354,16.363148203119636,111,2026-05-12T12:37:50.609191+00:00,553,1,1.491,1188.374,89.46,145.731,1,Start,Finish,222,43.51087825005148,16.363954599943668,95,137,161,24,,,False,
2026-05-12T12:37:08+00:00,43.51148854382336,16.363158613443375,111,2026-05-12T12:37:50.609191+00:00,553,1,1.491,1189.865,89.46,145.731,1,Start,Finish,222,43.51087825005148,16.363954599943668,93,137,155,18,,,False,
2026-05-12T12:37:09+00:00,43.51147746294737,16.363169023767114,112,2026-05-12T12:37:50.609191+00:00,553,1,1.491,1191.356,89.46,145.731,1,Start,Finish,222,43.51087825005148,16.363954599943668,92,136,150,14,,,False,
2026-05-12T12:37:10+00:00,43.511466382071376,16.363179434090853,112,2026-05-12T12:37:50.609191+00:00,553,1,1.491,1192.846,89.46,145.731,1,Start,Finish,222,43.51087825005148,16.363954599943668,90,136,147,11,,,False,
2026-05-12T12:37:11+00:00,43.51145530119538,16.363189844414592,113,2026-05-12T12:37:50.609191+00:00,553,1,1.491,1194.337,89.46,145.731,1,Start,Finish,222,43.51087825005148,16.363954599943668,89,136,147,11,,,False,
2026-05-12T12:37:12+00:00,43.51144084241241,16.363209960982203,112,2026-05-12T12:37:50.609191+00:00,553,1,2.284,1196.621,137.04,134.743,1,Start,Finish,222,43.51087825005148,16.363954599943668,87,136,142,6,,,False,
2026-05-12T12:37:13+00:00,43.51142638362944,16.363230077549815,112,2026-05-12T12:37:50.609191+00:00,553,1,2.284,1198.905,137.04,134.743,1,Start,Finish,222,43.51087825005148,16.363954599943668,84,136,138,2,,,False,
2026-05-12T12:37:14+00:00,43.51141192484647,16.363250194117427,112,2026-05-12T12:37:50.609191+00:00,553,1,2.284,1201.189,137.04,134.743,1,Start,Finish,222,43.51087825005148,16.363954599943668,82,136,137,1,,,False,
2026-05-12T12:37:15+00:00,43.5113974660635,16.36327031068504,111,2026-05-12T12:37:50.609191+00:00,553,1,2.284,1203.473,137.04,134.743,1,Start,Finish,222,43.51087825005148,16.363954599943668,80,136,134,2,,,False,
2026-05-12T12:37:16+00:00,43.51138443220407,16.363290867302567,110,2026-05-12T12:37:50.609191+00:00,553,1,2.202,1205.675,132.12,131.162,1,Start,Finish,222,43.51087825005148,16.363954599943668,78,136,134,2,,,False,
2026-05-12T12:37:17+00:00,43.51137139834464,16.363311423920095,108,2026-05-12T12:37:50.609191+00:00,553,1,2.202,1207.877,132.12,131.162,1,Start,Finish,222,43.51087825005148,16.363954599943668,75,137,135,2,,,False,
2026-05-12T12:37:18+00:00,43.5113583644852,16.363331980537623,107,2026-05-12T12:37:50.609191+00:00,553,1,2.202,1210.079,132.12,131.162,1,Start,Finish,222,43.51087825005148,16.363954599943668,73,137,136,1,,,False,
2026-05-12T12:37:19+00:00,43.51134533062577,16.36335253715515,106,2026-05-12T12:37:50.609191+00:00,553,1,2.202,1212.281,132.12,131.162,1,Start,Finish,222,43.51087825005148,16.363954599943668,71,137,137,0,,,False,
2026-05-12T12:37:20+00:00,43.51133041083813,16.363367876037955,106,2026-05-12T12:37:50.609191+00:00,553,1,2.069,1214.351,124.14,143.291,1,Start,Finish,222,43.51087825005148,16.363954599943668,69,137,138,1,,,False,
2026-05-12T12:37:21+00:00,43.51131591014564,16.36338220909238,106,2026-05-12T12:37:50.609191+00:00,553,1,1.984,1216.334,119.04,144.365,1,Start,Finish,222,43.51087825005148,16.363954599943668,67,137,140,3,,,False,
2026-05-12T12:37:22+00:00,43.511300194077194,16.363397841341794,108,2026-05-12T12:37:50.609191+00:00,553,1,2.155,1218.489,129.3,144.194,1,Start,Finish,222,43.51087825005148,16.363954599943668,65,136,141,5,,,False,
2026-05-12T12:37:23+00:00,43.51128447800875,16.36341347359121,109,2026-05-12T12:37:50.609191+00:00,553,1,2.155,1220.644,129.3,144.194,1,Start,Finish,222,43.51087825005148,16.363954599943668,63,136,143,7,,,False,
2026-05-12T12:37:24+00:00,43.51126941852272,16.363428477197886,108,2026-05-12T12:37:50.609191+00:00,553,1,2.066,1222.71,123.96,144.15,1,Start,Finish,222,43.51087825005148,16.363954599943668,61,136,144,8,,,False,
2026-05-12T12:37:25+00:00,43.51125435903669,16.363443480804563,107,2026-05-12T12:37:50.609191+00:00,553,1,2.066,1224.776,123.96,144.15,1,Start,Finish,222,43.51087825005148,16.363954599943668,59,135,144,9,,,False,
2026-05-12T12:37:26+00:00,43.51123929955065,16.36345848441124,106,2026-05-12T12:37:50.609191+00:00,553,1,2.066,1226.842,123.96,144.15,1,Start,Finish,222,43.51087825005148,16.363954599943668,57,135,143,8,,,False,
2026-05-12T12:37:27+00:00,43.51122424006462,16.363473488017917,105,2026-05-12T12:37:50.609191+00:00,553,1,2.066,1228.908,123.96,144.15,1,Start,Finish,222,43.51087825005148,16.363954599943668,55,135,142,7,,,False,
2026-05-12T12:37:28+00:00,43.51120918057859,16.363488491624594,104,2026-05-12T12:37:50.609191+00:00,553,1,2.066,1230.974,123.96,144.15,1,Start,Finish,222,43.51087825005148,16.363954599943668,53,134,141,7,,,False,
2026-05-12T12:37:29+00:00,43.51119412109256,16.36350349523127,103,2026-05-12T12:37:50.609191+00:00,553,1,2.066,1233.039,123.96,144.15,1,Start,Finish,222,43.51087825005148,16.363954599943668,51,134,140,6,,,False,
2026-05-12T12:37:30+00:00,43.51118054240942,16.363522962201387,102,2026-05-12T12:37:50.609191+00:00,553,1,2.178,1235.218,130.68,133.884,1,Start,Finish,222,43.51087825005148,16.363954599943668,48,134,139,5,,,False,
2026-05-12T12:37:31+00:00,43.51116696372628,16.363542429171503,102,2026-05-12T12:37:50.609191+00:00,553,1,2.178,1237.396,130.68,133.884,1,Start,Finish,222,43.51087825005148,16.363954599943668,46,134,138,4,,,False,
2026-05-12T12:37:32+00:00,43.511153385043144,16.36356189614162,101,2026-05-12T12:37:50.609191+00:00,553,1,2.178,1239.574,130.68,133.884,1,Start,Finish,222,43.51087825005148,16.363954599943668,44,134,136,2,,,False,
2026-05-12T12:37:33+00:00,43.511139806360006,16.363581363111734,100,2026-05-12T12:37:50.609191+00:00,553,1,2.178,1241.752,130.68,133.884,1,Start,Finish,222,43.51087825005148,16.363954599943668,42,134,135,1,,,False,
2026-05-12T12:37:34+00:00,43.511124844662845,16.363601773045957,98,2026-05-12T12:37:50.609191+00:00,553,1,2.34,1244.092,140.4,135.307,1,Start,Finish,222,43.51087825005148,16.363954599943668,40,134,134,0,,,False,
2026-05-12T12:37:35+00:00,43.51110988296568,16.36362218298018,97,2026-05-12T12:37:50.609191+00:00,553,1,2.34,1246.433,140.4,135.307,1,Start,Finish,222,43.51087825005148,16.363954599943668,37,134,134,0,,,False,
2026-05-12T12:37:36+00:00,43.511093873530626,16.363646322861314,96,2026-05-12T12:37:50.609191+00:00,553,1,2.638,1249.07,158.28,132.441,1,Start,Finish,222,43.51087825005148,16.363954599943668,35,134,134,0,,,False,
2026-05-12T12:37:37+00:00,43.51107786409557,16.363670462742448,94,2026-05-12T12:37:50.609191+00:00,553,1,2.638,1251.708,158.28,132.441,1,Start,Finish,222,43.51087825005148,16.363954599943668,32,134,134,0,,,False,
2026-05-12T12:37:38+00:00,43.51106185466051,16.363694602623582,93,2026-05-12T12:37:50.609191+00:00,553,1,2.638,1254.346,158.28,132.441,1,Start,Finish,222,43.51087825005148,16.363954599943668,29,134,133,1,,,False,
2026-05-12T12:37:39+00:00,43.51104584522545,16.363718742504716,92,2026-05-12T12:37:50.609191+00:00,553,1,2.638,1256.984,158.28,132.441,1,Start,Finish,222,43.51087825005148,16.363954599943668,27,134,132,2,,,False,
2026-05-12T12:37:40+00:00,43.51103088352829,16.36374015826732,90,2026-05-12T12:37:50.609191+00:00,553,1,2.398,1259.382,143.88,133.929,1,Start,Finish,222,43.51087825005148,16.363954599943668,24,134,135,1,,,False,
2026-05-12T12:37:41+00:00,43.51101592183113,16.363761574029922,88,2026-05-12T12:37:50.609191+00:00,553,1,2.398,1261.78,143.88,133.929,1,Start,Finish,222,43.51087825005148,16.363954599943668,22,135,137,2,,,False,
2026-05-12T12:37:42+00:00,43.51100037340075,16.363787557929754,86,2026-05-12T12:37:50.609191+00:00,553,1,2.717,1264.497,163.02,129.526,1,Start,Finish,222,43.51087825005148,16.363954599943668,19,135,140,5,,,False,
2026-05-12T12:37:43+00:00,43.510984824970365,16.363813541829586,85,2026-05-12T12:37:50.609191+00:00,553,1,2.717,1267.213,163.02,129.526,1,Start,Finish,222,43.51087825005148,16.363954599943668,16,136,142,6,,,False,
2026-05-12T12:37:44+00:00,43.51096982136369,16.363824375439435,85,2026-05-12T12:37:50.609191+00:00,553,1,1.883,1269.097,112.98,152.36,1,Start,Finish,222,43.51087825005148,16.363954599943668,15,134,142,8,,,False,
2026-05-12T12:37:45+00:00,43.51095481775701,16.363835209049284,86,2026-05-12T12:37:50.609191+00:00,553,1,1.883,1270.98,112.98,152.36,1,Start,Finish,222,43.51087825005148,16.363954599943668,13,131,144,13,,,False,
2026-05-12T12:37:46+00:00,43.51093981415033,16.363846042659134,86,2026-05-12T12:37:50.609191+00:00,553,1,1.883,1272.863,112.98,152.36,1,Start,Finish,222,43.51087825005148,16.363954599943668,11,128,145,17,,,False,
2026-05-12T12:37:47+00:00,43.510924810543656,16.363856876268983,86,2026-05-12T12:37:50.609191+00:00,553,1,1.883,1274.746,112.98,152.36,1,Start,Finish,222,43.51087825005148,16.363954599943668,9,123,147,24,,,False,
2026-05-12T12:37:48+00:00,43.51090848259628,16.363872030749917,85,2026-05-12T12:37:50.609191+00:00,553,1,2.189,1276.935,131.34,146.055,1,Start,Finish,222,43.51087825005148,16.363954599943668,7,117,147,30,,,False,
2026-05-12T12:37:49+00:00,43.5108921546489,16.36388718523085,85,2026-05-12T12:37:50.609191+00:00,553,1,2.189,1279.124,131.34,146.055,1,Start,Finish,222,43.51087825005148,16.363954599943668,6,106,150,44,,,False,
2026-05-12T12:37:50+00:00,43.51087582670152,16.363902339711785,84,2026-05-12T12:37:50.609191+00:00,553,1,2.189,1281.312,131.34,146.055,1,Start,Finish,222,43.51087825005148,16.363954599943668,4,86,150,64,,,False,
2026-05-12T12:37:51+00:00,43.510859498754144,16.36391749419272,84,2026-05-12T12:37:50.609191+00:00,553,1,2.189,1283.501,131.34,146.055,1,Start,Finish,222,43.51087825005148,16.363954599943668,4,55,150,95,,,False,
2026-05-12T12:37:52+00:00,43.510843170806766,16.363932648673654,83,2026-05-12T12:37:50.609191+00:00,553,1,2.189,1285.689,131.34,146.055,1,Start,Finish,222,43.51087825005148,16.363954599943668,4,24,150,126,,,False,
2026-05-12T12:37:53+00:00,43.51082978770137,16.36394066736102,82,2026-05-12T12:37:50.609191+00:00,553,1,1.623,1287.312,97.38,156.513,1,Start,Finish,222,43.51087825005148,16.363954599943668,6,12,147,135,,,False,
2026-05-12T12:37:54+00:00,43.51081640459597,16.36394868604839,81,2026-05-12T12:37:50.609191+00:00,553,1,1.623,1288.934,97.38,156.513,1,Start,Finish,222,43.51087825005148,16.363954599943668,7,4,143,139,,,False,
2026-05-12T12:37:55+00:00,43.510803021490574,16.363956704735756,80,2026-05-12T12:37:50.609191+00:00,553,1,1.623,1290.557,97.38,156.513,1,Start,Finish,222,43.51087825005148,16.363954599943668,8,359,138,139,,,False,
2026-05-12T12:37:56+00:00,43.510792292654514,16.363965924829245,79,2026-05-12T12:37:50.609191+00:00,553,1,1.406,1291.963,84.36,148.066,1,Start,Finish,222,43.51087825005148,16.363954599943668,10,355,137,142,,,False,
2026-05-12T12:37:57+00:00,43.510781871154904,16.363974697887897,80,2026-05-12T12:37:50.609191+00:00,553,1,1.358,1293.321,81.48,148.595,1,Start,Finish,222,43.51087825005148,16.363954599943668,11,351,133,142,,,False,
2026-05-12T12:37:58+00:00,43.510771449655294,16.36398347094655,82,2026-05-12T12:37:50.609191+00:00,553,1,1.358,1294.678,81.48,148.595,1,Start,Finish,222,43.51087825005148,16.363954599943668,12,349,131,142,,,False,
2026-05-12T12:37:59+00:00,43.51076102815568,16.363992244005203,83,2026-05-12T12:37:50.609191+00:00,553,1,1.358,1296.036,81.48,148.595,1,Start,Finish,222,43.51087825005148,16.363954599943668,13,347,124,137,,,False,
2026-05-12T12:38:00+00:00,43.51075641810894,16.364005655050278,85,2026-05-12T12:37:50.609191+00:00,553,1,1.197,1297.233,71.82,115.36,1,Start,Finish,222,43.51087825005148,16.363954599943668,14,343,124,141,,,False,
2026-05-12T12:38:01+00:00,43.5107586812228,16.364024891518056,84,2026-05-12T12:37:50.609191+00:00,553,1,1.572,1298.804,94.32,80.786,1,Start,Finish,222,43.51087825005148,16.363954599943668,14,337,115,138,,,False,
2026-05-12T12:38:02+00:00,43.51076094433665,16.364044127985835,84,2026-05-12T12:37:50.609191+00:00,553,1,1.572,1300.376,94.32,80.786,1,Start,Finish,222,43.51087825005148,16.363954599943668,15,331,111,140,,,False,
2026-05-12T12:38:03+00:00,43.510769829154015,16.36407078243792,80,2026-05-12T12:37:50.609191+00:00,553,1,2.366,1302.742,141.96,65.316,1,Start,Finish,222,43.51087825005148,16.363954599943668,15,322,94,132,,,False,
2026-05-12T12:38:04+00:00,43.510781563818455,16.36409990955144,78,2026-05-12T12:37:50.609191+00:00,553,1,2.687,1305.429,161.22,60.948,1,Start,Finish,222,43.51087825005148,16.363954599943668,16,313,76,123,,,False,
2026-05-12T12:38:05+00:00,43.510793298482895,16.364129036664963,77,2026-05-12T12:37:50.609191+00:00,553,1,2.687,1308.116,161.22,60.948,1,Start,Finish,222,43.51087825005148,16.363954599943668,17,304,60,116,,,False,
2026-05-12T12:38:06+00:00,43.510814253240824,16.364159253425896,78,2026-05-12T12:37:50.609191+00:00,553,1,3.372,1311.487,202.32,46.283,1,Start,Finish,222,43.51087825005148,16.363954599943668,18,293,52,119,,,False,
2026-05-12T12:38:07+00:00,43.51083520799875,16.36418947018683,79,2026-05-12T12:37:50.609191+00:00,553,1,3.372,1314.859,202.32,46.283,1,Start,Finish,222,43.51087825005148,16.363954599943668,20,284,48,124,,,False,
2026-05-12T12:38:08+00:00,43.51085489150137,16.364212785847485,79,2026-05-12T12:37:50.609191+00:00,553,1,2.885,1317.744,173.1,40.665,1,Start,Finish,222,43.51087825005148,16.363954599943668,21,277,45,128,,,False,
2026-05-12T12:38:09+00:00,43.51087457500398,16.36423610150814,79,2026-05-12T12:37:50.609191+00:00,553,1,2.885,1320.63,173.1,40.665,1,Start,Finish,222,43.51087825005148,16.363954599943668,23,271,42,131,,,False,
2026-05-12T12:38:10+00:00,43.51089425850659,16.364259417168796,80,2026-05-12T12:37:50.609191+00:00,553,1,2.885,1323.515,173.1,40.665,1,Start,Finish,222,43.51087825005148,16.363954599943668,25,266,41,135,,,False,
2026-05-12T12:38:11+00:00,43.51091394200921,16.36428273282945,80,2026-05-12T12:37:50.609191+00:00,553,1,2.885,1326.4,173.1,40.665,1,Start,Finish,222,43.51087825005148,16.363954599943668,27,261,42,141,,,False,
2026-05-12T12:38:12+00:00,43.510933625511825,16.364306048490107,80,2026-05-12T12:37:50.609191+00:00,553,1,2.885,1329.286,173.1,40.665,1,Start,Finish,222,43.51087825005148,16.363954599943668,29,258,45,147,,,False,
2026-05-12T12:38:13+00:00,43.51095330901444,16.364329364150763,80,2026-05-12T12:37:50.609191+00:00,553,1,2.885,1332.171,173.1,40.665,1,Start,Finish,222,43.51087825005148,16.363954599943668,31,255,51,156,,,False,
2026-05-12T12:38:14+00:00,43.510967306792736,16.364351995289326,80,2026-05-12T12:37:50.609191+00:00,553,1,2.399,1334.57,143.94,49.541,1,Start,Finish,222,43.51087825005148,16.363954599943668,34,253,57,164,,,False,
2026-05-12T12:38:15+00:00,43.51097658276558,16.364379096776247,80,2026-05-12T12:37:50.609191+00:00,553,1,2.417,1336.987,145.02,64.736,1,Start,Finish,222,43.51087825005148,16.363954599943668,36,252,62,170,,,False,
2026-05-12T12:38:16+00:00,43.51098585873842,16.36440619826317,79,2026-05-12T12:37:50.609191+00:00,553,1,2.417,1339.403,145.02,64.736,1,Start,Finish,222,43.51087825005148,16.363954599943668,38,252,74,178,,,False,
2026-05-12T12:38:17+00:00,43.510995134711266,16.36443329975009,79,2026-05-12T12:37:50.609191+00:00,553,1,2.417,1341.82,145.02,64.736,1,Start,Finish,222,43.51087825005148,16.363954599943668,41,251,81,170,,,False,
2026-05-12T12:38:18+00:00,43.510995944961905,16.36445727199316,80,2026-05-12T12:37:50.609191+00:00,553,1,1.935,1343.755,116.1,87.332,1,Start,Finish,222,43.51087825005148,16.363954599943668,43,252,88,164,,,False,
2026-05-12T12:38:19+00:00,43.510996755212545,16.36448124423623,81,2026-05-12T12:37:50.609191+00:00,553,1,1.935,1345.691,116.1,87.332,1,Start,Finish,222,43.51087825005148,16.363954599943668,44,253,96,157,,,False,
2026-05-12T12:38:20+00:00,43.510997565463185,16.3645052164793,82,2026-05-12T12:37:50.609191+00:00,553,1,1.935,1347.626,116.1,87.332,1,Start,Finish,222,43.51087825005148,16.363954599943668,46,253,103,150,,,False,
2026-05-12T12:38:21+00:00,43.51099348627031,16.36451625265181,81,2026-05-12T12:37:50.609191+00:00,553,1,0.999,1348.625,59.94,117.006,1,Start,Finish,222,43.51087825005148,16.363954599943668,47,254,103,151,,,False,
2026-05-12T12:38:22+00:00,43.51098940707743,16.36452728882432,80,2026-05-12T12:37:50.609191+00:00,553,1,0.999,1349.624,59.94,117.006,1,Start,Finish,222,43.51087825005148,16.363954599943668,48,255,111,144,,,False,
2026-05-12T12:38:23+00:00,43.510985327884555,16.36453832499683,79,2026-05-12T12:37:50.609191+00:00,553,1,0.999,1350.623,59.94,117.006,1,Start,Finish,222,43.51087825005148,16.363954599943668,49,256,105,151,,,False,
2026-05-12T12:38:24+00:00,43.51097940467298,16.36455732397735,78,2026-05-12T12:37:50.609191+00:00,553,1,1.668,1352.29,100.08,113.262,1,Start,Finish,222,43.51087825005148,16.363954599943668,50,257,105,152,,,False,
2026-05-12T12:38:25+00:00,43.510973481461406,16.364576322957873,77,2026-05-12T12:37:50.609191+00:00,553,1,1.668,1353.958,100.08,113.262,1,Start,Finish,222,43.51087825005148,16.363954599943668,51,258,104,154,,,False,
2026-05-12T12:38:26+00:00,43.51096755824983,16.364595321938396,76,2026-05-12T12:37:50.609191+00:00,553,1,1.668,1355.626,100.08,113.262,1,Start,Finish,222,43.51087825005148,16.363954599943668,53,259,105,154,,,False,
2026-05-12T12:38:27+00:00,43.51095276419073,16.36460366193205,77,2026-05-12T12:37:50.609191+00:00,553,1,1.777,1357.403,106.62,157.763,1,Start,Finish,222,43.51087825005148,16.363954599943668,53,261,109,152,,,False,
2026-05-12T12:38:28+00:00,43.51093797013163,16.364612001925707,78,2026-05-12T12:37:50.609191+00:00,553,1,1.777,1359.18,106.62,157.763,1,Start,Finish,222,43.51087825005148,16.363954599943668,53,263,109,154,,,False,
2026-05-12T12:38:29+00:00,43.51093947887421,16.364619322121143,77,2026-05-12T12:37:50.609191+00:00,553,1,0.614,1359.794,36.84,74.135,1,Start,Finish,222,43.51087825005148,16.363954599943668,54,263,108,155,,,False,
2026-05-12T12:38:30+00:00,43.51094098761678,16.36462664231658,75,2026-05-12T12:37:50.609191+00:00,553,1,0.614,1360.408,36.84,74.135,1,Start,Finish,222,43.51087825005148,16.363954599943668,55,263,108,155,,,False,
2026-05-12T12:38:31+00:00,43.51094249635935,16.364633962512016,74,2026-05-12T12:37:50.609191+00:00,553,1,0.614,1361.021,36.84,74.135,1,Start,Finish,222,43.51087825005148,16.363954599943668,55,263,107,156,,,False,
2026-05-12T12:38:32+00:00,43.51093964651227,16.364636979997158,73,2026-05-12T12:37:50.609191+00:00,553,1,0.4,1361.421,24.0,142.479,1,Start,Finish,222,43.51087825005148,16.363954599943668,55,263,106,157,,,False,
2026-05-12T12:38:33+00:00,43.51094224490225,16.364641673862934,72,2026-05-12T12:37:50.609191+00:00,553,1,0.476,1361.897,28.56,52.646,1,Start,Finish,222,43.51087825005148,16.363954599943668,56,263,104,159,,,False,
2026-05-12T12:38:34+00:00,43.51094196550548,16.3646468706429,73,2026-05-12T12:37:50.609191+00:00,553,1,0.42,1362.317,25.2,94.24,1,Start,Finish,222,43.51087825005148,16.363954599943668,56,263,102,161,,,False,
2026-05-12T12:38:35+00:00,43.51094168610871,16.364652067422867,74,2026-05-12T12:37:50.609191+00:00,553,1,0.42,1362.738,25.2,94.24,1,Start,Finish,222,43.51087825005148,16.363954599943668,57,263,100,163,,,False,
2026-05-12T12:38:36+00:00,43.510941406711936,16.364657264202833,75,2026-05-12T12:37:50.609191+00:00,553,1,0.42,1363.158,25.2,94.24,1,Start,Finish,222,43.51087825005148,16.363954599943668,57,263,100,163,,,False,
2026-05-12T12:38:37+00:00,43.510939583648,16.364664325956255,74,2026-05-12T12:37:50.609191+00:00,553,1,0.604,1363.762,36.24,109.594,1,Start,Finish,222,43.51087825005148,16.363954599943668,58,263,98,165,,,False,
2026-05-12T12:38:38+00:00,43.510937760584056,16.364671387709677,74,2026-05-12T12:37:50.609191+00:00,553,1,0.604,1364.367,36.24,109.594,1,Start,Finish,222,43.51087825005148,16.363954599943668,58,263,95,168,,,False,
2026-05-12T12:38:39+00:00,43.51093593752012,16.3646784494631,74,2026-05-12T12:37:50.609191+00:00,553,1,0.604,1364.971,36.24,109.594,1,Start,Finish,222,43.51087825005148,16.363954599943668,59,264,95,169,,,False,
2026-05-12T12:38:40+00:00,43.51093411445618,16.36468551121652,73,2026-05-12T12:37:50.609191+00:00,553,1,0.604,1365.576,36.24,109.594,1,Start,Finish,222,43.51087825005148,16.363954599943668,59,264,94,170,,,False,
2026-05-12T12:38:41+00:00,43.51093112491071,16.364691043272614,76,2026-05-12T12:37:50.609191+00:00,553,1,0.556,1366.132,33.36,126.691,1,Start,Finish,222,43.51087825005148,16.363954599943668,60,264,92,172,,,False,
2026-05-12T12:38:42+00:00,43.51092813536525,16.364696575328708,79,2026-05-12T12:37:50.609191+00:00,553,1,0.556,1366.688,33.36,126.691,1,Start,Finish,222,43.51087825005148,16.363954599943668,60,265,92,173,,,False,
2026-05-12T12:38:43+00:00,43.51092514581978,16.3647021073848,82,2026-05-12T12:37:50.609191+00:00,553,1,0.556,1367.245,33.36,126.691,1,Start,Finish,222,43.51087825005148,16.363954599943668,61,265,91,174,,,False,
2026-05-12T12:38:44+00:00,43.51092003285885,16.364707639440894,86,2026-05-12T12:37:50.609191+00:00,553,1,0.723,1367.967,43.38,141.879,1,Start,Finish,222,43.51087825005148,16.363954599943668,61,266,89,177,,,False,
2026-05-12T12:38:45+00:00,43.51091983728111,16.364714540541172,87,2026-05-12T12:37:50.609191+00:00,553,1,0.557,1368.524,33.42,92.238,1,Start,Finish,222,43.51087825005148,16.363954599943668,61,266,91,175,,,False,
2026-05-12T12:38:46+00:00,43.51091964170337,16.36472144164145,87,2026-05-12T12:37:50.609191+00:00,553,1,0.557,1369.081,33.42,92.238,1,Start,Finish,222,43.51087825005148,16.363954599943668,62,266,87,179,,,False,
2026-05-12T12:38:47+00:00,43.51091944612563,16.364728342741728,88,2026-05-12T12:37:50.609191+00:00,553,1,0.557,1369.638,33.42,92.238,1,Start,Finish,222,43.51087825005148,16.363954599943668,63,266,82,176,,,False,
2026-05-12T12:38:48+00:00,43.51092015858739,16.364738694392145,86,2026-05-12T12:37:50.609191+00:00,553,1,0.839,1370.477,50.34,84.579,1,Start,Finish,222,43.51087825005148,16.363954599943668,63,266,80,174,,,False,
2026-05-12T12:38:49+00:00,43.510920871049166,16.36474904604256,84,2026-05-12T12:37:50.609191+00:00,553,1,0.839,1371.315,50.34,84.579,1,Start,Finish,222,43.51087825005148,16.363954599943668,64,266,79,173,,,False,
2026-05-12T12:38:50+00:00,43.51092099677771,16.364751309156418,82,2026-05-12T12:37:50.609191+00:00,553,1,0.183,1371.498,10.98,85.62,1,Start,Finish,222,43.51087825005148,16.363954599943668,64,266,76,170,,,False,
2026-05-12T12:38:51+00:00,43.51092112250626,16.364753572270274,81,2026-05-12T12:37:50.609191+00:00,553,1,0.183,1371.682,10.98,85.62,1,Start,Finish,222,43.51087825005148,16.363954599943668,65,266,76,170,,,False,
2026-05-12T12:38:52+00:00,43.51092363707721,16.364754578098655,79,2026-05-12T12:37:50.609191+00:00,553,1,0.291,1371.973,17.46,16.177,1,Start,Finish,222,43.51087825005148,16.363954599943668,65,266,76,170,,,False,
2026-05-12T12:38:53+00:00,43.51092556491494,16.364759942516685,75,2026-05-12T12:37:50.609191+00:00,553,1,0.483,1372.455,28.98,63.641,1,Start,Finish,222,43.51087825005148,16.363954599943668,65,265,75,170,,,False,
2026-05-12T12:38:54+00:00,43.510933737270534,16.364763379096985,78,2026-05-12T12:37:50.609191+00:00,553,1,0.95,1373.406,57.0,16.96,1,Start,Finish,222,43.51087825005148,16.363954599943668,66,265,75,170,,,False,
2026-05-12T12:38:55+00:00,43.510941909626126,16.364766815677285,81,2026-05-12T12:37:50.609191+00:00,553,1,0.95,1374.356,57.0,16.96,1,Start,Finish,222,43.51087825005148,16.363954599943668,66,264,75,171,,,False,
2026-05-12T12:38:56+00:00,43.510945555754006,16.36477586813271,84,2026-05-12T12:37:50.609191+00:00,553,1,0.835,1375.191,50.1,60.954,1,Start,Finish,222,43.51087825005148,16.363954599943668,67,264,71,167,,,False,
2026-05-12T12:38:57+00:00,43.510949201881886,16.364784920588136,88,2026-05-12T12:37:50.609191+00:00,553,1,0.835,1376.026,50.1,60.954,1,Start,Finish,222,43.51087825005148,16.363954599943668,67,263,68,165,,,False,
2026-05-12T12:38:58+00:00,43.51095288991928,16.3647927576676,90,2026-05-12T12:37:50.609191+00:00,553,1,0.753,1376.779,45.18,57.022,1,Start,Finish,222,43.51087825005148,16.363954599943668,68,263,63,160,,,False,
2026-05-12T12:38:59+00:00,43.51095657795668,16.364800594747066,92,2026-05-12T12:37:50.609191+00:00,553,1,0.753,1377.532,45.18,57.022,1,Start,Finish,222,43.51087825005148,16.363954599943668,69,263,59,156,,,False,
2026-05-12T12:39:00+00:00,43.510954873636365,16.364802354946733,91,2026-05-12T12:37:50.609191+00:00,553,1,0.237,1377.769,14.22,143.166,1,Start,Finish,222,43.51087825005148,16.363954599943668,69,263,59,156,,,False,
2026-05-12T12:39:01+00:00,43.51095316931605,16.3648041151464,90,2026-05-12T12:37:50.609191+00:00,553,1,0.237,1378.006,14.22,143.166,1,Start,Finish,222,43.51087825005148,16.363954599943668,69,263,58,155,,,False,
2026-05-12T12:39:02+00:00,43.51095146499574,16.364805875346065,89,2026-05-12T12:37:50.609191+00:00,553,1,0.237,1378.243,14.22,143.166,1,Start,Finish,222,43.51087825005148,16.363954599943668,69,263,58,155,,,False,
2026-05-12T12:39:03+00:00,43.51095352694392,16.364807099103928,90,2026-05-12T12:37:50.609191+00:00,553,1,0.25,1378.492,15.0,23.288,1,Start,Finish,222,43.51087825005148,16.363954599943668,69,263,58,155,,,False,
2026-05-12T12:39:04+00:00,43.5109555888921,16.36480832286179,90,2026-05-12T12:37:50.609191+00:00,553,1,0.25,1378.742,15.0,23.288,1,Start,Finish,222,43.51087825005148,16.363954599943668,69,263,59,156,,,False,
2026-05-12T12:39:05+00:00,43.51095765084028,16.364809546619654,91,2026-05-12T12:37:50.609191+00:00,553,1,0.25,1378.992,15.0,23.288,1,Start,Finish,222,43.51087825005148,16.363954599943668,70,263,59,156,,,False,
2026-05-12T12:39:06+00:00,43.51095971278846,16.364810770377517,91,2026-05-12T12:37:50.609191+00:00,553,1,0.25,1379.241,15.0,23.288,1,Start,Finish,222,43.51087825005148,16.363954599943668,70,263,57,154,,,False,
2026-05-12T12:39:07+00:00,43.51096177473664,16.36481199413538,92,2026-05-12T12:37:50.609191+00:00,553,1,0.25,1379.491,15.0,23.288,1,Start,Finish,222,43.51087825005148,16.363954599943668,70,262,57,155,,,False,
2026-05-12T12:39:08+00:00,43.51096389815211,16.364815486595035,92,2026-05-12T12:37:50.609191+00:00,553,1,0.368,1379.858,22.08,50.026,1,Start,Finish,222,43.51087825005148,16.363954599943668,70,262,56,154,,,False,
2026-05-12T12:39:09+00:00,43.51096602156758,16.36481897905469,92,2026-05-12T12:37:50.609191+00:00,553,1,0.368,1380.226,22.08,50.026,1,Start,Finish,222,43.51087825005148,16.363954599943668,70,262,55,153,,,False,
2026-05-12T12:39:10+00:00,43.51096814498305,16.364822471514344,92,2026-05-12T12:37:50.609191+00:00,553,1,0.368,1380.593,22.08,50.026,1,Start,Finish,222,43.51087825005148,16.363954599943668,71,262,54,152,,,False,
2026-05-12T12:39:11+00:00,43.51097026839852,16.364825963974,92,2026-05-12T12:37:50.609191+00:00,553,1,0.368,1380.961,22.08,50.026,1,Start,Finish,222,43.51087825005148,16.363954599943668,71,262,53,151,,,False,
2026-05-12T12:39:12+00:00,43.51097239181399,16.364829456433654,92,2026-05-12T12:37:50.609191+00:00,553,1,0.368,1381.328,22.08,50.026,1,Start,Finish,222,43.51087825005148,16.363954599943668,71,262,53,151,,,False,
2026-05-12T12:39:13+00:00,43.510974515229464,16.36483294889331,92,2026-05-12T12:37:50.609191+00:00,553,1,0.368,1381.696,22.08,50.026,1,Start,Finish,222,43.51087825005148,16.363954599943668,72,261,49,148,,,False,
2026-05-12T12:39:14+00:00,43.51097677834332,16.364838564768434,90,2026-05-12T12:37:50.609191+00:00,553,1,0.518,1382.214,31.08,60.941,1,Start,Finish,222,43.51087825005148,16.363954599943668,72,261,50,149,,,False,
2026-05-12T12:39:15+00:00,43.51097707170993,16.364840744063258,88,2026-05-12T12:37:50.609191+00:00,553,1,0.179,1382.393,10.74,79.485,1,Start,Finish,222,43.51087825005148,16.363954599943668,72,261,50,149,,,False,
2026-05-12T12:39:16+00:00,43.51097736507654,16.364842923358083,86,2026-05-12T12:37:50.609191+00:00,553,1,0.179,1382.572,10.74,79.485,1,Start,Finish,222,43.51087825005148,16.363954599943668,72,261,49,148,,,False,
2026-05-12T12:39:17+00:00,43.51097749080509,16.36484711430967,86,2026-05-12T12:37:50.609191+00:00,553,1,0.338,1382.91,20.28,87.631,1,Start,Finish,222,43.51087825005148,16.363954599943668,73,261,49,148,,,False,
2026-05-12T12:39:18+00:00,43.51097761653364,16.364851305261254,86,2026-05-12T12:37:50.609191+00:00,553,1,0.338,1383.248,20.28,87.631,1,Start,Finish,222,43.51087825005148,16.363954599943668,73,261,49,148,,,False,
2026-05-12T12:39:19+00:00,43.510977742262185,16.36485549621284,86,2026-05-12T12:37:50.609191+00:00,553,1,0.338,1383.586,20.28,87.631,1,Start,Finish,222,43.51087825005148,16.363954599943668,73,261,50,149,,,False,
2026-05-12T12:39:20+00:00,43.51097786799073,16.364859687164426,86,2026-05-12T12:37:50.609191+00:00,553,1,0.338,1383.925,20.28,87.631,1,Start,Finish,222,43.51087825005148,16.363954599943668,74,261,49,148,,,False,
2026-05-12T12:39:21+00:00,43.510984405875206,16.364857172593474,89,2026-05-12T12:37:50.609191+00:00,553,1,0.755,1384.679,45.3,344.414,1,Start,Finish,222,43.51087825005148,16.363954599943668,74,261,49,148,,,False,
2026-05-12T12:39:22+00:00,43.51099094375968,16.364854658022523,92,2026-05-12T12:37:50.609191+00:00,553,1,0.755,1385.434,45.3,344.414,1,Start,Finish,222,43.51087825005148,16.363954599943668,74,260,48,148,,,False,
2026-05-12T12:39:23+00:00,43.510999493300915,16.36485348455608,89,2026-05-12T12:37:50.609191+00:00,553,1,0.955,1386.389,57.3,354.315,1,Start,Finish,222,43.51087825005148,16.363954599943668,74,259,47,148,,,False,
2026-05-12T12:39:24+00:00,43.51100318133831,16.36485499329865,86,2026-05-12T12:37:50.609191+00:00,553,1,0.428,1386.817,25.68,16.525,1,Start,Finish,222,43.51087825005148,16.363954599943668,74,259,46,147,,,False,
2026-05-12T12:39:25+00:00,43.51100544445217,16.364857759326696,82,2026-05-12T12:37:50.609191+00:00,553,1,0.336,1387.153,20.16,41.554,1,Start,Finish,222,43.51087825005148,16.363954599943668,74,259,46,147,,,False,
2026-05-12T12:39:26+00:00,43.51100762374699,16.364861195906997,78,2026-05-12T12:37:50.609191+00:00,553,1,0.368,1387.522,22.08,48.834,1,Start,Finish,222,43.51087825005148,16.363954599943668,75,259,46,147,,,False,
2026-05-12T12:39:27+00:00,43.511004941537976,16.36485834605992,78,2026-05-12T12:37:50.609191+00:00,553,1,0.377,1387.898,22.62,217.617,1,Start,Finish,222,43.51087825005148,16.363954599943668,74,259,44,145,,,False,
2026-05-12T12:39:28+00:00,43.51100276224315,16.364865386858582,82,2026-05-12T12:37:50.609191+00:00,553,1,0.617,1388.515,37.02,113.112,1,Start,Finish,222,43.51087825005148,16.363954599943668,75,259,41,142,,,False,
2026-05-12T12:39:29+00:00,43.511007875204086,16.36487008072436,87,2026-05-12T12:37:50.609191+00:00,553,1,0.683,1389.199,40.98,33.656,1,Start,Finish,222,43.51087825005148,16.363954599943668,75,259,42,143,,,False,
2026-05-12T12:39:30+00:00,43.51101420354098,16.364872218109667,88,2026-05-12T12:37:50.609191+00:00,553,1,0.724,1389.923,43.44,13.764,1,Start,Finish,222,43.51087825005148,16.363954599943668,76,258,43,145,,,False,
2026-05-12T12:39:31+00:00,43.511020531877875,16.364874355494976,88,2026-05-12T12:37:50.609191+00:00,553,1,0.724,1390.647,43.44,13.764,1,Start,Finish,222,43.51087825005148,16.363954599943668,76,258,43,145,,,False,
2026-05-12T12:39:32+00:00,43.51102120243013,16.364877414889634,86,2026-05-12T12:37:50.609191+00:00,553,1,0.258,1390.905,15.48,73.184,1,Start,Finish,222,43.51087825005148,16.363954599943668,76,258,43,145,,,False,
2026-05-12T12:39:33+00:00,43.51102187298238,16.36488047428429,83,2026-05-12T12:37:50.609191+00:00,553,1,0.258,1391.163,15.48,73.184,1,Start,Finish,222,43.51087825005148,16.363954599943668,76,258,43,145,,,False,
2026-05-12T12:39:34+00:00,43.511023465543985,16.364877205342054,78,2026-05-12T12:37:50.609191+00:00,553,1,0.318,1391.481,19.08,303.891,1,Start,Finish,222,43.51087825005148,16.363954599943668,76,258,43,145,,,False,
2026-05-12T12:39:35+00:00,43.51102677639574,16.36488039046526,76,2026-05-12T12:37:50.609191+00:00,553,1,0.449,1391.929,26.94,34.904,1,Start,Finish,222,43.51087825005148,16.363954599943668,76,258,47,149,,,False,
2026-05-12T12:39:36+00:00,43.51103008724749,16.364883575588465,74,2026-05-12T12:37:50.609191+00:00,553,1,0.449,1392.378,26.94,34.904,1,Start,Finish,222,43.51087825005148,16.363954599943668,77,257,48,151,,,False,
2026-05-12T12:39:37+00:00,43.5110342502594,16.364888437092304,75,2026-05-12T12:37:50.609191+00:00,553,1,0.607,1392.985,36.42,40.262,1,Start,Finish,222,43.51087825005148,16.363954599943668,77,257,44,147,,,False,
2026-05-12T12:39:38+00:00,43.51103841327131,16.364893298596144,77,2026-05-12T12:37:50.609191+00:00,553,1,0.607,1393.592,36.42,40.262,1,Start,Finish,222,43.51087825005148,16.363954599943668,78,257,43,146,,,False,
2026-05-12T12:39:39+00:00,43.51104257628322,16.364898160099983,78,2026-05-12T12:37:50.609191+00:00,553,1,0.607,1394.198,36.42,40.262,1,Start,Finish,222,43.51087825005148,16.363954599943668,78,256,43,147,,,False,
2026-05-12T12:39:40+00:00,43.51104651577771,16.364900339394808,81,2026-05-12T12:37:50.609191+00:00,553,1,0.472,1394.67,28.32,21.861,1,Start,Finish,222,43.51087825005148,16.363954599943668,79,256,45,149,,,False,
2026-05-12T12:39:41+00:00,43.51104919798672,16.364901512861252,85,2026-05-12T12:37:50.609191+00:00,553,1,0.313,1394.983,18.78,17.604,1,Start,Finish,222,43.51087825005148,16.363954599943668,79,256,47,151,,,False,
2026-05-12T12:39:42+00:00,43.51105397567153,16.36490394361317,85,2026-05-12T12:37:50.609191+00:00,553,1,0.566,1395.549,33.96,20.253,1,Start,Finish,222,43.51087825005148,16.363954599943668,79,256,52,156,,,False,
2026-05-12T12:39:43+00:00,43.511060094460845,16.364910481497645,82,2026-05-12T12:37:50.609191+00:00,553,1,0.861,1396.41,51.66,37.773,1,Start,Finish,222,43.51087825005148,16.363954599943668,80,255,56,161,,,False,
2026-05-12T12:39:44+00:00,43.51106872782111,16.364915845915675,78,2026-05-12T12:37:50.609191+00:00,553,1,1.053,1397.463,63.18,24.258,1,Start,Finish,222,43.51087825005148,16.363954599943668,80,255,59,164,,,False,
2026-05-12T12:39:45+00:00,43.5110761038959,16.36492188088596,75,2026-05-12T12:37:50.609191+00:00,553,1,0.954,1398.417,57.24,30.684,1,Start,Finish,222,43.51087825005148,16.363954599943668,81,254,59,165,,,False,
2026-05-12T12:39:46+00:00,43.51108054630458,16.36492875404656,73,2026-05-12T12:37:50.609191+00:00,553,1,0.742,1399.159,44.52,48.292,1,Start,Finish,222,43.51087825005148,16.363954599943668,82,254,57,163,,,False,
2026-05-12T12:39:47+00:00,43.511084988713264,16.36493562720716,71,2026-05-12T12:37:50.609191+00:00,553,1,0.742,1399.902,44.52,48.292,1,Start,Finish,222,43.51087825005148,16.363954599943668,82,254,58,164,,,False,
2026-05-12T12:39:48+00:00,43.511087195947766,16.36494037695229,71,2026-05-12T12:37:50.609191+00:00,553,1,0.455,1400.357,27.3,57.35,1,Start,Finish,222,43.51087825005148,16.363954599943668,83,254,60,166,,,False,
2026-05-12T12:39:49+00:00,43.51108940318227,16.36494512669742,71,2026-05-12T12:37:50.609191+00:00,553,1,0.455,1400.811,27.3,57.35,1,Start,Finish,222,43.51087825005148,16.363954599943668,83,254,62,168,,,False,
2026-05-12T12:39:50+00:00,43.51109161041677,16.36494987644255,71,2026-05-12T12:37:50.609191+00:00,553,1,0.455,1401.266,27.3,57.35,1,Start,Finish,222,43.51087825005148,16.363954599943668,84,254,61,167,,,False,
2026-05-12T12:39:51+00:00,43.51108901202679,16.364951385185122,73,2026-05-12T12:37:50.609191+00:00,553,1,0.314,1401.58,18.84,157.164,1,Start,Finish,222,43.51087825005148,16.363954599943668,84,254,63,169,,,False,
2026-05-12T12:39:52+00:00,43.5110864136368,16.364952893927693,74,2026-05-12T12:37:50.609191+00:00,553,1,0.314,1401.893,18.84,157.164,1,Start,Finish,222,43.51087825005148,16.363954599943668,84,254,63,169,,,False,
2026-05-12T12:39:53+00:00,43.51108381524682,16.364954402670264,76,2026-05-12T12:37:50.609191+00:00,553,1,0.314,1402.207,18.84,157.164,1,Start,Finish,222,43.51087825005148,16.363954599943668,84,254,65,171,,,False,
2026-05-12T12:39:54+00:00,43.51108197122812,16.364964796230197,79,2026-05-12T12:37:50.609191+00:00,553,1,0.863,1403.07,51.78,103.747,1,Start,Finish,222,43.51087825005148,16.363954599943668,85,254,68,174,,,False,
2026-05-12T12:39:55+00:00,43.51108155213296,16.364975441247225,82,2026-05-12T12:37:50.609191+00:00,553,1,0.86,1403.93,51.6,93.107,1,Start,Finish,222,43.51087825005148,16.363954599943668,85,255,69,174,,,False,
2026-05-12T12:39:56+00:00,43.5110813844949,16.364980386570096,81,2026-05-12T12:37:50.609191+00:00,553,1,0.399,1404.329,23.94,92.676,1,Start,Finish,222,43.51087825005148,16.363954599943668,86,255,71,176,,,False,
2026-05-12T12:39:57+00:00,43.511078408919275,16.364987972192466,78,2026-05-12T12:37:50.609191+00:00,553,1,0.695,1405.024,41.7,118.408,1,Start,Finish,222,43.51087825005148,16.363954599943668,86,255,78,177,,,False,
2026-05-12T12:39:58+00:00,43.51107543334365,16.364995557814837,76,2026-05-12T12:37:50.609191+00:00,553,1,0.695,1405.72,41.7,118.408,1,Start,Finish,222,43.51087825005148,16.363954599943668,87,255,81,174,,,False,
2026-05-12T12:39:59+00:00,43.511079624295235,16.36500352062285,73,2026-05-12T12:37:50.609191+00:00,553,1,0.793,1406.513,47.58,54.031,1,Start,Finish,222,43.51087825005148,16.363954599943668,88,255,84,171,,,False,
2026-05-12T12:40:00+00:00,43.5110795404762,16.365011567249894,73,2026-05-12T12:37:50.609191+00:00,553,1,0.649,1407.162,38.94,90.823,1,Start,Finish,222,43.51087825005148,16.363954599943668,88,255,84,171,,,False,
