timestamp_utc,latitude,longitude,heart_rate,finish_time_utc,elapsed_race_time_s,finished_flag,seg_dist_m,dist_from_start_m,SOG_raw_mpm,COG_raw_deg,geom_leg_id,geom_from_mark,geom_to_mark,geom_leg_bearing_deg,target_lat_deg,target_lon_deg,dist_to_target_m,bearing_to_target_deg,COG_deg,ATB_angle_deg,ATB_offset_deg,axis_angle_signed_deg,is_upwind,upwind_dist_remaining_m
2026-05-12T13:33:56+00:00,43.51967128459364,16.373213999904692,125,2026-05-12T13:47:59.231803+00:00,843,1,0.0,0.0,0.0,0.0,1,Start,Finish,241,43.51450810000256,16.36042175002399,1181,241,235,6,,,False,
2026-05-12T13:33:57+00:00,43.519656490534544,16.373197752982378,125,2026-05-12T13:47:59.231803+00:00,843,1,2.103,2.103,126.18,218.532,1,Start,Finish,241,43.51450810000256,16.36042175002399,1179,241,232,9,,,False,
2026-05-12T13:33:58+00:00,43.519640956074,16.37317657470703,126,2026-05-12T13:47:59.231803+00:00,843,1,2.429,4.532,145.74,224.671,1,Start,Finish,241,43.51450810000256,16.36042175002399,1176,241,229,12,,,False,
2026-05-12T13:33:59+00:00,43.519625421613455,16.373155396431684,127,2026-05-12T13:47:59.231803+00:00,843,1,2.429,6.961,145.74,224.671,1,Start,Finish,241,43.51450810000256,16.36042175002399,1174,241,228,13,,,False,
2026-05-12T13:34:00+00:00,43.51960988715291,16.373134218156338,128,2026-05-12T13:47:59.231803+00:00,843,1,2.429,9.39,145.74,224.671,1,Start,Finish,241,43.51450810000256,16.36042175002399,1172,241,227,14,,,False,
2026-05-12T13:34:01+00:00,43.51959468796849,16.37311669997871,129,2026-05-12T13:47:59.231803+00:00,843,1,2.203,11.592,132.18,219.888,1,Start,Finish,241,43.51450810000256,16.36042175002399,1170,241,222,19,,,False,
2026-05-12T13:34:02+00:00,43.519579488784075,16.37309918180108,130,2026-05-12T13:47:59.231803+00:00,843,1,2.203,13.795,132.18,219.888,1,Start,Finish,241,43.51450810000256,16.36042175002399,1167,241,227,14,,,False,
2026-05-12T13:34:03+00:00,43.51956428959966,16.373081663623452,131,2026-05-12T13:47:59.231803+00:00,843,1,2.203,15.998,132.18,219.888,1,Start,Finish,241,43.51450810000256,16.36042175002399,1165,241,231,10,,,False,
2026-05-12T13:34:04+00:00,43.51955113001168,16.373064927756786,132,2026-05-12T13:47:59.231803+00:00,843,1,1.991,17.988,119.46,222.682,1,Start,Finish,241,43.51450810000256,16.36042175002399,1164,241,235,6,,,False,
2026-05-12T13:34:05+00:00,43.5195379704237,16.37304819189012,133,2026-05-12T13:47:59.231803+00:00,843,1,1.991,19.979,119.46,222.682,1,Start,Finish,241,43.51450810000256,16.36042175002399,1162,241,243,2,,,False,
2026-05-12T13:34:06+00:00,43.51952481083572,16.373031456023455,134,2026-05-12T13:47:59.231803+00:00,843,1,1.991,21.969,119.46,222.682,1,Start,Finish,241,43.51450810000256,16.36042175002399,1160,241,253,12,,,False,
2026-05-12T13:34:07+00:00,43.51952436380088,16.373012037947774,134,2026-05-12T13:47:59.231803+00:00,843,1,1.567,23.536,94.02,268.182,1,Start,Finish,241,43.51450810000256,16.36042175002399,1158,241,259,18,,,False,
2026-05-12T13:34:08+00:00,43.51952391676605,16.372992619872093,135,2026-05-12T13:47:59.231803+00:00,843,1,1.567,25.102,94.02,268.182,1,Start,Finish,241,43.51450810000256,16.36042175002399,1157,241,264,23,,,False,
2026-05-12T13:34:09+00:00,43.51952346973121,16.372973201796412,135,2026-05-12T13:47:59.231803+00:00,843,1,1.567,26.669,94.02,268.182,1,Start,Finish,241,43.51450810000256,16.36042175002399,1156,241,276,35,,,False,
2026-05-12T13:34:10+00:00,43.519535372033715,16.372957695275545,134,2026-05-12T13:47:59.231803+00:00,843,1,1.821,28.489,109.26,316.628,1,Start,Finish,241,43.51450810000256,16.36042175002399,1155,241,287,46,,,False,
2026-05-12T13:34:11+00:00,43.51955140242353,16.372940198052675,134,2026-05-12T13:47:59.231803+00:00,843,1,2.273,30.763,136.38,321.639,1,Start,Finish,241,43.51450810000256,16.36042175002399,1155,241,297,56,,,False,
2026-05-12T13:34:12+00:00,43.519567432813346,16.372922700829804,134,2026-05-12T13:47:59.231803+00:00,843,1,2.273,33.036,136.38,321.639,1,Start,Finish,241,43.51450810000256,16.36042175002399,1154,241,305,64,,,False,
2026-05-12T13:34:13+00:00,43.51958346320316,16.372905203606933,135,2026-05-12T13:47:59.231803+00:00,843,1,2.273,35.309,136.38,321.639,1,Start,Finish,241,43.51450810000256,16.36042175002399,1154,241,314,73,,,False,
2026-05-12T13:34:14+00:00,43.51959949359298,16.372887706384063,135,2026-05-12T13:47:59.231803+00:00,843,1,2.273,37.582,136.38,321.639,1,Start,Finish,241,43.51450810000256,16.36042175002399,1154,241,319,78,,,False,
2026-05-12T13:34:15+00:00,43.51961298845709,16.372869992628694,136,2026-05-12T13:47:59.231803+00:00,843,1,2.072,39.654,124.32,316.413,1,Start,Finish,241,43.51450810000256,16.36042175002399,1153,241,318,77,,,False,
2026-05-12T13:34:16+00:00,43.51962648332119,16.372852278873324,137,2026-05-12T13:47:59.231803+00:00,843,1,2.072,41.726,124.32,316.413,1,Start,Finish,241,43.51450810000256,16.36042175002399,1153,240,318,78,,,False,
2026-05-12T13:34:17+00:00,43.519639978185296,16.372834565117955,138,2026-05-12T13:47:59.231803+00:00,843,1,2.072,43.797,124.32,316.414,1,Start,Finish,241,43.51450810000256,16.36042175002399,1152,240,317,77,,,False,
2026-05-12T13:34:18+00:00,43.51965565234423,16.37281317729503,138,2026-05-12T13:47:59.231803+00:00,843,1,2.452,46.249,147.12,315.303,1,Start,Finish,241,43.51450810000256,16.36042175002399,1152,240,316,76,,,False,
2026-05-12T13:34:19+00:00,43.51967132650316,16.372791789472103,138,2026-05-12T13:47:59.231803+00:00,843,1,2.452,48.701,147.12,315.303,1,Start,Finish,241,43.51450810000256,16.36042175002399,1151,240,316,76,,,False,
2026-05-12T13:34:20+00:00,43.51968700066209,16.372770401649177,138,2026-05-12T13:47:59.231803+00:00,843,1,2.452,51.153,147.12,315.303,1,Start,Finish,241,43.51450810000256,16.36042175002399,1150,240,316,76,,,False,
2026-05-12T13:34:21+00:00,43.51970267482102,16.37274901382625,139,2026-05-12T13:47:59.231803+00:00,843,1,2.452,53.605,147.12,315.303,1,Start,Finish,241,43.51450810000256,16.36042175002399,1150,240,316,76,,,False,
2026-05-12T13:34:22+00:00,43.51971834897995,16.372727626003325,139,2026-05-12T13:47:59.231803+00:00,843,1,2.452,56.057,147.12,315.303,1,Start,Finish,241,43.51450810000256,16.36042175002399,1149,240,316,76,,,False,
2026-05-12T13:34:23+00:00,43.51973402313888,16.3727062381804,139,2026-05-12T13:47:59.231803+00:00,843,1,2.452,58.509,147.12,315.303,1,Start,Finish,241,43.51450810000256,16.36042175002399,1148,240,316,76,,,False,
2026-05-12T13:34:24+00:00,43.51974927820265,16.37268872000277,140,2026-05-12T13:47:59.231803+00:00,843,1,2.207,60.716,132.42,320.215,1,Start,Finish,241,43.51450810000256,16.36042175002399,1148,239,317,78,,,False,
2026-05-12T13:34:25+00:00,43.51976491045207,16.372668757103384,140,2026-05-12T13:47:59.231803+00:00,843,1,2.369,63.085,142.14,317.2,1,Start,Finish,241,43.51450810000256,16.36042175002399,1148,239,317,78,,,False,
2026-05-12T13:34:26+00:00,43.51978054270148,16.372648794203997,140,2026-05-12T13:47:59.231803+00:00,843,1,2.369,65.454,142.14,317.2,1,Start,Finish,241,43.51450810000256,16.36042175002399,1147,239,317,78,,,False,
2026-05-12T13:34:27+00:00,43.5197961749509,16.37262883130461,140,2026-05-12T13:47:59.231803+00:00,843,1,2.369,67.823,142.14,317.2,1,Start,Finish,241,43.51450810000256,16.36042175002399,1147,239,313,74,,,False,
2026-05-12T13:34:28+00:00,43.51981180720031,16.372608868405223,139,2026-05-12T13:47:59.231803+00:00,843,1,2.369,70.192,142.14,317.2,1,Start,Finish,241,43.51450810000256,16.36042175002399,1146,239,304,65,,,False,
2026-05-12T13:34:29+00:00,43.51982743944973,16.372588905505836,139,2026-05-12T13:47:59.231803+00:00,843,1,2.369,72.561,142.14,317.2,1,Start,Finish,241,43.51450810000256,16.36042175002399,1146,239,295,56,,,False,
2026-05-12T13:34:30+00:00,43.51984307169914,16.37256894260645,139,2026-05-12T13:47:59.231803+00:00,843,1,2.369,74.93,142.14,317.2,1,Start,Finish,241,43.51450810000256,16.36042175002399,1145,239,286,47,,,False,
2026-05-12T13:34:31+00:00,43.51984608918429,16.3725474011153,140,2026-05-12T13:47:59.231803+00:00,843,1,1.769,76.699,106.14,280.933,1,Start,Finish,241,43.51450810000256,16.36042175002399,1144,239,276,37,,,False,
2026-05-12T13:34:32+00:00,43.519844664260745,16.372530721127987,140,2026-05-12T13:47:59.231803+00:00,843,1,1.354,78.054,81.24,263.281,1,Start,Finish,241,43.51450810000256,16.36042175002399,1143,239,265,26,,,False,
2026-05-12T13:34:33+00:00,43.519843239337206,16.372514041140676,140,2026-05-12T13:47:59.231803+00:00,843,1,1.354,79.408,81.24,263.281,1,Start,Finish,241,43.51450810000256,16.36042175002399,1141,239,265,26,,,False,
2026-05-12T13:34:34+00:00,43.51983104366809,16.372497947886586,141,2026-05-12T13:47:59.231803+00:00,843,1,1.877,81.285,112.62,223.738,1,Start,Finish,241,43.51450810000256,16.36042175002399,1140,239,255,16,,,False,
2026-05-12T13:34:35+00:00,43.51981884799898,16.372481854632497,142,2026-05-12T13:47:59.231803+00:00,843,1,1.877,83.162,112.62,223.738,1,Start,Finish,241,43.51450810000256,16.36042175002399,1138,239,246,7,,,False,
2026-05-12T13:34:36+00:00,43.51980493403971,16.37246198952198,144,2026-05-12T13:47:59.231803+00:00,843,1,2.227,85.389,133.62,225.993,1,Start,Finish,241,43.51450810000256,16.36042175002399,1136,239,238,1,,,False,
2026-05-12T13:34:37+00:00,43.51979102008045,16.372442124411464,145,2026-05-12T13:47:59.231803+00:00,843,1,2.227,87.616,133.62,225.993,1,Start,Finish,241,43.51450810000256,16.36042175002399,1133,239,233,6,,,False,
2026-05-12T13:34:38+00:00,43.519776184111834,16.372420666739345,146,2026-05-12T13:47:59.231803+00:00,843,1,2.391,90.006,143.46,226.364,1,Start,Finish,241,43.51450810000256,16.36042175002399,1131,239,225,14,,,False,
2026-05-12T13:34:39+00:00,43.51976134814322,16.372399209067225,148,2026-05-12T13:47:59.231803+00:00,843,1,2.391,92.397,143.46,226.364,1,Start,Finish,241,43.51450810000256,16.36042175002399,1129,239,225,14,,,False,
2026-05-12T13:34:40+00:00,43.519746512174606,16.372377751395106,149,2026-05-12T13:47:59.231803+00:00,843,1,2.391,94.787,143.46,226.364,1,Start,Finish,241,43.51450810000256,16.36042175002399,1126,239,225,14,,,False,
2026-05-12T13:34:41+00:00,43.51973167620599,16.372356293722987,150,2026-05-12T13:47:59.231803+00:00,843,1,2.391,97.178,143.46,226.364,1,Start,Finish,241,43.51450810000256,16.36042175002399,1124,239,224,15,,,False,
2026-05-12T13:34:42+00:00,43.51971577852965,16.3723371271044,151,2026-05-12T13:47:59.231803+00:00,843,1,2.348,99.526,140.88,221.161,1,Start,Finish,241,43.51450810000256,16.36042175002399,1122,239,224,15,,,False,
2026-05-12T13:34:43+00:00,43.519699880853295,16.372317960485816,153,2026-05-12T13:47:59.231803+00:00,843,1,2.348,101.874,140.88,221.161,1,Start,Finish,241,43.51450810000256,16.36042175002399,1120,239,224,15,,,False,
2026-05-12T13:34:44+00:00,43.51968398317695,16.37229879386723,154,2026-05-12T13:47:59.231803+00:00,843,1,2.348,104.222,140.88,221.161,1,Start,Finish,241,43.51450810000256,16.36042175002399,1117,239,224,15,,,False,
2026-05-12T13:34:45+00:00,43.519668225198984,16.372277503833175,154,2026-05-12T13:47:59.231803+00:00,843,1,2.453,106.675,147.18,224.413,1,Start,Finish,241,43.51450810000256,16.36042175002399,1115,239,224,15,,,False,
2026-05-12T13:34:46+00:00,43.51965246722102,16.37225621379912,154,2026-05-12T13:47:59.231803+00:00,843,1,2.453,109.128,147.18,224.413,1,Start,Finish,241,43.51450810000256,16.36042175002399,1113,239,224,15,,,False,
2026-05-12T13:34:47+00:00,43.519638581201434,16.372236027382314,154,2026-05-12T13:47:59.231803+00:00,843,1,2.244,111.371,134.64,226.51,1,Start,Finish,241,43.51450810000256,16.36042175002399,1110,239,225,14,,,False,
2026-05-12T13:34:48+00:00,43.51962469518185,16.37221584096551,153,2026-05-12T13:47:59.231803+00:00,843,1,2.244,113.615,134.64,226.51,1,Start,Finish,241,43.51450810000256,16.36042175002399,1108,239,225,14,,,False,
2026-05-12T13:34:49+00:00,43.51961080916226,16.372195654548705,153,2026-05-12T13:47:59.231803+00:00,843,1,2.244,115.859,134.64,226.51,1,Start,Finish,241,43.51450810000256,16.36042175002399,1106,239,225,14,,,False,
2026-05-12T13:34:50+00:00,43.51959692314267,16.3721754681319,153,2026-05-12T13:47:59.231803+00:00,843,1,2.244,118.102,134.64,226.51,1,Start,Finish,241,43.51450810000256,16.36042175002399,1104,239,225,14,,,False,
2026-05-12T13:34:51+00:00,43.51958303712309,16.372155281715095,152,2026-05-12T13:47:59.231803+00:00,843,1,2.244,120.346,134.64,226.51,1,Start,Finish,241,43.51450810000256,16.36042175002399,1102,239,224,15,,,False,
2026-05-12T13:34:52+00:00,43.5195691511035,16.37213509529829,152,2026-05-12T13:47:59.231803+00:00,843,1,2.244,122.589,134.64,226.51,1,Start,Finish,241,43.51450810000256,16.36042175002399,1099,239,224,15,,,False,
2026-05-12T13:34:53+00:00,43.519554000813514,16.37211768189445,151,2026-05-12T13:47:59.231803+00:00,843,1,2.193,124.782,131.58,219.81,1,Start,Finish,241,43.51450810000256,16.36042175002399,1097,239,223,16,,,False,
2026-05-12T13:34:54+00:00,43.51953885052353,16.372100268490613,150,2026-05-12T13:47:59.231803+00:00,843,1,2.193,126.975,131.58,219.81,1,Start,Finish,241,43.51450810000256,16.36042175002399,1095,239,221,18,,,False,
2026-05-12T13:34:55+00:00,43.51952370023355,16.372082855086774,150,2026-05-12T13:47:59.231803+00:00,843,1,2.193,129.168,131.58,219.81,1,Start,Finish,241,43.51450810000256,16.36042175002399,1093,239,219,20,,,False,
2026-05-12T13:34:56+00:00,43.519508549943566,16.372065441682935,149,2026-05-12T13:47:59.231803+00:00,843,1,2.193,131.361,131.58,219.81,1,Start,Finish,241,43.51450810000256,16.36042175002399,1091,239,217,22,,,False,
2026-05-12T13:34:57+00:00,43.51949245668948,16.372048258781433,149,2026-05-12T13:47:59.231803+00:00,843,1,2.263,133.624,135.78,217.748,1,Start,Finish,241,43.51450810000256,16.36042175002399,1089,239,216,23,,,False,
2026-05-12T13:34:58+00:00,43.51947696413845,16.372035504318774,149,2026-05-12T13:47:59.231803+00:00,843,1,2.006,135.631,120.36,210.836,1,Start,Finish,241,43.51450810000256,16.36042175002399,1087,239,215,24,,,False,
2026-05-12T13:34:59+00:00,43.51946147158742,16.372022749856114,148,2026-05-12T13:47:59.231803+00:00,843,1,2.006,137.637,120.36,210.836,1,Start,Finish,241,43.51450810000256,16.36042175002399,1086,240,214,26,,,False,
2026-05-12T13:35:00+00:00,43.51944597903639,16.372009995393455,148,2026-05-12T13:47:59.231803+00:00,843,1,2.006,139.643,120.36,210.836,1,Start,Finish,241,43.51450810000256,16.36042175002399,1084,240,213,27,,,False,
2026-05-12T13:35:01+00:00,43.51943048648536,16.371997240930796,148,2026-05-12T13:47:59.231803+00:00,843,1,2.006,141.65,120.36,210.836,1,Start,Finish,241,43.51450810000256,16.36042175002399,1082,240,213,27,,,False,
2026-05-12T13:35:02+00:00,43.51941499393433,16.371984486468136,147,2026-05-12T13:47:59.231803+00:00,843,1,2.006,143.656,120.36,210.836,1,Start,Finish,241,43.51450810000256,16.36042175002399,1080,240,213,27,,,False,
2026-05-12T13:35:03+00:00,43.519399501383305,16.371971732005477,147,2026-05-12T13:47:59.231803+00:00,843,1,2.006,145.662,120.36,210.836,1,Start,Finish,241,43.51450810000256,16.36042175002399,1079,240,214,26,,,False,
2026-05-12T13:35:04+00:00,43.519383223727345,16.37195384502411,147,2026-05-12T13:47:59.231803+00:00,843,1,2.314,147.977,138.84,218.549,1,Start,Finish,241,43.51450810000256,16.36042175002399,1076,240,215,25,,,False,
2026-05-12T13:35:05+00:00,43.519366946071386,16.37193595804274,147,2026-05-12T13:47:59.231803+00:00,843,1,2.314,150.291,138.84,218.549,1,Start,Finish,241,43.51450810000256,16.36042175002399,1074,240,216,24,,,False,
2026-05-12T13:35:06+00:00,43.51935066841543,16.371918071061373,146,2026-05-12T13:47:59.231803+00:00,843,1,2.314,152.605,138.84,218.549,1,Start,Finish,241,43.51450810000256,16.36042175002399,1072,240,216,24,,,False,
2026-05-12T13:35:07+00:00,43.51933439075947,16.371900184080005,146,2026-05-12T13:47:59.231803+00:00,843,1,2.314,154.92,138.84,218.549,1,Start,Finish,241,43.51450810000256,16.36042175002399,1070,240,216,24,,,False,
2026-05-12T13:35:08+00:00,43.51931811310351,16.371882297098637,146,2026-05-12T13:47:59.231803+00:00,843,1,2.314,157.234,138.84,218.549,1,Start,Finish,241,43.51450810000256,16.36042175002399,1068,240,217,23,,,False,
2026-05-12T13:35:09+00:00,43.51930160075426,16.371866589412093,145,2026-05-12T13:47:59.231803+00:00,843,1,2.231,159.465,133.86,214.598,1,Start,Finish,241,43.51450810000256,16.36042175002399,1066,240,216,24,,,False,
2026-05-12T13:35:10+00:00,43.51928508840501,16.37185088172555,145,2026-05-12T13:47:59.231803+00:00,843,1,2.231,161.695,133.86,214.598,1,Start,Finish,241,43.51450810000256,16.36042175002399,1064,240,216,24,,,False,
2026-05-12T13:35:11+00:00,43.519268576055765,16.371835174039006,144,2026-05-12T13:47:59.231803+00:00,843,1,2.231,163.926,133.86,214.598,1,Start,Finish,241,43.51450810000256,16.36042175002399,1062,240,216,24,,,False,
2026-05-12T13:35:12+00:00,43.51925206370652,16.371819466352463,144,2026-05-12T13:47:59.231803+00:00,843,1,2.231,166.156,133.86,214.598,1,Start,Finish,241,43.51450810000256,16.36042175002399,1060,240,215,25,,,False,
2026-05-12T13:35:13+00:00,43.51923555135727,16.37180375866592,143,2026-05-12T13:47:59.231803+00:00,843,1,2.231,168.387,133.86,214.598,1,Start,Finish,241,43.51450810000256,16.36042175002399,1058,240,214,26,,,False,
2026-05-12T13:35:14+00:00,43.51921912282705,16.371786827221513,142,2026-05-12T13:47:59.231803+00:00,843,1,2.281,170.667,136.86,216.772,1,Start,Finish,241,43.51450810000256,16.36042175002399,1056,240,214,26,,,False,
2026-05-12T13:35:15+00:00,43.51920269429684,16.371769895777106,140,2026-05-12T13:47:59.231803+00:00,843,1,2.281,172.948,136.86,216.772,1,Start,Finish,241,43.51450810000256,16.36042175002399,1053,240,213,27,,,False,
2026-05-12T13:35:16+00:00,43.51918563712388,16.37175621232018,140,2026-05-12T13:47:59.231803+00:00,843,1,2.194,175.142,131.64,210.187,1,Start,Finish,241,43.51450810000256,16.36042175002399,1052,240,213,27,,,False,
2026-05-12T13:35:17+00:00,43.51916857995093,16.37174252886325,140,2026-05-12T13:47:59.231803+00:00,843,1,2.194,177.336,131.64,210.187,1,Start,Finish,241,43.51450810000256,16.36042175002399,1050,240,213,27,,,False,
2026-05-12T13:35:18+00:00,43.519151522777975,16.371728845406324,140,2026-05-12T13:47:59.231803+00:00,843,1,2.194,179.531,131.64,210.187,1,Start,Finish,241,43.51450810000256,16.36042175002399,1048,240,213,27,,,False,
2026-05-12T13:35:19+00:00,43.51913446560502,16.371715161949396,140,2026-05-12T13:47:59.231803+00:00,843,1,2.194,181.725,131.64,210.187,1,Start,Finish,241,43.51450810000256,16.36042175002399,1046,241,213,28,,,False,
2026-05-12T13:35:20+00:00,43.519117115065455,16.37169965542853,138,2026-05-12T13:47:59.231803+00:00,843,1,2.299,184.024,137.94,212.946,1,Start,Finish,241,43.51450810000256,16.36042175002399,1044,241,213,28,,,False,
2026-05-12T13:35:21+00:00,43.51909976452589,16.37168414890766,137,2026-05-12T13:47:59.231803+00:00,843,1,2.299,186.323,137.94,212.946,1,Start,Finish,241,43.51450810000256,16.36042175002399,1042,241,214,27,,,False,
2026-05-12T13:35:22+00:00,43.51908509619534,16.371668453793973,136,2026-05-12T13:47:59.231803+00:00,843,1,2.064,188.387,123.84,217.808,1,Start,Finish,241,43.51450810000256,16.36042175002399,1040,241,214,27,,,False,
2026-05-12T13:35:23+00:00,43.51907042786479,16.371652758680284,136,2026-05-12T13:47:59.231803+00:00,843,1,2.064,190.452,123.84,217.808,1,Start,Finish,241,43.51450810000256,16.36042175002399,1038,241,215,26,,,False,
2026-05-12T13:35:24+00:00,43.51905575953424,16.371637063566595,135,2026-05-12T13:47:59.231803+00:00,843,1,2.064,192.516,123.84,217.808,1,Start,Finish,241,43.51450810000256,16.36042175002399,1036,241,215,26,,,False,
2026-05-12T13:35:25+00:00,43.51904109120369,16.371621368452907,134,2026-05-12T13:47:59.231803+00:00,843,1,2.064,194.581,123.84,217.808,1,Start,Finish,241,43.51450810000256,16.36042175002399,1034,241,215,26,,,False,
2026-05-12T13:35:26+00:00,43.51902495604008,16.37160758022219,132,2026-05-12T13:47:59.231803+00:00,843,1,2.111,196.691,126.66,211.785,1,Start,Finish,241,43.51450810000256,16.36042175002399,1032,241,215,26,,,False,
2026-05-12T13:35:27+00:00,43.51900882087648,16.371593791991472,131,2026-05-12T13:47:59.231803+00:00,843,1,2.111,198.802,126.66,211.785,1,Start,Finish,241,43.51450810000256,16.36042175002399,1031,241,215,26,,,False,
2026-05-12T13:35:28+00:00,43.518994194455445,16.37158024124801,131,2026-05-12T13:47:59.231803+00:00,843,1,1.959,200.761,117.54,213.894,1,Start,Finish,241,43.51450810000256,16.36042175002399,1029,241,214,27,,,False,
2026-05-12T13:35:29+00:00,43.51897956803441,16.37156669050455,132,2026-05-12T13:47:59.231803+00:00,843,1,1.959,202.721,117.54,213.894,1,Start,Finish,241,43.51450810000256,16.36042175002399,1027,241,218,23,,,False,
2026-05-12T13:35:30+00:00,43.518964941613376,16.37155313976109,132,2026-05-12T13:47:59.231803+00:00,843,1,1.959,204.68,117.54,213.894,1,Start,Finish,241,43.51450810000256,16.36042175002399,1025,241,223,18,,,False,
2026-05-12T13:35:31+00:00,43.51895031519234,16.37153958901763,132,2026-05-12T13:47:59.231803+00:00,843,1,1.959,206.639,117.54,213.894,1,Start,Finish,241,43.51450810000256,16.36042175002399,1024,241,228,13,,,False,
2026-05-12T13:35:32+00:00,43.51893568877131,16.37152603827417,133,2026-05-12T13:47:59.231803+00:00,843,1,1.959,208.599,117.54,213.894,1,Start,Finish,241,43.51450810000256,16.36042175002399,1022,241,236,5,,,False,
2026-05-12T13:35:33+00:00,43.51892106235027,16.37151248753071,133,2026-05-12T13:47:59.231803+00:00,843,1,1.959,210.558,117.54,213.894,1,Start,Finish,241,43.51450810000256,16.36042175002399,1020,241,245,4,,,False,
2026-05-12T13:35:34+00:00,43.518918212503195,16.371496310457587,137,2026-05-12T13:47:59.231803+00:00,843,1,1.342,211.9,80.52,256.345,1,Start,Finish,241,43.51450810000256,16.36042175002399,1019,241,254,13,,,False,
2026-05-12T13:35:35+00:00,43.51891829632223,16.371479965746403,137,2026-05-12T13:47:59.231803+00:00,843,1,1.318,213.218,79.08,270.405,1,Start,Finish,241,43.51450810000256,16.36042175002399,1018,241,259,18,,,False,
2026-05-12T13:35:36+00:00,43.51892753317952,16.371458139270544,137,2026-05-12T13:47:59.231803+00:00,843,1,2.038,215.256,122.28,300.268,1,Start,Finish,241,43.51450810000256,16.36042175002399,1017,241,269,28,,,False,
2026-05-12T13:35:37+00:00,43.51893677003682,16.371436312794685,137,2026-05-12T13:47:59.231803+00:00,843,1,2.038,217.294,122.28,300.268,1,Start,Finish,241,43.51450810000256,16.36042175002399,1016,241,278,37,,,False,
2026-05-12T13:35:38+00:00,43.51894600689411,16.371414486318827,138,2026-05-12T13:47:59.231803+00:00,843,1,2.038,219.331,122.28,300.268,1,Start,Finish,241,43.51450810000256,16.36042175002399,1015,241,285,44,,,False,
2026-05-12T13:35:39+00:00,43.51895524375141,16.371392659842968,138,2026-05-12T13:47:59.231803+00:00,843,1,2.038,221.369,122.28,300.268,1,Start,Finish,241,43.51450810000256,16.36042175002399,1013,241,292,51,,,False,
2026-05-12T13:35:40+00:00,43.5189644806087,16.37137083336711,138,2026-05-12T13:47:59.231803+00:00,843,1,2.038,223.407,122.28,300.268,1,Start,Finish,241,43.51450810000256,16.36042175002399,1012,241,299,58,,,False,
2026-05-12T13:35:41+00:00,43.51897383481264,16.371346240863204,139,2026-05-12T13:47:59.231803+00:00,843,1,2.239,225.646,134.34,297.679,1,Start,Finish,241,43.51450810000256,16.36042175002399,1011,241,299,58,,,False,
2026-05-12T13:35:42+00:00,43.51898318901658,16.3713216483593,140,2026-05-12T13:47:59.231803+00:00,843,1,2.239,227.885,134.34,297.679,1,Start,Finish,241,43.51450810000256,16.36042175002399,1010,240,299,59,,,False,
2026-05-12T13:35:43+00:00,43.51899254322052,16.371297055855393,140,2026-05-12T13:47:59.231803+00:00,843,1,2.239,230.124,134.34,297.679,1,Start,Finish,241,43.51450810000256,16.36042175002399,1009,240,298,58,,,False,
2026-05-12T13:35:44+00:00,43.51900189742446,16.371272463351488,141,2026-05-12T13:47:59.231803+00:00,843,1,2.239,232.364,134.34,297.679,1,Start,Finish,241,43.51450810000256,16.36042175002399,1008,240,298,58,,,False,
2026-05-12T13:35:45+00:00,43.5190112516284,16.371247870847583,142,2026-05-12T13:47:59.231803+00:00,843,1,2.239,234.603,134.34,297.679,1,Start,Finish,241,43.51450810000256,16.36042175002399,1006,240,298,58,,,False,
2026-05-12T13:35:46+00:00,43.51902234368026,16.371219595894217,142,2026-05-12T13:47:59.231803+00:00,843,1,2.592,237.195,155.52,298.413,1,Start,Finish,241,43.51450810000256,16.36042175002399,1005,240,298,58,,,False,
2026-05-12T13:35:47+00:00,43.519033435732126,16.371191320940852,141,2026-05-12T13:47:59.231803+00:00,843,1,2.592,239.787,155.52,298.413,1,Start,Finish,241,43.51450810000256,16.36042175002399,1004,240,298,58,,,False,
2026-05-12T13:35:48+00:00,43.51904452778399,16.371163045987487,141,2026-05-12T13:47:59.231803+00:00,843,1,2.592,242.379,155.52,298.413,1,Start,Finish,241,43.51450810000256,16.36042175002399,1002,240,298,58,,,False,
2026-05-12T13:35:49+00:00,43.5190543346107,16.371138277463615,140,2026-05-12T13:47:59.231803+00:00,843,1,2.275,244.655,136.5,298.635,1,Start,Finish,241,43.51450810000256,16.36042175002399,1001,240,298,58,,,False,
2026-05-12T13:35:50+00:00,43.51906414143741,16.371113508939743,140,2026-05-12T13:47:59.231803+00:00,843,1,2.275,246.93,136.5,298.635,1,Start,Finish,241,43.51450810000256,16.36042175002399,1000,240,298,58,,,False,
2026-05-12T13:35:51+00:00,43.51907394826412,16.37108874041587,139,2026-05-12T13:47:59.231803+00:00,843,1,2.275,249.206,136.5,298.635,1,Start,Finish,241,43.51450810000256,16.36042175002399,999,239,298,59,,,False,
2026-05-12T13:35:52+00:00,43.51908375509083,16.371063971892,138,2026-05-12T13:47:59.231803+00:00,843,1,2.275,251.481,136.5,298.635,1,Start,Finish,241,43.51450810000256,16.36042175002399,998,239,297,58,,,False,
2026-05-12T13:35:53+00:00,43.51909357588738,16.371035766787827,138,2026-05-12T13:47:59.231803+00:00,843,1,2.523,254.004,151.38,295.649,1,Start,Finish,241,43.51450810000256,16.36042175002399,996,239,297,58,,,False,
2026-05-12T13:35:54+00:00,43.51910339668393,16.371007561683655,139,2026-05-12T13:47:59.231803+00:00,843,1,2.523,256.527,151.38,295.649,1,Start,Finish,241,43.51450810000256,16.36042175002399,995,239,297,58,,,False,
2026-05-12T13:35:55+00:00,43.51911321748048,16.370979356579483,140,2026-05-12T13:47:59.231803+00:00,843,1,2.523,259.05,151.38,295.649,1,Start,Finish,241,43.51450810000256,16.36042175002399,993,239,296,57,,,False,
2026-05-12T13:35:56+00:00,43.51912303827703,16.37095115147531,140,2026-05-12T13:47:59.231803+00:00,843,1,2.523,261.572,151.38,295.649,1,Start,Finish,241,43.51450810000256,16.36042175002399,992,239,296,57,,,False,
2026-05-12T13:35:57+00:00,43.51913285907358,16.370922946371138,140,2026-05-12T13:47:59.231803+00:00,843,1,2.523,264.095,151.38,295.649,1,Start,Finish,241,43.51450810000256,16.36042175002399,991,239,297,58,,,False,
2026-05-12T13:35:58+00:00,43.51914267987013,16.370894741266966,141,2026-05-12T13:47:59.231803+00:00,843,1,2.523,266.618,151.38,295.649,1,Start,Finish,241,43.51450810000256,16.36042175002399,989,239,297,58,,,False,
2026-05-12T13:35:59+00:00,43.51915315724909,16.3708678772673,141,2026-05-12T13:47:59.231803+00:00,843,1,2.46,269.078,147.6,298.273,1,Start,Finish,241,43.51450810000256,16.36042175002399,988,238,297,59,,,False,
2026-05-12T13:36:00+00:00,43.51916363462806,16.370841013267636,140,2026-05-12T13:47:59.231803+00:00,843,1,2.46,271.537,147.6,298.273,1,Start,Finish,241,43.51450810000256,16.36042175002399,987,238,297,59,,,False,
2026-05-12T13:36:01+00:00,43.51917411200702,16.37081414926797,140,2026-05-12T13:47:59.231803+00:00,843,1,2.46,273.997,147.6,298.273,1,Start,Finish,241,43.51450810000256,16.36042175002399,986,238,297,59,,,False,
2026-05-12T13:36:02+00:00,43.519184589385986,16.370787285268307,140,2026-05-12T13:47:59.231803+00:00,843,1,2.46,276.456,147.6,298.273,1,Start,Finish,241,43.51450810000256,16.36042175002399,984,238,298,60,,,False,
2026-05-12T13:36:03+00:00,43.51919498294592,16.370759555138648,140,2026-05-12T13:47:59.231803+00:00,843,1,2.517,278.973,151.02,297.333,1,Start,Finish,241,43.51450810000256,16.36042175002399,983,238,298,60,,,False,
2026-05-12T13:36:04+00:00,43.51920537650585,16.37073182500899,139,2026-05-12T13:47:59.231803+00:00,843,1,2.517,281.49,151.02,297.333,1,Start,Finish,241,43.51450810000256,16.36042175002399,982,238,298,60,,,False,
2026-05-12T13:36:05+00:00,43.519215770065784,16.37070409487933,139,2026-05-12T13:47:59.231803+00:00,843,1,2.517,284.007,151.02,297.333,1,Start,Finish,241,43.51450810000256,16.36042175002399,981,238,298,60,,,False,
2026-05-12T13:36:06+00:00,43.51922616362572,16.37067636474967,139,2026-05-12T13:47:59.231803+00:00,843,1,2.517,286.524,151.02,297.333,1,Start,Finish,241,43.51450810000256,16.36042175002399,979,238,298,60,,,False,
2026-05-12T13:36:07+00:00,43.51923655718565,16.37064863462001,138,2026-05-12T13:47:59.231803+00:00,843,1,2.517,289.041,151.02,297.333,1,Start,Finish,241,43.51450810000256,16.36042175002399,978,237,299,62,,,False,
2026-05-12T13:36:08+00:00,43.51924695074558,16.37062090449035,138,2026-05-12T13:47:59.231803+00:00,843,1,2.517,291.558,151.02,297.333,1,Start,Finish,241,43.51450810000256,16.36042175002399,977,237,299,62,,,False,
2026-05-12T13:36:09+00:00,43.519258461892605,16.37059500440955,138,2026-05-12T13:47:59.231803+00:00,843,1,2.449,294.007,146.94,301.504,1,Start,Finish,241,43.51450810000256,16.36042175002399,976,237,298,61,,,False,
2026-05-12T13:36:10+00:00,43.51926997303963,16.37056910432875,139,2026-05-12T13:47:59.231803+00:00,843,1,2.449,296.457,146.94,301.504,1,Start,Finish,241,43.51450810000256,16.36042175002399,975,237,298,61,,,False,
2026-05-12T13:36:11+00:00,43.51928148418665,16.37054320424795,139,2026-05-12T13:47:59.231803+00:00,843,1,2.449,298.906,146.94,301.504,1,Start,Finish,241,43.51450810000256,16.36042175002399,974,237,298,61,,,False,
2026-05-12T13:36:12+00:00,43.51929099764675,16.370516046881676,138,2026-05-12T13:47:59.231803+00:00,843,1,2.432,301.338,145.92,295.785,1,Start,Finish,241,43.51450810000256,16.36042175002399,972,237,298,61,,,False,
2026-05-12T13:36:13+00:00,43.51930051110685,16.3704888895154,137,2026-05-12T13:47:59.231803+00:00,843,1,2.432,303.77,145.92,295.785,1,Start,Finish,241,43.51450810000256,16.36042175002399,971,237,297,60,,,False,
2026-05-12T13:36:14+00:00,43.51931002456695,16.370461732149124,136,2026-05-12T13:47:59.231803+00:00,843,1,2.432,306.202,145.92,295.785,1,Start,Finish,241,43.51450810000256,16.36042175002399,970,237,297,60,,,False,
2026-05-12T13:36:15+00:00,43.51931953802705,16.37043457478285,135,2026-05-12T13:47:59.231803+00:00,843,1,2.432,308.634,145.92,295.785,1,Start,Finish,241,43.51450810000256,16.36042175002399,969,236,296,60,,,False,
2026-05-12T13:36:16+00:00,43.519327570684254,16.370409945957363,135,2026-05-12T13:47:59.231803+00:00,843,1,2.177,310.811,130.62,294.217,1,Start,Finish,241,43.51450810000256,16.36042175002399,967,236,295,59,,,False,
2026-05-12T13:36:17+00:00,43.51933560334146,16.370385317131877,134,2026-05-12T13:47:59.231803+00:00,843,1,2.177,312.989,130.62,294.217,1,Start,Finish,241,43.51450810000256,16.36042175002399,966,236,295,59,,,False,
2026-05-12T13:36:18+00:00,43.519343635998666,16.37036068830639,134,2026-05-12T13:47:59.231803+00:00,843,1,2.177,315.166,130.62,294.217,1,Start,Finish,241,43.51450810000256,16.36042175002399,965,236,295,59,,,False,
2026-05-12T13:36:19+00:00,43.51935166865587,16.370336059480906,134,2026-05-12T13:47:59.231803+00:00,843,1,2.177,317.344,130.62,294.217,1,Start,Finish,241,43.51450810000256,16.36042175002399,964,236,295,59,,,False,
2026-05-12T13:36:20+00:00,43.51935970131308,16.37031143065542,133,2026-05-12T13:47:59.231803+00:00,843,1,2.177,319.521,130.62,294.217,1,Start,Finish,241,43.51450810000256,16.36042175002399,963,236,295,59,,,False,
2026-05-12T13:36:21+00:00,43.519367733970284,16.370286801829934,133,2026-05-12T13:47:59.231803+00:00,843,1,2.177,321.699,130.62,294.217,1,Start,Finish,241,43.51450810000256,16.36042175002399,962,236,295,59,,,False,
2026-05-12T13:36:22+00:00,43.51937716361135,16.37025972828269,132,2026-05-12T13:47:59.231803+00:00,843,1,2.422,324.121,145.32,295.656,1,Start,Finish,241,43.51450810000256,16.36042175002399,960,236,295,59,,,False,
2026-05-12T13:36:23+00:00,43.51938659325242,16.370232654735446,130,2026-05-12T13:47:59.231803+00:00,843,1,2.422,326.542,145.32,295.656,1,Start,Finish,241,43.51450810000256,16.36042175002399,959,236,296,60,,,False,
2026-05-12T13:36:24+00:00,43.51939761545509,16.37020348571241,129,2026-05-12T13:47:59.231803+00:00,843,1,2.652,329.194,159.12,297.524,1,Start,Finish,241,43.51450810000256,16.36042175002399,958,235,296,61,,,False,
2026-05-12T13:36:25+00:00,43.51940863765776,16.370174316689372,128,2026-05-12T13:47:59.231803+00:00,843,1,2.652,331.847,159.12,297.524,1,Start,Finish,241,43.51450810000256,16.36042175002399,957,235,297,62,,,False,
2026-05-12T13:36:26+00:00,43.519419827498496,16.370145063847303,130,2026-05-12T13:47:59.231803+00:00,843,1,2.667,334.513,160.02,297.812,1,Start,Finish,241,43.51450810000256,16.36042175002399,956,235,298,63,,,False,
2026-05-12T13:36:27+00:00,43.51943101733923,16.370115811005235,131,2026-05-12T13:47:59.231803+00:00,843,1,2.667,337.18,160.02,297.812,1,Start,Finish,241,43.51450810000256,16.36042175002399,954,235,298,63,,,False,
2026-05-12T13:36:28+00:00,43.51944296155125,16.370087270624936,132,2026-05-12T13:47:59.231803+00:00,843,1,2.657,339.837,159.42,299.991,1,Start,Finish,241,43.51450810000256,16.36042175002399,953,235,299,64,,,False,
2026-05-12T13:36:29+00:00,43.51945490576327,16.370058730244637,134,2026-05-12T13:47:59.231803+00:00,843,1,2.657,342.494,159.42,299.991,1,Start,Finish,241,43.51450810000256,16.36042175002399,952,235,300,65,,,False,
2026-05-12T13:36:30+00:00,43.51946441922337,16.37003228534013,136,2026-05-12T13:47:59.231803+00:00,843,1,2.38,344.874,142.8,296.386,1,Start,Finish,241,43.51450810000256,16.36042175002399,951,235,301,66,,,False,
2026-05-12T13:36:31+00:00,43.51947393268347,16.370005840435624,138,2026-05-12T13:47:59.231803+00:00,843,1,2.38,347.255,142.8,296.386,1,Start,Finish,241,43.51450810000256,16.36042175002399,950,234,302,68,,,False,
2026-05-12T13:36:32+00:00,43.519486191216856,16.36998299974948,138,2026-05-12T13:47:59.231803+00:00,843,1,2.291,349.546,137.46,306.506,1,Start,Finish,241,43.51450810000256,16.36042175002399,949,234,300,66,,,False,
2026-05-12T13:36:33+00:00,43.519498449750245,16.36996015906334,138,2026-05-12T13:47:59.231803+00:00,843,1,2.291,351.837,137.46,306.506,1,Start,Finish,241,43.51450810000256,16.36042175002399,948,234,296,62,,,False,
2026-05-12T13:36:34+00:00,43.51951070828363,16.369937318377197,139,2026-05-12T13:47:59.231803+00:00,843,1,2.291,354.129,137.46,306.506,1,Start,Finish,241,43.51450810000256,16.36042175002399,948,234,294,60,,,False,
2026-05-12T13:36:35+00:00,43.51952296681702,16.369914477691054,139,2026-05-12T13:47:59.231803+00:00,843,1,2.291,356.42,137.46,306.506,1,Start,Finish,241,43.51450810000256,16.36042175002399,947,234,284,50,,,False,
2026-05-12T13:36:36+00:00,43.51952590048313,16.369893921073526,140,2026-05-12T13:47:59.231803+00:00,843,1,1.689,358.109,101.34,281.134,1,Start,Finish,241,43.51450810000256,16.36042175002399,946,234,277,43,,,False,
2026-05-12T13:36:37+00:00,43.51952883414924,16.369873364455998,140,2026-05-12T13:47:59.231803+00:00,843,1,1.689,359.798,101.34,281.134,1,Start,Finish,241,43.51450810000256,16.36042175002399,945,234,267,33,,,False,
2026-05-12T13:36:38+00:00,43.51953176781535,16.36985280783847,140,2026-05-12T13:47:59.231803+00:00,843,1,1.689,361.488,101.34,281.134,1,Start,Finish,241,43.51450810000256,16.36042175002399,944,234,267,33,,,False,
2026-05-12T13:36:39+00:00,43.51953470148146,16.36983225122094,141,2026-05-12T13:47:59.231803+00:00,843,1,1.689,363.177,101.34,281.134,1,Start,Finish,241,43.51450810000256,16.36042175002399,942,234,258,24,,,False,
2026-05-12T13:36:40+00:00,43.51953051052987,16.369818672537804,143,2026-05-12T13:47:59.231803+00:00,843,1,1.19,364.367,71.4,246.944,1,Start,Finish,241,43.51450810000256,16.36042175002399,941,234,248,14,,,False,
2026-05-12T13:36:41+00:00,43.51952087134123,16.36980962008238,143,2026-05-12T13:47:59.231803+00:00,843,1,1.297,365.664,77.82,214.255,1,Start,Finish,241,43.51450810000256,16.36042175002399,940,234,248,14,,,False,
2026-05-12T13:36:42+00:00,43.51950484095141,16.369797089137137,144,2026-05-12T13:47:59.231803+00:00,843,1,2.049,367.713,122.94,209.546,1,Start,Finish,241,43.51450810000256,16.36042175002399,938,234,239,5,,,False,
2026-05-12T13:36:43+00:00,43.5194888105616,16.369784558191895,144,2026-05-12T13:47:59.231803+00:00,843,1,2.049,369.762,122.94,209.546,1,Start,Finish,241,43.51450810000256,16.36042175002399,936,234,232,2,,,False,
2026-05-12T13:36:44+00:00,43.51947278017178,16.369772027246654,144,2026-05-12T13:47:59.231803+00:00,843,1,2.049,371.811,122.94,209.546,1,Start,Finish,241,43.51450810000256,16.36042175002399,934,234,220,14,,,False,
2026-05-12T13:36:45+00:00,43.519456749781966,16.369759496301413,145,2026-05-12T13:47:59.231803+00:00,843,1,2.049,373.86,122.94,209.546,1,Start,Finish,241,43.51450810000256,16.36042175002399,933,234,214,20,,,False,
2026-05-12T13:36:46+00:00,43.51943911984563,16.369744827970862,146,2026-05-12T13:47:59.231803+00:00,843,1,2.29,376.149,137.4,211.104,1,Start,Finish,241,43.51450810000256,16.36042175002399,930,234,211,23,,,False,
2026-05-12T13:36:47+00:00,43.51942148990929,16.369730159640312,147,2026-05-12T13:47:59.231803+00:00,843,1,2.29,378.439,137.4,211.104,1,Start,Finish,241,43.51450810000256,16.36042175002399,928,234,211,23,,,False,
2026-05-12T13:36:48+00:00,43.519403859972954,16.369715491309762,148,2026-05-12T13:47:59.231803+00:00,843,1,2.29,380.728,137.4,211.104,1,Start,Finish,241,43.51450810000256,16.36042175002399,926,234,211,23,,,False,
2026-05-12T13:36:49+00:00,43.51938568521291,16.369700110517442,148,2026-05-12T13:47:59.231803+00:00,843,1,2.371,383.099,142.26,211.536,1,Start,Finish,241,43.51450810000256,16.36042175002399,924,234,211,23,,,False,
2026-05-12T13:36:50+00:00,43.51936751045287,16.369684729725122,148,2026-05-12T13:47:59.231803+00:00,843,1,2.371,385.47,142.26,211.536,1,Start,Finish,241,43.51450810000256,16.36042175002399,922,234,211,23,,,False,
2026-05-12T13:36:51+00:00,43.51934933569282,16.369669348932803,148,2026-05-12T13:47:59.231803+00:00,843,1,2.371,387.841,142.26,211.536,1,Start,Finish,241,43.51450810000256,16.36042175002399,920,234,211,23,,,False,
2026-05-12T13:36:52+00:00,43.51933116093278,16.369653968140483,149,2026-05-12T13:47:59.231803+00:00,843,1,2.371,390.213,142.26,211.536,1,Start,Finish,241,43.51450810000256,16.36042175002399,918,234,211,23,,,False,
2026-05-12T13:36:53+00:00,43.519312986172736,16.369638587348163,149,2026-05-12T13:47:59.231803+00:00,843,1,2.371,392.584,142.26,211.536,1,Start,Finish,241,43.51450810000256,16.36042175002399,915,234,210,24,,,False,
2026-05-12T13:36:54+00:00,43.51929481141269,16.369623206555843,149,2026-05-12T13:47:59.231803+00:00,843,1,2.371,394.955,142.26,211.536,1,Start,Finish,241,43.51450810000256,16.36042175002399,913,234,209,25,,,False,
2026-05-12T13:36:55+00:00,43.5192787181586,16.369610466063023,148,2026-05-12T13:47:59.231803+00:00,843,1,2.063,397.018,123.78,209.859,1,Start,Finish,241,43.51450810000256,16.36042175002399,911,234,207,27,,,False,
2026-05-12T13:36:56+00:00,43.51926262490451,16.369597725570202,146,2026-05-12T13:47:59.231803+00:00,843,1,2.063,399.082,123.78,209.859,1,Start,Finish,241,43.51450810000256,16.36042175002399,909,234,205,29,,,False,
2026-05-12T13:36:57+00:00,43.519244184717536,16.369586493819952,146,2026-05-12T13:47:59.231803+00:00,843,1,2.242,401.323,134.52,203.83,1,Start,Finish,241,43.51450810000256,16.36042175002399,907,235,203,32,,,False,
2026-05-12T13:36:58+00:00,43.51922574453056,16.369575262069702,145,2026-05-12T13:47:59.231803+00:00,843,1,2.242,403.565,134.52,203.83,1,Start,Finish,241,43.51450810000256,16.36042175002399,906,235,200,35,,,False,
2026-05-12T13:36:59+00:00,43.5192085057497,16.36956992559135,145,2026-05-12T13:47:59.231803+00:00,843,1,1.965,405.529,117.9,192.652,1,Start,Finish,241,43.51450810000256,16.36042175002399,904,235,198,37,,,False,
2026-05-12T13:37:00+00:00,43.519191266968846,16.369564589112997,145,2026-05-12T13:47:59.231803+00:00,843,1,1.965,407.494,117.9,192.652,1,Start,Finish,241,43.51450810000256,16.36042175002399,903,235,198,37,,,False,
2026-05-12T13:37:01+00:00,43.51917402818799,16.369559252634645,144,2026-05-12T13:47:59.231803+00:00,843,1,1.965,409.458,117.9,192.652,1,Start,Finish,241,43.51450810000256,16.36042175002399,901,235,197,38,,,False,
2026-05-12T13:37:02+00:00,43.519156789407134,16.369553916156292,144,2026-05-12T13:47:59.231803+00:00,843,1,1.965,411.423,117.9,192.652,1,Start,Finish,241,43.51450810000256,16.36042175002399,900,235,196,39,,,False,
2026-05-12T13:37:03+00:00,43.51913955062628,16.36954857967794,144,2026-05-12T13:47:59.231803+00:00,843,1,1.965,413.388,117.9,192.652,1,Start,Finish,241,43.51450810000256,16.36042175002399,898,235,197,38,,,False,
2026-05-12T13:37:04+00:00,43.51912231184542,16.369543243199587,144,2026-05-12T13:47:59.231803+00:00,843,1,1.965,415.352,117.9,192.652,1,Start,Finish,241,43.51450810000256,16.36042175002399,897,235,196,39,,,False,
2026-05-12T13:37:05+00:00,43.519105799496174,16.36953410692513,143,2026-05-12T13:47:59.231803+00:00,843,1,1.978,417.33,118.68,201.862,1,Start,Finish,241,43.51450810000256,16.36042175002399,895,235,197,38,,,False,
2026-05-12T13:37:06+00:00,43.51908890157938,16.369525523856282,142,2026-05-12T13:47:59.231803+00:00,843,1,2.002,419.333,120.12,200.22,1,Start,Finish,241,43.51450810000256,16.36042175002399,893,235,197,38,,,False,
2026-05-12T13:37:07+00:00,43.519072003662586,16.369516940787435,142,2026-05-12T13:47:59.231803+00:00,843,1,2.002,421.335,120.12,200.22,1,Start,Finish,241,43.51450810000256,16.36042175002399,892,235,198,37,,,False,
2026-05-12T13:37:08+00:00,43.51905510574579,16.369508357718587,141,2026-05-12T13:47:59.231803+00:00,843,1,2.002,423.338,120.12,200.22,1,Start,Finish,241,43.51450810000256,16.36042175002399,890,235,198,37,,,False,
2026-05-12T13:37:09+00:00,43.519038207829,16.36949977464974,141,2026-05-12T13:47:59.231803+00:00,843,1,2.002,425.34,120.12,200.22,1,Start,Finish,241,43.51450810000256,16.36042175002399,889,235,199,36,,,False,
2026-05-12T13:37:10+00:00,43.519021309912205,16.36949119158089,140,2026-05-12T13:47:59.231803+00:00,843,1,2.002,427.342,120.12,200.22,1,Start,Finish,241,43.51450810000256,16.36042175002399,887,236,198,38,,,False,
2026-05-12T13:37:11+00:00,43.51900483947247,16.369483480229974,138,2026-05-12T13:47:59.231803+00:00,843,1,1.934,429.276,116.04,198.753,1,Start,Finish,241,43.51450810000256,16.36042175002399,885,236,200,36,,,False,
2026-05-12T13:37:12+00:00,43.51898836903274,16.369475768879056,136,2026-05-12T13:47:59.231803+00:00,843,1,1.934,431.211,116.04,198.753,1,Start,Finish,241,43.51450810000256,16.36042175002399,884,236,204,32,,,False,
2026-05-12T13:37:13+00:00,43.51896995678544,16.369469929486513,135,2026-05-12T13:47:59.231803+00:00,843,1,2.101,433.311,126.06,192.952,1,Start,Finish,241,43.51450810000256,16.36042175002399,882,236,209,27,,,False,
2026-05-12T13:37:14+00:00,43.51895154453814,16.36946409009397,133,2026-05-12T13:47:59.231803+00:00,843,1,2.101,435.412,126.06,192.952,1,Start,Finish,241,43.51450810000256,16.36042175002399,881,236,218,18,,,False,
2026-05-12T13:37:15+00:00,43.51893313229084,16.369458250701427,132,2026-05-12T13:47:59.231803+00:00,843,1,2.101,437.513,126.06,192.952,1,Start,Finish,241,43.51450810000256,16.36042175002399,879,236,234,2,,,False,
2026-05-12T13:37:16+00:00,43.51892131380737,16.36944517493248,133,2026-05-12T13:47:59.231803+00:00,843,1,1.685,439.198,101.1,218.74,1,Start,Finish,241,43.51450810000256,16.36042175002399,878,236,234,2,,,False,
2026-05-12T13:37:17+00:00,43.51891817059368,16.369427405297756,133,2026-05-12T13:47:59.231803+00:00,843,1,1.475,440.673,88.5,256.291,1,Start,Finish,241,43.51450810000256,16.36042175002399,876,236,245,9,,,False,
2026-05-12T13:37:18+00:00,43.51891502737999,16.369409635663033,133,2026-05-12T13:47:59.231803+00:00,843,1,1.475,442.147,88.5,256.291,1,Start,Finish,241,43.51450810000256,16.36042175002399,875,236,256,20,,,False,
2026-05-12T13:37:19+00:00,43.518920643255115,16.36939044110477,132,2026-05-12T13:47:59.231803+00:00,843,1,1.669,443.816,100.14,291.973,1,Start,Finish,241,43.51450810000256,16.36042175002399,874,236,267,31,,,False,
2026-05-12T13:37:20+00:00,43.51892625913024,16.369371246546507,132,2026-05-12T13:47:59.231803+00:00,843,1,1.669,445.485,100.14,291.973,1,Start,Finish,241,43.51450810000256,16.36042175002399,873,236,276,40,,,False,
2026-05-12T13:37:21+00:00,43.51893512997776,16.369349900633097,132,2026-05-12T13:47:59.231803+00:00,843,1,1.984,447.469,119.04,299.817,1,Start,Finish,241,43.51450810000256,16.36042175002399,872,236,279,43,,,False,
2026-05-12T13:37:22+00:00,43.518944000825286,16.369328554719687,133,2026-05-12T13:47:59.231803+00:00,843,1,1.984,449.453,119.04,299.817,1,Start,Finish,241,43.51450810000256,16.36042175002399,871,236,290,54,,,False,
2026-05-12T13:37:23+00:00,43.51895287167281,16.369307208806276,134,2026-05-12T13:47:59.231803+00:00,843,1,1.984,451.437,119.04,299.817,1,Start,Finish,241,43.51450810000256,16.36042175002399,870,235,294,59,,,False,
2026-05-12T13:37:24+00:00,43.51896174252033,16.369285862892866,134,2026-05-12T13:47:59.231803+00:00,843,1,1.984,453.42,119.04,299.817,1,Start,Finish,241,43.51450810000256,16.36042175002399,870,235,298,63,,,False,
2026-05-12T13:37:25+00:00,43.518970613367856,16.369264516979456,134,2026-05-12T13:47:59.231803+00:00,843,1,1.984,455.404,119.04,299.817,1,Start,Finish,241,43.51450810000256,16.36042175002399,869,235,298,63,,,False,
2026-05-12T13:37:26+00:00,43.51897948421538,16.369243171066046,135,2026-05-12T13:47:59.231803+00:00,843,1,1.984,457.388,119.04,299.817,1,Start,Finish,241,43.51450810000256,16.36042175002399,868,235,299,64,,,False,
2026-05-12T13:37:27+00:00,43.51898806169629,16.369219534099102,135,2026-05-12T13:47:59.231803+00:00,843,1,2.131,459.519,127.86,296.585,1,Start,Finish,241,43.51450810000256,16.36042175002399,867,235,299,64,,,False,
2026-05-12T13:37:28+00:00,43.5189966391772,16.36919589713216,135,2026-05-12T13:47:59.231803+00:00,843,1,2.131,461.65,127.86,296.585,1,Start,Finish,241,43.51450810000256,16.36042175002399,866,235,300,65,,,False,
2026-05-12T13:37:29+00:00,43.519005216658115,16.369172260165215,135,2026-05-12T13:47:59.231803+00:00,843,1,2.131,463.782,127.86,296.585,1,Start,Finish,241,43.51450810000256,16.36042175002399,865,235,302,67,,,False,
2026-05-12T13:37:30+00:00,43.51901527494192,16.36915097013116,134,2026-05-12T13:47:59.231803+00:00,843,1,2.049,465.831,122.94,303.085,1,Start,Finish,241,43.51450810000256,16.36042175002399,864,235,302,67,,,False,
2026-05-12T13:37:31+00:00,43.51902533322573,16.369129680097103,132,2026-05-12T13:47:59.231803+00:00,843,1,2.049,467.879,122.94,303.085,1,Start,Finish,241,43.51450810000256,16.36042175002399,863,234,302,68,,,False,
2026-05-12T13:37:32+00:00,43.51903581060469,16.369110569357872,128,2026-05-12T13:47:59.231803+00:00,843,1,1.932,469.811,115.92,307.091,1,Start,Finish,241,43.51450810000256,16.36042175002399,863,234,302,68,,,False,
2026-05-12T13:37:33+00:00,43.51904754526913,16.36909095570445,125,2026-05-12T13:47:59.231803+00:00,843,1,2.05,471.862,123.0,309.525,1,Start,Finish,241,43.51450810000256,16.36042175002399,862,234,303,69,,,False,
2026-05-12T13:37:34+00:00,43.51905735209584,16.36907142587006,122,2026-05-12T13:47:59.231803+00:00,843,1,1.915,473.777,114.9,304.702,1,Start,Finish,241,43.51450810000256,16.36042175002399,862,234,303,69,,,False,
2026-05-12T13:37:35+00:00,43.519065929576755,16.36905189603567,122,2026-05-12T13:47:59.231803+00:00,843,1,1.841,475.618,110.46,301.202,1,Start,Finish,241,43.51450810000256,16.36042175002399,861,234,303,69,,,False,
2026-05-12T13:37:36+00:00,43.51907450705767,16.36903236620128,121,2026-05-12T13:47:59.231803+00:00,843,1,1.841,477.459,110.46,301.202,1,Start,Finish,241,43.51450810000256,16.36042175002399,860,234,302,68,,,False,
2026-05-12T13:37:37+00:00,43.51908308453858,16.369012836366892,121,2026-05-12T13:47:59.231803+00:00,843,1,1.841,479.3,110.46,301.202,1,Start,Finish,241,43.51450810000256,16.36042175002399,859,234,302,68,,,False,
2026-05-12T13:37:38+00:00,43.51909129880369,16.368993977084756,122,2026-05-12T13:47:59.231803+00:00,843,1,1.774,481.074,106.44,300.991,1,Start,Finish,241,43.51450810000256,16.36042175002399,859,234,301,67,,,False,
2026-05-12T13:37:39+00:00,43.519099513068795,16.36897511780262,123,2026-05-12T13:47:59.231803+00:00,843,1,1.774,482.848,106.44,300.991,1,Start,Finish,241,43.51450810000256,16.36042175002399,858,233,300,67,,,False,
2026-05-12T13:37:40+00:00,43.5191077273339,16.368956258520484,124,2026-05-12T13:47:59.231803+00:00,843,1,1.774,484.622,106.44,300.991,1,Start,Finish,241,43.51450810000256,16.36042175002399,857,233,299,66,,,False,
2026-05-12T13:37:41+00:00,43.519116318784654,16.368930421303958,122,2026-05-12T13:47:59.231803+00:00,843,1,2.292,486.914,137.52,294.634,1,Start,Finish,241,43.51450810000256,16.36042175002399,856,233,297,64,,,False,
2026-05-12T13:37:42+00:00,43.519124910235405,16.36890458408743,121,2026-05-12T13:47:59.231803+00:00,843,1,2.292,489.206,137.52,294.634,1,Start,Finish,241,43.51450810000256,16.36042175002399,855,233,296,63,,,False,
2026-05-12T13:37:43+00:00,43.51913350168616,16.368878746870905,120,2026-05-12T13:47:59.231803+00:00,843,1,2.292,491.498,137.52,294.634,1,Start,Finish,241,43.51450810000256,16.36042175002399,854,233,294,61,,,False,
2026-05-12T13:37:44+00:00,43.51914209313691,16.36885290965438,118,2026-05-12T13:47:59.231803+00:00,843,1,2.292,493.789,137.52,294.634,1,Start,Finish,241,43.51450810000256,16.36042175002399,853,233,293,60,,,False,
2026-05-12T13:37:45+00:00,43.519147876650095,16.36882659047842,117,2026-05-12T13:47:59.231803+00:00,843,1,2.217,496.007,133.02,286.859,1,Start,Finish,241,43.51450810000256,16.36042175002399,852,233,292,59,,,False,
2026-05-12T13:37:46+00:00,43.519154652021825,16.368800648488104,117,2026-05-12T13:47:59.231803+00:00,843,1,2.223,498.23,133.38,289.807,1,Start,Finish,241,43.51450810000256,16.36042175002399,851,233,291,58,,,False,
2026-05-12T13:37:47+00:00,43.51916142739355,16.36877470649779,116,2026-05-12T13:47:59.231803+00:00,843,1,2.223,500.454,133.38,289.807,1,Start,Finish,241,43.51450810000256,16.36042175002399,849,232,291,59,,,False,
2026-05-12T13:37:48+00:00,43.519168202765286,16.368748764507473,116,2026-05-12T13:47:59.231803+00:00,843,1,2.223,502.677,133.38,289.807,1,Start,Finish,241,43.51450810000256,16.36042175002399,848,232,290,58,,,False,
2026-05-12T13:37:49+00:00,43.519174978137016,16.368722822517157,116,2026-05-12T13:47:59.231803+00:00,843,1,2.223,504.9,133.38,289.807,1,Start,Finish,241,43.51450810000256,16.36042175002399,847,232,289,57,,,False,
2026-05-12T13:37:50+00:00,43.51918175350875,16.36869688052684,115,2026-05-12T13:47:59.231803+00:00,843,1,2.223,507.123,133.38,289.807,1,Start,Finish,241,43.51450810000256,16.36042175002399,846,232,289,57,,,False,
2026-05-12T13:37:51+00:00,43.51918852888048,16.368670938536525,115,2026-05-12T13:47:59.231803+00:00,843,1,2.223,509.347,133.38,289.807,1,Start,Finish,241,43.51450810000256,16.36042175002399,845,232,290,58,,,False,
2026-05-12T13:37:52+00:00,43.519194312393665,16.368644745089114,116,2026-05-12T13:47:59.231803+00:00,843,1,2.208,511.555,132.48,286.935,1,Start,Finish,241,43.51450810000256,16.36042175002399,843,232,290,58,,,False,
2026-05-12T13:37:53+00:00,43.519200095906854,16.368618551641703,118,2026-05-12T13:47:59.231803+00:00,843,1,2.208,513.762,132.48,286.935,1,Start,Finish,241,43.51450810000256,16.36042175002399,842,232,291,59,,,False,
2026-05-12T13:37:54+00:00,43.519206466153264,16.368593322113156,118,2026-05-12T13:47:59.231803+00:00,843,1,2.154,515.916,129.24,289.198,1,Start,Finish,241,43.51450810000256,16.36042175002399,841,232,291,59,,,False,
2026-05-12T13:37:55+00:00,43.519215350970626,16.368568050675094,116,2026-05-12T13:47:59.231803+00:00,843,1,2.265,518.181,135.9,295.866,1,Start,Finish,241,43.51450810000256,16.36042175002399,840,231,291,60,,,False,
2026-05-12T13:37:56+00:00,43.51922423578799,16.368542779237032,114,2026-05-12T13:47:59.231803+00:00,843,1,2.265,520.446,135.9,295.866,1,Start,Finish,241,43.51450810000256,16.36042175002399,839,231,291,60,,,False,
2026-05-12T13:37:57+00:00,43.51923211477697,16.368515957146883,111,2026-05-12T13:47:59.231803+00:00,843,1,2.333,522.779,139.98,292.053,1,Start,Finish,241,43.51450810000256,16.36042175002399,838,231,291,60,,,False,
2026-05-12T13:37:58+00:00,43.51923982612789,16.368488799780607,108,2026-05-12T13:47:59.231803+00:00,843,1,2.352,525.131,141.12,291.384,1,Start,Finish,241,43.51450810000256,16.36042175002399,837,231,291,60,,,False,
2026-05-12T13:37:59+00:00,43.51924644783139,16.368463268503547,109,2026-05-12T13:47:59.231803+00:00,843,1,2.186,527.317,131.16,289.68,1,Start,Finish,241,43.51450810000256,16.36042175002399,836,231,292,61,,,False,
2026-05-12T13:38:00+00:00,43.5192530695349,16.368437737226486,109,2026-05-12T13:47:59.231803+00:00,843,1,2.186,529.503,131.16,289.68,1,Start,Finish,241,43.51450810000256,16.36042175002399,834,231,292,61,,,False,
2026-05-12T13:38:01+00:00,43.5192596912384,16.368412205949426,110,2026-05-12T13:47:59.231803+00:00,843,1,2.186,531.69,131.16,289.68,1,Start,Finish,241,43.51450810000256,16.36042175002399,833,231,292,61,,,False,
2026-05-12T13:38:02+00:00,43.51926631294191,16.368386674672365,110,2026-05-12T13:47:59.231803+00:00,843,1,2.186,533.876,131.16,289.68,1,Start,Finish,241,43.51450810000256,16.36042175002399,832,231,292,61,,,False,
2026-05-12T13:38:03+00:00,43.519272934645414,16.368361143395305,111,2026-05-12T13:47:59.231803+00:00,843,1,2.186,536.062,131.16,289.68,1,Start,Finish,241,43.51450810000256,16.36042175002399,831,230,293,63,,,False,
2026-05-12T13:38:04+00:00,43.51928184740245,16.368336835876107,112,2026-05-12T13:47:59.231803+00:00,843,1,2.196,538.259,131.76,296.823,1,Start,Finish,241,43.51450810000256,16.36042175002399,830,230,293,63,,,False,
2026-05-12T13:38:05+00:00,43.51929076015949,16.36831252835691,113,2026-05-12T13:47:59.231803+00:00,843,1,2.196,540.455,131.76,296.823,1,Start,Finish,241,43.51450810000256,16.36042175002399,829,230,293,63,,,False,
2026-05-12T13:38:06+00:00,43.51929967291653,16.368288220837712,114,2026-05-12T13:47:59.231803+00:00,843,1,2.196,542.651,131.76,296.823,1,Start,Finish,241,43.51450810000256,16.36042175002399,828,230,293,63,,,False,
2026-05-12T13:38:07+00:00,43.51930746808648,16.368264751508832,115,2026-05-12T13:47:59.231803+00:00,843,1,2.081,544.733,124.86,294.61,1,Start,Finish,241,43.51450810000256,16.36042175002399,828,230,294,64,,,False,
2026-05-12T13:38:08+00:00,43.51931425742805,16.368241645395756,116,2026-05-12T13:47:59.231803+00:00,843,1,2.01,546.743,120.6,292.058,1,Start,Finish,241,43.51450810000256,16.36042175002399,827,230,294,64,,,False,
2026-05-12T13:38:09+00:00,43.51932104676962,16.36821853928268,117,2026-05-12T13:47:59.231803+00:00,843,1,2.01,548.753,120.6,292.058,1,Start,Finish,241,43.51450810000256,16.36042175002399,826,230,294,64,,,False,
2026-05-12T13:38:10+00:00,43.51932783611119,16.368195433169603,118,2026-05-12T13:47:59.231803+00:00,843,1,2.01,550.763,120.6,292.058,1,Start,Finish,241,43.51450810000256,16.36042175002399,825,229,294,65,,,False,
2026-05-12T13:38:11+00:00,43.51933429017663,16.368172047659755,121,2026-05-12T13:47:59.231803+00:00,843,1,2.018,552.781,121.08,290.837,1,Start,Finish,241,43.51450810000256,16.36042175002399,824,229,293,64,,,False,
2026-05-12T13:38:12+00:00,43.51934165228158,16.368149584159255,121,2026-05-12T13:47:59.231803+00:00,843,1,1.988,554.769,119.28,294.321,1,Start,Finish,241,43.51450810000256,16.36042175002399,823,229,293,64,,,False,
2026-05-12T13:38:13+00:00,43.519349014386535,16.368127120658755,120,2026-05-12T13:47:59.231803+00:00,843,1,1.988,556.756,119.28,294.321,1,Start,Finish,241,43.51450810000256,16.36042175002399,822,229,293,64,,,False,
2026-05-12T13:38:14+00:00,43.51935637649149,16.368104657158256,120,2026-05-12T13:47:59.231803+00:00,843,1,1.988,558.744,119.28,294.321,1,Start,Finish,241,43.51450810000256,16.36042175002399,821,229,293,64,,,False,
2026-05-12T13:38:15+00:00,43.51936373859644,16.368082193657756,120,2026-05-12T13:47:59.231803+00:00,843,1,1.988,560.732,119.28,294.321,1,Start,Finish,241,43.51450810000256,16.36042175002399,820,229,293,64,,,False,
2026-05-12T13:38:16+00:00,43.51937110070139,16.368059730157256,119,2026-05-12T13:47:59.231803+00:00,843,1,1.988,562.719,119.28,294.321,1,Start,Finish,241,43.51450810000256,16.36042175002399,820,229,292,63,,,False,
2026-05-12T13:38:17+00:00,43.519378462806344,16.368037266656756,119,2026-05-12T13:47:59.231803+00:00,843,1,1.988,564.707,119.28,294.321,1,Start,Finish,241,43.51450810000256,16.36042175002399,819,229,292,63,,,False,
2026-05-12T13:38:18+00:00,43.51938487496227,16.368011576123536,118,2026-05-12T13:47:59.231803+00:00,843,1,2.191,566.898,131.46,288.993,1,Start,Finish,241,43.51450810000256,16.36042175002399,818,228,292,64,,,False,
2026-05-12T13:38:19+00:00,43.5193912871182,16.367985885590315,118,2026-05-12T13:47:59.231803+00:00,843,1,2.191,569.089,131.46,288.993,1,Start,Finish,241,43.51450810000256,16.36042175002399,817,228,293,65,,,False,
2026-05-12T13:38:20+00:00,43.51939769927412,16.367960195057094,117,2026-05-12T13:47:59.231803+00:00,843,1,2.191,571.279,131.46,288.993,1,Start,Finish,241,43.51450810000256,16.36042175002399,816,228,294,66,,,False,
2026-05-12T13:38:21+00:00,43.51940411143005,16.367934504523873,116,2026-05-12T13:47:59.231803+00:00,843,1,2.191,573.47,131.46,288.993,1,Start,Finish,241,43.51450810000256,16.36042175002399,814,228,295,67,,,False,
2026-05-12T13:38:22+00:00,43.51941240951419,16.367913633584976,116,2026-05-12T13:47:59.231803+00:00,843,1,1.919,575.389,115.14,298.736,1,Start,Finish,241,43.51450810000256,16.36042175002399,814,228,296,68,,,False,
2026-05-12T13:38:23+00:00,43.51942171342671,16.367893097922206,113,2026-05-12T13:47:59.231803+00:00,843,1,1.952,577.342,117.12,301.997,1,Start,Finish,241,43.51450810000256,16.36042175002399,813,228,297,69,,,False,
2026-05-12T13:38:24+00:00,43.519430346786976,16.367872143164277,109,2026-05-12T13:47:59.231803+00:00,843,1,1.943,579.285,116.58,299.604,1,Start,Finish,241,43.51450810000256,16.36042175002399,813,228,298,70,,,False,
2026-05-12T13:38:25+00:00,43.51943864487112,16.367850014939904,103,2026-05-12T13:47:59.231803+00:00,843,1,2.009,581.294,120.54,297.345,1,Start,Finish,241,43.51450810000256,16.36042175002399,812,228,300,72,,,False,
2026-05-12T13:38:26+00:00,43.51944786496461,16.367828892543912,99,2026-05-12T13:47:59.231803+00:00,843,1,1.988,583.282,119.28,301.046,1,Start,Finish,241,43.51450810000256,16.36042175002399,811,227,300,73,,,False,
2026-05-12T13:38:27+00:00,43.51945708505809,16.36780777014792,95,2026-05-12T13:47:59.231803+00:00,843,1,1.988,585.27,119.28,301.046,1,Start,Finish,241,43.51450810000256,16.36042175002399,811,227,300,73,,,False,
2026-05-12T13:38:28+00:00,43.519466577563435,16.367787045892328,96,2026-05-12T13:47:59.231803+00:00,843,1,1.976,587.246,118.56,302.279,1,Start,Finish,241,43.51450810000256,16.36042175002399,810,227,299,72,,,False,
2026-05-12T13:38:29+00:00,43.51947607006878,16.367766321636736,96,2026-05-12T13:47:59.231803+00:00,843,1,1.976,589.223,118.56,302.279,1,Start,Finish,241,43.51450810000256,16.36042175002399,810,227,298,71,,,False,
2026-05-12T13:38:30+00:00,43.51948556257412,16.367745597381145,97,2026-05-12T13:47:59.231803+00:00,843,1,1.976,591.199,118.56,302.279,1,Start,Finish,241,43.51450810000256,16.36042175002399,809,227,291,64,,,False,
2026-05-12T13:38:31+00:00,43.51949505507946,16.367724873125553,98,2026-05-12T13:47:59.231803+00:00,843,1,1.976,593.176,118.56,302.279,1,Start,Finish,241,43.51450810000256,16.36042175002399,809,227,285,58,,,False,
2026-05-12T13:38:32+00:00,43.519501592963934,16.367705343291163,98,2026-05-12T13:47:59.231803+00:00,843,1,1.734,594.91,104.04,294.781,1,Start,Finish,241,43.51450810000256,16.36042175002399,808,227,278,51,,,False,
2026-05-12T13:38:33+00:00,43.51950595155358,16.367685184814036,98,2026-05-12T13:47:59.231803+00:00,843,1,1.696,596.606,101.76,286.603,1,Start,Finish,241,43.51450810000256,16.36042175002399,807,227,270,43,,,False,
2026-05-12T13:38:34+00:00,43.51951031014323,16.36766502633691,98,2026-05-12T13:47:59.231803+00:00,843,1,1.696,598.302,101.76,286.603,1,Start,Finish,241,43.51450810000256,16.36042175002399,807,226,260,34,,,False,
2026-05-12T13:38:35+00:00,43.51950930431485,16.367650106549263,99,2026-05-12T13:47:59.231803+00:00,843,1,1.208,599.51,72.48,264.689,1,Start,Finish,241,43.51450810000256,16.36042175002399,806,226,255,29,,,False,
2026-05-12T13:38:36+00:00,43.51950276643038,16.367635605856776,106,2026-05-12T13:47:59.231803+00:00,843,1,1.377,600.887,82.62,238.128,1,Start,Finish,241,43.51450810000256,16.36042175002399,804,226,250,24,,,False,
2026-05-12T13:38:37+00:00,43.51949539035559,16.367625212296844,110,2026-05-12T13:47:59.231803+00:00,843,1,1.173,602.06,70.38,225.617,1,Start,Finish,241,43.51450810000256,16.36042175002399,803,226,239,13,,,False,
2026-05-12T13:38:38+00:00,43.519483990967274,16.367616578936577,111,2026-05-12T13:47:59.231803+00:00,843,1,1.446,603.506,86.76,208.775,1,Start,Finish,241,43.51450810000256,16.36042175002399,802,226,233,7,,,False,
2026-05-12T13:38:39+00:00,43.51946664042771,16.367611465975642,112,2026-05-12T13:47:59.231803+00:00,843,1,1.973,605.479,118.38,192.062,1,Start,Finish,241,43.51450810000256,16.36042175002399,800,226,224,2,,,False,
2026-05-12T13:38:40+00:00,43.51944928988814,16.367606353014708,114,2026-05-12T13:47:59.231803+00:00,843,1,1.973,607.452,118.38,192.062,1,Start,Finish,241,43.51450810000256,16.36042175002399,798,227,216,11,,,False,
2026-05-12T13:38:41+00:00,43.51943054236472,16.367599172517657,115,2026-05-12T13:47:59.231803+00:00,843,1,2.164,609.615,129.84,195.522,1,Start,Finish,241,43.51450810000256,16.36042175002399,797,227,205,22,,,False,
2026-05-12T13:38:42+00:00,43.51941179484129,16.367591992020607,117,2026-05-12T13:47:59.231803+00:00,843,1,2.164,611.779,129.84,195.522,1,Start,Finish,241,43.51450810000256,16.36042175002399,795,227,201,26,,,False,
2026-05-12T13:38:43+00:00,43.51939304731786,16.367584811523557,118,2026-05-12T13:47:59.231803+00:00,843,1,2.164,613.942,129.84,195.522,1,Start,Finish,241,43.51450810000256,16.36042175002399,793,227,198,29,,,False,
2026-05-12T13:38:44+00:00,43.51937443949282,16.367573915049434,120,2026-05-12T13:47:59.231803+00:00,843,1,2.248,616.19,134.88,203.008,1,Start,Finish,241,43.51450810000256,16.36042175002399,791,227,199,28,,,False,
2026-05-12T13:38:45+00:00,43.51935583166778,16.36756301857531,123,2026-05-12T13:47:59.231803+00:00,843,1,2.248,618.438,134.88,203.008,1,Start,Finish,241,43.51450810000256,16.36042175002399,789,227,200,27,,,False,
2026-05-12T13:38:46+00:00,43.51933814585209,16.3675532117486,126,2026-05-12T13:47:59.231803+00:00,843,1,2.12,620.558,127.2,201.905,1,Start,Finish,241,43.51450810000256,16.36042175002399,787,227,200,27,,,False,
2026-05-12T13:38:47+00:00,43.5193204600364,16.36754340492189,128,2026-05-12T13:47:59.231803+00:00,843,1,2.12,622.677,127.2,201.905,1,Start,Finish,241,43.51450810000256,16.36042175002399,785,227,201,26,,,False,
2026-05-12T13:38:48+00:00,43.519303193315864,16.367535442113876,128,2026-05-12T13:47:59.231803+00:00,843,1,2.024,624.702,121.44,198.49,1,Start,Finish,241,43.51450810000256,16.36042175002399,783,227,201,26,,,False,
2026-05-12T13:38:49+00:00,43.51928592659533,16.36752557940781,126,2026-05-12T13:47:59.231803+00:00,843,1,2.078,626.78,124.68,202.499,1,Start,Finish,241,43.51450810000256,16.36042175002399,781,227,201,26,,,False,
2026-05-12T13:38:50+00:00,43.5192686598748,16.367515716701746,125,2026-05-12T13:47:59.231803+00:00,843,1,2.078,628.858,124.68,202.499,1,Start,Finish,241,43.51450810000256,16.36042175002399,779,227,200,27,,,False,
2026-05-12T13:38:51+00:00,43.51925139315426,16.36750585399568,123,2026-05-12T13:47:59.231803+00:00,843,1,2.078,630.936,124.68,202.499,1,Start,Finish,241,43.51450810000256,16.36042175002399,777,227,200,27,,,False,
2026-05-12T13:38:52+00:00,43.519234084524214,16.367498394101858,120,2026-05-12T13:47:59.231803+00:00,843,1,2.016,632.953,120.96,197.356,1,Start,Finish,241,43.51450810000256,16.36042175002399,776,227,199,28,,,False,
2026-05-12T13:38:53+00:00,43.519216775894165,16.367490934208035,118,2026-05-12T13:47:59.231803+00:00,843,1,2.016,634.969,120.96,197.356,1,Start,Finish,241,43.51450810000256,16.36042175002399,774,227,199,28,,,False,
2026-05-12T13:38:54+00:00,43.51919813454151,16.367482770234346,118,2026-05-12T13:47:59.231803+00:00,843,1,2.175,637.144,130.5,197.619,1,Start,Finish,241,43.51450810000256,16.36042175002399,772,228,199,29,,,False,
2026-05-12T13:38:55+00:00,43.51917949318886,16.367474606260657,119,2026-05-12T13:47:59.231803+00:00,843,1,2.175,639.319,130.5,197.619,1,Start,Finish,241,43.51450810000256,16.36042175002399,770,228,198,30,,,False,
2026-05-12T13:38:56+00:00,43.519160851836205,16.36746644228697,119,2026-05-12T13:47:59.231803+00:00,843,1,2.175,641.494,130.5,197.619,1,Start,Finish,241,43.51450810000256,16.36042175002399,768,228,198,30,,,False,
2026-05-12T13:38:57+00:00,43.51914221048355,16.36745827831328,120,2026-05-12T13:47:59.231803+00:00,843,1,2.175,643.668,130.5,197.619,1,Start,Finish,241,43.51450810000256,16.36042175002399,766,228,199,29,,,False,
2026-05-12T13:38:58+00:00,43.5191235691309,16.36745011433959,120,2026-05-12T13:47:59.231803+00:00,843,1,2.175,645.843,130.5,197.619,1,Start,Finish,241,43.51450810000256,16.36042175002399,765,228,200,28,,,False,
2026-05-12T13:38:59+00:00,43.51910206954926,16.367439217865467,118,2026-05-12T13:47:59.231803+00:00,843,1,2.547,648.39,152.82,200.179,1,Start,Finish,241,43.51450810000256,16.36042175002399,762,228,200,28,,,False,
2026-05-12T13:39:00+00:00,43.51908056996763,16.367428321391344,117,2026-05-12T13:47:59.231803+00:00,843,1,2.547,650.937,152.82,200.179,1,Start,Finish,241,43.51450810000256,16.36042175002399,760,228,201,27,,,False,
2026-05-12T13:39:01+00:00,43.519061682745814,16.367416474968195,116,2026-05-12T13:47:59.231803+00:00,843,1,2.307,653.244,138.42,204.457,1,Start,Finish,241,43.51450810000256,16.36042175002399,758,228,202,26,,,False,
2026-05-12T13:39:02+00:00,43.519042795524,16.367404628545046,116,2026-05-12T13:47:59.231803+00:00,843,1,2.307,655.552,138.42,204.457,1,Start,Finish,241,43.51450810000256,16.36042175002399,756,228,203,25,,,False,
2026-05-12T13:39:03+00:00,43.51902390830219,16.367392782121897,115,2026-05-12T13:47:59.231803+00:00,843,1,2.307,657.859,138.42,204.457,1,Start,Finish,241,43.51450810000256,16.36042175002399,754,228,203,25,,,False,
2026-05-12T13:39:04+00:00,43.519005021080375,16.367380935698748,114,2026-05-12T13:47:59.231803+00:00,843,1,2.307,660.166,138.42,204.457,1,Start,Finish,241,43.51450810000256,16.36042175002399,752,228,204,24,,,False,
2026-05-12T13:39:05+00:00,43.51898613385856,16.3673690892756,114,2026-05-12T13:47:59.231803+00:00,843,1,2.307,662.473,138.42,204.457,1,Start,Finish,241,43.51450810000256,16.36042175002399,750,228,204,24,,,False,
2026-05-12T13:39:06+00:00,43.51896724663675,16.36735724285245,113,2026-05-12T13:47:59.231803+00:00,843,1,2.307,664.78,138.42,204.457,1,Start,Finish,241,43.51450810000256,16.36042175002399,747,228,204,24,,,False,
2026-05-12T13:39:07+00:00,43.51894840830937,16.367345738690346,113,2026-05-12T13:47:59.231803+00:00,843,1,2.291,667.071,137.46,203.885,1,Start,Finish,241,43.51450810000256,16.36042175002399,745,229,204,25,,,False,
2026-05-12T13:39:08+00:00,43.51892956998199,16.367334234528244,114,2026-05-12T13:47:59.231803+00:00,843,1,2.291,669.362,137.46,203.885,1,Start,Finish,241,43.51450810000256,16.36042175002399,743,229,204,25,,,False,
2026-05-12T13:39:09+00:00,43.518910731654614,16.36732273036614,114,2026-05-12T13:47:59.231803+00:00,843,1,2.291,671.653,137.46,203.885,1,Start,Finish,241,43.51450810000256,16.36042175002399,741,229,204,25,,,False,
2026-05-12T13:39:10+00:00,43.51889189332723,16.367311226204038,114,2026-05-12T13:47:59.231803+00:00,843,1,2.291,673.944,137.46,203.885,1,Start,Finish,241,43.51450810000256,16.36042175002399,739,229,205,24,,,False,
2026-05-12T13:39:11+00:00,43.51887173485011,16.367298695258796,116,2026-05-12T13:47:59.231803+00:00,843,1,2.459,676.403,147.54,204.264,1,Start,Finish,241,43.51450810000256,16.36042175002399,737,229,205,24,,,False,
2026-05-12T13:39:12+00:00,43.51885157637298,16.367286164313555,117,2026-05-12T13:47:59.231803+00:00,843,1,2.459,678.862,147.54,204.264,1,Start,Finish,241,43.51450810000256,16.36042175002399,735,229,206,23,,,False,
2026-05-12T13:39:13+00:00,43.518832828849554,16.36727286502719,118,2026-05-12T13:47:59.231803+00:00,843,1,2.344,681.206,140.64,207.222,1,Start,Finish,241,43.51450810000256,16.36042175002399,732,229,206,23,,,False,
2026-05-12T13:39:14+00:00,43.51881408132613,16.367259565740824,119,2026-05-12T13:47:59.231803+00:00,843,1,2.344,683.55,140.64,207.222,1,Start,Finish,241,43.51450810000256,16.36042175002399,730,229,206,23,,,False,
2026-05-12T13:39:15+00:00,43.5187953338027,16.36724626645446,120,2026-05-12T13:47:59.231803+00:00,843,1,2.344,685.894,140.64,207.222,1,Start,Finish,241,43.51450810000256,16.36042175002399,728,229,207,22,,,False,
2026-05-12T13:39:16+00:00,43.51877856999636,16.367230592295527,121,2026-05-12T13:47:59.231803+00:00,843,1,2.252,688.146,135.12,214.138,1,Start,Finish,241,43.51450810000256,16.36042175002399,726,229,207,22,,,False,
2026-05-12T13:39:17+00:00,43.51876113563776,16.36721944436431,123,2026-05-12T13:47:59.231803+00:00,843,1,2.137,690.283,128.22,204.876,1,Start,Finish,241,43.51450810000256,16.36042175002399,724,229,208,21,,,False,
2026-05-12T13:39:18+00:00,43.51874370127916,16.36720829643309,125,2026-05-12T13:47:59.231803+00:00,843,1,2.137,692.42,128.22,204.876,1,Start,Finish,241,43.51450810000256,16.36042175002399,722,229,208,21,,,False,
2026-05-12T13:39:19+00:00,43.51872781757265,16.36719698086381,124,2026-05-12T13:47:59.231803+00:00,843,1,1.988,694.408,119.28,207.321,1,Start,Finish,241,43.51450810000256,16.36042175002399,720,229,207,22,,,False,
2026-05-12T13:39:20+00:00,43.51871193386614,16.367185665294528,124,2026-05-12T13:47:59.231803+00:00,843,1,1.988,696.396,119.28,207.321,1,Start,Finish,241,43.51450810000256,16.36042175002399,718,229,207,22,,,False,
2026-05-12T13:39:21+00:00,43.518695421516895,16.36717380490154,126,2026-05-12T13:47:59.231803+00:00,843,1,2.07,698.466,124.2,207.513,1,Start,Finish,241,43.51450810000256,16.36042175002399,716,229,206,23,,,False,
2026-05-12T13:39:22+00:00,43.51867890916765,16.367161944508553,129,2026-05-12T13:47:59.231803+00:00,843,1,2.07,700.537,124.2,207.513,1,Start,Finish,241,43.51450810000256,16.36042175002399,714,230,206,24,,,False,
2026-05-12T13:39:23+00:00,43.51866074139252,16.367149958387017,128,2026-05-12T13:47:59.231803+00:00,843,1,2.239,702.776,134.34,205.567,1,Start,Finish,241,43.51450810000256,16.36042175002399,712,230,206,24,,,False,
2026-05-12T13:39:24+00:00,43.5186425736174,16.367137972265482,126,2026-05-12T13:47:59.231803+00:00,843,1,2.239,705.015,134.34,205.567,1,Start,Finish,241,43.51450810000256,16.36042175002399,710,230,206,24,,,False,
2026-05-12T13:39:25+00:00,43.518624405842274,16.367125986143947,124,2026-05-12T13:47:59.231803+00:00,843,1,2.239,707.255,134.34,205.567,1,Start,Finish,241,43.51450810000256,16.36042175002399,708,230,206,24,,,False,
2026-05-12T13:39:26+00:00,43.51860623806715,16.36711400002241,123,2026-05-12T13:47:59.231803+00:00,843,1,2.239,709.494,134.34,205.567,1,Start,Finish,241,43.51450810000256,16.36042175002399,706,230,206,24,,,False,
2026-05-12T13:39:27+00:00,43.5185878816992,16.36710327118635,119,2026-05-12T13:47:59.231803+00:00,843,1,2.217,711.711,133.02,202.969,1,Start,Finish,241,43.51450810000256,16.36042175002399,704,230,206,24,,,False,
2026-05-12T13:39:28+00:00,43.51856927387416,16.367092290893197,115,2026-05-12T13:47:59.231803+00:00,843,1,2.251,713.962,135.06,203.166,1,Start,Finish,241,43.51450810000256,16.36042175002399,702,230,206,24,,,False,
2026-05-12T13:39:29+00:00,43.51855033077299,16.367078684270382,114,2026-05-12T13:47:59.231803+00:00,843,1,2.375,716.337,142.5,207.514,1,Start,Finish,241,43.51450810000256,16.36042175002399,700,230,206,24,,,False,
2026-05-12T13:39:30+00:00,43.51853138767183,16.367065077647567,113,2026-05-12T13:47:59.231803+00:00,843,1,2.375,718.712,142.5,207.514,1,Start,Finish,241,43.51450810000256,16.36042175002399,698,230,206,24,,,False,
2026-05-12T13:39:31+00:00,43.51851244457066,16.36705147102475,112,2026-05-12T13:47:59.231803+00:00,843,1,2.375,721.087,142.5,207.514,1,Start,Finish,241,43.51450810000256,16.36042175002399,696,230,206,24,,,False,
2026-05-12T13:39:32+00:00,43.518493166193366,16.367036132141948,113,2026-05-12T13:47:59.231803+00:00,843,1,2.475,723.562,148.5,209.984,1,Start,Finish,241,43.51450810000256,16.36042175002399,693,230,207,23,,,False,
2026-05-12T13:39:33+00:00,43.518474290147424,16.36702342517674,114,2026-05-12T13:47:59.231803+00:00,843,1,2.336,725.897,140.16,206.02,1,Start,Finish,241,43.51450810000256,16.36042175002399,691,230,207,23,,,False,
2026-05-12T13:39:34+00:00,43.51845541410148,16.36701071821153,114,2026-05-12T13:47:59.231803+00:00,843,1,2.336,728.233,140.16,206.02,1,Start,Finish,241,43.51450810000256,16.36042175002399,689,230,207,23,,,False,
2026-05-12T13:39:35+00:00,43.51843653805554,16.366998011246324,115,2026-05-12T13:47:59.231803+00:00,843,1,2.336,730.569,140.16,206.02,1,Start,Finish,241,43.51450810000256,16.36042175002399,687,231,207,24,,,False,
2026-05-12T13:39:36+00:00,43.5184176620096,16.366985304281116,115,2026-05-12T13:47:59.231803+00:00,843,1,2.336,732.904,140.16,206.02,1,Start,Finish,241,43.51450810000256,16.36042175002399,685,231,208,23,,,False,
2026-05-12T13:39:37+00:00,43.518398785963655,16.366972597315907,116,2026-05-12T13:47:59.231803+00:00,843,1,2.336,735.24,140.16,206.02,1,Start,Finish,241,43.51450810000256,16.36042175002399,683,231,208,23,,,False,
2026-05-12T13:39:38+00:00,43.51838074391708,16.366958536673337,117,2026-05-12T13:47:59.231803+00:00,843,1,2.304,737.544,138.24,209.472,1,Start,Finish,241,43.51450810000256,16.36042175002399,681,231,208,23,,,False,
2026-05-12T13:39:39+00:00,43.5183627018705,16.366944476030767,118,2026-05-12T13:47:59.231803+00:00,843,1,2.304,739.849,138.24,209.472,1,Start,Finish,241,43.51450810000256,16.36042175002399,678,231,209,22,,,False,
2026-05-12T13:39:40+00:00,43.51834465982392,16.366930415388197,118,2026-05-12T13:47:59.231803+00:00,843,1,2.304,742.153,138.24,209.472,1,Start,Finish,241,43.51450810000256,16.36042175002399,676,231,209,22,,,False,
2026-05-12T13:39:41+00:00,43.51832661777735,16.366916354745626,119,2026-05-12T13:47:59.231803+00:00,843,1,2.304,744.457,138.24,209.472,1,Start,Finish,241,43.51450810000256,16.36042175002399,674,231,209,22,,,False,
2026-05-12T13:39:42+00:00,43.5183101054281,16.366902189329267,119,2026-05-12T13:47:59.231803+00:00,843,1,2.162,746.62,129.72,211.885,1,Start,Finish,241,43.51450810000256,16.36042175002399,672,231,210,21,,,False,
2026-05-12T13:39:43+00:00,43.51829359307885,16.366888023912907,119,2026-05-12T13:47:59.231803+00:00,843,1,2.162,748.782,129.72,211.885,1,Start,Finish,241,43.51450810000256,16.36042175002399,670,231,209,22,,,False,
2026-05-12T13:39:44+00:00,43.51827532052994,16.366874151863158,117,2026-05-12T13:47:59.231803+00:00,843,1,2.319,751.102,139.14,208.834,1,Start,Finish,241,43.51450810000256,16.36042175002399,668,231,209,22,,,False,
2026-05-12T13:39:45+00:00,43.518257047981024,16.36686027981341,115,2026-05-12T13:47:59.231803+00:00,843,1,2.319,753.421,139.14,208.834,1,Start,Finish,241,43.51450810000256,16.36042175002399,666,231,209,22,,,False,
2026-05-12T13:39:46+00:00,43.51823785342276,16.36684712022543,111,2026-05-12T13:47:59.231803+00:00,843,1,2.384,755.804,143.04,206.435,1,Start,Finish,241,43.51450810000256,16.36042175002399,664,231,208,23,,,False,
2026-05-12T13:39:47+00:00,43.51821815595031,16.36683446355164,107,2026-05-12T13:47:59.231803+00:00,843,1,2.416,758.221,144.96,204.983,1,Start,Finish,241,43.51450810000256,16.36042175002399,661,231,208,23,,,False,
2026-05-12T13:39:48+00:00,43.518201098777354,16.36682203039527,107,2026-05-12T13:47:59.231803+00:00,843,1,2.145,760.366,128.7,207.86,1,Start,Finish,241,43.51450810000256,16.36042175002399,660,231,208,23,,,False,
2026-05-12T13:39:49+00:00,43.5181840416044,16.3668095972389,107,2026-05-12T13:47:59.231803+00:00,843,1,2.145,762.511,128.7,207.86,1,Start,Finish,241,43.51450810000256,16.36042175002399,658,232,207,25,,,False,
2026-05-12T13:39:50+00:00,43.518166984431446,16.366797164082527,108,2026-05-12T13:47:59.231803+00:00,843,1,2.145,764.657,128.7,207.86,1,Start,Finish,241,43.51450810000256,16.36042175002399,656,232,208,24,,,False,
2026-05-12T13:39:51+00:00,43.51814992725849,16.366784730926156,108,2026-05-12T13:47:59.231803+00:00,843,1,2.145,766.802,128.7,207.86,1,Start,Finish,241,43.51450810000256,16.36042175002399,654,232,207,25,,,False,
2026-05-12T13:39:52+00:00,43.51813287008554,16.366772297769785,108,2026-05-12T13:47:59.231803+00:00,843,1,2.145,768.947,128.7,207.86,1,Start,Finish,241,43.51450810000256,16.36042175002399,652,232,207,25,,,False,
2026-05-12T13:39:53+00:00,43.51811581291258,16.366759864613414,108,2026-05-12T13:47:59.231803+00:00,843,1,2.145,771.093,128.7,207.86,1,Start,Finish,241,43.51450810000256,16.36042175002399,650,232,206,26,,,False,
2026-05-12T13:39:54+00:00,43.51809913292527,16.366746621206403,111,2026-05-12T13:47:59.231803+00:00,843,1,2.14,773.233,128.4,209.931,1,Start,Finish,241,43.51450810000256,16.36042175002399,648,232,205,27,,,False,
2026-05-12T13:39:55+00:00,43.51808039937168,16.366735179908574,112,2026-05-12T13:47:59.231803+00:00,843,1,2.278,775.511,136.68,203.888,1,Start,Finish,241,43.51450810000256,16.36042175002399,646,232,205,27,,,False,
2026-05-12T13:39:56+00:00,43.518061665818095,16.366723738610744,114,2026-05-12T13:47:59.231803+00:00,843,1,2.278,777.789,136.68,203.888,1,Start,Finish,241,43.51450810000256,16.36042175002399,644,232,205,27,,,False,
2026-05-12T13:39:57+00:00,43.51804280653596,16.366716278716922,111,2026-05-12T13:47:59.231803+00:00,843,1,2.182,779.971,130.92,196.005,1,Start,Finish,241,43.51450810000256,16.36042175002399,642,232,205,27,,,False,
2026-05-12T13:39:58+00:00,43.51802419871092,16.366705046966672,107,2026-05-12T13:47:59.231803+00:00,843,1,2.259,782.23,135.54,203.639,1,Start,Finish,241,43.51450810000256,16.36042175002399,640,232,205,27,,,False,
2026-05-12T13:39:59+00:00,43.51800517179072,16.366693815216422,101,2026-05-12T13:47:59.231803+00:00,843,1,2.301,784.531,138.06,203.174,1,Start,Finish,241,43.51450810000256,16.36042175002399,638,232,204,28,,,False,
2026-05-12T13:40:00+00:00,43.517987402155995,16.36668019462377,99,2026-05-12T13:47:59.231803+00:00,843,1,2.261,786.792,135.66,209.067,1,Start,Finish,241,43.51450810000256,16.36042175002399,636,233,205,28,,,False,
2026-05-12T13:40:01+00:00,43.51796963252127,16.366666574031115,97,2026-05-12T13:47:59.231803+00:00,843,1,2.261,789.052,135.66,209.067,1,Start,Finish,241,43.51450810000256,16.36042175002399,634,233,205,28,,,False,
2026-05-12T13:40:02+00:00,43.51795152761042,16.36665479745716,100,2026-05-12T13:47:59.231803+00:00,843,1,2.226,791.278,133.56,205.253,1,Start,Finish,241,43.51450810000256,16.36042175002399,632,233,207,26,,,False,
2026-05-12T13:40:03+00:00,43.51793342269957,16.366643020883203,102,2026-05-12T13:47:59.231803+00:00,843,1,2.226,793.504,133.56,205.253,1,Start,Finish,241,43.51450810000256,16.36042175002399,630,233,207,26,,,False,
2026-05-12T13:40:04+00:00,43.517917077988386,16.366631537675858,106,2026-05-12T13:47:59.231803+00:00,843,1,2.04,795.544,122.4,206.998,1,Start,Finish,241,43.51450810000256,16.36042175002399,628,233,207,26,,,False,
2026-05-12T13:40:05+00:00,43.51790081709623,16.36661917436868,107,2026-05-12T13:47:59.231803+00:00,843,1,2.065,797.609,123.9,208.87,1,Start,Finish,241,43.51450810000256,16.36042175002399,626,233,207,26,,,False,
2026-05-12T13:40:06+00:00,43.51788455620408,16.3666068110615,108,2026-05-12T13:47:59.231803+00:00,843,1,2.065,799.673,123.9,208.87,1,Start,Finish,241,43.51450810000256,16.36042175002399,624,233,207,26,,,False,
2026-05-12T13:40:07+00:00,43.517866493202746,16.366595830768347,110,2026-05-12T13:47:59.231803+00:00,843,1,2.195,801.868,131.7,203.789,1,Start,Finish,241,43.51450810000256,16.36042175002399,622,233,208,25,,,False,
2026-05-12T13:40:08+00:00,43.51784843020141,16.366584850475192,111,2026-05-12T13:47:59.231803+00:00,843,1,2.195,804.063,131.7,203.789,1,Start,Finish,241,43.51450810000256,16.36042175002399,620,233,208,25,,,False,
2026-05-12T13:40:09+00:00,43.51783141493797,16.36657081078738,110,2026-05-12T13:47:59.231803+00:00,843,1,2.205,806.268,132.3,210.894,1,Start,Finish,241,43.51450810000256,16.36042175002399,618,233,208,25,,,False,
2026-05-12T13:40:10+00:00,43.517814399674535,16.366556771099567,110,2026-05-12T13:47:59.231803+00:00,843,1,2.205,808.473,132.3,210.894,1,Start,Finish,241,43.51450810000256,16.36042175002399,616,233,209,24,,,False,
2026-05-12T13:40:11+00:00,43.5177973844111,16.366542731411755,109,2026-05-12T13:47:59.231803+00:00,843,1,2.205,810.678,132.3,210.894,1,Start,Finish,241,43.51450810000256,16.36042175002399,614,233,208,25,,,False,
2026-05-12T13:40:12+00:00,43.51778036914766,16.366528691723943,108,2026-05-12T13:47:59.231803+00:00,843,1,2.205,812.883,132.3,210.894,1,Start,Finish,241,43.51450810000256,16.36042175002399,612,234,209,25,,,False,
2026-05-12T13:40:13+00:00,43.51776234805584,16.366516705602407,105,2026-05-12T13:47:59.231803+00:00,843,1,2.225,815.107,133.5,205.749,1,Start,Finish,241,43.51450810000256,16.36042175002399,610,234,209,25,,,False,
2026-05-12T13:40:14+00:00,43.51774474605918,16.36650212109089,102,2026-05-12T13:47:59.231803+00:00,843,1,2.283,817.391,136.98,210.999,1,Start,Finish,241,43.51450810000256,16.36042175002399,608,234,209,25,,,False,
2026-05-12T13:40:15+00:00,43.51772665511817,16.366489031352103,102,2026-05-12T13:47:59.231803+00:00,843,1,2.272,819.662,136.32,207.686,1,Start,Finish,241,43.51450810000256,16.36042175002399,606,234,209,25,,,False,
2026-05-12T13:40:16+00:00,43.517708564177155,16.366475941613317,102,2026-05-12T13:47:59.231803+00:00,843,1,2.272,821.934,136.32,207.686,1,Start,Finish,241,43.51450810000256,16.36042175002399,604,234,208,26,,,False,
2026-05-12T13:40:17+00:00,43.517690473236144,16.36646285187453,102,2026-05-12T13:47:59.231803+00:00,843,1,2.272,824.206,136.32,207.686,1,Start,Finish,241,43.51450810000256,16.36042175002399,602,234,208,26,,,False,
2026-05-12T13:40:18+00:00,43.51767238229513,16.366449762135744,102,2026-05-12T13:47:59.231803+00:00,843,1,2.272,826.478,136.32,207.686,1,Start,Finish,241,43.51450810000256,16.36042175002399,600,234,209,25,,,False,
2026-05-12T13:40:19+00:00,43.51765429135412,16.366436672396958,102,2026-05-12T13:47:59.231803+00:00,843,1,2.272,828.749,136.32,207.686,1,Start,Finish,241,43.51450810000256,16.36042175002399,598,234,209,25,,,False,
2026-05-12T13:40:20+00:00,43.51763620041311,16.36642358265817,102,2026-05-12T13:47:59.231803+00:00,843,1,2.272,831.021,136.32,207.686,1,Start,Finish,241,43.51450810000256,16.36042175002399,596,234,209,25,,,False,
2026-05-12T13:40:21+00:00,43.51761884987354,16.366409501060843,102,2026-05-12T13:47:59.231803+00:00,843,1,2.239,833.26,134.34,210.478,1,Start,Finish,241,43.51450810000256,16.36042175002399,594,234,209,25,,,False,
2026-05-12T13:40:22+00:00,43.51759973913431,16.36639376403764,103,2026-05-12T13:47:59.231803+00:00,843,1,2.475,835.735,148.5,210.843,1,Start,Finish,241,43.51450810000256,16.36042175002399,592,234,210,24,,,False,
2026-05-12T13:40:23+00:00,43.51758062839508,16.366378027014434,104,2026-05-12T13:47:59.231803+00:00,843,1,2.475,838.21,148.5,210.843,1,Start,Finish,241,43.51450810000256,16.36042175002399,589,235,210,25,,,False,
2026-05-12T13:40:24+00:00,43.51756151765585,16.36636228999123,104,2026-05-12T13:47:59.231803+00:00,843,1,2.475,840.685,148.5,210.843,1,Start,Finish,241,43.51450810000256,16.36042175002399,587,235,210,25,,,False,
2026-05-12T13:40:25+00:00,43.51754240691662,16.366346552968025,105,2026-05-12T13:47:59.231803+00:00,843,1,2.475,843.16,148.5,210.843,1,Start,Finish,241,43.51450810000256,16.36042175002399,585,235,210,25,,,False,
2026-05-12T13:40:26+00:00,43.517523820046335,16.36633192654699,106,2026-05-12T13:47:59.231803+00:00,843,1,2.38,845.539,142.8,209.711,1,Start,Finish,241,43.51450810000256,16.36042175002399,583,235,210,25,,,False,
2026-05-12T13:40:27+00:00,43.51750523317605,16.366317300125957,107,2026-05-12T13:47:59.231803+00:00,843,1,2.38,847.919,142.8,209.711,1,Start,Finish,241,43.51450810000256,16.36042175002399,581,235,209,26,,,False,
2026-05-12T13:40:28+00:00,43.51748664630577,16.366302673704922,108,2026-05-12T13:47:59.231803+00:00,843,1,2.38,850.299,142.8,209.711,1,Start,Finish,241,43.51450810000256,16.36042175002399,578,235,209,26,,,False,
2026-05-12T13:40:29+00:00,43.51746805943549,16.366288047283888,109,2026-05-12T13:47:59.231803+00:00,843,1,2.38,852.678,142.8,209.711,1,Start,Finish,241,43.51450810000256,16.36042175002399,576,235,208,27,,,False,
2026-05-12T13:40:30+00:00,43.517448445782065,16.366274636238813,112,2026-05-12T13:47:59.231803+00:00,843,1,2.434,855.113,146.04,206.374,1,Start,Finish,241,43.51450810000256,16.36042175002399,574,235,208,27,,,False,
2026-05-12T13:40:31+00:00,43.51742795202881,16.36626120423898,112,2026-05-12T13:47:59.231803+00:00,843,1,2.523,857.636,151.38,205.421,1,Start,Finish,241,43.51450810000256,16.36042175002399,572,235,207,28,,,False,
2026-05-12T13:40:32+00:00,43.51740745827556,16.36624777223915,112,2026-05-12T13:47:59.231803+00:00,843,1,2.523,860.159,151.38,205.421,1,Start,Finish,241,43.51450810000256,16.36042175002399,570,236,207,29,,,False,
2026-05-12T13:40:33+00:00,43.5173869645223,16.366234340239316,111,2026-05-12T13:47:59.231803+00:00,843,1,2.523,862.682,151.38,205.421,1,Start,Finish,241,43.51450810000256,16.36042175002399,568,236,206,30,,,False,
2026-05-12T13:40:34+00:00,43.51736647076905,16.366220908239484,111,2026-05-12T13:47:59.231803+00:00,843,1,2.523,865.205,151.38,205.421,1,Start,Finish,241,43.51450810000256,16.36042175002399,565,236,206,30,,,False,
2026-05-12T13:40:35+00:00,43.51734719239175,16.366206742823124,110,2026-05-12T13:47:59.231803+00:00,843,1,2.429,867.634,145.74,208.05,1,Start,Finish,241,43.51450810000256,16.36042175002399,563,236,206,30,,,False,
2026-05-12T13:40:36+00:00,43.5173266986385,16.366193178109825,110,2026-05-12T13:47:59.231803+00:00,843,1,2.528,870.162,151.68,205.64,1,Start,Finish,241,43.51450810000256,16.36042175002399,561,236,206,30,,,False,
2026-05-12T13:40:37+00:00,43.51730620488525,16.366179613396525,111,2026-05-12T13:47:59.231803+00:00,843,1,2.528,872.689,151.68,205.64,1,Start,Finish,241,43.51450810000256,16.36042175002399,559,236,206,30,,,False,
2026-05-12T13:40:38+00:00,43.51728571113199,16.366166048683226,112,2026-05-12T13:47:59.231803+00:00,843,1,2.528,875.217,151.68,205.64,1,Start,Finish,241,43.51450810000256,16.36042175002399,557,236,206,30,,,False,
2026-05-12T13:40:39+00:00,43.517265217378736,16.366152483969927,112,2026-05-12T13:47:59.231803+00:00,843,1,2.528,877.745,151.68,205.64,1,Start,Finish,241,43.51450810000256,16.36042175002399,555,236,205,31,,,False,
2026-05-12T13:40:40+00:00,43.51724472362548,16.366138919256628,112,2026-05-12T13:47:59.231803+00:00,843,1,2.528,880.272,151.68,205.64,1,Start,Finish,241,43.51450810000256,16.36042175002399,552,237,205,32,,,False,
2026-05-12T13:40:41+00:00,43.51722422987223,16.36612535454333,113,2026-05-12T13:47:59.231803+00:00,843,1,2.528,882.8,151.68,205.64,1,Start,Finish,241,43.51450810000256,16.36042175002399,550,237,205,32,,,False,
2026-05-12T13:40:42+00:00,43.51720514707267,16.36611339636147,114,2026-05-12T13:47:59.231803+00:00,843,1,2.331,885.131,139.86,204.438,1,Start,Finish,241,43.51450810000256,16.36042175002399,548,237,205,32,,,False,
2026-05-12T13:40:43+00:00,43.51718606427312,16.366101438179612,115,2026-05-12T13:47:59.231803+00:00,843,1,2.331,887.462,139.86,204.438,1,Start,Finish,241,43.51450810000256,16.36042175002399,546,237,205,32,,,False,
2026-05-12T13:40:44+00:00,43.517166981473565,16.366089479997754,116,2026-05-12T13:47:59.231803+00:00,843,1,2.331,889.792,139.86,204.438,1,Start,Finish,241,43.51450810000256,16.36042175002399,544,237,205,32,,,False,
2026-05-12T13:40:45+00:00,43.51714890450239,16.36607738211751,116,2026-05-12T13:47:59.231803+00:00,843,1,2.234,892.027,134.04,205.888,1,Start,Finish,241,43.51450810000256,16.36042175002399,542,237,205,32,,,False,
2026-05-12T13:40:46+00:00,43.51713082753122,16.366065284237266,117,2026-05-12T13:47:59.231803+00:00,843,1,2.234,894.261,134.04,205.888,1,Start,Finish,241,43.51450810000256,16.36042175002399,541,237,204,33,,,False,
2026-05-12T13:40:47+00:00,43.517112750560045,16.36605318635702,117,2026-05-12T13:47:59.231803+00:00,843,1,2.234,896.495,134.04,205.888,1,Start,Finish,241,43.51450810000256,16.36042175002399,539,237,204,33,,,False,
2026-05-12T13:40:48+00:00,43.51709305308759,16.36604188475758,117,2026-05-12T13:47:59.231803+00:00,843,1,2.372,898.867,142.32,202.591,1,Start,Finish,241,43.51450810000256,16.36042175002399,537,238,204,34,,,False,
2026-05-12T13:40:49+00:00,43.51707335561514,16.366030583158135,118,2026-05-12T13:47:59.231803+00:00,843,1,2.372,901.24,142.32,202.591,1,Start,Finish,241,43.51450810000256,16.36042175002399,535,238,204,34,,,False,
2026-05-12T13:40:50+00:00,43.517053658142686,16.366019281558692,118,2026-05-12T13:47:59.231803+00:00,843,1,2.372,903.612,142.32,202.591,1,Start,Finish,241,43.51450810000256,16.36042175002399,533,238,203,35,,,False,
2026-05-12T13:40:51+00:00,43.51703396067023,16.36600797995925,118,2026-05-12T13:47:59.231803+00:00,843,1,2.372,905.984,142.32,202.591,1,Start,Finish,241,43.51450810000256,16.36042175002399,531,238,202,36,,,False,
2026-05-12T13:40:52+00:00,43.51701426319778,16.365996678359807,119,2026-05-12T13:47:59.231803+00:00,843,1,2.372,908.357,142.32,202.591,1,Start,Finish,241,43.51450810000256,16.36042175002399,529,238,201,37,,,False,
2026-05-12T13:40:53+00:00,43.51699456572533,16.365985376760364,119,2026-05-12T13:47:59.231803+00:00,843,1,2.372,910.729,142.32,202.591,1,Start,Finish,241,43.51450810000256,16.36042175002399,527,238,201,37,,,False,
2026-05-12T13:40:54+00:00,43.5169758182019,16.365976938977838,120,2026-05-12T13:47:59.231803+00:00,843,1,2.193,912.922,131.58,198.076,1,Start,Finish,241,43.51450810000256,16.36042175002399,525,239,201,38,,,False,
2026-05-12T13:40:55+00:00,43.51695707067847,16.36596850119531,121,2026-05-12T13:47:59.231803+00:00,843,1,2.193,915.115,131.58,198.076,1,Start,Finish,241,43.51450810000256,16.36042175002399,524,239,201,38,,,False,
2026-05-12T13:40:56+00:00,43.516938323155046,16.365960063412786,122,2026-05-12T13:47:59.231803+00:00,843,1,2.193,917.307,131.58,198.076,1,Start,Finish,241,43.51450810000256,16.36042175002399,522,239,202,37,,,False,
2026-05-12T13:40:57+00:00,43.516920413821936,16.365949334576726,122,2026-05-12T13:47:59.231803+00:00,843,1,2.171,919.479,130.26,203.481,1,Start,Finish,241,43.51450810000256,16.36042175002399,520,239,202,37,,,False,
2026-05-12T13:40:58+00:00,43.516902504488826,16.365938605740666,123,2026-05-12T13:47:59.231803+00:00,843,1,2.171,921.65,130.26,203.481,1,Start,Finish,241,43.51450810000256,16.36042175002399,518,239,202,37,,,False,
2026-05-12T13:40:59+00:00,43.51688459515571,16.365927876904607,123,2026-05-12T13:47:59.231803+00:00,843,1,2.171,923.821,130.26,203.481,1,Start,Finish,241,43.51450810000256,16.36042175002399,517,239,203,36,,,False,
2026-05-12T13:41:00+00:00,43.516866099089384,16.3659157929942,123,2026-05-12T13:47:59.231803+00:00,843,1,2.276,926.097,136.56,205.35,1,Start,Finish,241,43.51450810000256,16.36042175002399,515,239,204,35,,,False,
2026-05-12T13:41:01+00:00,43.51684760302305,16.365903709083796,123,2026-05-12T13:47:59.231803+00:00,843,1,2.276,928.373,136.56,205.35,1,Start,Finish,241,43.51450810000256,16.36042175002399,513,240,205,35,,,False,
2026-05-12T13:41:02+00:00,43.51682910695672,16.36589162517339,123,2026-05-12T13:47:59.231803+00:00,843,1,2.276,930.649,136.56,205.35,1,Start,Finish,241,43.51450810000256,16.36042175002399,511,240,206,34,,,False,
2026-05-12T13:41:03+00:00,43.51681061089039,16.365879541262984,123,2026-05-12T13:47:59.231803+00:00,843,1,2.276,932.924,136.56,205.35,1,Start,Finish,241,43.51450810000256,16.36042175002399,509,240,206,34,,,False,
2026-05-12T13:41:04+00:00,43.51679211482406,16.36586745735258,123,2026-05-12T13:47:59.231803+00:00,843,1,2.276,935.2,136.56,205.35,1,Start,Finish,241,43.51450810000256,16.36042175002399,507,240,207,33,,,False,
2026-05-12T13:41:05+00:00,43.516773618757725,16.365855373442173,123,2026-05-12T13:47:59.231803+00:00,843,1,2.276,937.476,136.56,205.35,1,Start,Finish,241,43.51450810000256,16.36042175002399,505,240,208,32,,,False,
2026-05-12T13:41:06+00:00,43.516756016761065,16.365840760990977,123,2026-05-12T13:47:59.231803+00:00,843,1,2.285,939.761,137.1,211.048,1,Start,Finish,241,43.51450810000256,16.36042175002399,503,240,209,31,,,False,
2026-05-12T13:41:07+00:00,43.5167384147644,16.36582614853978,123,2026-05-12T13:47:59.231803+00:00,843,1,2.285,942.045,137.1,211.048,1,Start,Finish,241,43.51450810000256,16.36042175002399,501,240,210,30,,,False,
2026-05-12T13:41:08+00:00,43.516720812767744,16.365811536088586,123,2026-05-12T13:47:59.231803+00:00,843,1,2.285,944.33,137.1,211.048,1,Start,Finish,241,43.51450810000256,16.36042175002399,499,240,210,30,,,False,
2026-05-12T13:41:09+00:00,43.51670274976641,16.365794856101274,122,2026-05-12T13:47:59.231803+00:00,843,1,2.417,946.747,145.02,213.808,1,Start,Finish,241,43.51450810000256,16.36042175002399,497,241,211,30,,,False,
2026-05-12T13:41:10+00:00,43.516684686765075,16.365778176113963,120,2026-05-12T13:47:59.231803+00:00,843,1,2.417,949.164,145.02,213.808,1,Start,Finish,241,43.51450810000256,16.36042175002399,495,241,212,29,,,False,
2026-05-12T13:41:11+00:00,43.51666589034721,16.365762376226485,121,2026-05-12T13:47:59.231803+00:00,843,1,2.448,951.612,146.88,211.365,1,Start,Finish,241,43.51450810000256,16.36042175002399,493,241,211,30,,,False,
2026-05-12T13:41:12+00:00,43.51664709392935,16.365746576339006,122,2026-05-12T13:47:59.231803+00:00,843,1,2.448,954.06,146.88,211.365,1,Start,Finish,241,43.51450810000256,16.36042175002399,491,241,211,30,,,False,
2026-05-12T13:41:13+00:00,43.51662829751149,16.365730776451528,123,2026-05-12T13:47:59.231803+00:00,843,1,2.448,956.507,146.88,211.365,1,Start,Finish,241,43.51450810000256,16.36042175002399,489,241,211,30,,,False,
2026-05-12T13:41:14+00:00,43.516609501093626,16.36571497656405,124,2026-05-12T13:47:59.231803+00:00,843,1,2.448,958.955,146.88,211.365,1,Start,Finish,241,43.51450810000256,16.36042175002399,487,241,210,31,,,False,
2026-05-12T13:41:15+00:00,43.516588965430856,16.365700371097773,125,2026-05-12T13:47:59.231803+00:00,843,1,2.569,961.525,154.14,207.283,1,Start,Finish,241,43.51450810000256,16.36042175002399,484,241,209,32,,,False,
2026-05-12T13:41:16+00:00,43.516568429768085,16.365685765631497,126,2026-05-12T13:47:59.231803+00:00,843,1,2.569,964.094,154.14,207.283,1,Start,Finish,241,43.51450810000256,16.36042175002399,482,242,208,34,,,False,
2026-05-12T13:41:17+00:00,43.516547894105315,16.36567116016522,126,2026-05-12T13:47:59.231803+00:00,843,1,2.569,966.663,154.14,207.283,1,Start,Finish,241,43.51450810000256,16.36042175002399,480,242,207,35,,,False,
2026-05-12T13:41:18+00:00,43.516527358442545,16.365656554698944,127,2026-05-12T13:47:59.231803+00:00,843,1,2.569,969.232,154.14,207.283,1,Start,Finish,241,43.51450810000256,16.36042175002399,478,242,206,36,,,False,
2026-05-12T13:41:19+00:00,43.51650615222752,16.365642598830163,128,2026-05-12T13:47:59.231803+00:00,843,1,2.613,971.845,156.78,205.512,1,Start,Finish,241,43.51450810000256,16.36042175002399,476,242,204,38,,,False,
2026-05-12T13:41:20+00:00,43.5164849460125,16.365628642961383,130,2026-05-12T13:47:59.231803+00:00,843,1,2.613,974.458,156.78,205.512,1,Start,Finish,241,43.51450810000256,16.36042175002399,474,242,203,39,,,False,
2026-05-12T13:41:21+00:00,43.51646663155407,16.365618081763387,132,2026-05-12T13:47:59.231803+00:00,843,1,2.207,976.665,132.42,202.694,1,Start,Finish,241,43.51450810000256,16.36042175002399,472,243,202,41,,,False,
2026-05-12T13:41:22+00:00,43.51644831709564,16.36560752056539,133,2026-05-12T13:47:59.231803+00:00,843,1,2.207,978.873,132.42,202.694,1,Start,Finish,241,43.51450810000256,16.36042175002399,471,243,202,41,,,False,
2026-05-12T13:41:23+00:00,43.51642860285938,16.365598920732737,133,2026-05-12T13:47:59.231803+00:00,843,1,2.299,981.172,137.94,197.554,1,Start,Finish,241,43.51450810000256,16.36042175002399,469,243,200,43,,,False,
2026-05-12T13:41:24+00:00,43.51640888862312,16.365590320900083,133,2026-05-12T13:47:59.231803+00:00,843,1,2.299,983.471,137.94,197.554,1,Start,Finish,241,43.51450810000256,16.36042175002399,467,243,200,43,,,False,
2026-05-12T13:41:25+00:00,43.51638917438686,16.36558172106743,133,2026-05-12T13:47:59.231803+00:00,843,1,2.299,985.77,137.94,197.554,1,Start,Finish,241,43.51450810000256,16.36042175002399,466,243,199,44,,,False,
2026-05-12T13:41:26+00:00,43.5163694601506,16.365573121234775,133,2026-05-12T13:47:59.231803+00:00,843,1,2.299,988.069,137.94,197.554,1,Start,Finish,241,43.51450810000256,16.36042175002399,464,244,198,46,,,False,
2026-05-12T13:41:27+00:00,43.51634974591434,16.36556452140212,133,2026-05-12T13:47:59.231803+00:00,843,1,2.299,990.369,137.94,197.554,1,Start,Finish,241,43.51450810000256,16.36042175002399,463,244,198,46,,,False,
2026-05-12T13:41:28+00:00,43.516331487335265,16.36555602774024,133,2026-05-12T13:47:59.231803+00:00,843,1,2.143,992.511,128.58,198.642,1,Start,Finish,241,43.51450810000256,16.36042175002399,461,244,198,46,,,False,
2026-05-12T13:41:29+00:00,43.51631322875619,16.36554753407836,134,2026-05-12T13:47:59.231803+00:00,843,1,2.143,994.654,128.58,198.642,1,Start,Finish,241,43.51450810000256,16.36042175002399,459,244,198,46,,,False,
2026-05-12T13:41:30+00:00,43.516294970177114,16.36553904041648,134,2026-05-12T13:47:59.231803+00:00,843,1,2.143,996.797,128.58,198.642,1,Start,Finish,241,43.51450810000256,16.36042175002399,458,244,200,44,,,False,
2026-05-12T13:41:31+00:00,43.51627671159804,16.3655305467546,134,2026-05-12T13:47:59.231803+00:00,843,1,2.143,998.939,128.58,198.642,1,Start,Finish,241,43.51450810000256,16.36042175002399,456,244,202,42,,,False,
2026-05-12T13:41:32+00:00,43.51625845301896,16.365522053092718,135,2026-05-12T13:47:59.231803+00:00,843,1,2.143,1001.082,128.58,198.642,1,Start,Finish,241,43.51450810000256,16.36042175002399,455,245,209,36,,,False,
2026-05-12T13:41:33+00:00,43.51624019443989,16.365513559430838,135,2026-05-12T13:47:59.231803+00:00,843,1,2.143,1003.225,128.58,198.642,1,Start,Finish,241,43.51450810000256,16.36042175002399,454,245,216,29,,,False,
2026-05-12T13:41:34+00:00,43.516225554049015,16.36549905873835,134,2026-05-12T13:47:59.231803+00:00,843,1,2.004,1005.229,120.24,215.688,1,Start,Finish,241,43.51450810000256,16.36042175002399,452,245,226,19,,,False,
2026-05-12T13:41:35+00:00,43.51621091365814,16.365484558045864,134,2026-05-12T13:47:59.231803+00:00,843,1,2.004,1007.233,120.24,215.688,1,Start,Finish,241,43.51450810000256,16.36042175002399,450,245,238,7,,,False,
2026-05-12T13:41:36+00:00,43.51619627326727,16.365470057353377,133,2026-05-12T13:47:59.231803+00:00,843,1,2.004,1009.238,120.24,215.688,1,Start,Finish,241,43.51450810000256,16.36042175002399,448,245,251,6,,,False,
2026-05-12T13:41:37+00:00,43.51619199849665,16.365452958270907,132,2026-05-12T13:47:59.231803+00:00,843,1,1.458,1010.696,87.48,250.979,1,Start,Finish,241,43.51450810000256,16.36042175002399,447,245,251,6,,,False,
2026-05-12T13:41:38+00:00,43.516200464218855,16.36543481145054,130,2026-05-12T13:47:59.231803+00:00,843,1,1.74,1012.436,104.4,302.753,1,Start,Finish,241,43.51450810000256,16.36042175002399,446,245,264,19,,,False,
2026-05-12T13:41:39+00:00,43.51620892994106,16.365416664630175,128,2026-05-12T13:47:59.231803+00:00,843,1,1.74,1014.176,104.4,302.753,1,Start,Finish,241,43.51450810000256,16.36042175002399,445,245,276,31,,,False,
2026-05-12T13:41:40+00:00,43.51622619666159,16.36539990082383,128,2026-05-12T13:47:59.231803+00:00,843,1,2.348,1016.524,140.88,324.852,1,Start,Finish,241,43.51450810000256,16.36042175002399,445,245,285,40,,,False,
2026-05-12T13:41:41+00:00,43.51623737253249,16.36537623591721,128,2026-05-12T13:47:59.231803+00:00,843,1,2.277,1018.801,136.62,303.073,1,Start,Finish,241,43.51450810000256,16.36042175002399,443,244,294,50,,,False,
2026-05-12T13:41:42+00:00,43.51624854840338,16.36535257101059,129,2026-05-12T13:47:59.231803+00:00,843,1,2.277,1021.079,136.62,303.073,1,Start,Finish,241,43.51450810000256,16.36042175002399,442,244,305,61,,,False,
2026-05-12T13:41:43+00:00,43.51625972427428,16.36532890610397,129,2026-05-12T13:47:59.231803+00:00,843,1,2.277,1023.356,136.62,303.073,1,Start,Finish,241,43.51450810000256,16.36042175002399,441,244,305,61,,,False,
2026-05-12T13:41:44+00:00,43.51627090014517,16.365305241197348,129,2026-05-12T13:47:59.231803+00:00,843,1,2.277,1025.633,136.62,303.073,1,Start,Finish,241,43.51450810000256,16.36042175002399,440,244,304,60,,,False,
2026-05-12T13:41:45+00:00,43.51628207601607,16.365281576290727,130,2026-05-12T13:47:59.231803+00:00,843,1,2.277,1027.91,136.62,303.073,1,Start,Finish,241,43.51450810000256,16.36042175002399,439,243,301,58,,,False,
2026-05-12T13:41:46+00:00,43.51629325188696,16.365257911384106,130,2026-05-12T13:47:59.231803+00:00,843,1,2.277,1030.187,136.62,303.073,1,Start,Finish,241,43.51450810000256,16.36042175002399,438,243,300,57,,,False,
2026-05-12T13:41:47+00:00,43.51630310062319,16.36522932909429,130,2026-05-12T13:47:59.231803+00:00,843,1,2.552,1032.739,153.12,295.415,1,Start,Finish,241,43.51450810000256,16.36042175002399,436,243,299,56,,,False,
2026-05-12T13:41:48+00:00,43.51631294935942,16.365200746804476,131,2026-05-12T13:47:59.231803+00:00,843,1,2.552,1035.291,153.12,295.415,1,Start,Finish,241,43.51450810000256,16.36042175002399,434,242,299,57,,,False,
2026-05-12T13:41:49+00:00,43.51632247120142,16.36517538316548,130,2026-05-12T13:47:59.231803+00:00,843,1,2.303,1037.594,138.18,297.37,1,Start,Finish,241,43.51450810000256,16.36042175002399,433,242,298,56,,,False,
2026-05-12T13:41:50+00:00,43.51633199304342,16.36515001952648,130,2026-05-12T13:47:59.231803+00:00,843,1,2.303,1039.897,138.18,297.37,1,Start,Finish,241,43.51450810000256,16.36042175002399,432,242,297,55,,,False,
2026-05-12T13:41:51+00:00,43.516341514885426,16.365124655887485,129,2026-05-12T13:47:59.231803+00:00,843,1,2.303,1042.2,138.18,297.37,1,Start,Finish,241,43.51450810000256,16.36042175002399,431,242,296,54,,,False,
2026-05-12T13:41:52+00:00,43.51635103672743,16.365099292248487,129,2026-05-12T13:47:59.231803+00:00,843,1,2.303,1044.503,138.18,297.37,1,Start,Finish,241,43.51450810000256,16.36042175002399,429,241,296,55,,,False,
2026-05-12T13:41:53+00:00,43.51636055856943,16.36507392860949,128,2026-05-12T13:47:59.231803+00:00,843,1,2.303,1046.806,138.18,297.37,1,Start,Finish,241,43.51450810000256,16.36042175002399,428,241,296,55,,,False,
2026-05-12T13:41:54+00:00,43.516368018463254,16.365048782899976,125,2026-05-12T13:47:59.231803+00:00,843,1,2.191,1048.997,131.46,292.249,1,Start,Finish,241,43.51450810000256,16.36042175002399,427,241,296,55,,,False,
2026-05-12T13:41:55+00:00,43.516376505140215,16.365023469552398,126,2026-05-12T13:47:59.231803+00:00,843,1,2.249,1051.246,134.94,294.812,1,Start,Finish,241,43.51450810000256,16.36042175002399,425,241,296,55,,,False,
2026-05-12T13:41:56+00:00,43.516384991817176,16.36499815620482,126,2026-05-12T13:47:59.231803+00:00,843,1,2.249,1053.494,134.94,294.812,1,Start,Finish,241,43.51450810000256,16.36042175002399,424,241,296,55,,,False,
2026-05-12T13:41:57+00:00,43.51639347849414,16.36497284285724,127,2026-05-12T13:47:59.231803+00:00,843,1,2.249,1055.743,134.94,294.812,1,Start,Finish,241,43.51450810000256,16.36042175002399,423,240,296,56,,,False,
2026-05-12T13:41:58+00:00,43.5164019651711,16.364947529509664,128,2026-05-12T13:47:59.231803+00:00,843,1,2.249,1057.992,134.94,294.812,1,Start,Finish,241,43.51450810000256,16.36042175002399,421,240,297,57,,,False,
2026-05-12T13:41:59+00:00,43.516411604359746,16.364923054352403,130,2026-05-12T13:47:59.231803+00:00,843,1,2.246,1060.238,134.76,298.506,1,Start,Finish,241,43.51450810000256,16.36042175002399,420,240,298,58,,,False,
2026-05-12T13:42:00+00:00,43.51642124354839,16.364898579195142,131,2026-05-12T13:47:59.231803+00:00,843,1,2.246,1062.484,134.76,298.506,1,Start,Finish,241,43.51450810000256,16.36042175002399,419,239,298,59,,,False,
2026-05-12T13:42:01+00:00,43.51643049158156,16.36487745679915,132,2026-05-12T13:47:59.231803+00:00,843,1,1.99,1064.473,119.4,301.122,1,Start,Finish,241,43.51450810000256,16.36042175002399,418,239,299,60,,,False,
2026-05-12T13:42:02+00:00,43.516439739614725,16.364856334403157,133,2026-05-12T13:47:59.231803+00:00,843,1,1.99,1066.463,119.4,301.122,1,Start,Finish,241,43.51450810000256,16.36042175002399,417,239,300,61,,,False,
2026-05-12T13:42:03+00:00,43.51644898764789,16.364835212007165,134,2026-05-12T13:47:59.231803+00:00,843,1,1.99,1068.452,119.4,301.122,1,Start,Finish,241,43.51450810000256,16.36042175002399,416,239,300,61,,,False,
2026-05-12T13:42:04+00:00,43.516458654776216,16.36481339111924,135,2026-05-12T13:47:59.231803+00:00,843,1,2.062,1070.514,123.72,301.421,1,Start,Finish,241,43.51450810000256,16.36042175002399,415,239,300,61,,,False,
2026-05-12T13:42:05+00:00,43.51646832190454,16.36479157023132,137,2026-05-12T13:47:59.231803+00:00,843,1,2.062,1072.576,123.72,301.421,1,Start,Finish,241,43.51450810000256,16.36042175002399,414,238,300,62,,,False,
2026-05-12T13:42:06+00:00,43.516477989032865,16.364769749343395,138,2026-05-12T13:47:59.231803+00:00,843,1,2.062,1074.638,123.72,301.421,1,Start,Finish,241,43.51450810000256,16.36042175002399,413,238,300,62,,,False,
2026-05-12T13:42:07+00:00,43.51648701354861,16.364746252074838,139,2026-05-12T13:47:59.231803+00:00,843,1,2.144,1076.782,128.64,297.907,1,Start,Finish,241,43.51450810000256,16.36042175002399,412,238,300,62,,,False,
2026-05-12T13:42:08+00:00,43.51649603806436,16.36472275480628,140,2026-05-12T13:47:59.231803+00:00,843,1,2.144,1078.926,128.64,297.907,1,Start,Finish,241,43.51450810000256,16.36042175002399,411,237,299,62,,,False,
2026-05-12T13:42:09+00:00,43.51650506258011,16.364699257537723,141,2026-05-12T13:47:59.231803+00:00,843,1,2.144,1081.07,128.64,297.907,1,Start,Finish,241,43.51450810000256,16.36042175002399,410,237,299,62,,,False,
2026-05-12T13:42:10+00:00,43.51651372946799,16.364677732810378,140,2026-05-12T13:47:59.231803+00:00,843,1,1.985,1083.055,119.1,299.041,1,Start,Finish,241,43.51450810000256,16.36042175002399,409,237,300,63,,,False,
2026-05-12T13:42:11+00:00,43.51652239635587,16.364656208083034,140,2026-05-12T13:47:59.231803+00:00,843,1,1.985,1085.041,119.1,299.041,1,Start,Finish,241,43.51450810000256,16.36042175002399,408,237,301,64,,,False,
2026-05-12T13:42:12+00:00,43.51653106324375,16.36463468335569,139,2026-05-12T13:47:59.231803+00:00,843,1,1.985,1087.026,119.1,299.041,1,Start,Finish,241,43.51450810000256,16.36042175002399,407,236,302,66,,,False,
2026-05-12T13:42:13+00:00,43.516539730131626,16.364613158628345,139,2026-05-12T13:47:59.231803+00:00,843,1,1.985,1089.011,119.1,299.041,1,Start,Finish,241,43.51450810000256,16.36042175002399,407,236,302,66,,,False,
2026-05-12T13:42:14+00:00,43.516548397019506,16.364591633901,138,2026-05-12T13:47:59.231803+00:00,843,1,1.985,1090.996,119.1,299.041,1,Start,Finish,241,43.51450810000256,16.36042175002399,406,236,301,65,,,False,
2026-05-12T13:42:15+00:00,43.5165589582175,16.36457411572337,136,2026-05-12T13:47:59.231803+00:00,843,1,1.837,1092.833,110.22,309.738,1,Start,Finish,241,43.51450810000256,16.36042175002399,405,236,302,66,,,False,
2026-05-12T13:42:16+00:00,43.5165695194155,16.364556597545743,134,2026-05-12T13:47:59.231803+00:00,843,1,1.837,1094.67,110.22,309.738,1,Start,Finish,241,43.51450810000256,16.36042175002399,405,235,301,66,,,False,
2026-05-12T13:42:17+00:00,43.516581086441875,16.364537067711353,133,2026-05-12T13:47:59.231803+00:00,843,1,2.033,1096.704,121.98,309.24,1,Start,Finish,241,43.51450810000256,16.36042175002399,404,235,301,66,,,False,
2026-05-12T13:42:18+00:00,43.516589677892625,16.36451333295554,132,2026-05-12T13:47:59.231803+00:00,843,1,2.139,1098.843,128.34,296.526,1,Start,Finish,241,43.51450810000256,16.36042175002399,403,235,301,66,,,False,
2026-05-12T13:42:19+00:00,43.516598269343376,16.364489598199725,130,2026-05-12T13:47:59.231803+00:00,843,1,2.139,1100.982,128.34,296.526,1,Start,Finish,241,43.51450810000256,16.36042175002399,402,235,301,66,,,False,
2026-05-12T13:42:20+00:00,43.51660686079413,16.36446586344391,129,2026-05-12T13:47:59.231803+00:00,843,1,2.139,1103.121,128.34,296.527,1,Start,Finish,241,43.51450810000256,16.36042175002399,401,234,300,66,,,False,
2026-05-12T13:42:21+00:00,43.51661545224488,16.364442128688097,128,2026-05-12T13:47:59.231803+00:00,843,1,2.139,1105.26,128.34,296.527,1,Start,Finish,241,43.51450810000256,16.36042175002399,400,234,299,65,,,False,
2026-05-12T13:42:22+00:00,43.51662404369563,16.364418393932283,126,2026-05-12T13:47:59.231803+00:00,843,1,2.139,1107.399,128.34,296.527,1,Start,Finish,241,43.51450810000256,16.36042175002399,399,234,299,65,,,False,
2026-05-12T13:42:23+00:00,43.51663263514638,16.36439465917647,125,2026-05-12T13:47:59.231803+00:00,843,1,2.139,1109.538,128.34,296.527,1,Start,Finish,241,43.51450810000256,16.36042175002399,398,234,300,66,,,False,
2026-05-12T13:42:24+00:00,43.5166429867968,16.364371441304684,124,2026-05-12T13:47:59.231803+00:00,843,1,2.198,1111.736,131.88,301.584,1,Start,Finish,241,43.51450810000256,16.36042175002399,397,233,300,67,,,False,
2026-05-12T13:42:25+00:00,43.51665333844721,16.3643482234329,122,2026-05-12T13:47:59.231803+00:00,843,1,2.198,1113.934,131.88,301.584,1,Start,Finish,241,43.51450810000256,16.36042175002399,396,233,300,67,,,False,
2026-05-12T13:42:26+00:00,43.51666490547359,16.364325676113367,120,2026-05-12T13:47:59.231803+00:00,843,1,2.227,1116.161,133.62,305.277,1,Start,Finish,241,43.51450810000256,16.36042175002399,396,233,301,68,,,False,
2026-05-12T13:42:27+00:00,43.51667647249997,16.364303128793836,117,2026-05-12T13:47:59.231803+00:00,843,1,2.227,1118.388,133.62,305.277,1,Start,Finish,241,43.51450810000256,16.36042175002399,395,232,302,70,,,False,
2026-05-12T13:42:28+00:00,43.51668485440314,16.364279743283987,114,2026-05-12T13:47:59.231803+00:00,843,1,2.103,1120.491,126.18,296.301,1,Start,Finish,241,43.51450810000256,16.36042175002399,394,232,303,71,,,False,
2026-05-12T13:42:29+00:00,43.516695722937584,16.364257754758,113,2026-05-12T13:47:59.231803+00:00,843,1,2.146,1122.637,128.76,304.279,1,Start,Finish,241,43.51450810000256,16.36042175002399,394,232,303,71,,,False,
2026-05-12T13:42:30+00:00,43.51670659147203,16.364235766232014,112,2026-05-12T13:47:59.231803+00:00,843,1,2.146,1124.783,128.76,304.279,1,Start,Finish,241,43.51450810000256,16.36042175002399,393,232,302,70,,,False,
2026-05-12T13:42:31+00:00,43.516717460006475,16.364213777706027,111,2026-05-12T13:47:59.231803+00:00,843,1,2.146,1126.928,128.76,304.279,1,Start,Finish,241,43.51450810000256,16.36042175002399,392,231,302,71,,,False,
2026-05-12T13:42:32+00:00,43.51672764401883,16.364190140739083,111,2026-05-12T13:47:59.231803+00:00,843,1,2.217,1129.145,133.02,300.716,1,Start,Finish,241,43.51450810000256,16.36042175002399,391,231,301,70,,,False,
2026-05-12T13:42:33+00:00,43.51673782803118,16.36416650377214,112,2026-05-12T13:47:59.231803+00:00,843,1,2.217,1131.362,133.02,300.716,1,Start,Finish,241,43.51450810000256,16.36042175002399,391,231,302,71,,,False,
2026-05-12T13:42:34+00:00,43.516748012043536,16.364142866805196,112,2026-05-12T13:47:59.231803+00:00,843,1,2.217,1133.579,133.02,300.716,1,Start,Finish,241,43.51450810000256,16.36042175002399,390,230,301,71,,,False,
2026-05-12T13:42:35+00:00,43.51675819605589,16.364119229838252,112,2026-05-12T13:47:59.231803+00:00,843,1,2.217,1135.796,133.02,300.716,1,Start,Finish,241,43.51450810000256,16.36042175002399,389,230,300,70,,,False,
2026-05-12T13:42:36+00:00,43.51676838006824,16.36409559287131,113,2026-05-12T13:47:59.231803+00:00,843,1,2.217,1138.013,133.02,300.716,1,Start,Finish,241,43.51450810000256,16.36042175002399,388,230,299,69,,,False,
2026-05-12T13:42:37+00:00,43.51677856408059,16.364071955904365,113,2026-05-12T13:47:59.231803+00:00,843,1,2.217,1140.23,133.02,300.716,1,Start,Finish,241,43.51450810000256,16.36042175002399,388,229,298,69,,,False,
2026-05-12T13:42:38+00:00,43.51678689010441,16.36404854245484,114,2026-05-12T13:47:59.231803+00:00,843,1,2.103,1142.333,126.18,296.122,1,Start,Finish,241,43.51450810000256,16.36042175002399,387,229,298,69,,,False,
2026-05-12T13:42:39+00:00,43.51679521612823,16.364025129005313,115,2026-05-12T13:47:59.231803+00:00,843,1,2.103,1144.436,126.18,296.122,1,Start,Finish,241,43.51450810000256,16.36042175002399,386,229,297,68,,,False,
2026-05-12T13:42:40+00:00,43.51680354215205,16.364001715555787,116,2026-05-12T13:47:59.231803+00:00,843,1,2.103,1146.539,126.18,296.122,1,Start,Finish,241,43.51450810000256,16.36042175002399,385,229,297,68,,,False,
2026-05-12T13:42:41+00:00,43.51681100204587,16.3639777014032,116,2026-05-12T13:47:59.231803+00:00,843,1,2.107,1148.645,126.42,293.189,1,Start,Finish,241,43.51450810000256,16.36042175002399,384,228,296,68,,,False,
2026-05-12T13:42:42+00:00,43.51681846193969,16.363953687250614,115,2026-05-12T13:47:59.231803+00:00,843,1,2.107,1150.752,126.42,293.189,1,Start,Finish,241,43.51450810000256,16.36042175002399,384,228,294,66,,,False,
2026-05-12T13:42:43+00:00,43.51682655047625,16.36393176857382,114,2026-05-12T13:47:59.231803+00:00,843,1,1.983,1152.735,118.98,296.971,1,Start,Finish,241,43.51450810000256,16.36042175002399,383,228,294,66,,,False,
2026-05-12T13:42:44+00:00,43.516834639012814,16.363909849897027,112,2026-05-12T13:47:59.231803+00:00,843,1,1.983,1154.718,118.98,296.971,1,Start,Finish,241,43.51450810000256,16.36042175002399,382,227,293,66,,,False,
2026-05-12T13:42:45+00:00,43.516841009259224,16.363886632025242,110,2026-05-12T13:47:59.231803+00:00,843,1,2.002,1156.72,120.12,290.724,1,Start,Finish,241,43.51450810000256,16.36042175002399,381,227,293,66,,,False,
2026-05-12T13:42:46+00:00,43.516847379505634,16.363863414153457,108,2026-05-12T13:47:59.231803+00:00,843,1,2.002,1158.721,120.12,290.724,1,Start,Finish,241,43.51450810000256,16.36042175002399,380,227,292,65,,,False,
2026-05-12T13:42:47+00:00,43.516854560002685,16.36383717879653,107,2026-05-12T13:47:59.231803+00:00,843,1,2.261,1160.983,135.66,290.678,1,Start,Finish,241,43.51450810000256,16.36042175002399,379,227,291,64,,,False,
2026-05-12T13:42:48+00:00,43.516861740499735,16.363810943439603,105,2026-05-12T13:47:59.231803+00:00,843,1,2.261,1163.244,135.66,290.678,1,Start,Finish,241,43.51450810000256,16.36042175002399,378,226,289,63,,,False,
2026-05-12T13:42:49+00:00,43.516868920996785,16.363784708082676,104,2026-05-12T13:47:59.231803+00:00,843,1,2.261,1165.505,135.66,290.678,1,Start,Finish,241,43.51450810000256,16.36042175002399,377,226,288,62,,,False,
2026-05-12T13:42:50+00:00,43.51687323767692,16.363760246895254,104,2026-05-12T13:47:59.231803+00:00,843,1,2.03,1167.535,121.8,283.677,1,Start,Finish,241,43.51450810000256,16.36042175002399,376,226,287,61,,,False,
2026-05-12T13:42:51+00:00,43.51687755435705,16.36373578570783,103,2026-05-12T13:47:59.231803+00:00,843,1,2.03,1169.565,121.8,283.677,1,Start,Finish,241,43.51450810000256,16.36042175002399,375,225,286,61,,,False,
2026-05-12T13:42:52+00:00,43.516881871037185,16.36371132452041,102,2026-05-12T13:47:59.231803+00:00,843,1,2.03,1171.595,121.8,283.677,1,Start,Finish,241,43.51450810000256,16.36042175002399,374,225,285,60,,,False,
2026-05-12T13:42:53+00:00,43.51688618771732,16.363686863332987,102,2026-05-12T13:47:59.231803+00:00,843,1,2.03,1173.625,121.8,283.677,1,Start,Finish,241,43.51450810000256,16.36042175002399,373,225,284,59,,,False,
2026-05-12T13:42:54+00:00,43.51689050439745,16.363662402145565,102,2026-05-12T13:47:59.231803+00:00,843,1,2.03,1175.655,121.8,283.677,1,Start,Finish,241,43.51450810000256,16.36042175002399,372,225,283,58,,,False,
2026-05-12T13:42:55+00:00,43.516894821077585,16.363637940958142,101,2026-05-12T13:47:59.231803+00:00,843,1,2.03,1177.685,121.8,283.677,1,Start,Finish,241,43.51450810000256,16.36042175002399,371,224,283,59,,,False,
2026-05-12T13:42:56+00:00,43.51689888630062,16.36361177545041,101,2026-05-12T13:47:59.231803+00:00,843,1,2.158,1179.843,129.48,282.093,1,Start,Finish,241,43.51450810000256,16.36042175002399,370,224,283,59,,,False,
2026-05-12T13:42:57+00:00,43.51690295152366,16.363585609942675,101,2026-05-12T13:47:59.231803+00:00,843,1,2.158,1182.0,129.48,282.093,1,Start,Finish,241,43.51450810000256,16.36042175002399,369,224,283,59,,,False,
2026-05-12T13:42:58+00:00,43.5169070167467,16.36355944443494,102,2026-05-12T13:47:59.231803+00:00,843,1,2.158,1184.158,129.48,282.093,1,Start,Finish,241,43.51450810000256,16.36042175002399,368,223,282,59,,,False,
2026-05-12T13:42:59+00:00,43.51691108196974,16.363533278927207,102,2026-05-12T13:47:59.231803+00:00,843,1,2.158,1186.316,129.48,282.093,1,Start,Finish,241,43.51450810000256,16.36042175002399,367,223,280,57,,,False,
2026-05-12T13:43:00+00:00,43.516915147192776,16.363507113419473,102,2026-05-12T13:47:59.231803+00:00,843,1,2.158,1188.474,129.48,282.093,1,Start,Finish,241,43.51450810000256,16.36042175002399,365,223,279,56,,,False,
2026-05-12T13:43:01+00:00,43.516919212415814,16.36348094791174,102,2026-05-12T13:47:59.231803+00:00,843,1,2.158,1190.631,129.48,282.093,1,Start,Finish,241,43.51450810000256,16.36042175002399,364,223,279,56,,,False,
2026-05-12T13:43:02+00:00,43.516920330002904,16.36345655657351,102,2026-05-12T13:47:59.231803+00:00,843,1,1.971,1192.602,118.26,273.615,1,Start,Finish,241,43.51450810000256,16.36042175002399,363,222,279,57,,,False,
2026-05-12T13:43:03+00:00,43.51692144758999,16.36343216523528,102,2026-05-12T13:47:59.231803+00:00,843,1,1.971,1194.573,118.26,273.615,1,Start,Finish,241,43.51450810000256,16.36042175002399,362,222,279,57,,,False,
2026-05-12T13:43:04+00:00,43.51692256517708,16.363407773897052,102,2026-05-12T13:47:59.231803+00:00,843,1,1.971,1196.544,118.26,273.615,1,Start,Finish,241,43.51450810000256,16.36042175002399,361,222,279,57,,,False,
2026-05-12T13:43:05+00:00,43.51692541502416,16.36338178999722,104,2026-05-12T13:47:59.231803+00:00,843,1,2.119,1198.663,127.14,278.6,1,Start,Finish,241,43.51450810000256,16.36042175002399,359,222,279,57,,,False,
2026-05-12T13:43:06+00:00,43.516929131001234,16.363355331122875,103,2026-05-12T13:47:59.231803+00:00,843,1,2.173,1200.836,130.38,280.961,1,Start,Finish,241,43.51450810000256,16.36042175002399,358,221,280,59,,,False,
2026-05-12T13:43:07+00:00,43.51693284697831,16.36332887224853,102,2026-05-12T13:47:59.231803+00:00,843,1,2.173,1203.009,130.38,280.961,1,Start,Finish,241,43.51450810000256,16.36042175002399,357,221,282,61,,,False,
2026-05-12T13:43:08+00:00,43.51693656295538,16.363302413374186,101,2026-05-12T13:47:59.231803+00:00,843,1,2.173,1205.182,130.38,280.961,1,Start,Finish,241,43.51450810000256,16.36042175002399,356,221,283,62,,,False,
2026-05-12T13:43:09+00:00,43.516941759735346,16.363279153592885,98,2026-05-12T13:47:59.231803+00:00,843,1,1.963,1207.145,117.78,287.124,1,Start,Finish,241,43.51450810000256,16.36042175002399,355,220,285,65,,,False,
2026-05-12T13:43:10+00:00,43.51694695651531,16.363255893811584,96,2026-05-12T13:47:59.231803+00:00,843,1,1.963,1209.107,117.78,287.124,1,Start,Finish,241,43.51450810000256,16.36042175002399,355,220,286,66,,,False,
2026-05-12T13:43:11+00:00,43.51695357821882,16.36323234066367,93,2026-05-12T13:47:59.231803+00:00,843,1,2.037,1211.144,122.22,291.191,1,Start,Finish,241,43.51450810000256,16.36042175002399,354,220,287,67,,,False,
2026-05-12T13:43:12+00:00,43.51696019992232,16.36320828460157,91,2026-05-12T13:47:59.231803+00:00,843,1,2.075,1213.219,124.5,290.786,1,Start,Finish,241,43.51450810000256,16.36042175002399,353,219,287,68,,,False,
2026-05-12T13:43:13+00:00,43.51696682162583,16.363184228539467,89,2026-05-12T13:47:59.231803+00:00,843,1,2.075,1215.294,124.5,290.786,1,Start,Finish,241,43.51450810000256,16.36042175002399,353,219,288,69,,,False,
2026-05-12T13:43:14+00:00,43.516971711069345,16.363160088658333,89,2026-05-12T13:47:59.231803+00:00,843,1,2.021,1217.315,121.26,285.606,1,Start,Finish,241,43.51450810000256,16.36042175002399,352,219,289,70,,,False,
2026-05-12T13:43:15+00:00,43.51697660051286,16.3631359487772,90,2026-05-12T13:47:59.231803+00:00,843,1,2.021,1219.336,121.26,285.606,1,Start,Finish,241,43.51450810000256,16.36042175002399,351,219,289,70,,,False,
2026-05-12T13:43:16+00:00,43.51698148995638,16.363111808896065,90,2026-05-12T13:47:59.231803+00:00,843,1,2.021,1221.357,121.26,285.606,1,Start,Finish,241,43.51450810000256,16.36042175002399,350,218,288,70,,,False,
2026-05-12T13:43:17+00:00,43.51698748301715,16.363089554943144,91,2026-05-12T13:47:59.231803+00:00,843,1,1.914,1223.271,114.84,290.373,1,Start,Finish,241,43.51450810000256,16.36042175002399,350,218,288,70,,,False,
2026-05-12T13:43:18+00:00,43.516993476077914,16.363067300990224,92,2026-05-12T13:47:59.231803+00:00,843,1,1.914,1225.185,114.84,290.373,1,Start,Finish,241,43.51450810000256,16.36042175002399,349,218,287,69,,,False,
2026-05-12T13:43:19+00:00,43.51699946913868,16.363045047037303,93,2026-05-12T13:47:59.231803+00:00,843,1,1.914,1227.099,114.84,290.373,1,Start,Finish,241,43.51450810000256,16.36042175002399,349,217,287,70,,,False,
2026-05-12T13:43:20+00:00,43.51700546219945,16.363022793084383,94,2026-05-12T13:47:59.231803+00:00,843,1,1.914,1229.014,114.84,290.373,1,Start,Finish,241,43.51450810000256,16.36042175002399,348,217,287,70,,,False,
2026-05-12T13:43:21+00:00,43.51700973697007,16.36299946345389,94,2026-05-12T13:47:59.231803+00:00,843,1,1.94,1230.954,116.4,284.181,1,Start,Finish,241,43.51450810000256,16.36042175002399,347,217,287,70,,,False,
2026-05-12T13:43:22+00:00,43.517014011740685,16.362976133823395,95,2026-05-12T13:47:59.231803+00:00,843,1,1.94,1232.894,116.4,284.181,1,Start,Finish,241,43.51450810000256,16.36042175002399,347,216,287,71,,,False,
2026-05-12T13:43:23+00:00,43.5170182865113,16.3629528041929,96,2026-05-12T13:47:59.231803+00:00,843,1,1.94,1234.835,116.4,284.181,1,Start,Finish,241,43.51450810000256,16.36042175002399,346,216,286,70,,,False,
2026-05-12T13:43:24+00:00,43.51702256128192,16.362929474562407,96,2026-05-12T13:47:59.231803+00:00,843,1,1.94,1236.775,116.4,284.181,1,Start,Finish,241,43.51450810000256,16.36042175002399,345,216,286,70,,,False,
2026-05-12T13:43:25+00:00,43.51702683605254,16.362906144931912,96,2026-05-12T13:47:59.231803+00:00,843,1,1.94,1238.715,116.4,284.181,1,Start,Finish,241,43.51450810000256,16.36042175002399,344,216,286,70,,,False,
2026-05-12T13:43:26+00:00,43.517031110823154,16.36288281530142,97,2026-05-12T13:47:59.231803+00:00,843,1,1.94,1240.656,116.4,284.181,1,Start,Finish,241,43.51450810000256,16.36042175002399,344,215,285,70,,,False,
2026-05-12T13:43:27+00:00,43.51703580468893,16.362858591601253,98,2026-05-12T13:47:59.231803+00:00,843,1,2.022,1242.677,121.32,284.96,1,Start,Finish,241,43.51450810000256,16.36042175002399,343,215,286,71,,,False,
2026-05-12T13:43:28+00:00,43.51704130880535,16.362834577448666,99,2026-05-12T13:47:59.231803+00:00,843,1,2.031,1244.708,121.86,287.54,1,Start,Finish,241,43.51450810000256,16.36042175002399,342,215,286,71,,,False,
2026-05-12T13:43:29+00:00,43.51704681292176,16.36281056329608,99,2026-05-12T13:47:59.231803+00:00,843,1,2.031,1246.739,121.86,287.54,1,Start,Finish,241,43.51450810000256,16.36042175002399,342,214,286,72,,,False,
2026-05-12T13:43:30+00:00,43.51705231703818,16.362786549143493,100,2026-05-12T13:47:59.231803+00:00,843,1,2.031,1248.77,121.86,287.54,1,Start,Finish,241,43.51450810000256,16.36042175002399,341,214,288,74,,,False,
2026-05-12T13:43:31+00:00,43.517057821154594,16.362762534990907,101,2026-05-12T13:47:59.231803+00:00,843,1,2.031,1250.801,121.86,287.54,1,Start,Finish,241,43.51450810000256,16.36042175002399,341,214,289,75,,,False,
2026-05-12T13:43:32+00:00,43.51706332527101,16.36273852083832,101,2026-05-12T13:47:59.231803+00:00,843,1,2.031,1252.831,121.86,287.54,1,Start,Finish,241,43.51450810000256,16.36042175002399,340,213,290,77,,,False,
2026-05-12T13:43:33+00:00,43.517068829387426,16.362714506685734,102,2026-05-12T13:47:59.231803+00:00,843,1,2.031,1254.862,121.86,287.54,1,Start,Finish,241,43.51450810000256,16.36042175002399,339,213,291,78,,,False,
2026-05-12T13:43:34+00:00,43.517076725140214,16.36269078589976,101,2026-05-12T13:47:59.231803+00:00,843,1,2.105,1256.967,126.3,294.656,1,Start,Finish,241,43.51450810000256,16.36042175002399,339,213,291,78,,,False,
2026-05-12T13:43:35+00:00,43.517084620893,16.362667065113783,101,2026-05-12T13:47:59.231803+00:00,843,1,2.105,1259.071,126.3,294.656,1,Start,Finish,241,43.51450810000256,16.36042175002399,339,212,292,80,,,False,
2026-05-12T13:43:36+00:00,43.51709251664579,16.362643344327807,100,2026-05-12T13:47:59.231803+00:00,843,1,2.105,1261.176,126.3,294.656,1,Start,Finish,241,43.51450810000256,16.36042175002399,339,212,292,80,,,False,
2026-05-12T13:43:37+00:00,43.51710041239858,16.362619623541832,100,2026-05-12T13:47:59.231803+00:00,843,1,2.105,1263.281,126.3,294.656,1,Start,Finish,241,43.51450810000256,16.36042175002399,338,212,292,80,,,False,
2026-05-12T13:43:38+00:00,43.51710830815136,16.362595902755857,99,2026-05-12T13:47:59.231803+00:00,843,1,2.105,1265.385,126.3,294.656,1,Start,Finish,241,43.51450810000256,16.36042175002399,338,211,292,81,,,False,
2026-05-12T13:43:39+00:00,43.51711400784552,16.3625711761415,98,2026-05-12T13:47:59.231803+00:00,843,1,2.092,1267.477,125.52,287.634,1,Start,Finish,241,43.51450810000256,16.36042175002399,338,211,292,81,,,False,
2026-05-12T13:43:40+00:00,43.51712081814185,16.3625456742011,99,2026-05-12T13:47:59.231803+00:00,843,1,2.191,1269.669,131.46,290.217,1,Start,Finish,241,43.51450810000256,16.36042175002399,337,211,292,81,,,False,
2026-05-12T13:43:41+00:00,43.517127628438175,16.3625201722607,100,2026-05-12T13:47:59.231803+00:00,843,1,2.191,1271.86,131.46,290.217,1,Start,Finish,241,43.51450810000256,16.36042175002399,337,210,291,81,,,False,
2026-05-12T13:43:42+00:00,43.5171344387345,16.362494670320302,101,2026-05-12T13:47:59.231803+00:00,843,1,2.191,1274.051,131.46,290.217,1,Start,Finish,241,43.51450810000256,16.36042175002399,336,210,291,81,,,False,
2026-05-12T13:43:43+00:00,43.51714124903083,16.362469168379903,102,2026-05-12T13:47:59.231803+00:00,843,1,2.191,1276.243,131.46,290.217,1,Start,Finish,241,43.51450810000256,16.36042175002399,336,209,291,82,,,False,
2026-05-12T13:43:44+00:00,43.51714812219143,16.362445950508118,102,2026-05-12T13:47:59.231803+00:00,843,1,2.022,1278.265,121.32,292.206,1,Start,Finish,241,43.51450810000256,16.36042175002399,336,209,291,82,,,False,
2026-05-12T13:43:45+00:00,43.51715499535203,16.362422732636333,101,2026-05-12T13:47:59.231803+00:00,843,1,2.022,1280.287,121.32,292.206,1,Start,Finish,241,43.51450810000256,16.36042175002399,336,209,292,83,,,False,
2026-05-12T13:43:46+00:00,43.51716186851263,16.362399514764547,100,2026-05-12T13:47:59.231803+00:00,843,1,2.022,1282.309,121.32,292.206,1,Start,Finish,241,43.51450810000256,16.36042175002399,335,208,292,84,,,False,
2026-05-12T13:43:47+00:00,43.51716874167323,16.362376296892762,100,2026-05-12T13:47:59.231803+00:00,843,1,2.022,1284.331,121.32,292.206,1,Start,Finish,241,43.51450810000256,16.36042175002399,335,208,292,84,,,False,
2026-05-12T13:43:48+00:00,43.51717561483383,16.362353079020977,100,2026-05-12T13:47:59.231803+00:00,843,1,2.022,1286.354,121.32,292.206,1,Start,Finish,241,43.51450810000256,16.36042175002399,335,208,293,85,,,False,
2026-05-12T13:43:49+00:00,43.51718248799443,16.362329861149192,99,2026-05-12T13:47:59.231803+00:00,843,1,2.022,1288.376,121.32,292.206,1,Start,Finish,241,43.51450810000256,16.36042175002399,335,207,293,86,,,False,
2026-05-12T13:43:50+00:00,43.517189444974065,16.362305218353868,96,2026-05-12T13:47:59.231803+00:00,843,1,2.132,1290.508,127.92,291.271,1,Start,Finish,241,43.51450810000256,16.36042175002399,335,207,294,87,,,False,
2026-05-12T13:43:51+00:00,43.51719711441547,16.36228162329644,96,2026-05-12T13:47:59.231803+00:00,843,1,2.085,1292.593,125.1,294.144,1,Start,Finish,241,43.51450810000256,16.36042175002399,335,207,294,87,,,False,
2026-05-12T13:43:52+00:00,43.51720478385687,16.36225802823901,95,2026-05-12T13:47:59.231803+00:00,843,1,2.085,1294.678,125.1,294.144,1,Start,Finish,241,43.51450810000256,16.36042175002399,334,206,293,87,,,False,
2026-05-12T13:43:53+00:00,43.51721246726811,16.362236849963665,96,2026-05-12T13:47:59.231803+00:00,843,1,1.91,1296.588,114.6,296.579,1,Start,Finish,241,43.51450810000256,16.36042175002399,334,206,293,87,,,False,
2026-05-12T13:43:54+00:00,43.51722015067935,16.36221567168832,98,2026-05-12T13:47:59.231803+00:00,843,1,1.91,1298.497,114.6,296.579,1,Start,Finish,241,43.51450810000256,16.36042175002399,334,206,292,86,,,False,
2026-05-12T13:43:55+00:00,43.51722783409059,16.36219449341297,99,2026-05-12T13:47:59.231803+00:00,843,1,1.91,1300.407,114.6,296.579,1,Start,Finish,241,43.51450810000256,16.36042175002399,335,205,291,86,,,False,
2026-05-12T13:43:56+00:00,43.51723339408636,16.36216820217669,99,2026-05-12T13:47:59.231803+00:00,843,1,2.208,1302.615,132.48,286.258,1,Start,Finish,241,43.51450810000256,16.36042175002399,334,205,291,86,,,False,
2026-05-12T13:43:57+00:00,43.51723895408213,16.36214191094041,99,2026-05-12T13:47:59.231803+00:00,843,1,2.208,1304.823,132.48,286.258,1,Start,Finish,241,43.51450810000256,16.36042175002399,334,205,290,85,,,False,
2026-05-12T13:43:58+00:00,43.5172445140779,16.362115619704127,99,2026-05-12T13:47:59.231803+00:00,843,1,2.208,1307.031,132.48,286.258,1,Start,Finish,241,43.51450810000256,16.36042175002399,334,204,289,85,,,False,
2026-05-12T13:43:59+00:00,43.51725007407367,16.362089328467846,99,2026-05-12T13:47:59.231803+00:00,843,1,2.208,1309.24,132.48,286.258,1,Start,Finish,241,43.51450810000256,16.36042175002399,333,204,289,85,,,False,
2026-05-12T13:44:00+00:00,43.51725563406944,16.362063037231565,99,2026-05-12T13:47:59.231803+00:00,843,1,2.208,1311.448,132.48,286.258,1,Start,Finish,241,43.51450810000256,16.36042175002399,333,203,288,85,,,False,
2026-05-12T13:44:01+00:00,43.51726119406521,16.362036745995283,99,2026-05-12T13:47:59.231803+00:00,843,1,2.208,1313.656,132.48,286.258,1,Start,Finish,241,43.51450810000256,16.36042175002399,333,203,288,85,,,False,
2026-05-12T13:44:02+00:00,43.517268151044846,16.36201210319996,98,2026-05-12T13:47:59.231803+00:00,843,1,2.132,1315.789,127.92,291.271,1,Start,Finish,241,43.51450810000256,16.36042175002399,333,203,289,86,,,False,
2026-05-12T13:44:03+00:00,43.51727510802448,16.361987460404634,97,2026-05-12T13:47:59.231803+00:00,843,1,2.132,1317.921,127.92,291.271,1,Start,Finish,241,43.51450810000256,16.36042175002399,333,202,289,87,,,False,
2026-05-12T13:44:04+00:00,43.51728206500411,16.36196281760931,97,2026-05-12T13:47:59.231803+00:00,843,1,2.132,1320.053,127.92,291.271,1,Start,Finish,241,43.51450810000256,16.36042175002399,333,202,290,88,,,False,
2026-05-12T13:44:05+00:00,43.51728902198374,16.361938174813986,96,2026-05-12T13:47:59.231803+00:00,843,1,2.132,1322.186,127.92,291.271,1,Start,Finish,241,43.51450810000256,16.36042175002399,333,202,289,87,,,False,
2026-05-12T13:44:06+00:00,43.517295978963375,16.36191353201866,95,2026-05-12T13:47:59.231803+00:00,843,1,2.132,1324.318,127.92,291.271,1,Start,Finish,241,43.51450810000256,16.36042175002399,333,201,289,88,,,False,
2026-05-12T13:44:07+00:00,43.51730193011463,16.361888805404305,92,2026-05-12T13:47:59.231803+00:00,843,1,2.101,1326.419,126.06,288.361,1,Start,Finish,241,43.51450810000256,16.36042175002399,332,201,288,87,,,False,
2026-05-12T13:44:08+00:00,43.51730788126588,16.36186407878995,90,2026-05-12T13:47:59.231803+00:00,843,1,2.101,1328.52,126.06,288.361,1,Start,Finish,241,43.51450810000256,16.36042175002399,332,200,288,88,,,False,
2026-05-12T13:44:09+00:00,43.51731131784618,16.361840944737196,88,2026-05-12T13:47:59.231803+00:00,843,1,1.904,1330.424,114.24,281.577,1,Start,Finish,241,43.51450810000256,16.36042175002399,332,200,288,88,,,False,
2026-05-12T13:44:10+00:00,43.51731475442648,16.361817810684443,86,2026-05-12T13:47:59.231803+00:00,843,1,1.904,1332.328,114.24,281.577,1,Start,Finish,241,43.51450810000256,16.36042175002399,332,200,288,88,,,False,
2026-05-12T13:44:11+00:00,43.51732053793967,16.36179610155523,84,2026-05-12T13:47:59.231803+00:00,843,1,1.865,1334.193,111.9,290.172,1,Start,Finish,241,43.51450810000256,16.36042175002399,332,200,288,88,,,False,
2026-05-12T13:44:12+00:00,43.51732661481947,16.3617725064978,86,2026-05-12T13:47:59.231803+00:00,843,1,2.019,1336.212,121.14,289.553,1,Start,Finish,241,43.51450810000256,16.36042175002399,332,199,287,88,,,False,
2026-05-12T13:44:13+00:00,43.517332691699266,16.361748911440372,88,2026-05-12T13:47:59.231803+00:00,843,1,2.019,1338.231,121.14,289.553,1,Start,Finish,241,43.51450810000256,16.36042175002399,332,199,287,88,,,False,
2026-05-12T13:44:14+00:00,43.517339774407446,16.361723807640374,90,2026-05-12T13:47:59.231803+00:00,843,1,2.172,1340.403,130.32,291.259,1,Start,Finish,241,43.51450810000256,16.36042175002399,332,198,286,88,,,False,
2026-05-12T13:44:15+00:00,43.517346857115626,16.361698703840375,91,2026-05-12T13:47:59.231803+00:00,843,1,2.172,1342.575,130.32,291.259,1,Start,Finish,241,43.51450810000256,16.36042175002399,332,198,287,89,,,False,
2026-05-12T13:44:16+00:00,43.51735096424818,16.361674647778273,90,2026-05-12T13:47:59.231803+00:00,843,1,1.993,1344.568,119.58,283.248,1,Start,Finish,241,43.51450810000256,16.36042175002399,332,198,286,88,,,False,
2026-05-12T13:44:17+00:00,43.517355071380734,16.36165059171617,90,2026-05-12T13:47:59.231803+00:00,843,1,1.993,1346.56,119.58,283.248,1,Start,Finish,241,43.51450810000256,16.36042175002399,332,197,285,88,,,False,
2026-05-12T13:44:18+00:00,43.517358801327646,16.36162620037794,88,2026-05-12T13:47:59.231803+00:00,843,1,2.01,1348.571,120.6,281.908,1,Start,Finish,241,43.51450810000256,16.36042175002399,332,197,285,88,,,False,
2026-05-12T13:44:19+00:00,43.51736253127456,16.361601809039712,87,2026-05-12T13:47:59.231803+00:00,843,1,2.01,1350.581,120.6,281.908,1,Start,Finish,241,43.51450810000256,16.36042175002399,331,197,284,87,,,False,
2026-05-12T13:44:20+00:00,43.51736655458808,16.361578297801316,87,2026-05-12T13:47:59.231803+00:00,843,1,1.948,1352.528,116.88,283.278,1,Start,Finish,241,43.51450810000256,16.36042175002399,331,196,284,88,,,False,
2026-05-12T13:44:21+00:00,43.5173705779016,16.36155478656292,88,2026-05-12T13:47:59.231803+00:00,843,1,1.948,1354.476,116.88,283.278,1,Start,Finish,241,43.51450810000256,16.36042175002399,331,196,284,88,,,False,
2026-05-12T13:44:22+00:00,43.51737460121512,16.361531275324523,88,2026-05-12T13:47:59.231803+00:00,843,1,1.948,1356.424,116.88,283.278,1,Start,Finish,241,43.51450810000256,16.36042175002399,331,196,284,88,,,False,
2026-05-12T13:44:23+00:00,43.51737862452865,16.361507764086127,88,2026-05-12T13:47:59.231803+00:00,843,1,1.948,1358.372,116.88,283.278,1,Start,Finish,241,43.51450810000256,16.36042175002399,331,195,284,89,,,False,
2026-05-12T13:44:24+00:00,43.51738264784217,16.36148425284773,89,2026-05-12T13:47:59.231803+00:00,843,1,1.948,1360.32,116.88,283.278,1,Start,Finish,241,43.51450810000256,16.36042175002399,331,195,284,89,,,False,
2026-05-12T13:44:25+00:00,43.51738667115569,16.361460741609335,89,2026-05-12T13:47:59.231803+00:00,843,1,1.948,1362.268,116.88,283.278,1,Start,Finish,241,43.51450810000256,16.36042175002399,331,195,283,88,,,False,
2026-05-12T13:44:26+00:00,43.51739195175469,16.36144024785608,90,2026-05-12T13:47:59.231803+00:00,843,1,1.754,1364.022,105.24,289.561,1,Start,Finish,241,43.51450810000256,16.36042175002399,331,194,283,89,,,False,
2026-05-12T13:44:27+00:00,43.51739723235369,16.361419754102826,92,2026-05-12T13:47:59.231803+00:00,843,1,1.754,1365.775,105.24,289.561,1,Start,Finish,241,43.51450810000256,16.36042175002399,331,194,283,89,,,False,
2026-05-12T13:44:28+00:00,43.51739986427128,16.36139822937548,92,2026-05-12T13:47:59.231803+00:00,843,1,1.76,1367.535,105.6,279.571,1,Start,Finish,241,43.51450810000256,16.36042175002399,331,194,283,89,,,False,
2026-05-12T13:44:29+00:00,43.51740249618888,16.361376704648137,92,2026-05-12T13:47:59.231803+00:00,843,1,1.76,1369.296,105.6,279.571,1,Start,Finish,241,43.51450810000256,16.36042175002399,331,193,282,89,,,False,
2026-05-12T13:44:30+00:00,43.517405128106475,16.361355179920793,91,2026-05-12T13:47:59.231803+00:00,843,1,1.76,1371.056,105.6,279.571,1,Start,Finish,241,43.51450810000256,16.36042175002399,331,193,282,89,,,False,
2026-05-12T13:44:31+00:00,43.51740776002407,16.361333655193448,91,2026-05-12T13:47:59.231803+00:00,843,1,1.76,1372.816,105.6,279.571,1,Start,Finish,241,43.51450810000256,16.36042175002399,331,193,282,89,,,False,
2026-05-12T13:44:32+00:00,43.51741039194167,16.361312130466104,91,2026-05-12T13:47:59.231803+00:00,843,1,1.76,1374.576,105.6,279.571,1,Start,Finish,241,43.51450810000256,16.36042175002399,331,193,280,87,,,False,
2026-05-12T13:44:33+00:00,43.51741508580744,16.361287906765938,90,2026-05-12T13:47:59.231803+00:00,843,1,2.022,1376.598,121.32,284.961,1,Start,Finish,241,43.51450810000256,16.36042175002399,331,192,279,87,,,False,
2026-05-12T13:44:34+00:00,43.51741751655936,16.361261839047074,91,2026-05-12T13:47:59.231803+00:00,843,1,2.119,1378.717,127.14,277.327,1,Start,Finish,241,43.51450810000256,16.36042175002399,331,192,279,87,,,False,
2026-05-12T13:44:35+00:00,43.51741994731128,16.36123577132821,92,2026-05-12T13:47:59.231803+00:00,843,1,2.119,1380.836,127.14,277.327,1,Start,Finish,241,43.51450810000256,16.36042175002399,330,191,279,88,,,False,
2026-05-12T13:44:36+00:00,43.5174223780632,16.361209703609347,93,2026-05-12T13:47:59.231803+00:00,843,1,2.119,1382.956,127.14,277.327,1,Start,Finish,241,43.51450810000256,16.36042175002399,330,191,279,88,,,False,
2026-05-12T13:44:37+00:00,43.51742480881512,16.361183635890484,94,2026-05-12T13:47:59.231803+00:00,843,1,2.119,1385.075,127.14,277.327,1,Start,Finish,241,43.51450810000256,16.36042175002399,330,191,280,89,,,False,
2026-05-12T13:44:38+00:00,43.51742723956704,16.36115756817162,95,2026-05-12T13:47:59.231803+00:00,843,1,2.119,1387.194,127.14,277.327,1,Start,Finish,241,43.51450810000256,16.36042175002399,330,190,281,91,,,False,
2026-05-12T13:44:39+00:00,43.51742967031896,16.36113066226244,98,2026-05-12T13:47:59.231803+00:00,843,1,2.186,1389.381,131.16,277.101,1,Start,Finish,241,43.51450810000256,16.36042175002399,330,190,282,92,,,False,
2026-05-12T13:44:40+00:00,43.51743352599442,16.361106941476464,98,2026-05-12T13:47:59.231803+00:00,843,1,1.96,1391.341,117.6,282.634,1,Start,Finish,241,43.51450810000256,16.36042175002399,330,190,283,93,,,False,
2026-05-12T13:44:41+00:00,43.517438638955355,16.361084561794996,97,2026-05-12T13:47:59.231803+00:00,843,1,1.892,1393.233,113.52,287.487,1,Start,Finish,241,43.51450810000256,16.36042175002399,330,189,283,94,,,False,
2026-05-12T13:44:42+00:00,43.51744375191629,16.36106218211353,96,2026-05-12T13:47:59.231803+00:00,843,1,1.892,1395.125,113.52,287.487,1,Start,Finish,241,43.51450810000256,16.36042175002399,330,189,284,95,,,False,
2026-05-12T13:44:43+00:00,43.517448864877224,16.36103980243206,95,2026-05-12T13:47:59.231803+00:00,843,1,1.892,1397.017,113.52,287.487,1,Start,Finish,241,43.51450810000256,16.36042175002399,331,189,284,95,,,False,
2026-05-12T13:44:44+00:00,43.51745397783816,16.361017422750592,94,2026-05-12T13:47:59.231803+00:00,843,1,1.892,1398.909,113.52,287.487,1,Start,Finish,241,43.51450810000256,16.36042175002399,331,188,285,97,,,False,
2026-05-12T13:44:45+00:00,43.517458839342,16.360994037240744,93,2026-05-12T13:47:59.231803+00:00,843,1,1.962,1400.87,117.72,285.996,1,Start,Finish,241,43.51450810000256,16.36042175002399,331,188,285,97,,,False,
2026-05-12T13:44:46+00:00,43.5174630722031,16.36097051203251,94,2026-05-12T13:47:59.231803+00:00,843,1,1.954,1402.825,117.24,283.935,1,Start,Finish,241,43.51450810000256,16.36042175002399,332,188,285,97,,,False,
2026-05-12T13:44:47+00:00,43.5174673050642,16.360946986824274,95,2026-05-12T13:47:59.231803+00:00,843,1,1.954,1404.779,117.24,283.935,1,Start,Finish,241,43.51450810000256,16.36042175002399,332,187,284,97,,,False,
2026-05-12T13:44:48+00:00,43.5174715379253,16.36092346161604,96,2026-05-12T13:47:59.231803+00:00,843,1,1.954,1406.734,117.24,283.935,1,Start,Finish,241,43.51450810000256,16.36042175002399,332,187,282,95,,,False,
2026-05-12T13:44:49+00:00,43.517475770786405,16.360899936407804,96,2026-05-12T13:47:59.231803+00:00,843,1,1.954,1408.688,117.24,283.935,1,Start,Finish,241,43.51450810000256,16.36042175002399,332,187,282,95,,,False,
2026-05-12T13:44:50+00:00,43.517480003647506,16.36087641119957,97,2026-05-12T13:47:59.231803+00:00,843,1,1.954,1410.643,117.24,283.935,1,Start,Finish,241,43.51450810000256,16.36042175002399,332,186,280,94,,,False,
2026-05-12T13:44:51+00:00,43.51748423650861,16.360852885991335,98,2026-05-12T13:47:59.231803+00:00,843,1,1.954,1412.597,117.24,283.935,1,Start,Finish,241,43.51450810000256,16.36042175002399,333,186,279,93,,,False,
2026-05-12T13:44:52+00:00,43.51748437061906,16.360827405005693,98,2026-05-12T13:47:59.231803+00:00,843,1,2.055,1414.652,123.3,270.416,1,Start,Finish,241,43.51450810000256,16.36042175002399,333,186,277,91,,,False,
2026-05-12T13:44:53+00:00,43.51748450472951,16.360801924020052,99,2026-05-12T13:47:59.231803+00:00,843,1,2.055,1416.707,123.3,270.416,1,Start,Finish,241,43.51450810000256,16.36042175002399,332,185,276,91,,,False,
2026-05-12T13:44:54+00:00,43.51748463883996,16.36077644303441,99,2026-05-12T13:47:59.231803+00:00,843,1,2.055,1418.761,123.3,270.416,1,Start,Finish,241,43.51450810000256,16.36042175002399,332,185,273,88,,,False,
2026-05-12T13:44:55+00:00,43.51748477295041,16.36075096204877,100,2026-05-12T13:47:59.231803+00:00,843,1,2.055,1420.816,123.3,270.416,1,Start,Finish,241,43.51450810000256,16.36042175002399,332,185,272,87,,,False,
2026-05-12T13:44:56+00:00,43.51748490706086,16.360725481063128,100,2026-05-12T13:47:59.231803+00:00,843,1,2.055,1422.871,123.3,270.416,1,Start,Finish,241,43.51450810000256,16.36042175002399,332,184,271,87,,,False,
2026-05-12T13:44:57+00:00,43.5174844879657,16.360700000077486,98,2026-05-12T13:47:59.231803+00:00,843,1,2.055,1424.926,123.3,268.701,1,Start,Finish,241,43.51450810000256,16.36042175002399,332,184,271,87,,,False,
2026-05-12T13:44:58+00:00,43.517484068870544,16.360674519091845,95,2026-05-12T13:47:59.231803+00:00,843,1,2.055,1426.981,123.3,268.701,1,Start,Finish,241,43.51450810000256,16.36042175002399,332,184,271,87,,,False,
2026-05-12T13:44:59+00:00,43.51748566143215,16.36064895428717,92,2026-05-12T13:47:59.231803+00:00,843,1,2.069,1429.05,124.14,274.91,1,Start,Finish,241,43.51450810000256,16.36042175002399,332,183,271,88,,,False,
2026-05-12T13:45:00+00:00,43.51748616434634,16.360624353401363,88,2026-05-12T13:47:59.231803+00:00,843,1,1.984,1431.035,119.04,271.615,1,Start,Finish,241,43.51450810000256,16.36042175002399,332,183,271,88,,,False,
2026-05-12T13:45:01+00:00,43.51748666726053,16.360599752515554,85,2026-05-12T13:47:59.231803+00:00,843,1,1.984,1433.019,119.04,271.615,1,Start,Finish,241,43.51450810000256,16.36042175002399,332,182,271,89,,,False,
2026-05-12T13:45:02+00:00,43.517486904747784,16.360578294843435,86,2026-05-12T13:47:59.231803+00:00,843,1,1.73,1434.749,103.8,270.874,1,Start,Finish,241,43.51450810000256,16.36042175002399,331,182,271,89,,,False,
2026-05-12T13:45:03+00:00,43.51748714223504,16.360556837171316,86,2026-05-12T13:47:59.231803+00:00,843,1,1.73,1436.48,103.8,270.874,1,Start,Finish,241,43.51450810000256,16.36042175002399,331,182,272,90,,,False,
2026-05-12T13:45:04+00:00,43.5174873797223,16.360535379499197,87,2026-05-12T13:47:59.231803+00:00,843,1,1.73,1438.21,103.8,270.874,1,Start,Finish,241,43.51450810000256,16.36042175002399,331,182,273,91,,,False,
2026-05-12T13:45:05+00:00,43.517487617209554,16.360513921827078,88,2026-05-12T13:47:59.231803+00:00,843,1,1.73,1439.941,103.8,270.874,1,Start,Finish,241,43.51450810000256,16.36042175002399,331,181,273,92,,,False,
2026-05-12T13:45:06+00:00,43.51748785469681,16.36049246415496,88,2026-05-12T13:47:59.231803+00:00,843,1,1.73,1441.671,103.8,270.874,1,Start,Finish,241,43.51450810000256,16.36042175002399,331,181,273,92,,,False,
2026-05-12T13:45:07+00:00,43.51748809218407,16.36047100648284,89,2026-05-12T13:47:59.231803+00:00,843,1,1.73,1443.402,103.8,270.874,1,Start,Finish,241,43.51450810000256,16.36042175002399,331,181,273,92,,,False,
2026-05-12T13:45:08+00:00,43.51749085821211,16.360447201877832,90,2026-05-12T13:47:59.231803+00:00,843,1,1.944,1445.346,116.64,279.103,1,Start,Finish,241,43.51450810000256,16.36042175002399,332,180,274,94,,,False,
2026-05-12T13:45:09+00:00,43.517492869868875,16.36042253114283,89,2026-05-12T13:47:59.231803+00:00,843,1,2.002,1447.347,120.12,276.416,1,Start,Finish,241,43.51450810000256,16.36042175002399,332,180,274,94,,,False,
2026-05-12T13:45:10+00:00,43.51749488152563,16.36039786040783,87,2026-05-12T13:47:59.231803+00:00,843,1,2.002,1449.349,120.12,276.416,1,Start,Finish,241,43.51450810000256,16.36042175002399,332,180,274,94,,,False,
2026-05-12T13:45:11+00:00,43.5174968931824,16.360373189672828,86,2026-05-12T13:47:59.231803+00:00,843,1,2.002,1451.351,120.12,276.416,1,Start,Finish,241,43.51450810000256,16.36042175002399,332,179,275,96,,,False,
2026-05-12T13:45:12+00:00,43.51749844383448,16.360346598085016,87,2026-05-12T13:47:59.231803+00:00,843,1,2.151,1453.502,129.06,274.598,1,Start,Finish,241,43.51450810000256,16.36042175002399,333,179,276,97,,,False,
2026-05-12T13:45:13+00:00,43.51749999448657,16.360320006497204,88,2026-05-12T13:47:59.231803+00:00,843,1,2.151,1455.653,129.06,274.598,1,Start,Finish,241,43.51450810000256,16.36042175002399,333,179,276,97,,,False,
2026-05-12T13:45:14+00:00,43.51750154513866,16.360293414909393,88,2026-05-12T13:47:59.231803+00:00,843,1,2.151,1457.804,129.06,274.598,1,Start,Finish,241,43.51450810000256,16.36042175002399,333,178,276,98,,,False,
2026-05-12T13:45:15+00:00,43.517503095790744,16.36026682332158,89,2026-05-12T13:47:59.231803+00:00,843,1,2.151,1459.956,129.06,274.598,1,Start,Finish,241,43.51450810000256,16.36042175002399,333,178,275,97,,,False,
2026-05-12T13:45:16+00:00,43.51750523317605,16.360244192183018,90,2026-05-12T13:47:59.231803+00:00,843,1,1.84,1461.796,110.4,277.42,1,Start,Finish,241,43.51450810000256,16.36042175002399,334,178,273,95,,,False,
2026-05-12T13:45:17+00:00,43.51750737056136,16.360221561044455,90,2026-05-12T13:47:59.231803+00:00,843,1,1.84,1463.636,110.4,277.42,1,Start,Finish,241,43.51450810000256,16.36042175002399,334,177,265,88,,,False,
2026-05-12T13:45:18+00:00,43.51750950794667,16.36019892990589,91,2026-05-12T13:47:59.231803+00:00,843,1,1.84,1465.476,110.4,277.42,1,Start,Finish,241,43.51450810000256,16.36042175002399,334,177,255,78,,,False,
2026-05-12T13:45:19+00:00,43.51751164533198,16.36017629876733,92,2026-05-12T13:47:59.231803+00:00,843,1,1.84,1467.317,110.4,277.42,1,Start,Finish,241,43.51450810000256,16.36042175002399,335,177,247,70,,,False,
2026-05-12T13:45:20+00:00,43.5175095917657,16.360156307928264,90,2026-05-12T13:47:59.231803+00:00,843,1,1.628,1468.945,97.68,261.937,1,Start,Finish,241,43.51450810000256,16.36042175002399,334,176,238,62,,,False,
2026-05-12T13:45:21+00:00,43.517507538199425,16.3601363170892,89,2026-05-12T13:47:59.231803+00:00,843,1,1.628,1470.573,97.68,261.937,1,Start,Finish,241,43.51450810000256,16.36042175002399,334,176,234,58,,,False,
2026-05-12T13:45:22+00:00,43.51750150322914,16.3601207267493,89,2026-05-12T13:47:59.231803+00:00,843,1,1.425,1471.998,85.5,241.906,1,Start,Finish,241,43.51450810000256,16.36042175002399,334,176,224,48,,,False,
2026-05-12T13:45:23+00:00,43.51749261841178,16.360116116702557,92,2026-05-12T13:47:59.231803+00:00,843,1,1.056,1473.053,63.36,200.62,1,Start,Finish,241,43.51450810000256,16.36042175002399,333,176,219,43,,,False,
2026-05-12T13:45:24+00:00,43.51748373359442,16.360111506655812,94,2026-05-12T13:47:59.231803+00:00,843,1,1.056,1474.109,63.36,200.62,1,Start,Finish,241,43.51450810000256,16.36042175002399,332,176,214,38,,,False,
2026-05-12T13:45:25+00:00,43.51747359149158,16.360115949064493,97,2026-05-12T13:47:59.231803+00:00,843,1,1.183,1475.292,70.98,162.378,1,Start,Finish,241,43.51450810000256,16.36042175002399,331,176,209,33,,,False,
2026-05-12T13:45:26+00:00,43.517458252608776,16.36011879891157,102,2026-05-12T13:47:59.231803+00:00,843,1,1.721,1477.013,103.26,172.327,1,Start,Finish,241,43.51450810000256,16.36042175002399,329,176,201,25,,,False,
2026-05-12T13:45:27+00:00,43.51744199171662,16.360120098106563,105,2026-05-12T13:47:59.231803+00:00,843,1,1.811,1478.824,108.66,176.684,1,Start,Finish,241,43.51450810000256,16.36042175002399,327,176,193,17,,,False,
2026-05-12T13:45:28+00:00,43.51742573082447,16.360121397301555,108,2026-05-12T13:47:59.231803+00:00,843,1,1.811,1480.636,108.66,176.684,1,Start,Finish,241,43.51450810000256,16.36042175002399,325,176,182,6,,,False,
2026-05-12T13:45:29+00:00,43.51740653626621,16.360125923529267,111,2026-05-12T13:47:59.231803+00:00,843,1,2.165,1482.801,129.9,170.296,1,Start,Finish,241,43.51450810000256,16.36042175002399,323,176,177,1,,,False,
2026-05-12T13:45:30+00:00,43.51738918572664,16.3601294439286,114,2026-05-12T13:47:59.231803+00:00,843,1,1.95,1484.751,117.0,171.63,1,Start,Finish,241,43.51450810000256,16.36042175002399,321,176,173,3,,,False,
2026-05-12T13:45:31+00:00,43.51737183518708,16.36013296432793,116,2026-05-12T13:47:59.231803+00:00,843,1,1.95,1486.701,117.0,171.63,1,Start,Finish,241,43.51450810000256,16.36042175002399,319,176,175,1,,,False,
2026-05-12T13:45:32+00:00,43.51735427509993,16.36013501789421,117,2026-05-12T13:47:59.231803+00:00,843,1,1.96,1488.661,117.6,175.153,1,Start,Finish,241,43.51450810000256,16.36042175002399,317,176,176,0,,,False,
2026-05-12T13:45:33+00:00,43.51733671501279,16.360137071460485,118,2026-05-12T13:47:59.231803+00:00,843,1,1.96,1490.62,117.6,175.153,1,Start,Finish,241,43.51450810000256,16.36042175002399,315,176,176,0,,,False,
2026-05-12T13:45:34+00:00,43.51731637492776,16.36013662442565,116,2026-05-12T13:47:59.231803+00:00,843,1,2.262,1492.882,135.72,180.913,1,Start,Finish,241,43.51450810000256,16.36042175002399,313,176,177,1,,,False,
2026-05-12T13:45:35+00:00,43.51729603484273,16.360136177390814,113,2026-05-12T13:47:59.231803+00:00,843,1,2.262,1495.144,135.72,180.913,1,Start,Finish,241,43.51450810000256,16.36042175002399,311,176,177,1,,,False,
2026-05-12T13:45:36+00:00,43.5172756947577,16.360135730355978,111,2026-05-12T13:47:59.231803+00:00,843,1,2.262,1497.406,135.72,180.913,1,Start,Finish,241,43.51450810000256,16.36042175002399,309,176,178,2,,,False,
2026-05-12T13:45:37+00:00,43.51725708693266,16.36013673618436,105,2026-05-12T13:47:59.231803+00:00,843,1,2.071,1499.477,124.26,177.755,1,Start,Finish,241,43.51450810000256,16.36042175002399,307,176,178,2,,,False,
2026-05-12T13:45:38+00:00,43.51723747327924,16.360138370655477,102,2026-05-12T13:47:59.231803+00:00,843,1,2.185,1501.662,131.1,176.542,1,Start,Finish,241,43.51450810000256,16.36042175002399,304,176,178,2,,,False,
2026-05-12T13:45:39+00:00,43.517217859625816,16.360140005126595,100,2026-05-12T13:47:59.231803+00:00,843,1,2.185,1503.847,131.1,176.542,1,Start,Finish,241,43.51450810000256,16.36042175002399,302,176,178,2,,,False,
2026-05-12T13:45:40+00:00,43.51719911210239,16.36014148592949,100,2026-05-12T13:47:59.231803+00:00,843,1,2.088,1505.935,125.28,176.722,1,Start,Finish,241,43.51450810000256,16.36042175002399,300,176,177,1,,,False,
2026-05-12T13:45:41+00:00,43.51718036457896,16.360142966732383,100,2026-05-12T13:47:59.231803+00:00,843,1,2.088,1508.023,125.28,176.722,1,Start,Finish,241,43.51450810000256,16.36042175002399,298,176,177,1,,,False,
2026-05-12T13:45:42+00:00,43.517161617055535,16.360144447535276,100,2026-05-12T13:47:59.231803+00:00,843,1,2.088,1510.111,125.28,176.722,1,Start,Finish,241,43.51450810000256,16.36042175002399,296,176,177,1,,,False,
2026-05-12T13:45:43+00:00,43.51714286953211,16.36014592833817,101,2026-05-12T13:47:59.231803+00:00,843,1,2.088,1512.199,125.28,176.722,1,Start,Finish,241,43.51450810000256,16.36042175002399,294,176,177,1,,,False,
2026-05-12T13:45:44+00:00,43.51712412200868,16.360147409141064,101,2026-05-12T13:47:59.231803+00:00,843,1,2.088,1514.287,125.28,176.722,1,Start,Finish,241,43.51450810000256,16.36042175002399,292,176,176,0,,,False,
2026-05-12T13:45:45+00:00,43.517105374485254,16.360148889943957,101,2026-05-12T13:47:59.231803+00:00,843,1,2.088,1516.375,125.28,176.722,1,Start,Finish,241,43.51450810000256,16.36042175002399,290,176,176,0,,,False,
2026-05-12T13:45:46+00:00,43.51708659902215,16.360149895772338,102,2026-05-12T13:47:59.231803+00:00,843,1,2.089,1518.464,125.34,177.775,1,Start,Finish,241,43.51450810000256,16.36042175002399,288,176,176,0,,,False,
2026-05-12T13:45:47+00:00,43.51707071531564,16.360151111148298,100,2026-05-12T13:47:59.231803+00:00,843,1,1.769,1520.233,106.14,176.824,1,Start,Finish,241,43.51450810000256,16.36042175002399,286,176,175,1,,,False,
2026-05-12T13:45:48+00:00,43.51705483160913,16.360152326524258,98,2026-05-12T13:47:59.231803+00:00,843,1,1.769,1522.002,106.14,176.824,1,Start,Finish,241,43.51450810000256,16.36042175002399,284,176,175,1,,,False,
2026-05-12T13:45:49+00:00,43.517037795390934,16.360155364964157,97,2026-05-12T13:47:59.231803+00:00,843,1,1.91,1523.912,114.6,172.631,1,Start,Finish,241,43.51450810000256,16.36042175002399,282,176,174,2,,,False,
2026-05-12T13:45:50+00:00,43.51702075917274,16.360158403404057,96,2026-05-12T13:47:59.231803+00:00,843,1,1.91,1525.822,114.6,172.631,1,Start,Finish,241,43.51450810000256,16.36042175002399,280,176,173,3,,,False,
2026-05-12T13:45:51+00:00,43.51700372295454,16.360161441843957,96,2026-05-12T13:47:59.231803+00:00,843,1,1.91,1527.732,114.6,172.631,1,Start,Finish,241,43.51450810000256,16.36042175002399,278,176,172,4,,,False,
2026-05-12T13:45:52+00:00,43.516986686736345,16.360164480283856,95,2026-05-12T13:47:59.231803+00:00,843,1,1.91,1529.643,114.6,172.631,1,Start,Finish,241,43.51450810000256,16.36042175002399,276,176,171,5,,,False,
2026-05-12T13:45:53+00:00,43.516969196498394,16.360169565305114,95,2026-05-12T13:47:59.231803+00:00,843,1,1.988,1531.63,119.28,168.095,1,Start,Finish,241,43.51450810000256,16.36042175002399,274,176,171,5,,,False,
2026-05-12T13:45:54+00:00,43.51695170626044,16.36017465032637,95,2026-05-12T13:47:59.231803+00:00,843,1,1.988,1533.618,119.28,168.095,1,Start,Finish,241,43.51450810000256,16.36042175002399,272,176,170,6,,,False,
2026-05-12T13:45:55+00:00,43.51693421602249,16.36017973534763,95,2026-05-12T13:47:59.231803+00:00,843,1,1.988,1535.605,119.28,168.095,1,Start,Finish,241,43.51450810000256,16.36042175002399,270,176,171,5,,,False,
2026-05-12T13:45:56+00:00,43.51691672578454,16.360184820368886,95,2026-05-12T13:47:59.231803+00:00,843,1,1.988,1537.593,119.28,168.095,1,Start,Finish,241,43.51450810000256,16.36042175002399,269,176,171,5,,,False,
2026-05-12T13:45:57+00:00,43.51689923554659,16.360189905390143,95,2026-05-12T13:47:59.231803+00:00,843,1,1.988,1539.58,119.28,168.095,1,Start,Finish,241,43.51450810000256,16.36042175002399,267,176,171,5,,,False,
2026-05-12T13:45:58+00:00,43.51688174530864,16.3601949904114,95,2026-05-12T13:47:59.231803+00:00,843,1,1.988,1541.568,119.28,168.095,1,Start,Finish,241,43.51450810000256,16.36042175002399,265,176,172,4,,,False,
2026-05-12T13:45:59+00:00,43.51686410140246,16.360197169706225,94,2026-05-12T13:47:59.231803+00:00,843,1,1.97,1543.538,118.2,174.882,1,Start,Finish,241,43.51450810000256,16.36042175002399,263,176,173,3,,,False,
2026-05-12T13:46:00+00:00,43.516846457496285,16.36019934900105,93,2026-05-12T13:47:59.231803+00:00,843,1,1.97,1545.508,118.2,174.882,1,Start,Finish,241,43.51450810000256,16.36042175002399,261,176,174,2,,,False,
2026-05-12T13:46:01+00:00,43.51682881359011,16.360201528295875,92,2026-05-12T13:47:59.231803+00:00,843,1,1.97,1547.477,118.2,174.882,1,Start,Finish,241,43.51450810000256,16.36042175002399,259,176,175,1,,,False,
2026-05-12T13:46:02+00:00,43.51681116968393,16.3602037075907,91,2026-05-12T13:47:59.231803+00:00,843,1,1.97,1549.447,118.2,174.882,1,Start,Finish,241,43.51450810000256,16.36042175002399,257,176,176,0,,,False,
2026-05-12T13:46:03+00:00,43.51679373532534,16.360203875228763,92,2026-05-12T13:47:59.231803+00:00,843,1,1.939,1551.386,116.34,179.6,1,Start,Finish,241,43.51450810000256,16.36042175002399,255,176,177,1,,,False,
2026-05-12T13:46:04+00:00,43.51677630096674,16.360204042866826,94,2026-05-12T13:47:59.231803+00:00,843,1,1.939,1553.324,116.34,179.6,1,Start,Finish,241,43.51450810000256,16.36042175002399,253,176,178,2,,,False,
2026-05-12T13:46:05+00:00,43.51675886660814,16.36020421050489,95,2026-05-12T13:47:59.231803+00:00,843,1,1.939,1555.263,116.34,179.6,1,Start,Finish,241,43.51450810000256,16.36042175002399,251,176,178,2,,,False,
2026-05-12T13:46:06+00:00,43.516740237828344,16.360204084776342,95,2026-05-12T13:47:59.231803+00:00,843,1,2.071,1557.335,124.26,180.28,1,Start,Finish,241,43.51450810000256,16.36042175002399,249,176,179,3,,,False,
2026-05-12T13:46:07+00:00,43.516721609048545,16.360203959047794,95,2026-05-12T13:47:59.231803+00:00,843,1,2.071,1559.406,124.26,180.28,1,Start,Finish,241,43.51450810000256,16.36042175002399,247,176,180,4,,,False,
2026-05-12T13:46:08+00:00,43.51670298026875,16.360203833319247,95,2026-05-12T13:47:59.231803+00:00,843,1,2.071,1561.477,124.26,180.28,1,Start,Finish,241,43.51450810000256,16.36042175002399,245,176,180,4,,,False,
2026-05-12T13:46:09+00:00,43.51668435148895,16.3602037075907,95,2026-05-12T13:47:59.231803+00:00,843,1,2.071,1563.549,124.26,180.28,1,Start,Finish,241,43.51450810000256,16.36042175002399,243,176,180,4,,,False,
2026-05-12T13:46:10+00:00,43.516665995121,16.360203623771667,92,2026-05-12T13:47:59.231803+00:00,843,1,2.041,1565.59,122.46,180.19,1,Start,Finish,241,43.51450810000256,16.36042175002399,241,176,180,4,,,False,
2026-05-12T13:46:11+00:00,43.51664763875306,16.360203539952636,90,2026-05-12T13:47:59.231803+00:00,843,1,2.041,1567.631,122.46,180.19,1,Start,Finish,241,43.51450810000256,16.36042175002399,239,176,181,5,,,False,
2026-05-12T13:46:12+00:00,43.51662877947092,16.360204252414405,88,2026-05-12T13:47:59.231803+00:00,843,1,2.098,1569.729,125.88,178.431,1,Start,Finish,241,43.51450810000256,16.36042175002399,236,176,181,5,,,False,
2026-05-12T13:46:13+00:00,43.516609920188785,16.360204964876175,86,2026-05-12T13:47:59.231803+00:00,843,1,2.098,1571.827,125.88,178.431,1,Start,Finish,241,43.51450810000256,16.36042175002399,234,176,180,4,,,False,
2026-05-12T13:46:14+00:00,43.51659491658211,16.36020479723811,83,2026-05-12T13:47:59.231803+00:00,843,1,1.668,1573.495,100.08,180.464,1,Start,Finish,241,43.51450810000256,16.36042175002399,233,176,180,4,,,False,
2026-05-12T13:46:15+00:00,43.51657857187092,16.360203120857477,82,2026-05-12T13:47:59.231803+00:00,843,1,1.822,1575.318,109.32,184.254,1,Start,Finish,241,43.51450810000256,16.36042175002399,231,176,180,4,,,False,
2026-05-12T13:46:16+00:00,43.51656222715974,16.360201444476843,80,2026-05-12T13:47:59.231803+00:00,843,1,1.822,1577.14,109.32,184.254,1,Start,Finish,241,43.51450810000256,16.36042175002399,229,176,180,4,,,False,
2026-05-12T13:46:17+00:00,43.51654359139502,16.360201807692647,81,2026-05-12T13:47:59.231803+00:00,843,1,2.072,1579.213,124.32,179.19,1,Start,Finish,241,43.51450810000256,16.36042175002399,227,176,180,4,,,False,
2026-05-12T13:46:18+00:00,43.5165249556303,16.36020217090845,83,2026-05-12T13:47:59.231803+00:00,843,1,2.072,1581.285,124.32,179.19,1,Start,Finish,241,43.51450810000256,16.36042175002399,225,175,181,6,,,False,
2026-05-12T13:46:19+00:00,43.516506319865584,16.360202534124255,84,2026-05-12T13:47:59.231803+00:00,843,1,2.072,1583.357,124.32,179.19,1,Start,Finish,241,43.51450810000256,16.36042175002399,223,175,181,6,,,False,
2026-05-12T13:46:20+00:00,43.51648804731667,16.36020241677761,84,2026-05-12T13:47:59.231803+00:00,843,1,2.032,1585.389,121.92,180.267,1,Start,Finish,241,43.51450810000256,16.36042175002399,221,175,180,5,,,False,
2026-05-12T13:46:21+00:00,43.51646977476776,16.360202299430966,84,2026-05-12T13:47:59.231803+00:00,843,1,2.032,1587.421,121.92,180.267,1,Start,Finish,241,43.51450810000256,16.36042175002399,219,175,180,5,,,False,
2026-05-12T13:46:22+00:00,43.51645150221884,16.360202182084322,85,2026-05-12T13:47:59.231803+00:00,843,1,2.032,1589.453,121.92,180.267,1,Start,Finish,241,43.51450810000256,16.36042175002399,217,175,180,5,,,False,
2026-05-12T13:46:23+00:00,43.51643322966993,16.360202064737678,85,2026-05-12T13:47:59.231803+00:00,843,1,2.032,1591.485,121.92,180.267,1,Start,Finish,241,43.51450810000256,16.36042175002399,215,175,180,5,,,False,
2026-05-12T13:46:24+00:00,43.516414957121015,16.360201947391033,85,2026-05-12T13:47:59.231803+00:00,843,1,2.032,1593.517,121.92,180.267,1,Start,Finish,241,43.51450810000256,16.36042175002399,213,175,180,5,,,False,
2026-05-12T13:46:25+00:00,43.51639660075307,16.360202345531434,86,2026-05-12T13:47:59.231803+00:00,843,1,2.041,1595.558,122.46,179.099,1,Start,Finish,241,43.51450810000256,16.36042175002399,211,175,180,5,,,False,
2026-05-12T13:46:26+00:00,43.51637824438512,16.360202743671834,86,2026-05-12T13:47:59.231803+00:00,843,1,2.041,1597.599,122.46,179.099,1,Start,Finish,241,43.51450810000256,16.36042175002399,209,175,180,5,,,False,
2026-05-12T13:46:27+00:00,43.51635988801718,16.360203141812235,87,2026-05-12T13:47:59.231803+00:00,843,1,2.041,1599.641,122.46,179.099,1,Start,Finish,241,43.51450810000256,16.36042175002399,207,175,180,5,,,False,
2026-05-12T13:46:28+00:00,43.51634153164923,16.360203539952636,88,2026-05-12T13:47:59.231803+00:00,843,1,2.041,1601.682,122.46,179.099,1,Start,Finish,241,43.51450810000256,16.36042175002399,205,175,179,4,,,False,
2026-05-12T13:46:29+00:00,43.51632300764322,16.360203665681183,90,2026-05-12T13:47:59.231803+00:00,843,1,2.06,1603.742,123.6,179.718,1,Start,Finish,241,43.51450810000256,16.36042175002399,203,175,179,4,,,False,
2026-05-12T13:46:30+00:00,43.516304483637214,16.36020379140973,91,2026-05-12T13:47:59.231803+00:00,843,1,2.06,1605.802,123.6,179.718,1,Start,Finish,241,43.51450810000256,16.36042175002399,201,175,180,5,,,False,
2026-05-12T13:46:31+00:00,43.51628549862653,16.360203931108117,91,2026-05-12T13:47:59.231803+00:00,843,1,2.111,1607.913,126.66,179.694,1,Start,Finish,241,43.51450810000256,16.36042175002399,198,175,180,5,,,False,
2026-05-12T13:46:32+00:00,43.51626651361585,16.360204070806503,91,2026-05-12T13:47:59.231803+00:00,843,1,2.111,1610.024,126.66,179.694,1,Start,Finish,241,43.51450810000256,16.36042175002399,196,175,180,5,,,False,
2026-05-12T13:46:33+00:00,43.51624752860516,16.36020421050489,90,2026-05-12T13:47:59.231803+00:00,843,1,2.111,1612.135,126.66,179.694,1,Start,Finish,241,43.51450810000256,16.36042175002399,194,175,180,5,,,False,
2026-05-12T13:46:34+00:00,43.51622854359448,16.360204350203276,90,2026-05-12T13:47:59.231803+00:00,843,1,2.111,1614.246,126.66,179.694,1,Start,Finish,241,43.51450810000256,16.36042175002399,192,175,181,6,,,False,
2026-05-12T13:46:35+00:00,43.51620955858379,16.360204489901662,90,2026-05-12T13:47:59.231803+00:00,843,1,2.111,1616.357,126.66,179.694,1,Start,Finish,241,43.51450810000256,16.36042175002399,190,175,182,7,,,False,
2026-05-12T13:46:36+00:00,43.51619057357311,16.360204629600048,90,2026-05-12T13:47:59.231803+00:00,843,1,2.111,1618.468,126.66,179.694,1,Start,Finish,241,43.51450810000256,16.36042175002399,188,175,183,8,,,False,
2026-05-12T13:46:37+00:00,43.51616756524891,16.360202115029097,92,2026-05-12T13:47:59.231803+00:00,843,1,2.566,1621.035,153.96,184.531,1,Start,Finish,241,43.51450810000256,16.36042175002399,185,175,183,8,,,False,
2026-05-12T13:46:38+00:00,43.5161445569247,16.360199600458145,93,2026-05-12T13:47:59.231803+00:00,843,1,2.566,1623.601,153.96,184.531,1,Start,Finish,241,43.51450810000256,16.36042175002399,183,174,184,10,,,False,
2026-05-12T13:46:39+00:00,43.51612532045692,16.36019570287317,92,2026-05-12T13:47:59.231803+00:00,843,1,2.162,1625.763,129.72,188.359,1,Start,Finish,241,43.51450810000256,16.36042175002399,181,174,184,10,,,False,
2026-05-12T13:46:40+00:00,43.51610608398914,16.360191805288196,90,2026-05-12T13:47:59.231803+00:00,843,1,2.162,1627.925,129.72,188.359,1,Start,Finish,241,43.51450810000256,16.36042175002399,179,174,184,10,,,False,
2026-05-12T13:46:41+00:00,43.516086637973785,16.360189709812403,86,2026-05-12T13:47:59.231803+00:00,843,1,2.169,1630.094,130.14,184.468,1,Start,Finish,241,43.51450810000256,16.36042175002399,177,174,185,11,,,False,
2026-05-12T13:46:42+00:00,43.51606626994908,16.36018618941307,86,2026-05-12T13:47:59.231803+00:00,843,1,2.283,1632.376,136.98,187.144,1,Start,Finish,241,43.51450810000256,16.36042175002399,174,174,184,10,,,False,
2026-05-12T13:46:43+00:00,43.51604382740334,16.360185267403722,86,2026-05-12T13:47:59.231803+00:00,843,1,2.497,1634.873,149.82,181.706,1,Start,Finish,241,43.51450810000256,16.36042175002399,172,174,183,9,,,False,
2026-05-12T13:46:44+00:00,43.516021384857595,16.360184345394373,86,2026-05-12T13:47:59.231803+00:00,843,1,2.497,1637.37,149.82,181.706,1,Start,Finish,241,43.51450810000256,16.36042175002399,169,174,181,7,,,False,
2026-05-12T13:46:45+00:00,43.51599894231185,16.360183423385024,87,2026-05-12T13:47:59.231803+00:00,843,1,2.497,1639.866,149.82,181.706,1,Start,Finish,241,43.51450810000256,16.36042175002399,167,173,179,6,,,False,
2026-05-12T13:46:46+00:00,43.51597649976611,16.360182501375675,87,2026-05-12T13:47:59.231803+00:00,843,1,2.497,1642.363,149.82,181.706,1,Start,Finish,241,43.51450810000256,16.36042175002399,164,173,178,5,,,False,
2026-05-12T13:46:47+00:00,43.5159574309364,16.360186678357422,87,2026-05-12T13:47:59.231803+00:00,843,1,2.147,1644.51,128.82,170.974,1,Start,Finish,241,43.51450810000256,16.36042175002399,162,173,176,3,,,False,
2026-05-12T13:46:48+00:00,43.51593836210668,16.36019085533917,86,2026-05-12T13:47:59.231803+00:00,843,1,2.147,1646.657,128.82,170.974,1,Start,Finish,241,43.51450810000256,16.36042175002399,160,173,175,2,,,False,
2026-05-12T13:46:49+00:00,43.515919293276966,16.360195032320917,86,2026-05-12T13:47:59.231803+00:00,843,1,2.147,1648.804,128.82,170.974,1,Start,Finish,241,43.51450810000256,16.36042175002399,158,173,175,2,,,False,
2026-05-12T13:46:50+00:00,43.51590022444725,16.360199209302664,86,2026-05-12T13:47:59.231803+00:00,843,1,2.147,1650.951,128.82,170.974,1,Start,Finish,241,43.51450810000256,16.36042175002399,156,173,175,2,,,False,
2026-05-12T13:46:51+00:00,43.515881155617535,16.36020338628441,85,2026-05-12T13:47:59.231803+00:00,843,1,2.147,1653.098,128.82,170.974,1,Start,Finish,241,43.51450810000256,16.36042175002399,154,173,175,2,,,False,
2026-05-12T13:46:52+00:00,43.51586208678782,16.360207563266158,85,2026-05-12T13:47:59.231803+00:00,843,1,2.147,1655.244,128.82,170.974,1,Start,Finish,241,43.51450810000256,16.36042175002399,152,173,176,3,,,False,
2026-05-12T13:46:53+00:00,43.51584075484425,16.360205970704556,86,2026-05-12T13:47:59.231803+00:00,843,1,2.375,1657.62,142.5,183.099,1,Start,Finish,241,43.51450810000256,16.36042175002399,149,173,176,3,,,False,
2026-05-12T13:46:54+00:00,43.51581942290068,16.360204378142953,88,2026-05-12T13:47:59.231803+00:00,843,1,2.375,1659.995,142.5,183.099,1,Start,Finish,241,43.51450810000256,16.36042175002399,147,173,176,3,,,False,
2026-05-12T13:46:55+00:00,43.51580006070435,16.360204252414405,90,2026-05-12T13:47:59.231803+00:00,843,1,2.153,1662.148,129.18,180.27,1,Start,Finish,241,43.51450810000256,16.36042175002399,145,173,177,4,,,False,
2026-05-12T13:46:56+00:00,43.515780698508024,16.360204126685858,91,2026-05-12T13:47:59.231803+00:00,843,1,2.153,1664.301,129.18,180.27,1,Start,Finish,241,43.51450810000256,16.36042175002399,143,173,177,4,,,False,
2026-05-12T13:46:57+00:00,43.51576060988009,16.36020725592971,91,2026-05-12T13:47:59.231803+00:00,843,1,2.248,1666.549,134.88,173.555,1,Start,Finish,241,43.51450810000256,16.36042175002399,140,173,177,4,,,False,
2026-05-12T13:46:58+00:00,43.515740521252155,16.36021038517356,91,2026-05-12T13:47:59.231803+00:00,843,1,2.248,1668.797,134.88,173.555,1,Start,Finish,241,43.51450810000256,16.36042175002399,138,173,176,3,,,False,
2026-05-12T13:46:59+00:00,43.51572043262422,16.36021351441741,90,2026-05-12T13:47:59.231803+00:00,843,1,2.248,1671.045,134.88,173.555,1,Start,Finish,241,43.51450810000256,16.36042175002399,136,173,175,2,,,False,
2026-05-12T13:47:00+00:00,43.515700343996286,16.36021664366126,90,2026-05-12T13:47:59.231803+00:00,843,1,2.248,1673.293,134.88,173.555,1,Start,Finish,241,43.51450810000256,16.36042175002399,134,173,175,2,,,False,
2026-05-12T13:47:01+00:00,43.51568025536835,16.36021977290511,90,2026-05-12T13:47:59.231803+00:00,843,1,2.248,1675.541,134.88,173.555,1,Start,Finish,241,43.51450810000256,16.36042175002399,131,173,175,2,,,False,
2026-05-12T13:47:02+00:00,43.51566016674042,16.360222902148962,90,2026-05-12T13:47:59.231803+00:00,843,1,2.248,1677.789,134.88,173.555,1,Start,Finish,241,43.51450810000256,16.36042175002399,129,173,175,2,,,False,
2026-05-12T13:47:03+00:00,43.5156395053491,16.360224180389196,89,2026-05-12T13:47:59.231803+00:00,843,1,2.3,1680.089,138.0,177.431,1,Start,Finish,241,43.51450810000256,16.36042175002399,127,173,176,3,,,False,
2026-05-12T13:47:04+00:00,43.51561884395778,16.36022545862943,88,2026-05-12T13:47:59.231803+00:00,843,1,2.3,1682.389,138.0,177.431,1,Start,Finish,241,43.51450810000256,16.36042175002399,125,173,176,3,,,False,
2026-05-12T13:47:05+00:00,43.515598182566464,16.360226736869663,88,2026-05-12T13:47:59.231803+00:00,843,1,2.3,1684.688,138.0,177.431,1,Start,Finish,241,43.51450810000256,16.36042175002399,122,173,176,3,,,False,
2026-05-12T13:47:06+00:00,43.515577521175146,16.360228015109897,87,2026-05-12T13:47:59.231803+00:00,843,1,2.3,1686.988,138.0,177.431,1,Start,Finish,241,43.51450810000256,16.36042175002399,120,173,177,4,,,False,
2026-05-12T13:47:07+00:00,43.51555519737303,16.360229551792145,87,2026-05-12T13:47:59.231803+00:00,843,1,2.485,1689.474,149.1,177.142,1,Start,Finish,241,43.51450810000256,16.36042175002399,117,172,177,5,,,False,
2026-05-12T13:47:08+00:00,43.51553287357092,16.360231088474393,88,2026-05-12T13:47:59.231803+00:00,843,1,2.485,1691.959,149.1,177.142,1,Start,Finish,241,43.51450810000256,16.36042175002399,115,172,177,5,,,False,
2026-05-12T13:47:09+00:00,43.515510549768806,16.36023262515664,88,2026-05-12T13:47:59.231803+00:00,843,1,2.485,1694.444,149.1,177.142,1,Start,Finish,241,43.51450810000256,16.36042175002399,113,172,177,5,,,False,
2026-05-12T13:47:10+00:00,43.51549048908055,16.36023385450244,88,2026-05-12T13:47:59.231803+00:00,843,1,2.233,1696.677,133.98,177.455,1,Start,Finish,241,43.51450810000256,16.36042175002399,110,172,177,5,,,False,
2026-05-12T13:47:11+00:00,43.51547042839229,16.360235083848238,87,2026-05-12T13:47:59.231803+00:00,843,1,2.233,1698.91,133.98,177.455,1,Start,Finish,241,43.51450810000256,16.36042175002399,108,172,177,5,,,False,
2026-05-12T13:47:12+00:00,43.515450367704034,16.360236313194036,87,2026-05-12T13:47:59.231803+00:00,843,1,2.233,1701.143,133.98,177.455,1,Start,Finish,241,43.51450810000256,16.36042175002399,106,172,178,6,,,False,
2026-05-12T13:47:13+00:00,43.51543030701578,16.360237542539835,87,2026-05-12T13:47:59.231803+00:00,843,1,2.233,1703.376,133.98,177.455,1,Start,Finish,241,43.51450810000256,16.36042175002399,104,172,178,6,,,False,
2026-05-12T13:47:14+00:00,43.51541024632752,16.360238771885633,86,2026-05-12T13:47:59.231803+00:00,843,1,2.233,1705.609,133.98,177.455,1,Start,Finish,241,43.51450810000256,16.36042175002399,101,172,178,6,,,False,
2026-05-12T13:47:15+00:00,43.51539018563926,16.360240001231432,86,2026-05-12T13:47:59.231803+00:00,843,1,2.233,1707.841,133.98,177.455,1,Start,Finish,241,43.51450810000256,16.36042175002399,99,172,178,6,,,False,
2026-05-12T13:47:16+00:00,43.515369202941656,16.36024012695998,86,2026-05-12T13:47:59.231803+00:00,843,1,2.333,1710.175,139.98,179.751,1,Start,Finish,241,43.51450810000256,16.36042175002399,97,171,179,8,,,False,
2026-05-12T13:47:17+00:00,43.51534822024405,16.360240252688527,87,2026-05-12T13:47:59.231803+00:00,843,1,2.333,1712.508,139.98,179.751,1,Start,Finish,241,43.51450810000256,16.36042175002399,95,171,179,8,,,False,
2026-05-12T13:47:18+00:00,43.51532723754645,16.360240378417075,87,2026-05-12T13:47:59.231803+00:00,843,1,2.333,1714.841,139.98,179.751,1,Start,Finish,241,43.51450810000256,16.36042175002399,92,171,179,8,,,False,
2026-05-12T13:47:19+00:00,43.51530625484884,16.360240504145622,87,2026-05-12T13:47:59.231803+00:00,843,1,2.333,1717.174,139.98,179.751,1,Start,Finish,241,43.51450810000256,16.36042175002399,90,171,179,8,,,False,
2026-05-12T13:47:20+00:00,43.51528527215123,16.36024062987417,88,2026-05-12T13:47:59.231803+00:00,843,1,2.333,1719.507,139.98,179.751,1,Start,Finish,241,43.51450810000256,16.36042175002399,88,170,179,9,,,False,
2026-05-12T13:47:21+00:00,43.515264289453626,16.360240755602717,88,2026-05-12T13:47:59.231803+00:00,843,1,2.333,1721.841,139.98,179.751,1,Start,Finish,241,43.51450810000256,16.36042175002399,85,170,179,9,,,False,
2026-05-12T13:47:22+00:00,43.515241825953126,16.360241621732712,89,2026-05-12T13:47:59.231803+00:00,843,1,2.499,1724.339,149.94,178.398,1,Start,Finish,241,43.51450810000256,16.36042175002399,83,170,179,9,,,False,
2026-05-12T13:47:23+00:00,43.515219362452626,16.360242487862706,89,2026-05-12T13:47:59.231803+00:00,843,1,2.499,1726.838,149.94,178.398,1,Start,Finish,241,43.51450810000256,16.36042175002399,80,170,179,9,,,False,
2026-05-12T13:47:24+00:00,43.51519689895213,16.3602433539927,90,2026-05-12T13:47:59.231803+00:00,843,1,2.499,1729.337,149.94,178.398,1,Start,Finish,241,43.51450810000256,16.36042175002399,78,169,179,10,,,False,
2026-05-12T13:47:25+00:00,43.51517407223582,16.360243703238666,90,2026-05-12T13:47:59.231803+00:00,843,1,2.538,1731.875,152.28,179.364,1,Start,Finish,241,43.51450810000256,16.36042175002399,75,169,179,10,,,False,
2026-05-12T13:47:26+00:00,43.51515124551952,16.36024405248463,90,2026-05-12T13:47:59.231803+00:00,843,1,2.538,1734.414,152.28,179.364,1,Start,Finish,241,43.51450810000256,16.36042175002399,73,169,179,10,,,False,
2026-05-12T13:47:27+00:00,43.515128418803215,16.360244401730597,90,2026-05-12T13:47:59.231803+00:00,843,1,2.538,1736.952,152.28,179.364,1,Start,Finish,241,43.51450810000256,16.36042175002399,70,168,179,11,,,False,
2026-05-12T13:47:28+00:00,43.51510559208691,16.360244750976562,89,2026-05-12T13:47:59.231803+00:00,843,1,2.538,1739.49,152.28,179.364,1,Start,Finish,241,43.51450810000256,16.36042175002399,68,168,180,12,,,False,
2026-05-12T13:47:29+00:00,43.51508276537061,16.360245100222528,89,2026-05-12T13:47:59.231803+00:00,843,1,2.538,1742.029,152.28,179.364,1,Start,Finish,241,43.51450810000256,16.36042175002399,65,167,180,13,,,False,
2026-05-12T13:47:30+00:00,43.5150599386543,16.360245449468493,89,2026-05-12T13:47:59.231803+00:00,843,1,2.538,1744.567,152.28,179.364,1,Start,Finish,241,43.51450810000256,16.36042175002399,63,167,180,13,,,False,
2026-05-12T13:47:31+00:00,43.51503803394735,16.360245030373335,89,2026-05-12T13:47:59.231803+00:00,843,1,2.436,1747.003,146.16,180.795,1,Start,Finish,241,43.51450810000256,16.36042175002399,61,166,180,14,,,False,
2026-05-12T13:47:32+00:00,43.515016129240394,16.360244611278176,90,2026-05-12T13:47:59.231803+00:00,843,1,2.436,1749.439,146.16,180.795,1,Start,Finish,241,43.51450810000256,16.36042175002399,58,166,180,14,,,False,
2026-05-12T13:47:33+00:00,43.51499422453344,16.360244192183018,90,2026-05-12T13:47:59.231803+00:00,843,1,2.436,1751.875,146.16,180.795,1,Start,Finish,241,43.51450810000256,16.36042175002399,56,165,180,15,,,False,
2026-05-12T13:47:34+00:00,43.51497185882181,16.360244527459145,90,2026-05-12T13:47:59.231803+00:00,843,1,2.487,1754.362,149.22,179.377,1,Start,Finish,241,43.51450810000256,16.36042175002399,54,165,180,15,,,False,
2026-05-12T13:47:35+00:00,43.51494949311018,16.36024486273527,90,2026-05-12T13:47:59.231803+00:00,843,1,2.487,1756.849,149.22,179.377,1,Start,Finish,241,43.51450810000256,16.36042175002399,51,164,180,16,,,False,
2026-05-12T13:47:36+00:00,43.51492712739855,16.3602451980114,90,2026-05-12T13:47:59.231803+00:00,843,1,2.487,1759.336,149.22,179.377,1,Start,Finish,241,43.51450810000256,16.36042175002399,49,163,179,16,,,False,
2026-05-12T13:47:37+00:00,43.51490476168692,16.360245533287525,91,2026-05-12T13:47:59.231803+00:00,843,1,2.487,1761.823,149.22,179.377,1,Start,Finish,241,43.51450810000256,16.36042175002399,46,162,179,17,,,False,
2026-05-12T13:47:38+00:00,43.51488239597529,16.360245868563652,91,2026-05-12T13:47:59.231803+00:00,843,1,2.487,1764.31,149.22,179.377,1,Start,Finish,241,43.51450810000256,16.36042175002399,44,161,179,18,,,False,
2026-05-12T13:47:39+00:00,43.51486003026366,16.36024620383978,91,2026-05-12T13:47:59.231803+00:00,843,1,2.487,1766.798,149.22,179.377,1,Start,Finish,241,43.51450810000256,16.36042175002399,42,160,178,18,,,False,
2026-05-12T13:47:40+00:00,43.514838891103864,16.360247779637575,92,2026-05-12T13:47:59.231803+00:00,843,1,2.354,1769.152,141.24,176.906,1,Start,Finish,241,43.51450810000256,16.36042175002399,39,159,178,19,,,False,
2026-05-12T13:47:41+00:00,43.514817751944065,16.36024935543537,92,2026-05-12T13:47:59.231803+00:00,843,1,2.354,1771.506,141.24,176.906,1,Start,Finish,241,43.51450810000256,16.36042175002399,37,158,179,21,,,False,
2026-05-12T13:47:42+00:00,43.51479661278427,16.360250931233168,93,2026-05-12T13:47:59.231803+00:00,843,1,2.354,1773.86,141.24,176.906,1,Start,Finish,241,43.51450810000256,16.36042175002399,35,157,179,22,,,False,
2026-05-12T13:47:43+00:00,43.51477547362447,16.360252507030964,93,2026-05-12T13:47:59.231803+00:00,843,1,2.354,1776.214,141.24,176.906,1,Start,Finish,241,43.51450810000256,16.36042175002399,33,155,179,24,,,False,
2026-05-12T13:47:44+00:00,43.51475433446467,16.36025408282876,94,2026-05-12T13:47:59.231803+00:00,843,1,2.354,1778.568,141.24,176.906,1,Start,Finish,241,43.51450810000256,16.36042175002399,31,154,179,25,,,False,
2026-05-12T13:47:45+00:00,43.51473304443061,16.360251735895872,98,2026-05-12T13:47:59.231803+00:00,843,1,2.375,1780.942,142.5,184.571,1,Start,Finish,241,43.51450810000256,16.36042175002399,29,151,179,28,,,False,
2026-05-12T13:47:46+00:00,43.51471153087914,16.36025165207684,95,2026-05-12T13:47:59.231803+00:00,843,1,2.392,1783.335,143.52,180.162,1,Start,Finish,241,43.51450810000256,16.36042175002399,26,149,178,29,,,False,
2026-05-12T13:47:47+00:00,43.514690017327666,16.36025156825781,93,2026-05-12T13:47:59.231803+00:00,843,1,2.392,1785.727,143.52,180.162,1,Start,Finish,241,43.51450810000256,16.36042175002399,24,146,178,32,,,False,
2026-05-12T13:47:48+00:00,43.51466850377619,16.360251484438777,90,2026-05-12T13:47:59.231803+00:00,843,1,2.392,1788.119,143.52,180.162,1,Start,Finish,241,43.51450810000256,16.36042175002399,23,142,178,36,,,False,
2026-05-12T13:47:49+00:00,43.514648051932454,16.360253810416907,89,2026-05-12T13:47:59.231803+00:00,843,1,2.282,1790.401,136.92,175.285,1,Start,Finish,241,43.51450810000256,16.36042175002399,21,139,175,36,,,False,
2026-05-12T13:47:50+00:00,43.51462760008872,16.360256136395037,88,2026-05-12T13:47:59.231803+00:00,843,1,2.282,1792.683,136.92,175.285,1,Start,Finish,241,43.51450810000256,16.36042175002399,19,135,170,35,,,False,
2026-05-12T13:47:51+00:00,43.51460714824498,16.360258462373167,88,2026-05-12T13:47:59.231803+00:00,843,1,2.282,1794.965,136.92,175.285,1,Start,Finish,241,43.51450810000256,16.36042175002399,17,130,166,36,,,False,
2026-05-12T13:47:52+00:00,43.51458669640124,16.360260788351297,87,2026-05-12T13:47:59.231803+00:00,843,1,2.282,1797.247,136.92,175.285,1,Start,Finish,241,43.51450810000256,16.36042175002399,16,124,162,38,,,False,
2026-05-12T13:47:53+00:00,43.51456915726885,16.36027887230739,88,2026-05-12T13:47:59.231803+00:00,843,1,2.435,1799.682,146.1,143.214,1,Start,Finish,241,43.51450810000256,16.36042175002399,13,121,154,33,,,False,
2026-05-12T13:47:54+00:00,43.514551618136466,16.360296956263483,88,2026-05-12T13:47:59.231803+00:00,843,1,2.435,1802.117,146.1,143.214,1,Start,Finish,241,43.51450810000256,16.36042175002399,11,116,147,31,,,False,
2026-05-12T13:47:55+00:00,43.51453407900408,16.360315040219575,89,2026-05-12T13:47:59.231803+00:00,843,1,2.435,1804.552,146.1,143.214,1,Start,Finish,241,43.51450810000256,16.36042175002399,9,109,139,30,,,False,
2026-05-12T13:47:56+00:00,43.51451653987169,16.360333124175668,90,2026-05-12T13:47:59.231803+00:00,843,1,2.435,1806.987,146.1,143.214,1,Start,Finish,241,43.51450810000256,16.36042175002399,7,97,128,31,,,False,
2026-05-12T13:47:57+00:00,43.5145075712353,16.36036124546081,86,2026-05-12T13:47:59.231803+00:00,843,1,2.477,1809.465,148.62,113.739,1,Start,Finish,241,43.51450810000256,16.36042175002399,5,89,117,28,,,False,
2026-05-12T13:47:58+00:00,43.514498602598906,16.36038936674595,82,2026-05-12T13:47:59.231803+00:00,843,1,2.477,1811.942,148.62,113.739,1,Start,Finish,241,43.51450810000256,16.36042175002399,3,68,110,42,,,False,
2026-05-12T13:47:59+00:00,43.51449633948505,16.360419625416398,79,2026-05-12T13:47:59.231803+00:00,843,1,2.453,1814.395,147.18,95.888,1,Start,Finish,241,43.51450810000256,16.36042175002399,1,7,103,96,,,False,
2026-05-12T13:48:00+00:00,43.51450061425567,16.360447662882507,78,2026-05-12T13:47:59.231803+00:00,843,1,2.31,1816.705,138.6,78.127,1,Start,Finish,241,43.51450810000256,16.36042175002399,2,292,95,163,,,False,
2026-05-12T13:48:01+00:00,43.51450488902629,16.360475700348616,76,2026-05-12T13:47:59.231803+00:00,843,1,2.31,1819.015,138.6,78.127,1,Start,Finish,241,43.51450810000256,16.36042175002399,4,275,88,173,,,False,
2026-05-12T13:48:02+00:00,43.51450799033046,16.360500929877162,77,2026-05-12T13:47:59.231803+00:00,843,1,2.063,1821.079,123.78,80.38,1,Start,Finish,241,43.51450810000256,16.36042175002399,6,270,83,173,,,False,
2026-05-12T13:48:03+00:00,43.51451109163463,16.36052615940571,77,2026-05-12T13:47:59.231803+00:00,843,1,2.063,1823.142,123.78,80.38,1,Start,Finish,241,43.51450810000256,16.36042175002399,8,268,79,171,,,False,
2026-05-12T13:48:04+00:00,43.514514192938805,16.360551388934255,78,2026-05-12T13:47:59.231803+00:00,843,1,2.063,1825.206,123.78,80.38,1,Start,Finish,241,43.51450810000256,16.36042175002399,10,266,76,170,,,False,
2026-05-12T13:48:05+00:00,43.514520563185215,16.36057561263442,86,2026-05-12T13:47:59.231803+00:00,843,1,2.078,1827.284,124.68,70.068,1,Start,Finish,241,43.51450810000256,16.36042175002399,12,264,75,171,,,False,
2026-05-12T13:48:06+00:00,43.51452701725066,16.36060008779168,89,2026-05-12T13:47:59.231803+00:00,843,1,2.1,1829.384,126.0,70.018,1,Start,Finish,241,43.51450810000256,16.36042175002399,15,262,75,173,,,False,
2026-05-12T13:48:07+00:00,43.514531794935465,16.360622718930244,88,2026-05-12T13:47:59.231803+00:00,843,1,1.901,1831.284,114.06,73.769,1,Start,Finish,241,43.51450810000256,16.36042175002399,16,261,74,173,,,False,
2026-05-12T13:48:08+00:00,43.51453657262027,16.360645350068808,87,2026-05-12T13:47:59.231803+00:00,843,1,1.901,1833.185,114.06,73.769,1,Start,Finish,241,43.51450810000256,16.36042175002399,18,260,73,173,,,False,
2026-05-12T13:48:09+00:00,43.51454135030508,16.36066798120737,86,2026-05-12T13:47:59.231803+00:00,843,1,1.901,1835.086,114.06,73.769,1,Start,Finish,241,43.51450810000256,16.36042175002399,20,259,73,174,,,False,
2026-05-12T13:48:10+00:00,43.514546882361174,16.360690821893513,84,2026-05-12T13:47:59.231803+00:00,843,1,1.942,1837.028,116.52,71.532,1,Start,Finish,241,43.51450810000256,16.36042175002399,22,259,72,173,,,False,
2026-05-12T13:48:11+00:00,43.51455241441727,16.360713662579656,82,2026-05-12T13:47:59.231803+00:00,843,1,1.942,1838.97,116.52,71.532,1,Start,Finish,241,43.51450810000256,16.36042175002399,24,258,72,174,,,False,
2026-05-12T13:48:12+00:00,43.51455853320658,16.36073830537498,81,2026-05-12T13:47:59.231803+00:00,843,1,2.1,1841.07,126.0,71.099,1,Start,Finish,241,43.51450810000256,16.36042175002399,26,258,72,174,,,False,
2026-05-12T13:48:13+00:00,43.5145646519959,16.360762948170304,80,2026-05-12T13:47:59.231803+00:00,843,1,2.1,1843.17,126.0,71.099,1,Start,Finish,241,43.51450810000256,16.36042175002399,28,257,72,175,,,False,
2026-05-12T13:48:14+00:00,43.514569429680705,16.360784112475812,77,2026-05-12T13:47:59.231803+00:00,843,1,1.787,1844.958,107.22,72.709,1,Start,Finish,241,43.51450810000256,16.36042175002399,30,257,72,175,,,False,
2026-05-12T13:48:15+00:00,43.51457420736551,16.36080527678132,74,2026-05-12T13:47:59.231803+00:00,843,1,1.787,1846.745,107.22,72.709,1,Start,Finish,241,43.51450810000256,16.36042175002399,32,257,72,175,,,False,
2026-05-12T13:48:16+00:00,43.51457922253758,16.36082613375038,74,2026-05-12T13:47:59.231803+00:00,843,1,1.772,1848.517,106.32,71.656,1,Start,Finish,241,43.51450810000256,16.36042175002399,34,256,72,176,,,False,
2026-05-12T13:48:17+00:00,43.51458423770964,16.360846990719438,74,2026-05-12T13:47:59.231803+00:00,843,1,1.772,1850.289,106.32,71.656,1,Start,Finish,241,43.51450810000256,16.36042175002399,35,256,71,175,,,False,
2026-05-12T13:48:18+00:00,43.514589252881706,16.360867847688496,74,2026-05-12T13:47:59.231803+00:00,843,1,1.772,1852.061,106.32,71.656,1,Start,Finish,241,43.51450810000256,16.36042175002399,37,256,69,173,,,False,
2026-05-12T13:48:19+00:00,43.51459426805377,16.360888704657555,73,2026-05-12T13:47:59.231803+00:00,843,1,1.772,1853.833,106.32,71.656,1,Start,Finish,241,43.51450810000256,16.36042175002399,39,256,67,171,,,False,
2026-05-12T13:48:20+00:00,43.514599283225834,16.360909561626613,73,2026-05-12T13:47:59.231803+00:00,843,1,1.772,1855.605,106.32,71.656,1,Start,Finish,241,43.51450810000256,16.36042175002399,41,256,66,170,,,False,
2026-05-12T13:48:21+00:00,43.5146042983979,16.36093041859567,73,2026-05-12T13:47:59.231803+00:00,843,1,1.772,1857.377,106.32,71.656,1,Start,Finish,241,43.51450810000256,16.36042175002399,42,255,64,169,,,False,
2026-05-12T13:48:22+00:00,43.51461092010141,16.36095229536295,73,2026-05-12T13:47:59.231803+00:00,843,1,1.912,1859.288,114.72,67.345,1,Start,Finish,241,43.51450810000256,16.36042175002399,44,255,62,167,,,False,
2026-05-12T13:48:23+00:00,43.51462282240391,16.360971364192665,75,2026-05-12T13:47:59.231803+00:00,843,1,2.029,1861.317,121.74,49.282,1,Start,Finish,241,43.51450810000256,16.36042175002399,46,254,60,166,,,False,
2026-05-12T13:48:24+00:00,43.51463472470641,16.36099043302238,77,2026-05-12T13:47:59.231803+00:00,843,1,2.029,1863.346,121.74,49.282,1,Start,Finish,241,43.51450810000256,16.36042175002399,48,253,60,167,,,False,
2026-05-12T13:48:25+00:00,43.51464528590441,16.36100904084742,78,2026-05-12T13:47:59.231803+00:00,843,1,1.905,1865.251,114.3,51.952,1,Start,Finish,241,43.51450810000256,16.36042175002399,50,252,61,169,,,False,
2026-05-12T13:48:26+00:00,43.5146558471024,16.36102764867246,80,2026-05-12T13:47:59.231803+00:00,843,1,1.905,1867.157,114.3,51.952,1,Start,Finish,241,43.51450810000256,16.36042175002399,52,251,61,170,,,False,
2026-05-12T13:48:27+00:00,43.5146664083004,16.361046256497502,81,2026-05-12T13:47:59.231803+00:00,843,1,1.905,1869.062,114.3,51.952,1,Start,Finish,241,43.51450810000256,16.36042175002399,53,251,61,170,,,False,
2026-05-12T13:48:28+00:00,43.5146769694984,16.361064864322543,82,2026-05-12T13:47:59.231803+00:00,843,1,1.905,1870.968,114.3,51.952,1,Start,Finish,241,43.51450810000256,16.36042175002399,55,250,62,172,,,False,
2026-05-12T13:48:29+00:00,43.51468149572611,16.36108858510852,82,2026-05-12T13:47:59.231803+00:00,843,1,1.978,1872.945,118.68,75.259,1,Start,Finish,241,43.51450810000256,16.36042175002399,57,250,64,174,,,False,
2026-05-12T13:48:30+00:00,43.51468606386334,16.361110908910632,82,2026-05-12T13:47:59.231803+00:00,843,1,1.87,1874.816,112.2,74.242,1,Start,Finish,241,43.51450810000256,16.36042175002399,59,250,66,176,,,False,
2026-05-12T13:48:31+00:00,43.514690632000566,16.361133232712746,82,2026-05-12T13:47:59.231803+00:00,843,1,1.87,1876.686,112.2,74.242,1,Start,Finish,241,43.51450810000256,16.36042175002399,61,251,66,175,,,False,
2026-05-12T13:48:32+00:00,43.514695200137794,16.36115555651486,82,2026-05-12T13:47:59.231803+00:00,843,1,1.87,1878.557,112.2,74.242,1,Start,Finish,241,43.51450810000256,16.36042175002399,63,251,66,175,,,False,
2026-05-12T13:48:33+00:00,43.51469976827502,16.361177880316973,81,2026-05-12T13:47:59.231803+00:00,843,1,1.87,1880.427,112.2,74.242,1,Start,Finish,241,43.51450810000256,16.36042175002399,65,251,66,175,,,False,
2026-05-12T13:48:34+00:00,43.51470433641225,16.361200204119086,81,2026-05-12T13:47:59.231803+00:00,843,1,1.87,1882.298,112.2,74.242,1,Start,Finish,241,43.51450810000256,16.36042175002399,66,251,65,174,,,False,
2026-05-12T13:48:35+00:00,43.51470890454948,16.3612225279212,81,2026-05-12T13:47:59.231803+00:00,843,1,1.87,1884.168,112.2,74.242,1,Start,Finish,241,43.51450810000256,16.36042175002399,68,251,62,171,,,False,
2026-05-12T13:48:36+00:00,43.51471904665232,16.361238844692707,82,2026-05-12T13:47:59.231803+00:00,843,1,1.733,1885.901,103.98,49.4,1,Start,Finish,241,43.51450810000256,16.36042175002399,70,250,59,169,,,False,
2026-05-12T13:48:37+00:00,43.514729188755155,16.361255161464214,83,2026-05-12T13:47:59.231803+00:00,843,1,1.733,1887.634,103.98,49.4,1,Start,Finish,241,43.51450810000256,16.36042175002399,72,250,56,166,,,False,
2026-05-12T13:48:38+00:00,43.51473933085799,16.36127147823572,84,2026-05-12T13:47:59.231803+00:00,843,1,1.733,1889.367,103.98,49.4,1,Start,Finish,241,43.51450810000256,16.36042175002399,73,249,53,164,,,False,
2026-05-12T13:48:39+00:00,43.514751736074686,16.36128606274724,85,2026-05-12T13:47:59.231803+00:00,843,1,1.813,1891.18,108.78,40.451,1,Start,Finish,241,43.51450810000256,16.36042175002399,75,249,52,163,,,False,
2026-05-12T13:48:40+00:00,43.51476445561275,16.361302491277456,84,2026-05-12T13:47:59.231803+00:00,843,1,1.938,1893.118,116.28,43.127,1,Start,Finish,241,43.51450810000256,16.36042175002399,77,248,51,163,,,False,
2026-05-12T13:48:41+00:00,43.51477717515081,16.361318919807673,84,2026-05-12T13:47:59.231803+00:00,843,1,1.938,1895.055,116.28,43.127,1,Start,Finish,241,43.51450810000256,16.36042175002399,78,248,51,163,,,False,
2026-05-12T13:48:42+00:00,43.514789894688874,16.36133534833789,83,2026-05-12T13:47:59.231803+00:00,843,1,1.938,1896.993,116.28,43.127,1,Start,Finish,241,43.51450810000256,16.36042175002399,80,247,52,165,,,False,
2026-05-12T13:48:43+00:00,43.51480261422694,16.361351776868105,82,2026-05-12T13:47:59.231803+00:00,843,1,1.938,1898.931,116.28,43.127,1,Start,Finish,241,43.51450810000256,16.36042175002399,82,246,54,168,,,False,
2026-05-12T13:48:44+00:00,43.51480890065432,16.36137068644166,82,2026-05-12T13:47:59.231803+00:00,843,1,1.677,1900.609,100.62,65.372,1,Start,Finish,241,43.51450810000256,16.36042175002399,84,246,56,170,,,False,
2026-05-12T13:48:45+00:00,43.514815187081695,16.361389596015215,81,2026-05-12T13:47:59.231803+00:00,843,1,1.677,1902.286,100.62,65.372,1,Start,Finish,241,43.51450810000256,16.36042175002399,85,246,59,173,,,False,
2026-05-12T13:48:46+00:00,43.51482147350907,16.36140850558877,81,2026-05-12T13:47:59.231803+00:00,843,1,1.677,1903.963,100.62,65.372,1,Start,Finish,241,43.51450810000256,16.36042175002399,87,246,62,176,,,False,
2026-05-12T13:48:47+00:00,43.51482775993645,16.361427415162325,80,2026-05-12T13:47:59.231803+00:00,843,1,1.677,1905.641,100.62,65.372,1,Start,Finish,241,43.51450810000256,16.36042175002399,89,246,65,179,,,False,
2026-05-12T13:48:48+00:00,43.51483404636383,16.36144632473588,80,2026-05-12T13:47:59.231803+00:00,843,1,1.677,1907.318,100.62,65.372,1,Start,Finish,241,43.51450810000256,16.36042175002399,90,246,67,179,,,False,
2026-05-12T13:48:49+00:00,43.51483821636066,16.36146989883855,81,2026-05-12T13:47:59.231803+00:00,843,1,1.957,1909.275,117.42,76.292,1,Start,Finish,241,43.51450810000256,16.36042175002399,92,247,69,178,,,False,
2026-05-12T13:48:50+00:00,43.514842386357486,16.36149347294122,82,2026-05-12T13:47:59.231803+00:00,843,1,1.957,1911.232,117.42,76.292,1,Start,Finish,241,43.51450810000256,16.36042175002399,94,247,69,178,,,False,
2026-05-12T13:48:51+00:00,43.514846556354314,16.36151704704389,82,2026-05-12T13:47:59.231803+00:00,843,1,1.957,1913.188,117.42,76.292,1,Start,Finish,241,43.51450810000256,16.36042175002399,96,247,69,178,,,False,
2026-05-12T13:48:52+00:00,43.51485072635114,16.36154062114656,83,2026-05-12T13:47:59.231803+00:00,843,1,1.957,1915.145,117.42,76.292,1,Start,Finish,241,43.51450810000256,16.36042175002399,98,247,70,177,,,False,
2026-05-12T13:48:53+00:00,43.51485732011497,16.361559368669987,82,2026-05-12T13:47:59.231803+00:00,843,1,1.68,1916.825,100.8,64.127,1,Start,Finish,241,43.51450810000256,16.36042175002399,100,247,70,177,,,False,
2026-05-12T13:48:54+00:00,43.5148639138788,16.361578116193414,81,2026-05-12T13:47:59.231803+00:00,843,1,1.68,1918.505,100.8,64.127,1,Start,Finish,241,43.51450810000256,16.36042175002399,101,247,71,176,,,False,
2026-05-12T13:48:55+00:00,43.51487050764263,16.36159686371684,80,2026-05-12T13:47:59.231803+00:00,843,1,1.68,1920.186,100.8,64.127,1,Start,Finish,241,43.51450810000256,16.36042175002399,103,247,70,177,,,False,
2026-05-12T13:48:56+00:00,43.51487648673355,16.361617678776383,79,2026-05-12T13:47:59.231803+00:00,843,1,1.805,1921.991,108.3,68.392,1,Start,Finish,241,43.51450810000256,16.36042175002399,105,247,70,177,,,False,
2026-05-12T13:48:57+00:00,43.514882465824485,16.361638493835926,77,2026-05-12T13:47:59.231803+00:00,843,1,1.805,1923.796,108.3,68.392,1,Start,Finish,241,43.51450810000256,16.36042175002399,107,247,69,178,,,False,
2026-05-12T13:48:58+00:00,43.514888444915414,16.36165930889547,76,2026-05-12T13:47:59.231803+00:00,843,1,1.805,1925.602,108.3,68.392,1,Start,Finish,241,43.51450810000256,16.36042175002399,108,247,68,179,,,False,
2026-05-12T13:48:59+00:00,43.51489251013845,16.36167871300131,74,2026-05-12T13:47:59.231803+00:00,843,1,1.629,1927.23,97.74,73.886,1,Start,Finish,241,43.51450810000256,16.36042175002399,110,247,69,178,,,False,
2026-05-12T13:49:00+00:00,43.51489657536149,16.361698117107153,72,2026-05-12T13:47:59.231803+00:00,843,1,1.629,1928.859,97.74,73.886,1,Start,Finish,241,43.51450810000256,16.36042175002399,112,247,70,177,,,False,
