timestamp_utc,latitude,longitude,heart_rate,finish_time_utc,elapsed_race_time_s,finished_flag,seg_dist_m,dist_from_start_m,SOG_raw_mpm,COG_raw_deg,geom_leg_id,geom_from_mark,geom_to_mark,geom_leg_bearing_deg,target_lat_deg,target_lon_deg,dist_to_target_m,bearing_to_target_deg,COG_deg,ATB_angle_deg,ATB_offset_deg,axis_angle_signed_deg,is_upwind,upwind_dist_remaining_m
2026-05-12T13:33:56+00:00,43.51963404379785,16.373219864442945,133,,-1,0,0.0,0.0,0.0,0.0,1,Start,Finish,241,43.51450810000256,16.36042175002399,1179,241,234,7,,,False,
2026-05-12T13:33:57+00:00,43.51962376758456,16.373204911127687,133,,-1,0,1.661,1.661,99.66,226.538,1,Start,Finish,241,43.51450810000256,16.36042175002399,1177,241,229,12,,,False,
2026-05-12T13:33:58+00:00,43.519613491371274,16.37318995781243,132,,-1,0,1.661,3.322,99.66,226.538,1,Start,Finish,241,43.51450810000256,16.36042175002399,1176,241,229,12,,,False,
2026-05-12T13:33:59+00:00,43.5196016728878,16.373174395412207,131,,-1,0,1.817,5.139,109.02,223.677,1,Start,Finish,241,43.51450810000256,16.36042175002399,1174,241,228,13,,,False,
2026-05-12T13:34:00+00:00,43.51958985440433,16.373158833011985,129,,-1,0,1.817,6.956,109.02,223.677,1,Start,Finish,241,43.51450810000256,16.36042175002399,1172,241,233,8,,,False,
2026-05-12T13:34:01+00:00,43.51957803592086,16.373143270611763,128,,-1,0,1.817,8.773,109.02,223.677,1,Start,Finish,241,43.51450810000256,16.36042175002399,1171,241,238,3,,,False,
2026-05-12T13:34:02+00:00,43.51956504397094,16.373133715242147,127,,-1,0,1.637,10.411,98.22,208.072,1,Start,Finish,241,43.51450810000256,16.36042175002399,1169,241,234,7,,,False,
2026-05-12T13:34:03+00:00,43.51955729071051,16.373122420627624,127,,-1,0,1.254,11.665,75.24,226.57,1,Start,Finish,241,43.51450810000256,16.36042175002399,1168,241,240,1,,,False,
2026-05-12T13:34:04+00:00,43.519549537450075,16.3731111260131,127,,-1,0,1.254,12.919,75.24,226.57,1,Start,Finish,241,43.51450810000256,16.36042175002399,1167,241,240,1,,,False,
2026-05-12T13:34:05+00:00,43.51954178418964,16.373099831398576,127,,-1,0,1.254,14.173,75.24,226.57,1,Start,Finish,241,43.51450810000256,16.36042175002399,1165,241,248,7,,,False,
2026-05-12T13:34:06+00:00,43.51953403092921,16.373088536784053,127,,-1,0,1.254,15.427,75.24,226.57,1,Start,Finish,241,43.51450810000256,16.36042175002399,1164,241,251,10,,,False,
2026-05-12T13:34:07+00:00,43.519537593238056,16.37307613156736,127,,-1,0,1.076,16.503,64.56,291.604,1,Start,Finish,241,43.51450810000256,16.36042175002399,1164,241,257,16,,,False,
2026-05-12T13:34:08+00:00,43.519541155546904,16.373063726350665,127,,-1,0,1.076,17.578,64.56,291.604,1,Start,Finish,241,43.51450810000256,16.36042175002399,1163,241,262,21,,,False,
2026-05-12T13:34:09+00:00,43.51956051774323,16.373038748279214,131,,-1,0,2.948,20.527,176.88,316.91,1,Start,Finish,241,43.51450810000256,16.36042175002399,1162,241,282,41,,,False,
2026-05-12T13:34:10+00:00,43.519582520239055,16.3730231160298,133,,-1,0,2.752,23.279,165.12,332.743,1,Start,Finish,241,43.51450810000256,16.36042175002399,1162,241,303,62,,,False,
2026-05-12T13:34:11+00:00,43.51960452273488,16.373007483780384,135,,-1,0,2.752,26.031,165.12,332.743,1,Start,Finish,241,43.51450810000256,16.36042175002399,1162,241,320,79,,,False,
2026-05-12T13:34:12+00:00,43.51963113527745,16.37299013324082,136,,-1,0,3.273,29.304,196.38,334.697,1,Start,Finish,241,43.51450810000256,16.36042175002399,1163,241,329,88,,,False,
2026-05-12T13:34:13+00:00,43.51965774782002,16.372972782701254,137,,-1,0,3.273,32.577,196.38,334.697,1,Start,Finish,241,43.51450810000256,16.36042175002399,1163,241,330,89,,,False,
2026-05-12T13:34:14+00:00,43.51968155242503,16.372949201613665,138,,-1,0,3.259,35.837,195.54,324.309,1,Start,Finish,241,43.51450810000256,16.36042175002399,1162,240,328,88,,,False,
2026-05-12T13:34:15+00:00,43.519705357030034,16.372925620526075,139,,-1,0,3.259,39.096,195.54,324.309,1,Start,Finish,241,43.51450810000256,16.36042175002399,1162,240,326,86,,,False,
2026-05-12T13:34:16+00:00,43.51972916163504,16.372902039438486,140,,-1,0,3.259,42.355,195.54,324.309,1,Start,Finish,241,43.51450810000256,16.36042175002399,1162,240,324,84,,,False,
2026-05-12T13:34:17+00:00,43.51974808378145,16.372880581766367,141,,-1,0,2.724,45.079,163.44,320.569,1,Start,Finish,241,43.51450810000256,16.36042175002399,1161,240,322,82,,,False,
2026-05-12T13:34:18+00:00,43.51976700592786,16.372859124094248,142,,-1,0,2.724,47.803,163.44,320.569,1,Start,Finish,241,43.51450810000256,16.36042175002399,1161,240,321,81,,,False,
2026-05-12T13:34:19+00:00,43.51978592807427,16.37283766642213,142,,-1,0,2.724,50.527,163.44,320.569,1,Start,Finish,241,43.51450810000256,16.36042175002399,1160,240,320,80,,,False,
2026-05-12T13:34:20+00:00,43.51980485022068,16.37281620875001,143,,-1,0,2.724,53.251,163.44,320.569,1,Start,Finish,241,43.51450810000256,16.36042175002399,1160,239,319,80,,,False,
2026-05-12T13:34:21+00:00,43.51981981191784,16.37279739137739,142,,-1,0,2.252,55.503,135.12,317.635,1,Start,Finish,241,43.51450810000256,16.36042175002399,1160,239,318,79,,,False,
2026-05-12T13:34:22+00:00,43.519834773615,16.37277857400477,142,,-1,0,2.252,57.754,135.12,317.635,1,Start,Finish,241,43.51450810000256,16.36042175002399,1159,239,318,79,,,False,
2026-05-12T13:34:23+00:00,43.51985069923103,16.372757661156356,140,,-1,0,2.445,60.199,146.7,316.402,1,Start,Finish,241,43.51450810000256,16.36042175002399,1159,239,318,79,,,False,
2026-05-12T13:34:24+00:00,43.519866624847054,16.372736748307943,139,,-1,0,2.445,62.645,146.7,316.402,1,Start,Finish,241,43.51450810000256,16.36042175002399,1158,239,317,78,,,False,
2026-05-12T13:34:25+00:00,43.519880874082446,16.372718203347176,139,,-1,0,2.179,64.823,130.74,316.658,1,Start,Finish,241,43.51450810000256,16.36042175002399,1158,239,317,78,,,False,
2026-05-12T13:34:26+00:00,43.51989512331784,16.37269965838641,139,,-1,0,2.179,67.002,130.74,316.658,1,Start,Finish,241,43.51450810000256,16.36042175002399,1157,239,317,78,,,False,
2026-05-12T13:34:27+00:00,43.51990937255323,16.372681113425642,139,,-1,0,2.179,69.181,130.74,316.658,1,Start,Finish,241,43.51450810000256,16.36042175002399,1157,239,317,78,,,False,
2026-05-12T13:34:28+00:00,43.51992362178862,16.372662568464875,139,,-1,0,2.179,71.359,130.74,316.658,1,Start,Finish,241,43.51450810000256,16.36042175002399,1156,239,317,78,,,False,
2026-05-12T13:34:29+00:00,43.51994092203677,16.372641764581203,138,,-1,0,2.552,73.912,153.12,318.912,1,Start,Finish,241,43.51450810000256,16.36042175002399,1156,238,318,80,,,False,
2026-05-12T13:34:30+00:00,43.51995822228491,16.37262096069753,138,,-1,0,2.552,76.464,153.12,318.912,1,Start,Finish,241,43.51450810000256,16.36042175002399,1155,238,318,80,,,False,
2026-05-12T13:34:31+00:00,43.51997552253306,16.37260015681386,137,,-1,0,2.552,79.016,153.12,318.912,1,Start,Finish,241,43.51450810000256,16.36042175002399,1155,238,319,81,,,False,
2026-05-12T13:34:32+00:00,43.519992822781205,16.372579352930188,137,,-1,0,2.552,81.569,153.12,318.912,1,Start,Finish,241,43.51450810000256,16.36042175002399,1155,238,319,81,,,False,
2026-05-12T13:34:33+00:00,43.52001012302935,16.372558549046516,136,,-1,0,2.552,84.121,153.12,318.912,1,Start,Finish,241,43.51450810000256,16.36042175002399,1154,238,319,81,,,False,
2026-05-12T13:34:34+00:00,43.52002868894488,16.372537342831492,136,,-1,0,2.681,86.801,160.86,320.367,1,Start,Finish,241,43.51450810000256,16.36042175002399,1154,238,319,81,,,False,
2026-05-12T13:34:35+00:00,43.5200472548604,16.37251613661647,137,,-1,0,2.681,89.482,160.86,320.367,1,Start,Finish,241,43.51450810000256,16.36042175002399,1153,238,319,81,,,False,
2026-05-12T13:34:36+00:00,43.52006600238383,16.372492513619363,137,,-1,0,2.824,92.306,169.44,317.582,1,Start,Finish,241,43.51450810000256,16.36042175002399,1153,238,319,81,,,False,
2026-05-12T13:34:37+00:00,43.520084749907255,16.372468890622258,138,,-1,0,2.824,95.13,169.44,317.582,1,Start,Finish,241,43.51450810000256,16.36042175002399,1152,237,318,81,,,False,
2026-05-12T13:34:38+00:00,43.52010349743068,16.372445267625153,138,,-1,0,2.824,97.953,169.44,317.582,1,Start,Finish,241,43.51450810000256,16.36042175002399,1152,237,318,81,,,False,
2026-05-12T13:34:39+00:00,43.52012224495411,16.372421644628048,138,,-1,0,2.824,100.777,169.44,317.582,1,Start,Finish,241,43.51450810000256,16.36042175002399,1152,237,317,80,,,False,
2026-05-12T13:34:40+00:00,43.520140992477536,16.372398021630943,139,,-1,0,2.824,103.601,169.44,317.582,1,Start,Finish,241,43.51450810000256,16.36042175002399,1151,237,317,80,,,False,
2026-05-12T13:34:41+00:00,43.52015974000096,16.372374398633838,139,,-1,0,2.824,106.425,169.44,317.582,1,Start,Finish,241,43.51450810000256,16.36042175002399,1151,237,317,80,,,False,
2026-05-12T13:34:42+00:00,43.520173877477646,16.37235525995493,138,,-1,0,2.203,108.628,132.18,315.531,1,Start,Finish,241,43.51450810000256,16.36042175002399,1150,237,316,79,,,False,
2026-05-12T13:34:43+00:00,43.52018801495433,16.37233612127602,138,,-1,0,2.203,110.83,132.18,315.531,1,Start,Finish,241,43.51450810000256,16.36042175002399,1150,237,316,79,,,False,
2026-05-12T13:34:44+00:00,43.52020215243101,16.372316982597113,137,,-1,0,2.203,113.033,132.18,315.531,1,Start,Finish,241,43.51450810000256,16.36042175002399,1149,237,316,79,,,False,
2026-05-12T13:34:45+00:00,43.520216289907694,16.372297843918204,136,,-1,0,2.203,115.236,132.18,315.531,1,Start,Finish,241,43.51450810000256,16.36042175002399,1149,236,316,80,,,False,
2026-05-12T13:34:46+00:00,43.52023042738438,16.372278705239296,136,,-1,0,2.203,117.439,132.18,315.531,1,Start,Finish,241,43.51450810000256,16.36042175002399,1148,236,316,80,,,False,
2026-05-12T13:34:47+00:00,43.52024456486106,16.372259566560388,135,,-1,0,2.203,119.642,132.18,315.531,1,Start,Finish,241,43.51450810000256,16.36042175002399,1148,236,316,80,,,False,
2026-05-12T13:34:48+00:00,43.52025873027742,16.3722381927073,133,,-1,0,2.335,121.977,140.1,312.426,1,Start,Finish,241,43.51450810000256,16.36042175002399,1147,236,316,80,,,False,
2026-05-12T13:34:49+00:00,43.52027646638453,16.37221696972847,133,,-1,0,2.611,124.588,156.66,319.052,1,Start,Finish,241,43.51450810000256,16.36042175002399,1147,236,317,81,,,False,
2026-05-12T13:34:50+00:00,43.52029420249164,16.37219574674964,133,,-1,0,2.611,127.199,156.66,319.052,1,Start,Finish,241,43.51450810000256,16.36042175002399,1147,236,316,80,,,False,
2026-05-12T13:34:51+00:00,43.52031193859875,16.37217452377081,133,,-1,0,2.611,129.81,156.66,319.052,1,Start,Finish,241,43.51450810000256,16.36042175002399,1147,236,315,79,,,False,
2026-05-12T13:34:52+00:00,43.52032967470586,16.37215330079198,133,,-1,0,2.611,132.421,156.66,319.052,1,Start,Finish,241,43.51450810000256,16.36042175002399,1146,236,314,78,,,False,
2026-05-12T13:34:53+00:00,43.520347410812974,16.37213207781315,133,,-1,0,2.611,135.032,156.66,319.052,1,Start,Finish,241,43.51450810000256,16.36042175002399,1146,235,312,77,,,False,
2026-05-12T13:34:54+00:00,43.52035723859444,16.372113910038024,132,,-1,0,1.828,136.86,109.68,306.723,1,Start,Finish,241,43.51450810000256,16.36042175002399,1145,235,312,77,,,False,
2026-05-12T13:34:55+00:00,43.52036706637591,16.3720957422629,132,,-1,0,1.828,138.687,109.68,306.723,1,Start,Finish,241,43.51450810000256,16.36042175002399,1145,235,311,76,,,False,
2026-05-12T13:34:56+00:00,43.52037689415738,16.372077574487776,131,,-1,0,1.828,140.515,109.68,306.723,1,Start,Finish,241,43.51450810000256,16.36042175002399,1144,235,310,75,,,False,
2026-05-12T13:34:57+00:00,43.52038672193885,16.37205940671265,130,,-1,0,1.828,142.342,109.68,306.723,1,Start,Finish,241,43.51450810000256,16.36042175002399,1144,235,310,75,,,False,
2026-05-12T13:34:58+00:00,43.52039518766105,16.372043062001467,130,,-1,0,1.62,143.962,97.2,305.538,1,Start,Finish,241,43.51450810000256,16.36042175002399,1143,235,310,75,,,False,
2026-05-12T13:34:59+00:00,43.52040725760162,16.372024049051106,130,,-1,0,2.038,146.0,122.28,311.201,1,Start,Finish,241,43.51450810000256,16.36042175002399,1143,235,309,74,,,False,
2026-05-12T13:35:00+00:00,43.520419327542186,16.372005036100745,130,,-1,0,2.038,148.037,122.28,311.201,1,Start,Finish,241,43.51450810000256,16.36042175002399,1142,235,309,74,,,False,
2026-05-12T13:35:01+00:00,43.52043139748275,16.371986023150384,130,,-1,0,2.038,150.075,122.28,311.201,1,Start,Finish,241,43.51450810000256,16.36042175002399,1142,235,310,75,,,False,
2026-05-12T13:35:02+00:00,43.52044346742332,16.371967010200024,131,,-1,0,2.038,152.112,122.28,311.201,1,Start,Finish,241,43.51450810000256,16.36042175002399,1141,235,311,76,,,False,
2026-05-12T13:35:03+00:00,43.52045553736389,16.371947997249663,131,,-1,0,2.038,154.15,122.28,311.201,1,Start,Finish,241,43.51450810000256,16.36042175002399,1141,235,312,77,,,False,
2026-05-12T13:35:04+00:00,43.520467607304454,16.371928984299302,131,,-1,0,2.038,156.187,122.28,311.201,1,Start,Finish,241,43.51450810000256,16.36042175002399,1140,234,312,78,,,False,
2026-05-12T13:35:05+00:00,43.52048265282065,16.371906897984445,133,,-1,0,2.443,158.63,146.58,313.211,1,Start,Finish,241,43.51450810000256,16.36042175002399,1140,234,312,78,,,False,
2026-05-12T13:35:06+00:00,43.52049769833684,16.371884811669588,135,,-1,0,2.443,161.074,146.58,313.212,1,Start,Finish,241,43.51450810000256,16.36042175002399,1139,234,314,80,,,False,
2026-05-12T13:35:07+00:00,43.520510299131274,16.371865589171648,135,,-1,0,2.089,163.163,125.34,312.114,1,Start,Finish,241,43.51450810000256,16.36042175002399,1139,234,315,81,,,False,
2026-05-12T13:35:08+00:00,43.52052289992571,16.371846366673708,134,,-1,0,2.089,165.253,125.34,312.114,1,Start,Finish,241,43.51450810000256,16.36042175002399,1138,234,315,81,,,False,
2026-05-12T13:35:09+00:00,43.52053550072014,16.371827144175768,134,,-1,0,2.089,167.342,125.34,312.114,1,Start,Finish,241,43.51450810000256,16.36042175002399,1138,234,316,82,,,False,
2026-05-12T13:35:10+00:00,43.520555910654366,16.37180849444121,132,,-1,0,2.722,170.064,163.32,326.472,1,Start,Finish,241,43.51450810000256,16.36042175002399,1138,234,316,82,,,False,
2026-05-12T13:35:11+00:00,43.52057632058859,16.371789844706655,131,,-1,0,2.722,172.787,163.32,326.472,1,Start,Finish,241,43.51450810000256,16.36042175002399,1138,234,315,81,,,False,
2026-05-12T13:35:12+00:00,43.52059078775346,16.37176800146699,131,,-1,0,2.385,175.172,143.1,312.408,1,Start,Finish,241,43.51450810000256,16.36042175002399,1138,234,315,81,,,False,
2026-05-12T13:35:13+00:00,43.52060525491834,16.371746158227324,131,,-1,0,2.385,177.558,143.1,312.408,1,Start,Finish,241,43.51450810000256,16.36042175002399,1137,233,316,83,,,False,
2026-05-12T13:35:14+00:00,43.52061972208321,16.37172431498766,131,,-1,0,2.385,179.943,143.1,312.408,1,Start,Finish,241,43.51450810000256,16.36042175002399,1137,233,316,83,,,False,
2026-05-12T13:35:15+00:00,43.520634189248085,16.371702471747994,131,,-1,0,2.385,182.328,143.1,312.408,1,Start,Finish,241,43.51450810000256,16.36042175002399,1136,233,314,81,,,False,
2026-05-12T13:35:16+00:00,43.52064865641296,16.37168062850833,131,,-1,0,2.385,184.714,143.1,312.408,1,Start,Finish,241,43.51450810000256,16.36042175002399,1136,233,313,80,,,False,
2026-05-12T13:35:17+00:00,43.52066891267896,16.371651040390134,130,,-1,0,3.281,187.995,196.86,313.354,1,Start,Finish,241,43.51450810000256,16.36042175002399,1135,233,312,79,,,False,
2026-05-12T13:35:18+00:00,43.520689168944955,16.37162145227194,129,,-1,0,3.281,191.275,196.86,313.354,1,Start,Finish,241,43.51450810000256,16.36042175002399,1135,233,312,79,,,False,
2026-05-12T13:35:19+00:00,43.52070942521095,16.371591864153743,128,,-1,0,3.281,194.556,196.86,313.354,1,Start,Finish,241,43.51450810000256,16.36042175002399,1134,233,311,78,,,False,
2026-05-12T13:35:20+00:00,43.5207263357006,16.37156204553321,129,,-1,0,3.052,197.609,183.12,308.029,1,Start,Finish,241,43.51450810000256,16.36042175002399,1134,232,310,78,,,False,
2026-05-12T13:35:21+00:00,43.52074324619025,16.371532226912677,130,,-1,0,3.052,200.661,183.12,308.029,1,Start,Finish,241,43.51450810000256,16.36042175002399,1133,232,310,78,,,False,
2026-05-12T13:35:22+00:00,43.5207601566799,16.371502408292145,132,,-1,0,3.052,203.713,183.12,308.029,1,Start,Finish,241,43.51450810000256,16.36042175002399,1132,232,309,77,,,False,
2026-05-12T13:35:23+00:00,43.52077706716955,16.371472589671612,133,,-1,0,3.052,206.766,183.12,308.029,1,Start,Finish,241,43.51450810000256,16.36042175002399,1131,232,310,78,,,False,
2026-05-12T13:35:24+00:00,43.52078930474818,16.37145208194852,134,,-1,0,2.141,208.907,128.46,309.452,1,Start,Finish,241,43.51450810000256,16.36042175002399,1131,232,312,80,,,False,
2026-05-12T13:35:25+00:00,43.52080154232681,16.371431574225426,135,,-1,0,2.141,211.048,128.46,309.452,1,Start,Finish,241,43.51450810000256,16.36042175002399,1130,232,313,81,,,False,
2026-05-12T13:35:26+00:00,43.52081377990544,16.371411066502333,136,,-1,0,2.141,213.19,128.46,309.452,1,Start,Finish,241,43.51450810000256,16.36042175002399,1130,232,312,80,,,False,
2026-05-12T13:35:27+00:00,43.52083099074662,16.371391117572784,136,,-1,0,2.5,215.69,150.0,319.953,1,Start,Finish,241,43.51450810000256,16.36042175002399,1130,232,312,80,,,False,
2026-05-12T13:35:28+00:00,43.52084820158779,16.371371168643236,137,,-1,0,2.5,218.19,150.0,319.953,1,Start,Finish,241,43.51450810000256,16.36042175002399,1130,231,311,80,,,False,
2026-05-12T13:35:29+00:00,43.520865412428975,16.371351219713688,137,,-1,0,2.5,220.69,150.0,319.953,1,Start,Finish,241,43.51450810000256,16.36042175002399,1130,231,311,80,,,False,
2026-05-12T13:35:30+00:00,43.5208768537268,16.37132802978158,136,,-1,0,2.262,222.951,135.72,304.231,1,Start,Finish,241,43.51450810000256,16.36042175002399,1129,231,310,79,,,False,
2026-05-12T13:35:31+00:00,43.52088829502463,16.371304839849472,136,,-1,0,2.262,225.213,135.72,304.231,1,Start,Finish,241,43.51450810000256,16.36042175002399,1128,231,309,78,,,False,
2026-05-12T13:35:32+00:00,43.52089973632246,16.371281649917364,135,,-1,0,2.262,227.474,135.72,304.231,1,Start,Finish,241,43.51450810000256,16.36042175002399,1128,231,308,77,,,False,
2026-05-12T13:35:33+00:00,43.52091117762029,16.371258459985256,134,,-1,0,2.262,229.736,135.72,304.231,1,Start,Finish,241,43.51450810000256,16.36042175002399,1127,231,307,76,,,False,
2026-05-12T13:35:34+00:00,43.52092261891812,16.37123527005315,134,,-1,0,2.262,231.998,135.72,304.231,1,Start,Finish,241,43.51450810000256,16.36042175002399,1127,231,305,74,,,False,
2026-05-12T13:35:35+00:00,43.52093406021595,16.37121208012104,133,,-1,0,2.262,234.259,135.72,304.231,1,Start,Finish,241,43.51450810000256,16.36042175002399,1126,231,306,75,,,False,
2026-05-12T13:35:36+00:00,43.520948882214725,16.37118588667363,133,,-1,0,2.679,236.938,160.74,307.968,1,Start,Finish,241,43.51450810000256,16.36042175002399,1125,230,306,76,,,False,
2026-05-12T13:35:37+00:00,43.5209637042135,16.371159693226218,133,,-1,0,2.679,239.617,160.74,307.968,1,Start,Finish,241,43.51450810000256,16.36042175002399,1125,230,307,77,,,False,
2026-05-12T13:35:38+00:00,43.520978526212275,16.371133499778807,133,,-1,0,2.679,242.296,160.74,307.968,1,Start,Finish,241,43.51450810000256,16.36042175002399,1124,230,307,77,,,False,
2026-05-12T13:35:39+00:00,43.52099334821105,16.371107306331396,133,,-1,0,2.679,244.975,160.74,307.968,1,Start,Finish,241,43.51450810000256,16.36042175002399,1124,230,308,78,,,False,
2026-05-12T13:35:40+00:00,43.521008170209825,16.371081112883985,133,,-1,0,2.679,247.654,160.74,307.968,1,Start,Finish,241,43.51450810000256,16.36042175002399,1123,230,309,79,,,False,
2026-05-12T13:35:41+00:00,43.5210229922086,16.371054919436574,133,,-1,0,2.679,250.333,160.74,307.968,1,Start,Finish,241,43.51450810000256,16.36042175002399,1122,230,310,80,,,False,
2026-05-12T13:35:42+00:00,43.52103363722563,16.371034970507026,133,,-1,0,1.997,252.33,119.82,306.349,1,Start,Finish,241,43.51450810000256,16.36042175002399,1122,230,310,80,,,False,
2026-05-12T13:35:43+00:00,43.521049437113106,16.371011794544756,132,,-1,0,2.565,254.895,153.9,313.234,1,Start,Finish,241,43.51450810000256,16.36042175002399,1122,230,310,80,,,False,
2026-05-12T13:35:44+00:00,43.521065237000585,16.370988618582487,132,,-1,0,2.565,257.46,153.9,313.234,1,Start,Finish,241,43.51450810000256,16.36042175002399,1121,229,311,82,,,False,
2026-05-12T13:35:45+00:00,43.52108103688806,16.370965442620218,131,,-1,0,2.565,260.025,153.9,313.234,1,Start,Finish,241,43.51450810000256,16.36042175002399,1121,229,311,82,,,False,
2026-05-12T13:35:46+00:00,43.52109683677554,16.37094226665795,130,,-1,0,2.565,262.589,153.9,313.234,1,Start,Finish,241,43.51450810000256,16.36042175002399,1121,229,312,83,,,False,
2026-05-12T13:35:47+00:00,43.52111054118723,16.37092038989067,129,,-1,0,2.331,264.92,139.86,310.824,1,Start,Finish,241,43.51450810000256,16.36042175002399,1121,229,312,83,,,False,
2026-05-12T13:35:48+00:00,43.52112424559891,16.370898513123393,128,,-1,0,2.331,267.251,139.86,310.824,1,Start,Finish,241,43.51450810000256,16.36042175002399,1120,229,312,83,,,False,
2026-05-12T13:35:49+00:00,43.521137279458344,16.370878668967634,127,,-1,0,2.159,269.41,129.54,312.17,1,Start,Finish,241,43.51450810000256,16.36042175002399,1120,229,311,82,,,False,
2026-05-12T13:35:50+00:00,43.521150313317776,16.370858824811876,126,,-1,0,2.159,271.569,129.54,312.17,1,Start,Finish,241,43.51450810000256,16.36042175002399,1120,229,310,81,,,False,
2026-05-12T13:35:51+00:00,43.52116334717721,16.370838980656117,126,,-1,0,2.159,273.728,129.54,312.17,1,Start,Finish,241,43.51450810000256,16.36042175002399,1119,229,310,81,,,False,
2026-05-12T13:35:52+00:00,43.52117638103664,16.37081913650036,125,,-1,0,2.159,275.887,129.54,312.17,1,Start,Finish,241,43.51450810000256,16.36042175002399,1119,229,308,79,,,False,
2026-05-12T13:35:53+00:00,43.52118690032512,16.37079860083759,125,,-1,0,2.027,277.914,121.62,305.238,1,Start,Finish,241,43.51450810000256,16.36042175002399,1119,228,308,80,,,False,
2026-05-12T13:35:54+00:00,43.5211974196136,16.370778065174818,125,,-1,0,2.027,279.941,121.62,305.238,1,Start,Finish,241,43.51450810000256,16.36042175002399,1118,228,307,79,,,False,
2026-05-12T13:35:55+00:00,43.52120705880225,16.370759289711714,126,,-1,0,1.855,281.796,111.3,305.299,1,Start,Finish,241,43.51450810000256,16.36042175002399,1118,228,306,78,,,False,
2026-05-12T13:35:56+00:00,43.52121725678444,16.37073868419975,126,,-1,0,2.012,283.808,120.72,304.315,1,Start,Finish,241,43.51450810000256,16.36042175002399,1117,228,306,78,,,False,
2026-05-12T13:35:57+00:00,43.52122745476663,16.370718078687787,126,,-1,0,2.012,285.819,120.72,304.315,1,Start,Finish,241,43.51450810000256,16.36042175002399,1117,228,306,78,,,False,
2026-05-12T13:35:58+00:00,43.52123765274882,16.370697473175824,126,,-1,0,2.012,287.831,120.72,304.315,1,Start,Finish,241,43.51450810000256,16.36042175002399,1116,228,307,79,,,False,
2026-05-12T13:35:59+00:00,43.521247850731015,16.37067686766386,126,,-1,0,2.012,289.842,120.72,304.315,1,Start,Finish,241,43.51450810000256,16.36042175002399,1116,228,307,79,,,False,
2026-05-12T13:36:00+00:00,43.52125804871321,16.370656262151897,126,,-1,0,2.012,291.854,120.72,304.315,1,Start,Finish,241,43.51450810000256,16.36042175002399,1116,228,307,79,,,False,
2026-05-12T13:36:01+00:00,43.5212682466954,16.370635656639934,126,,-1,0,2.012,293.865,120.72,304.315,1,Start,Finish,241,43.51450810000256,16.36042175002399,1115,228,307,79,,,False,
2026-05-12T13:36:02+00:00,43.52127956226468,16.370620066300035,126,,-1,0,1.779,295.644,106.74,315.027,1,Start,Finish,241,43.51450810000256,16.36042175002399,1115,228,308,80,,,False,
2026-05-12T13:36:03+00:00,43.52129087783396,16.370604475960135,126,,-1,0,1.779,297.422,106.74,315.027,1,Start,Finish,241,43.51450810000256,16.36042175002399,1115,227,308,81,,,False,
2026-05-12T13:36:04+00:00,43.521302780136466,16.370585951954126,127,,-1,0,1.996,299.418,119.76,311.544,1,Start,Finish,241,43.51450810000256,16.36042175002399,1115,227,309,82,,,False,
2026-05-12T13:36:05+00:00,43.52131267078221,16.370566841214895,127,,-1,0,1.893,301.311,113.58,305.517,1,Start,Finish,241,43.51450810000256,16.36042175002399,1114,227,310,83,,,False,
2026-05-12T13:36:06+00:00,43.52132256142795,16.370547730475664,127,,-1,0,1.893,303.204,113.58,305.517,1,Start,Finish,241,43.51450810000256,16.36042175002399,1114,227,311,84,,,False,
2026-05-12T13:36:07+00:00,43.521335888653994,16.37052733451128,128,,-1,0,2.214,305.418,132.84,312.023,1,Start,Finish,241,43.51450810000256,16.36042175002399,1114,227,312,85,,,False,
2026-05-12T13:36:08+00:00,43.52134921588003,16.370506938546896,130,,-1,0,2.214,307.632,132.84,312.023,1,Start,Finish,241,43.51450810000256,16.36042175002399,1114,227,311,84,,,False,
2026-05-12T13:36:09+00:00,43.52136254310608,16.370486542582512,131,,-1,0,2.214,309.845,132.84,312.023,1,Start,Finish,241,43.51450810000256,16.36042175002399,1113,227,311,84,,,False,
2026-05-12T13:36:10+00:00,43.52137804962695,16.370465252548456,132,,-1,0,2.433,312.278,145.98,315.127,1,Start,Finish,241,43.51450810000256,16.36042175002399,1113,227,311,84,,,False,
2026-05-12T13:36:11+00:00,43.521393556147814,16.3704439625144,134,,-1,0,2.433,314.711,145.98,315.127,1,Start,Finish,241,43.51450810000256,16.36042175002399,1113,227,312,85,,,False,
2026-05-12T13:36:12+00:00,43.52140860166401,16.37042078655213,135,,-1,0,2.508,317.22,150.48,311.838,1,Start,Finish,241,43.51450810000256,16.36042175002399,1113,226,311,85,,,False,
2026-05-12T13:36:13+00:00,43.5214236471802,16.370397610589862,136,,-1,0,2.508,319.728,150.48,311.838,1,Start,Finish,241,43.51450810000256,16.36042175002399,1113,226,311,85,,,False,
2026-05-12T13:36:14+00:00,43.52143649244681,16.370374497491866,135,,-1,0,2.348,322.076,140.88,307.468,1,Start,Finish,241,43.51450810000256,16.36042175002399,1112,226,310,84,,,False,
2026-05-12T13:36:15+00:00,43.52144933771342,16.37035138439387,134,,-1,0,2.348,324.424,140.88,307.468,1,Start,Finish,241,43.51450810000256,16.36042175002399,1112,226,309,83,,,False,
2026-05-12T13:36:16+00:00,43.52146218298003,16.370328271295875,134,,-1,0,2.348,326.772,140.88,307.468,1,Start,Finish,241,43.51450810000256,16.36042175002399,1112,226,308,82,,,False,
2026-05-12T13:36:17+00:00,43.52147502824664,16.37030515819788,133,,-1,0,2.348,329.12,140.88,307.468,1,Start,Finish,241,43.51450810000256,16.36042175002399,1111,226,308,82,,,False,
2026-05-12T13:36:18+00:00,43.52148563135415,16.370284664444625,132,,-1,0,2.03,331.15,121.8,305.508,1,Start,Finish,241,43.51450810000256,16.36042175002399,1111,226,308,82,,,False,
2026-05-12T13:36:19+00:00,43.521496234461665,16.37026417069137,130,,-1,0,2.03,333.179,121.8,305.508,1,Start,Finish,241,43.51450810000256,16.36042175002399,1111,226,308,82,,,False,
2026-05-12T13:36:20+00:00,43.52150951977819,16.370243090204895,128,,-1,0,2.252,335.431,135.12,310.995,1,Start,Finish,241,43.51450810000256,16.36042175002399,1111,225,308,83,,,False,
2026-05-12T13:36:21+00:00,43.52152280509472,16.370222009718418,127,,-1,0,2.252,337.683,135.12,310.995,1,Start,Finish,241,43.51450810000256,16.36042175002399,1110,225,309,84,,,False,
2026-05-12T13:36:22+00:00,43.52153574116528,16.370199155062437,126,,-1,0,2.338,340.021,140.28,307.975,1,Start,Finish,241,43.51450810000256,16.36042175002399,1110,225,309,84,,,False,
2026-05-12T13:36:23+00:00,43.52154867723584,16.370176300406456,125,,-1,0,2.338,342.359,140.28,307.975,1,Start,Finish,241,43.51450810000256,16.36042175002399,1110,225,310,85,,,False,
2026-05-12T13:36:24+00:00,43.5215616133064,16.370153445750475,124,,-1,0,2.338,344.696,140.28,307.975,1,Start,Finish,241,43.51450810000256,16.36042175002399,1109,225,310,85,,,False,
2026-05-12T13:36:25+00:00,43.521576784551144,16.3701305212453,123,,-1,0,2.502,347.199,150.12,312.386,1,Start,Finish,241,43.51450810000256,16.36042175002399,1109,225,310,85,,,False,
2026-05-12T13:36:26+00:00,43.52159195579589,16.370107596740127,122,,-1,0,2.502,349.701,150.12,312.386,1,Start,Finish,241,43.51450810000256,16.36042175002399,1109,225,310,85,,,False,
2026-05-12T13:36:27+00:00,43.521607210859656,16.370084253139794,120,,-1,0,2.534,352.235,152.04,312.026,1,Start,Finish,241,43.51450810000256,16.36042175002399,1109,225,310,85,,,False,
2026-05-12T13:36:28+00:00,43.52162246592343,16.37006090953946,119,,-1,0,2.534,354.769,152.04,312.026,1,Start,Finish,241,43.51450810000256,16.36042175002399,1109,224,310,86,,,False,
2026-05-12T13:36:29+00:00,43.521635642275214,16.370036836713552,120,,-1,0,2.432,357.201,145.92,307.047,1,Start,Finish,241,43.51450810000256,16.36042175002399,1109,224,309,85,,,False,
2026-05-12T13:36:30+00:00,43.521648818627,16.370012763887644,121,,-1,0,2.432,359.633,145.92,307.047,1,Start,Finish,241,43.51450810000256,16.36042175002399,1108,224,309,85,,,False,
2026-05-12T13:36:31+00:00,43.521661994978786,16.369988691061735,122,,-1,0,2.432,362.065,145.92,307.047,1,Start,Finish,241,43.51450810000256,16.36042175002399,1108,224,308,84,,,False,
2026-05-12T13:36:32+00:00,43.52167517133057,16.369964618235826,123,,-1,0,2.432,364.496,145.92,307.047,1,Start,Finish,241,43.51450810000256,16.36042175002399,1108,224,307,83,,,False,
2026-05-12T13:36:33+00:00,43.52168834768236,16.369940545409918,124,,-1,0,2.432,366.928,145.92,307.047,1,Start,Finish,241,43.51450810000256,16.36042175002399,1108,224,307,83,,,False,
2026-05-12T13:36:34+00:00,43.521700920537114,16.369917313568294,124,,-1,0,2.337,369.266,140.22,306.736,1,Start,Finish,241,43.51450810000256,16.36042175002399,1107,224,307,83,,,False,
2026-05-12T13:36:35+00:00,43.52171349339187,16.36989408172667,124,,-1,0,2.337,371.603,140.22,306.736,1,Start,Finish,241,43.51450810000256,16.36042175002399,1107,224,307,83,,,False,
2026-05-12T13:36:36+00:00,43.52172606624663,16.369870849885046,124,,-1,0,2.337,373.94,140.22,306.736,1,Start,Finish,241,43.51450810000256,16.36042175002399,1107,224,306,82,,,False,
2026-05-12T13:36:37+00:00,43.521738639101386,16.369847618043423,125,,-1,0,2.337,376.278,140.22,306.736,1,Start,Finish,241,43.51450810000256,16.36042175002399,1106,223,307,84,,,False,
2026-05-12T13:36:38+00:00,43.52175121195614,16.3698243862018,125,,-1,0,2.337,378.615,140.22,306.736,1,Start,Finish,241,43.51450810000256,16.36042175002399,1106,223,308,85,,,False,
2026-05-12T13:36:39+00:00,43.5217637848109,16.369801154360175,125,,-1,0,2.337,380.952,140.22,306.736,1,Start,Finish,241,43.51450810000256,16.36042175002399,1106,223,309,86,,,False,
2026-05-12T13:36:40+00:00,43.5217743460089,16.369779109954834,124,,-1,0,2.13,383.083,127.8,303.453,1,Start,Finish,241,43.51450810000256,16.36042175002399,1105,223,309,86,,,False,
2026-05-12T13:36:41+00:00,43.521788360551,16.369758808985353,125,,-1,0,2.26,385.343,135.6,313.593,1,Start,Finish,241,43.51450810000256,16.36042175002399,1106,223,310,87,,,False,
2026-05-12T13:36:42+00:00,43.5218023750931,16.36973850801587,125,,-1,0,2.26,387.603,135.6,313.593,1,Start,Finish,241,43.51450810000256,16.36042175002399,1106,223,309,86,,,False,
2026-05-12T13:36:43+00:00,43.521816389635205,16.36971820704639,126,,-1,0,2.26,389.863,135.6,313.593,1,Start,Finish,241,43.51450810000256,16.36042175002399,1106,223,309,86,,,False,
2026-05-12T13:36:44+00:00,43.52183040417731,16.369697906076908,126,,-1,0,2.26,392.123,135.6,313.593,1,Start,Finish,241,43.51450810000256,16.36042175002399,1106,223,309,86,,,False,
2026-05-12T13:36:45+00:00,43.52184441871941,16.369677605107427,127,,-1,0,2.26,394.383,135.6,313.593,1,Start,Finish,241,43.51450810000256,16.36042175002399,1106,222,309,87,,,False,
2026-05-12T13:36:46+00:00,43.521852968260646,16.369655979797244,129,,-1,0,1.986,396.369,119.16,298.6,1,Start,Finish,241,43.51450810000256,16.36042175002399,1105,222,308,86,,,False,
2026-05-12T13:36:47+00:00,43.521864200010896,16.369632426649332,130,,-1,0,2.273,398.642,136.38,303.331,1,Start,Finish,241,43.51450810000256,16.36042175002399,1105,222,307,85,,,False,
2026-05-12T13:36:48+00:00,43.521875431761146,16.36960887350142,131,,-1,0,2.273,400.915,136.38,303.331,1,Start,Finish,241,43.51450810000256,16.36042175002399,1104,222,306,84,,,False,
2026-05-12T13:36:49+00:00,43.521886663511395,16.369585320353508,132,,-1,0,2.273,403.188,136.38,303.331,1,Start,Finish,241,43.51450810000256,16.36042175002399,1104,222,305,83,,,False,
2026-05-12T13:36:50+00:00,43.52189848199487,16.369562207255512,132,,-1,0,2.28,405.468,136.8,305.191,1,Start,Finish,241,43.51450810000256,16.36042175002399,1104,222,303,81,,,False,
2026-05-12T13:36:51+00:00,43.52191030047834,16.369539094157517,132,,-1,0,2.28,407.748,136.8,305.191,1,Start,Finish,241,43.51450810000256,16.36042175002399,1104,222,303,81,,,False,
2026-05-12T13:36:52+00:00,43.52192211896181,16.36951598105952,133,,-1,0,2.28,410.029,136.8,305.191,1,Start,Finish,241,43.51450810000256,16.36042175002399,1103,222,304,82,,,False,
2026-05-12T13:36:53+00:00,43.52193393744528,16.369492867961526,133,,-1,0,2.28,412.309,136.8,305.191,1,Start,Finish,241,43.51450810000256,16.36042175002399,1103,222,304,82,,,False,
2026-05-12T13:36:54+00:00,43.52194521110505,16.369466171599925,131,,-1,0,2.491,414.8,149.46,300.216,1,Start,Finish,241,43.51450810000256,16.36042175002399,1103,221,303,82,,,False,
2026-05-12T13:36:55+00:00,43.521956484764814,16.369439475238323,129,,-1,0,2.491,417.291,149.46,300.216,1,Start,Finish,241,43.51450810000256,16.36042175002399,1102,221,301,80,,,False,
2026-05-12T13:36:56+00:00,43.521969434805214,16.36941411998123,128,,-1,0,2.501,419.791,150.06,305.16,1,Start,Finish,241,43.51450810000256,16.36042175002399,1102,221,300,79,,,False,
2026-05-12T13:36:57+00:00,43.521982384845614,16.369388764724135,126,,-1,0,2.501,422.292,150.06,305.16,1,Start,Finish,241,43.51450810000256,16.36042175002399,1102,221,299,78,,,False,
2026-05-12T13:36:58+00:00,43.521989956498146,16.369364485144615,125,,-1,0,2.131,424.423,127.86,293.271,1,Start,Finish,241,43.51450810000256,16.36042175002399,1101,221,298,77,,,False,
2026-05-12T13:36:59+00:00,43.52199752815068,16.369340205565095,124,,-1,0,2.131,426.554,127.86,293.271,1,Start,Finish,241,43.51450810000256,16.36042175002399,1100,221,297,76,,,False,
2026-05-12T13:37:00+00:00,43.52200509980321,16.369315925985575,123,,-1,0,2.131,428.685,127.86,293.271,1,Start,Finish,241,43.51450810000256,16.36042175002399,1100,221,296,75,,,False,
2026-05-12T13:37:01+00:00,43.5220122942701,16.369294077157974,123,,-1,0,1.935,430.62,116.1,294.424,1,Start,Finish,241,43.51450810000256,16.36042175002399,1099,221,295,74,,,False,
2026-05-12T13:37:02+00:00,43.52201948873699,16.369272228330374,123,,-1,0,1.935,432.554,116.1,294.424,1,Start,Finish,241,43.51450810000256,16.36042175002399,1099,221,294,73,,,False,
2026-05-12T13:37:03+00:00,43.52202668320387,16.369250379502773,124,,-1,0,1.935,434.489,116.1,294.424,1,Start,Finish,241,43.51450810000256,16.36042175002399,1098,220,295,75,,,False,
2026-05-12T13:37:04+00:00,43.522033877670765,16.369228530675173,124,,-1,0,1.935,436.424,116.1,294.424,1,Start,Finish,241,43.51450810000256,16.36042175002399,1098,220,295,75,,,False,
2026-05-12T13:37:05+00:00,43.522041072137654,16.369206681847572,124,,-1,0,1.935,438.359,116.1,294.424,1,Start,Finish,241,43.51450810000256,16.36042175002399,1097,220,296,76,,,False,
2026-05-12T13:37:06+00:00,43.52204826660454,16.369184833019972,124,,-1,0,1.935,440.294,116.1,294.424,1,Start,Finish,241,43.51450810000256,16.36042175002399,1096,220,298,78,,,False,
2026-05-12T13:37:07+00:00,43.52205832488835,16.369159603491426,126,,-1,0,2.321,442.615,139.26,298.802,1,Start,Finish,241,43.51450810000256,16.36042175002399,1096,220,299,79,,,False,
2026-05-12T13:37:08+00:00,43.522068383172154,16.36913437396288,127,,-1,0,2.321,444.936,139.26,298.802,1,Start,Finish,241,43.51450810000256,16.36042175002399,1096,220,301,81,,,False,
2026-05-12T13:37:09+00:00,43.52208033576608,16.369111742824316,127,,-1,0,2.257,447.194,135.42,306.069,1,Start,Finish,241,43.51450810000256,16.36042175002399,1095,220,302,82,,,False,
2026-05-12T13:37:10+00:00,43.52209228836,16.369089111685753,127,,-1,0,2.257,449.451,135.42,306.069,1,Start,Finish,241,43.51450810000256,16.36042175002399,1095,220,302,82,,,False,
2026-05-12T13:37:11+00:00,43.52210424095392,16.36906648054719,127,,-1,0,2.257,451.709,135.42,306.069,1,Start,Finish,241,43.51450810000256,16.36042175002399,1095,220,303,83,,,False,
2026-05-12T13:37:12+00:00,43.522116193547845,16.369043849408627,127,,-1,0,2.257,453.966,135.42,306.069,1,Start,Finish,241,43.51450810000256,16.36042175002399,1095,219,303,84,,,False,
2026-05-12T13:37:13+00:00,43.52212814614177,16.369021218270063,127,,-1,0,2.257,456.224,135.42,306.069,1,Start,Finish,241,43.51450810000256,16.36042175002399,1095,219,303,84,,,False,
2026-05-12T13:37:14+00:00,43.52213803678751,16.368995946832,125,,-1,0,2.315,458.539,138.9,298.358,1,Start,Finish,241,43.51450810000256,16.36042175002399,1094,219,303,84,,,False,
2026-05-12T13:37:15+00:00,43.52214792743325,16.36897067539394,123,,-1,0,2.315,460.854,138.9,298.358,1,Start,Finish,241,43.51450810000256,16.36042175002399,1094,219,303,84,,,False,
2026-05-12T13:37:16+00:00,43.522157818078995,16.36894670315087,119,,-1,0,2.224,463.078,133.44,299.64,1,Start,Finish,241,43.51450810000256,16.36042175002399,1094,219,303,84,,,False,
2026-05-12T13:37:17+00:00,43.52216779254377,16.368926893919706,118,,-1,0,1.945,465.023,116.7,304.777,1,Start,Finish,241,43.51450810000256,16.36042175002399,1094,219,302,83,,,False,
2026-05-12T13:37:18+00:00,43.52217776700854,16.368907084688544,118,,-1,0,1.945,466.967,116.7,304.777,1,Start,Finish,241,43.51450810000256,16.36042175002399,1093,219,302,83,,,False,
2026-05-12T13:37:19+00:00,43.52218774147332,16.368887275457382,117,,-1,0,1.945,468.912,116.7,304.777,1,Start,Finish,241,43.51450810000256,16.36042175002399,1093,219,302,83,,,False,
2026-05-12T13:37:20+00:00,43.52219954319298,16.368860570713878,118,,-1,0,2.522,471.433,151.32,301.361,1,Start,Finish,241,43.51450810000256,16.36042175002399,1093,219,302,83,,,False,
2026-05-12T13:37:21+00:00,43.52221134491265,16.368833865970373,118,,-1,0,2.522,473.955,151.32,301.361,1,Start,Finish,241,43.51450810000256,16.36042175002399,1093,218,303,85,,,False,
2026-05-12T13:37:22+00:00,43.522223146632314,16.36880716122687,119,,-1,0,2.522,476.476,151.32,301.361,1,Start,Finish,241,43.51450810000256,16.36042175002399,1092,218,303,85,,,False,
2026-05-12T13:37:23+00:00,43.52223494835198,16.368780456483364,119,,-1,0,2.522,478.998,151.32,301.361,1,Start,Finish,241,43.51450810000256,16.36042175002399,1092,218,303,85,,,False,
2026-05-12T13:37:24+00:00,43.522246750071645,16.36875375173986,120,,-1,0,2.522,481.52,151.32,301.361,1,Start,Finish,241,43.51450810000256,16.36042175002399,1092,218,303,85,,,False,
2026-05-12T13:37:25+00:00,43.52225876413286,16.368729639798403,121,,-1,0,2.359,483.878,141.54,304.495,1,Start,Finish,241,43.51450810000256,16.36042175002399,1092,218,302,84,,,False,
2026-05-12T13:37:26+00:00,43.52227077819407,16.368705527856946,122,,-1,0,2.359,486.237,141.54,304.495,1,Start,Finish,241,43.51450810000256,16.36042175002399,1091,218,302,84,,,False,
2026-05-12T13:37:27+00:00,43.52228279225528,16.36868141591549,123,,-1,0,2.359,488.596,141.54,304.495,1,Start,Finish,241,43.51450810000256,16.36042175002399,1091,218,303,85,,,False,
2026-05-12T13:37:28+00:00,43.52229322772473,16.368658009450883,123,,-1,0,2.215,490.811,132.9,301.586,1,Start,Finish,241,43.51450810000256,16.36042175002399,1091,217,301,84,,,False,
2026-05-12T13:37:29+00:00,43.52230366319418,16.368634602986276,122,,-1,0,2.215,493.027,132.9,301.586,1,Start,Finish,241,43.51450810000256,16.36042175002399,1091,217,300,83,,,False,
2026-05-12T13:37:30+00:00,43.52231409866363,16.36861119652167,122,,-1,0,2.215,495.242,132.9,301.586,1,Start,Finish,241,43.51450810000256,16.36042175002399,1091,217,298,81,,,False,
2026-05-12T13:37:31+00:00,43.52232453413308,16.368587790057063,122,,-1,0,2.215,497.458,132.9,301.586,1,Start,Finish,241,43.51450810000256,16.36042175002399,1090,217,296,79,,,False,
2026-05-12T13:37:32+00:00,43.5223311977461,16.368561191484332,122,,-1,0,2.269,499.727,136.14,289.06,1,Start,Finish,241,43.51450810000256,16.36042175002399,1090,217,295,78,,,False,
2026-05-12T13:37:33+00:00,43.52233786135912,16.3685345929116,123,,-1,0,2.269,501.996,136.14,289.06,1,Start,Finish,241,43.51450810000256,16.36042175002399,1089,217,293,76,,,False,
2026-05-12T13:37:34+00:00,43.52234452497214,16.36850799433887,124,,-1,0,2.269,504.265,136.14,289.06,1,Start,Finish,241,43.51450810000256,16.36042175002399,1088,217,289,72,,,False,
2026-05-12T13:37:35+00:00,43.52235118858516,16.36848139576614,124,,-1,0,2.269,506.534,136.14,289.06,1,Start,Finish,241,43.51450810000256,16.36042175002399,1088,217,289,72,,,False,
2026-05-12T13:37:36+00:00,43.52235785219818,16.368454797193408,124,,-1,0,2.269,508.803,136.14,289.06,1,Start,Finish,241,43.51450810000256,16.36042175002399,1087,217,289,72,,,False,
2026-05-12T13:37:37+00:00,43.522364515811205,16.368428198620677,125,,-1,0,2.269,511.072,136.14,289.06,1,Start,Finish,241,43.51450810000256,16.36042175002399,1086,216,289,73,,,False,
2026-05-12T13:37:38+00:00,43.52236376143992,16.36840481311083,126,,-1,0,1.887,512.959,113.22,267.453,1,Start,Finish,241,43.51450810000256,16.36042175002399,1085,216,290,74,,,False,
2026-05-12T13:37:39+00:00,43.522373316809535,16.368379150517285,125,,-1,0,2.326,515.285,139.56,297.181,1,Start,Finish,241,43.51450810000256,16.36042175002399,1085,216,291,75,,,False,
2026-05-12T13:37:40+00:00,43.52238287217915,16.36835348792374,125,,-1,0,2.326,517.611,139.56,297.181,1,Start,Finish,241,43.51450810000256,16.36042175002399,1084,216,292,76,,,False,
2026-05-12T13:37:41+00:00,43.522392427548766,16.368327825330198,124,,-1,0,2.326,519.937,139.56,297.181,1,Start,Finish,241,43.51450810000256,16.36042175002399,1084,216,293,77,,,False,
2026-05-12T13:37:42+00:00,43.52240198291838,16.368302162736654,123,,-1,0,2.326,522.263,139.56,297.181,1,Start,Finish,241,43.51450810000256,16.36042175002399,1084,216,293,77,,,False,
2026-05-12T13:37:43+00:00,43.522411538288,16.36827650014311,123,,-1,0,2.326,524.589,139.56,297.181,1,Start,Finish,241,43.51450810000256,16.36042175002399,1083,216,296,80,,,False,
2026-05-12T13:37:44+00:00,43.52242109365761,16.368250837549567,122,,-1,0,2.326,526.915,139.56,297.181,1,Start,Finish,241,43.51450810000256,16.36042175002399,1083,216,296,80,,,False,
2026-05-12T13:37:45+00:00,43.52243050932884,16.368222534656525,122,,-1,0,2.511,529.426,150.66,294.645,1,Start,Finish,241,43.51450810000256,16.36042175002399,1082,216,296,80,,,False,
2026-05-12T13:37:46+00:00,43.52243992500007,16.368194231763482,122,,-1,0,2.511,531.936,150.66,294.645,1,Start,Finish,241,43.51450810000256,16.36042175002399,1082,215,296,81,,,False,
2026-05-12T13:37:47+00:00,43.5224493406713,16.36816592887044,122,,-1,0,2.511,534.447,150.66,294.645,1,Start,Finish,241,43.51450810000256,16.36042175002399,1082,215,296,81,,,False,
2026-05-12T13:37:48+00:00,43.52245875634253,16.368137625977397,122,,-1,0,2.511,536.958,150.66,294.645,1,Start,Finish,241,43.51450810000256,16.36042175002399,1081,215,297,82,,,False,
2026-05-12T13:37:49+00:00,43.52246817201376,16.368109323084354,122,,-1,0,2.511,539.469,150.66,294.645,1,Start,Finish,241,43.51450810000256,16.36042175002399,1081,215,298,83,,,False,
2026-05-12T13:37:50+00:00,43.52247758768499,16.368081020191312,122,,-1,0,2.511,541.979,150.66,294.645,1,Start,Finish,241,43.51450810000256,16.36042175002399,1080,215,298,83,,,False,
2026-05-12T13:37:51+00:00,43.52248803712427,16.36805838905275,123,,-1,0,2.163,544.142,129.78,302.488,1,Start,Finish,241,43.51450810000256,16.36042175002399,1080,215,299,84,,,False,
2026-05-12T13:37:52+00:00,43.52249848656356,16.368035757914186,124,,-1,0,2.163,546.306,129.78,302.488,1,Start,Finish,241,43.51450810000256,16.36042175002399,1080,215,299,84,,,False,
2026-05-12T13:37:53+00:00,43.52250893600285,16.368013126775622,125,,-1,0,2.163,548.469,129.78,302.488,1,Start,Finish,241,43.51450810000256,16.36042175002399,1080,215,300,85,,,False,
2026-05-12T13:37:54+00:00,43.52251932956278,16.36798877734691,124,,-1,0,2.278,550.747,136.68,300.484,1,Start,Finish,241,43.51450810000256,16.36042175002399,1080,214,300,86,,,False,
2026-05-12T13:37:55+00:00,43.52252972312272,16.367964427918196,124,,-1,0,2.278,553.025,136.68,300.484,1,Start,Finish,241,43.51450810000256,16.36042175002399,1080,214,300,86,,,False,
2026-05-12T13:37:56+00:00,43.52254011668265,16.367940078489482,123,,-1,0,2.278,555.303,136.68,300.484,1,Start,Finish,241,43.51450810000256,16.36042175002399,1079,214,299,85,,,False,
2026-05-12T13:37:57+00:00,43.52255051024258,16.36791572906077,122,,-1,0,2.278,557.582,136.68,300.484,1,Start,Finish,241,43.51450810000256,16.36042175002399,1079,214,298,84,,,False,
2026-05-12T13:37:58+00:00,43.52256023325026,16.367884988430887,122,,-1,0,2.704,560.286,162.24,293.567,1,Start,Finish,241,43.51450810000256,16.36042175002399,1079,214,297,83,,,False,
2026-05-12T13:37:59+00:00,43.52256995625794,16.367854247801006,122,,-1,0,2.704,562.99,162.24,293.567,1,Start,Finish,241,43.51450810000256,16.36042175002399,1078,214,296,82,,,False,
2026-05-12T13:38:00+00:00,43.52257967926562,16.367823507171124,123,,-1,0,2.704,565.694,162.24,293.567,1,Start,Finish,241,43.51450810000256,16.36042175002399,1078,214,294,80,,,False,
2026-05-12T13:38:01+00:00,43.5225894022733,16.367792766541243,123,,-1,0,2.704,568.398,162.24,293.567,1,Start,Finish,241,43.51450810000256,16.36042175002399,1077,213,292,79,,,False,
2026-05-12T13:38:02+00:00,43.52259722538293,16.367764826864004,124,,-1,0,2.415,570.813,144.9,291.114,1,Start,Finish,241,43.51450810000256,16.36042175002399,1077,213,291,78,,,False,
2026-05-12T13:38:03+00:00,43.52260504849255,16.367736887186766,126,,-1,0,2.415,573.228,144.9,291.114,1,Start,Finish,241,43.51450810000256,16.36042175002399,1076,213,290,77,,,False,
2026-05-12T13:38:04+00:00,43.52261287160218,16.367708947509527,127,,-1,0,2.415,575.642,144.9,291.114,1,Start,Finish,241,43.51450810000256,16.36042175002399,1076,213,290,77,,,False,
2026-05-12T13:38:05+00:00,43.52261863416061,16.367683340795338,127,,-1,0,2.162,577.804,129.72,287.242,1,Start,Finish,241,43.51450810000256,16.36042175002399,1075,213,291,78,,,False,
2026-05-12T13:38:06+00:00,43.52262439671904,16.36765773408115,128,,-1,0,2.162,579.966,129.72,287.242,1,Start,Finish,241,43.51450810000256,16.36042175002399,1075,213,291,78,,,False,
2026-05-12T13:38:07+00:00,43.52263015927747,16.36763212736696,128,,-1,0,2.162,582.128,129.72,287.242,1,Start,Finish,241,43.51450810000256,16.36042175002399,1074,213,292,79,,,False,
2026-05-12T13:38:08+00:00,43.5226359218359,16.36760652065277,128,,-1,0,2.162,584.289,129.72,287.242,1,Start,Finish,241,43.51450810000256,16.36042175002399,1074,213,293,80,,,False,
2026-05-12T13:38:09+00:00,43.52264603599906,16.367582520470023,128,,-1,0,2.238,586.528,134.28,300.165,1,Start,Finish,241,43.51450810000256,16.36042175002399,1073,213,294,81,,,False,
2026-05-12T13:38:10+00:00,43.52265615016222,16.367558520287275,128,,-1,0,2.238,588.766,134.28,300.165,1,Start,Finish,241,43.51450810000256,16.36042175002399,1073,212,296,84,,,False,
2026-05-12T13:38:11+00:00,43.52266626432538,16.367534520104527,128,,-1,0,2.238,591.004,134.28,300.165,1,Start,Finish,241,43.51450810000256,16.36042175002399,1073,212,297,85,,,False,
2026-05-12T13:38:12+00:00,43.52267637848854,16.36751051992178,127,,-1,0,2.238,593.242,134.28,300.165,1,Start,Finish,241,43.51450810000256,16.36042175002399,1073,212,299,87,,,False,
2026-05-12T13:38:13+00:00,43.5226864926517,16.367486519739032,127,,-1,0,2.238,595.48,134.28,300.165,1,Start,Finish,241,43.51450810000256,16.36042175002399,1073,212,300,88,,,False,
2026-05-12T13:38:14+00:00,43.52269660681486,16.367462519556284,127,,-1,0,2.238,597.718,134.28,300.165,1,Start,Finish,241,43.51450810000256,16.36042175002399,1073,212,300,88,,,False,
2026-05-12T13:38:15+00:00,43.522706371732056,16.367439511232078,127,,-1,0,2.15,599.868,129.0,300.341,1,Start,Finish,241,43.51450810000256,16.36042175002399,1073,212,300,88,,,False,
2026-05-12T13:38:16+00:00,43.52271613664925,16.367416502907872,127,,-1,0,2.15,602.017,129.0,300.341,1,Start,Finish,241,43.51450810000256,16.36042175002399,1073,212,300,88,,,False,
2026-05-12T13:38:17+00:00,43.52272789925337,16.367388982325792,128,,-1,0,2.576,604.593,154.56,300.517,1,Start,Finish,241,43.51450810000256,16.36042175002399,1073,212,299,87,,,False,
2026-05-12T13:38:18+00:00,43.522739661857486,16.367361461743712,129,,-1,0,2.576,607.169,154.56,300.517,1,Start,Finish,241,43.51450810000256,16.36042175002399,1073,211,299,88,,,False,
2026-05-12T13:38:19+00:00,43.5227514244616,16.367333941161633,130,,-1,0,2.576,609.745,154.56,300.517,1,Start,Finish,241,43.51450810000256,16.36042175002399,1073,211,297,86,,,False,
2026-05-12T13:38:20+00:00,43.522760616615415,16.367307733744383,130,,-1,0,2.347,612.092,140.82,295.814,1,Start,Finish,241,43.51450810000256,16.36042175002399,1073,211,294,83,,,False,
2026-05-12T13:38:21+00:00,43.522769808769226,16.367281526327133,130,,-1,0,2.347,614.439,140.82,295.814,1,Start,Finish,241,43.51450810000256,16.36042175002399,1072,211,293,82,,,False,
2026-05-12T13:38:22+00:00,43.52277900092304,16.367255318909883,130,,-1,0,2.347,616.786,140.82,295.814,1,Start,Finish,241,43.51450810000256,16.36042175002399,1072,211,291,80,,,False,
2026-05-12T13:38:23+00:00,43.52278387639672,16.367226694710553,130,,-1,0,2.371,619.157,142.26,283.219,1,Start,Finish,241,43.51450810000256,16.36042175002399,1071,211,289,78,,,False,
2026-05-12T13:38:24+00:00,43.522788751870394,16.367198070511222,130,,-1,0,2.371,621.528,142.26,283.219,1,Start,Finish,241,43.51450810000256,16.36042175002399,1071,211,287,76,,,False,
2026-05-12T13:38:25+00:00,43.52279362734407,16.36716944631189,130,,-1,0,2.371,623.899,142.26,283.219,1,Start,Finish,241,43.51450810000256,16.36042175002399,1070,211,286,75,,,False,
2026-05-12T13:38:26+00:00,43.52279850281775,16.36714082211256,130,,-1,0,2.371,626.269,142.26,283.219,1,Start,Finish,241,43.51450810000256,16.36042175002399,1069,210,284,74,,,False,
2026-05-12T13:38:27+00:00,43.52280337829143,16.36711219791323,130,,-1,0,2.371,628.64,142.26,283.219,1,Start,Finish,241,43.51450810000256,16.36042175002399,1069,210,283,73,,,False,
2026-05-12T13:38:28+00:00,43.522808253765106,16.3670835737139,130,,-1,0,2.371,631.011,142.26,283.219,1,Start,Finish,241,43.51450810000256,16.36042175002399,1068,210,283,73,,,False,
2026-05-12T13:38:29+00:00,43.52281227707863,16.367057086899877,130,,-1,0,2.182,633.193,130.92,281.832,1,Start,Finish,241,43.51450810000256,16.36042175002399,1067,210,283,73,,,False,
2026-05-12T13:38:30+00:00,43.52281630039215,16.367030600085855,129,,-1,0,2.182,635.375,130.92,281.832,1,Start,Finish,241,43.51450810000256,16.36042175002399,1067,210,282,72,,,False,
2026-05-12T13:38:31+00:00,43.522820603102446,16.367002758197486,128,,-1,0,2.295,637.67,137.7,282.031,1,Start,Finish,241,43.51450810000256,16.36042175002399,1066,210,282,72,,,False,
2026-05-12T13:38:32+00:00,43.52282490581274,16.36697491630912,128,,-1,0,2.295,639.965,137.7,282.031,1,Start,Finish,241,43.51450810000256,16.36042175002399,1065,210,282,72,,,False,
2026-05-12T13:38:33+00:00,43.522829208523035,16.36694707442075,128,,-1,0,2.295,642.26,137.7,282.031,1,Start,Finish,241,43.51450810000256,16.36042175002399,1064,210,283,73,,,False,
2026-05-12T13:38:34+00:00,43.52283351123333,16.366919232532382,127,,-1,0,2.295,644.555,137.7,282.031,1,Start,Finish,241,43.51450810000256,16.36042175002399,1064,210,283,73,,,False,
2026-05-12T13:38:35+00:00,43.522837813943624,16.366891390644014,126,,-1,0,2.295,646.851,137.7,282.031,1,Start,Finish,241,43.51450810000256,16.36042175002399,1063,209,284,75,,,False,
2026-05-12T13:38:36+00:00,43.52284211665392,16.366863548755646,126,,-1,0,2.295,649.146,137.7,282.031,1,Start,Finish,241,43.51450810000256,16.36042175002399,1062,209,286,77,,,False,
2026-05-12T13:38:37+00:00,43.52284915745258,16.366832116618752,124,,-1,0,2.652,651.798,159.12,287.167,1,Start,Finish,241,43.51450810000256,16.36042175002399,1062,209,288,79,,,False,
2026-05-12T13:38:38+00:00,43.522855611518025,16.366805797442794,122,,-1,0,2.24,654.039,134.4,288.685,1,Start,Finish,241,43.51450810000256,16.36042175002399,1061,209,290,81,,,False,
2026-05-12T13:38:39+00:00,43.52286206558347,16.366779478266835,120,,-1,0,2.24,656.279,134.4,288.685,1,Start,Finish,241,43.51450810000256,16.36042175002399,1061,209,292,83,,,False,
2026-05-12T13:38:40+00:00,43.522871654480696,16.366756914183497,120,,-1,0,2.109,658.387,126.54,300.374,1,Start,Finish,241,43.51450810000256,16.36042175002399,1061,209,294,85,,,False,
2026-05-12T13:38:41+00:00,43.52288124337792,16.36673435010016,119,,-1,0,2.109,660.496,126.54,300.374,1,Start,Finish,241,43.51450810000256,16.36042175002399,1061,209,295,86,,,False,
2026-05-12T13:38:42+00:00,43.52289083227515,16.366711786016822,119,,-1,0,2.109,662.605,126.54,300.374,1,Start,Finish,241,43.51450810000256,16.36042175002399,1061,209,294,85,,,False,
2026-05-12T13:38:43+00:00,43.52290042117238,16.366689221933484,118,,-1,0,2.109,664.713,126.54,300.374,1,Start,Finish,241,43.51450810000256,16.36042175002399,1061,208,294,86,,,False,
2026-05-12T13:38:44+00:00,43.52291001006961,16.366666657850146,118,,-1,0,2.109,666.822,126.54,300.374,1,Start,Finish,241,43.51450810000256,16.36042175002399,1061,208,293,85,,,False,
2026-05-12T13:38:45+00:00,43.522917218506336,16.366640171036124,118,,-1,0,2.281,669.103,136.86,290.573,1,Start,Finish,241,43.51450810000256,16.36042175002399,1061,208,290,82,,,False,
2026-05-12T13:38:46+00:00,43.5229208227247,16.366613376885653,118,,-1,0,2.197,671.3,131.82,280.51,1,Start,Finish,241,43.51450810000256,16.36042175002399,1060,208,288,80,,,False,
2026-05-12T13:38:47+00:00,43.522924426943064,16.36658658273518,119,,-1,0,2.197,673.498,131.82,280.51,1,Start,Finish,241,43.51450810000256,16.36042175002399,1060,208,286,78,,,False,
2026-05-12T13:38:48+00:00,43.52292803116143,16.36655978858471,119,,-1,0,2.197,675.695,131.82,280.51,1,Start,Finish,241,43.51450810000256,16.36042175002399,1059,208,284,76,,,False,
2026-05-12T13:38:49+00:00,43.52293163537979,16.366532994434237,119,,-1,0,2.197,677.892,131.82,280.51,1,Start,Finish,241,43.51450810000256,16.36042175002399,1058,208,282,74,,,False,
2026-05-12T13:38:50+00:00,43.522935239598155,16.366506200283766,120,,-1,0,2.197,680.089,131.82,280.51,1,Start,Finish,241,43.51450810000256,16.36042175002399,1058,208,281,73,,,False,
2026-05-12T13:38:51+00:00,43.52293884381652,16.366479406133294,120,,-1,0,2.197,682.286,131.82,280.51,1,Start,Finish,241,43.51450810000256,16.36042175002399,1057,208,281,73,,,False,
2026-05-12T13:38:52+00:00,43.52294299285859,16.366452584043145,119,,-1,0,2.211,684.498,132.66,282.043,1,Start,Finish,241,43.51450810000256,16.36042175002399,1056,207,282,75,,,False,
2026-05-12T13:38:53+00:00,43.52294714190066,16.366425761952996,118,,-1,0,2.211,686.709,132.66,282.043,1,Start,Finish,241,43.51450810000256,16.36042175002399,1056,207,282,75,,,False,
2026-05-12T13:38:54+00:00,43.52295129094273,16.366398939862847,118,,-1,0,2.211,688.92,132.66,282.043,1,Start,Finish,241,43.51450810000256,16.36042175002399,1055,207,285,78,,,False,
2026-05-12T13:38:55+00:00,43.5229554399848,16.3663721177727,117,,-1,0,2.211,691.131,132.66,282.043,1,Start,Finish,241,43.51450810000256,16.36042175002399,1055,207,287,80,,,False,
2026-05-12T13:38:56+00:00,43.522959714755416,16.366348690353334,116,,-1,0,1.948,693.079,116.88,284.125,1,Start,Finish,241,43.51450810000256,16.36042175002399,1054,207,290,83,,,False,
2026-05-12T13:38:57+00:00,43.52296398952603,16.36632526293397,114,,-1,0,1.948,695.027,116.88,284.125,1,Start,Finish,241,43.51450810000256,16.36042175002399,1054,207,293,86,,,False,
2026-05-12T13:38:58+00:00,43.522974913939834,16.366304084658623,114,,-1,0,2.096,697.123,125.76,305.428,1,Start,Finish,241,43.51450810000256,16.36042175002399,1054,207,295,88,,,False,
2026-05-12T13:38:59+00:00,43.522985838353634,16.366282906383276,115,,-1,0,2.096,699.218,125.76,305.428,1,Start,Finish,241,43.51450810000256,16.36042175002399,1055,207,297,90,,,False,
2026-05-12T13:39:00+00:00,43.522996762767434,16.36626172810793,115,,-1,0,2.096,701.314,125.76,305.428,1,Start,Finish,241,43.51450810000256,16.36042175002399,1055,207,299,92,,,False,
2026-05-12T13:39:01+00:00,43.523006569594145,16.366240605711937,115,,-1,0,2.022,703.336,121.32,302.632,1,Start,Finish,241,43.51450810000256,16.36042175002399,1055,206,302,96,,,False,
2026-05-12T13:39:02+00:00,43.523016376420856,16.366219483315945,114,,-1,0,2.022,705.358,121.32,302.632,1,Start,Finish,241,43.51450810000256,16.36042175002399,1055,206,304,98,,,False,
2026-05-12T13:39:03+00:00,43.523026183247566,16.366198360919952,114,,-1,0,2.022,707.38,121.32,302.632,1,Start,Finish,241,43.51450810000256,16.36042175002399,1056,206,302,96,,,False,
2026-05-12T13:39:04+00:00,43.52303599007428,16.36617723852396,114,,-1,0,2.022,709.403,121.32,302.632,1,Start,Finish,241,43.51450810000256,16.36042175002399,1056,206,301,95,,,False,
2026-05-12T13:39:05+00:00,43.52304579690099,16.366156116127968,113,,-1,0,2.022,711.425,121.32,302.632,1,Start,Finish,241,43.51450810000256,16.36042175002399,1056,206,300,94,,,False,
2026-05-12T13:39:06+00:00,43.5230556037277,16.366134993731976,113,,-1,0,2.022,713.447,121.32,302.632,1,Start,Finish,241,43.51450810000256,16.36042175002399,1056,206,299,93,,,False,
2026-05-12T13:39:07+00:00,43.52306189015508,16.366110937669873,111,,-1,0,2.062,715.509,123.72,289.819,1,Start,Finish,241,43.51450810000256,16.36042175002399,1056,206,298,92,,,False,
2026-05-12T13:39:08+00:00,43.52306975238025,16.366087602451444,112,,-1,0,2.075,717.583,124.5,294.923,1,Start,Finish,241,43.51450810000256,16.36042175002399,1056,206,297,91,,,False,
2026-05-12T13:39:09+00:00,43.52307761460543,16.366064267233014,112,,-1,0,2.075,719.658,124.5,294.923,1,Start,Finish,241,43.51450810000256,16.36042175002399,1056,206,296,90,,,False,
2026-05-12T13:39:10+00:00,43.5230854768306,16.366040932014585,113,,-1,0,2.075,721.733,124.5,294.923,1,Start,Finish,241,43.51450810000256,16.36042175002399,1056,205,295,90,,,False,
2026-05-12T13:39:11+00:00,43.52309333905578,16.366017596796155,113,,-1,0,2.075,723.807,124.5,294.923,1,Start,Finish,241,43.51450810000256,16.36042175002399,1056,205,293,88,,,False,
2026-05-12T13:39:12+00:00,43.52310120128095,16.365994261577725,114,,-1,0,2.075,725.882,124.5,294.923,1,Start,Finish,241,43.51450810000256,16.36042175002399,1056,205,294,89,,,False,
2026-05-12T13:39:13+00:00,43.523109247908,16.365966545417905,116,,-1,0,2.407,728.289,144.42,291.821,1,Start,Finish,241,43.51450810000256,16.36042175002399,1056,205,294,89,,,False,
2026-05-12T13:39:14+00:00,43.52311729453504,16.365938829258084,117,,-1,0,2.407,730.696,144.42,291.821,1,Start,Finish,241,43.51450810000256,16.36042175002399,1056,205,293,88,,,False,
2026-05-12T13:39:15+00:00,43.523125341162086,16.365911113098264,119,,-1,0,2.407,733.103,144.42,291.821,1,Start,Finish,241,43.51450810000256,16.36042175002399,1055,205,293,88,,,False,
2026-05-12T13:39:16+00:00,43.52313439361751,16.365882740356028,121,,-1,0,2.499,735.603,149.94,293.75,1,Start,Finish,241,43.51450810000256,16.36042175002399,1055,205,293,88,,,False,
2026-05-12T13:39:17+00:00,43.523143446072936,16.365854367613792,123,,-1,0,2.499,738.102,149.94,293.75,1,Start,Finish,241,43.51450810000256,16.36042175002399,1055,205,293,88,,,False,
2026-05-12T13:39:18+00:00,43.52315274998546,16.365823962260038,124,,-1,0,2.661,740.763,159.66,292.88,1,Start,Finish,241,43.51450810000256,16.36042175002399,1055,204,293,89,,,False,
2026-05-12T13:39:19+00:00,43.52316205389798,16.365793556906283,124,,-1,0,2.661,743.424,159.66,292.88,1,Start,Finish,241,43.51450810000256,16.36042175002399,1055,204,296,92,,,False,
2026-05-12T13:39:20+00:00,43.5231713578105,16.365763151552528,124,,-1,0,2.661,746.085,159.66,292.88,1,Start,Finish,241,43.51450810000256,16.36042175002399,1055,204,297,93,,,False,
2026-05-12T13:39:21+00:00,43.52318066172302,16.365732746198773,125,,-1,0,2.661,748.745,159.66,292.88,1,Start,Finish,241,43.51450810000256,16.36042175002399,1055,204,298,94,,,False,
2026-05-12T13:39:22+00:00,43.52319147437811,16.365709486417472,125,,-1,0,2.228,750.973,133.68,302.664,1,Start,Finish,241,43.51450810000256,16.36042175002399,1055,204,299,95,,,False,
2026-05-12T13:39:23+00:00,43.5232022870332,16.36568622663617,126,,-1,0,2.228,753.201,133.68,302.664,1,Start,Finish,241,43.51450810000256,16.36042175002399,1056,204,299,95,,,False,
2026-05-12T13:39:24+00:00,43.52321309968829,16.36566296685487,126,,-1,0,2.228,755.428,133.68,302.664,1,Start,Finish,241,43.51450810000256,16.36042175002399,1056,204,300,96,,,False,
2026-05-12T13:39:25+00:00,43.52322391234338,16.36563970707357,126,,-1,0,2.228,757.656,133.68,302.664,1,Start,Finish,241,43.51450810000256,16.36042175002399,1057,203,301,98,,,False,
2026-05-12T13:39:26+00:00,43.523234724998474,16.36561644729227,127,,-1,0,2.228,759.884,133.68,302.664,1,Start,Finish,241,43.51450810000256,16.36042175002399,1057,203,301,98,,,False,
2026-05-12T13:39:27+00:00,43.523245537653565,16.365593187510967,127,,-1,0,2.228,762.111,133.68,302.664,1,Start,Finish,241,43.51450810000256,16.36042175002399,1057,203,290,87,,,False,
2026-05-12T13:39:28+00:00,43.52325411513448,16.365573573857546,126,,-1,0,1.847,763.958,110.82,301.095,1,Start,Finish,241,43.51450810000256,16.36042175002399,1058,203,284,81,,,False,
2026-05-12T13:39:29+00:00,43.52326269261539,16.365553960204124,125,,-1,0,1.847,765.805,110.82,301.095,1,Start,Finish,241,43.51450810000256,16.36042175002399,1058,203,275,72,,,False,
2026-05-12T13:39:30+00:00,43.5232712700963,16.365534346550703,124,,-1,0,1.847,767.652,110.82,301.095,1,Start,Finish,241,43.51450810000256,16.36042175002399,1058,203,269,66,,,False,
2026-05-12T13:39:31+00:00,43.523275377228856,16.365516996011138,124,,-1,0,1.472,769.123,88.32,288.08,1,Start,Finish,241,43.51450810000256,16.36042175002399,1058,203,265,62,,,False,
2026-05-12T13:39:32+00:00,43.52326925843954,16.365505205467343,126,,-1,0,1.169,770.292,70.14,234.408,1,Start,Finish,241,43.51450810000256,16.36042175002399,1057,203,255,52,,,False,
2026-05-12T13:39:33+00:00,43.523263139650226,16.36549341492355,127,,-1,0,1.169,771.461,70.14,234.408,1,Start,Finish,241,43.51450810000256,16.36042175002399,1056,203,255,52,,,False,
2026-05-12T13:39:34+00:00,43.52325702086091,16.365481624379754,129,,-1,0,1.169,772.63,70.14,234.408,1,Start,Finish,241,43.51450810000256,16.36042175002399,1055,203,244,41,,,False,
2026-05-12T13:39:35+00:00,43.52323598228395,16.365474835038185,132,,-1,0,2.403,775.033,144.18,193.17,1,Start,Finish,241,43.51450810000256,16.36042175002399,1053,203,234,31,,,False,
2026-05-12T13:39:36+00:00,43.52321439888328,16.365461884997785,134,,-1,0,2.617,777.65,157.02,203.512,1,Start,Finish,241,43.51450810000256,16.36042175002399,1050,203,225,22,,,False,
2026-05-12T13:39:37+00:00,43.523192815482616,16.365448934957385,137,,-1,0,2.617,780.267,157.02,203.512,1,Start,Finish,241,43.51450810000256,16.36042175002399,1047,203,211,8,,,False,
2026-05-12T13:39:38+00:00,43.523173313587904,16.365437703207135,138,,-1,0,2.35,782.617,141.0,202.666,1,Start,Finish,241,43.51450810000256,16.36042175002399,1045,203,205,2,,,False,
2026-05-12T13:39:39+00:00,43.52315381169319,16.365426471456885,140,,-1,0,2.35,784.967,141.0,202.666,1,Start,Finish,241,43.51450810000256,16.36042175002399,1043,203,201,2,,,False,
2026-05-12T13:39:40+00:00,43.52313430979848,16.365415239706635,141,,-1,0,2.35,787.317,141.0,202.666,1,Start,Finish,241,43.51450810000256,16.36042175002399,1040,203,203,0,,,False,
2026-05-12T13:39:41+00:00,43.52311749011278,16.365406131371856,142,,-1,0,2.009,789.327,120.54,201.438,1,Start,Finish,241,43.51450810000256,16.36042175002399,1038,203,203,0,,,False,
2026-05-12T13:39:42+00:00,43.52310067042709,16.365397023037076,143,,-1,0,2.009,791.336,120.54,201.438,1,Start,Finish,241,43.51450810000256,16.36042175002399,1036,203,203,0,,,False,
2026-05-12T13:39:43+00:00,43.523083850741386,16.365387914702296,144,,-1,0,2.009,793.345,120.54,201.438,1,Start,Finish,241,43.51450810000256,16.36042175002399,1034,203,204,1,,,False,
2026-05-12T13:39:44+00:00,43.52306457236409,16.36537542566657,145,,-1,0,2.368,795.714,142.08,205.161,1,Start,Finish,241,43.51450810000256,16.36042175002399,1032,203,204,1,,,False,
2026-05-12T13:39:45+00:00,43.5230452939868,16.365362936630845,145,,-1,0,2.368,798.082,142.08,205.161,1,Start,Finish,241,43.51450810000256,16.36042175002399,1030,203,205,2,,,False,
2026-05-12T13:39:46+00:00,43.5230260156095,16.36535044759512,146,,-1,0,2.368,800.45,142.08,205.161,1,Start,Finish,241,43.51450810000256,16.36042175002399,1027,203,206,3,,,False,
2026-05-12T13:39:47+00:00,43.52300793863833,16.365336743183434,146,,-1,0,2.294,802.744,137.64,208.798,1,Start,Finish,241,43.51450810000256,16.36042175002399,1025,203,207,4,,,False,
2026-05-12T13:39:48+00:00,43.52298986166715,16.36532303877175,146,,-1,0,2.294,805.038,137.64,208.798,1,Start,Finish,241,43.51450810000256,16.36042175002399,1023,203,208,5,,,False,
2026-05-12T13:39:49+00:00,43.52297178469598,16.365309334360063,146,,-1,0,2.294,807.332,137.64,208.798,1,Start,Finish,241,43.51450810000256,16.36042175002399,1020,203,208,5,,,False,
2026-05-12T13:39:50+00:00,43.52295370772481,16.365295629948378,145,,-1,0,2.294,809.625,137.64,208.798,1,Start,Finish,241,43.51450810000256,16.36042175002399,1018,203,208,5,,,False,
2026-05-12T13:39:51+00:00,43.52293563075363,16.365281925536692,145,,-1,0,2.294,811.919,137.64,208.798,1,Start,Finish,241,43.51450810000256,16.36042175002399,1016,203,208,5,,,False,
2026-05-12T13:39:52+00:00,43.52291755378246,16.365268221125007,145,,-1,0,2.294,814.213,137.64,208.798,1,Start,Finish,241,43.51450810000256,16.36042175002399,1013,203,208,5,,,False,
2026-05-12T13:39:53+00:00,43.5228994069621,16.365255899727345,144,,-1,0,2.249,816.462,134.94,206.212,1,Start,Finish,241,43.51450810000256,16.36042175002399,1011,203,208,5,,,False,
2026-05-12T13:39:54+00:00,43.52288126014173,16.365243578329682,142,,-1,0,2.249,818.711,134.94,206.212,1,Start,Finish,241,43.51450810000256,16.36042175002399,1009,203,208,5,,,False,
2026-05-12T13:39:55+00:00,43.52286223322153,16.365230502560735,140,,-1,0,2.364,821.075,141.84,206.487,1,Start,Finish,241,43.51450810000256,16.36042175002399,1007,203,207,4,,,False,
2026-05-12T13:39:56+00:00,43.52284506428987,16.365218055434525,140,,-1,0,2.157,823.232,129.42,207.73,1,Start,Finish,241,43.51450810000256,16.36042175002399,1004,203,207,4,,,False,
2026-05-12T13:39:57+00:00,43.522827895358205,16.365205608308315,140,,-1,0,2.157,825.389,129.42,207.73,1,Start,Finish,241,43.51450810000256,16.36042175002399,1002,203,207,4,,,False,
2026-05-12T13:39:58+00:00,43.52281072642654,16.365193161182106,140,,-1,0,2.157,827.545,129.42,207.73,1,Start,Finish,241,43.51450810000256,16.36042175002399,1000,203,208,5,,,False,
2026-05-12T13:39:59+00:00,43.52279355749488,16.365180714055896,141,,-1,0,2.157,829.702,129.42,207.73,1,Start,Finish,241,43.51450810000256,16.36042175002399,998,203,208,5,,,False,
2026-05-12T13:40:00+00:00,43.522776388563216,16.365168266929686,141,,-1,0,2.157,831.859,129.42,207.73,1,Start,Finish,241,43.51450810000256,16.36042175002399,996,203,208,5,,,False,
2026-05-12T13:40:01+00:00,43.52275921963155,16.365155819803476,141,,-1,0,2.157,834.016,129.42,207.73,1,Start,Finish,241,43.51450810000256,16.36042175002399,994,203,208,5,,,False,
2026-05-12T13:40:02+00:00,43.522743210196495,16.365143519360572,140,,-1,0,2.038,836.054,122.28,209.123,1,Start,Finish,241,43.51450810000256,16.36042175002399,992,203,208,5,,,False,
2026-05-12T13:40:03+00:00,43.52272720076144,16.365131218917668,140,,-1,0,2.038,838.091,122.28,209.123,1,Start,Finish,241,43.51450810000256,16.36042175002399,990,203,208,5,,,False,
2026-05-12T13:40:04+00:00,43.52271119132638,16.365118918474764,140,,-1,0,2.038,840.129,122.28,209.123,1,Start,Finish,241,43.51450810000256,16.36042175002399,988,203,207,4,,,False,
2026-05-12T13:40:05+00:00,43.52269518189132,16.36510661803186,139,,-1,0,2.038,842.167,122.28,209.123,1,Start,Finish,241,43.51450810000256,16.36042175002399,986,203,207,4,,,False,
2026-05-12T13:40:06+00:00,43.522677957080305,16.365095945075154,139,,-1,0,2.1,844.267,126.0,204.194,1,Start,Finish,241,43.51450810000256,16.36042175002399,984,203,206,3,,,False,
2026-05-12T13:40:07+00:00,43.52266073226929,16.36508527211845,139,,-1,0,2.1,846.366,126.0,204.194,1,Start,Finish,241,43.51450810000256,16.36042175002399,981,203,206,3,,,False,
2026-05-12T13:40:08+00:00,43.52264350745827,16.365074599161744,138,,-1,0,2.1,848.466,126.0,204.194,1,Start,Finish,241,43.51450810000256,16.36042175002399,979,203,206,3,,,False,
2026-05-12T13:40:09+00:00,43.52262628264725,16.36506392620504,138,,-1,0,2.1,850.566,126.0,204.194,1,Start,Finish,241,43.51450810000256,16.36042175002399,977,203,207,4,,,False,
2026-05-12T13:40:10+00:00,43.522609057836235,16.365053253248334,138,,-1,0,2.1,852.666,126.0,204.194,1,Start,Finish,241,43.51450810000256,16.36042175002399,975,203,208,5,,,False,
2026-05-12T13:40:11+00:00,43.52259183302522,16.36504258029163,138,,-1,0,2.1,854.765,126.0,204.194,1,Start,Finish,241,43.51450810000256,16.36042175002399,973,203,208,5,,,False,
2026-05-12T13:40:12+00:00,43.52257696352899,16.365029454231262,137,,-1,0,1.963,856.729,117.78,212.623,1,Start,Finish,241,43.51450810000256,16.36042175002399,971,202,209,7,,,False,
2026-05-12T13:40:13+00:00,43.52256209403277,16.365016328170896,137,,-1,0,1.963,858.692,117.78,212.623,1,Start,Finish,241,43.51450810000256,16.36042175002399,969,202,211,9,,,False,
2026-05-12T13:40:14+00:00,43.52254722453654,16.36500320211053,136,,-1,0,1.963,860.655,117.78,212.623,1,Start,Finish,241,43.51450810000256,16.36042175002399,967,202,211,9,,,False,
2026-05-12T13:40:15+00:00,43.52253235504031,16.364990076050162,136,,-1,0,1.963,862.618,117.78,212.623,1,Start,Finish,241,43.51450810000256,16.36042175002399,965,202,211,9,,,False,
2026-05-12T13:40:16+00:00,43.522517485544086,16.364976949989796,135,,-1,0,1.963,864.581,117.78,212.623,1,Start,Finish,241,43.51450810000256,16.36042175002399,963,202,212,10,,,False,
2026-05-12T13:40:17+00:00,43.52250373922288,16.36496366467327,134,,-1,0,1.866,866.448,111.96,215.022,1,Start,Finish,241,43.51450810000256,16.36042175002399,962,202,212,10,,,False,
2026-05-12T13:40:18+00:00,43.52248999290168,16.364950379356742,133,,-1,0,1.866,868.314,111.96,215.022,1,Start,Finish,241,43.51450810000256,16.36042175002399,960,202,212,10,,,False,
2026-05-12T13:40:19+00:00,43.52247564308345,16.364938946440816,132,,-1,0,1.843,870.157,110.58,210.016,1,Start,Finish,241,43.51450810000256,16.36042175002399,958,202,211,9,,,False,
2026-05-12T13:40:20+00:00,43.52246129326522,16.36492751352489,131,,-1,0,1.843,872.0,110.58,210.016,1,Start,Finish,241,43.51450810000256,16.36042175002399,956,202,211,9,,,False,
2026-05-12T13:40:21+00:00,43.522446943446994,16.364916080608964,131,,-1,0,1.843,873.842,110.58,210.016,1,Start,Finish,241,43.51450810000256,16.36042175002399,954,202,211,9,,,False,
2026-05-12T13:40:22+00:00,43.52243259362877,16.364904647693038,130,,-1,0,1.843,875.685,110.58,210.016,1,Start,Finish,241,43.51450810000256,16.36042175002399,952,202,209,7,,,False,
2026-05-12T13:40:23+00:00,43.522418243810534,16.364893214777112,129,,-1,0,1.843,877.528,110.58,210.016,1,Start,Finish,241,43.51450810000256,16.36042175002399,951,202,209,7,,,False,
2026-05-12T13:40:24+00:00,43.52240106090903,16.36488139629364,126,,-1,0,2.135,879.663,128.1,206.507,1,Start,Finish,241,43.51450810000256,16.36042175002399,948,202,209,7,,,False,
2026-05-12T13:40:25+00:00,43.52238387800753,16.36486957781017,124,,-1,0,2.135,881.798,128.1,206.507,1,Start,Finish,241,43.51450810000256,16.36042175002399,946,202,209,7,,,False,
2026-05-12T13:40:26+00:00,43.52236677892506,16.364860190078616,123,,-1,0,2.046,883.844,122.76,201.707,1,Start,Finish,241,43.51450810000256,16.36042175002399,944,202,209,7,,,False,
2026-05-12T13:40:27+00:00,43.52235148195177,16.364847938530147,122,,-1,0,1.967,885.811,118.02,210.146,1,Start,Finish,241,43.51450810000256,16.36042175002399,942,202,209,7,,,False,
2026-05-12T13:40:28+00:00,43.522336184978485,16.364835686981678,121,,-1,0,1.967,887.778,118.02,210.146,1,Start,Finish,241,43.51450810000256,16.36042175002399,940,202,208,6,,,False,
2026-05-12T13:40:29+00:00,43.5223208880052,16.36482343543321,120,,-1,0,1.967,889.745,118.02,210.146,1,Start,Finish,241,43.51450810000256,16.36042175002399,938,202,208,6,,,False,
2026-05-12T13:40:30+00:00,43.52230559103191,16.36481118388474,120,,-1,0,1.967,891.712,118.02,210.146,1,Start,Finish,241,43.51450810000256,16.36042175002399,936,202,208,6,,,False,
2026-05-12T13:40:31+00:00,43.52229029405862,16.36479893233627,119,,-1,0,1.967,893.679,118.02,210.146,1,Start,Finish,241,43.51450810000256,16.36042175002399,935,202,211,9,,,False,
2026-05-12T13:40:32+00:00,43.52227499708533,16.3647866807878,118,,-1,0,1.967,895.646,118.02,210.146,1,Start,Finish,241,43.51450810000256,16.36042175002399,933,202,213,11,,,False,
2026-05-12T13:40:33+00:00,43.52225893177092,16.364775029942393,117,,-1,0,2.018,897.665,121.08,207.738,1,Start,Finish,241,43.51450810000256,16.36042175002399,931,202,215,13,,,False,
2026-05-12T13:40:34+00:00,43.52224286645651,16.364763379096985,117,,-1,0,2.018,899.683,121.08,207.738,1,Start,Finish,241,43.51450810000256,16.36042175002399,929,202,217,15,,,False,
2026-05-12T13:40:35+00:00,43.5222268011421,16.364751728251576,116,,-1,0,2.018,901.701,121.08,207.738,1,Start,Finish,241,43.51450810000256,16.36042175002399,927,202,219,17,,,False,
2026-05-12T13:40:36+00:00,43.52221657522023,16.364733958616853,117,,-1,0,1.829,903.53,109.74,231.563,1,Start,Finish,241,43.51450810000256,16.36042175002399,925,202,219,17,,,False,
2026-05-12T13:40:37+00:00,43.52220634929836,16.36471618898213,118,,-1,0,1.829,905.36,109.74,231.563,1,Start,Finish,241,43.51450810000256,16.36042175002399,923,202,219,17,,,False,
2026-05-12T13:40:38+00:00,43.52219612337649,16.364698419347405,120,,-1,0,1.829,907.189,109.74,231.563,1,Start,Finish,241,43.51450810000256,16.36042175002399,922,202,220,18,,,False,
2026-05-12T13:40:39+00:00,43.52218589745462,16.36468064971268,121,,-1,0,1.829,909.018,109.74,231.563,1,Start,Finish,241,43.51450810000256,16.36042175002399,920,202,220,18,,,False,
2026-05-12T13:40:40+00:00,43.52217567153275,16.364662880077958,122,,-1,0,1.829,910.847,109.74,231.563,1,Start,Finish,241,43.51450810000256,16.36042175002399,919,202,220,18,,,False,
2026-05-12T13:40:41+00:00,43.52216124068946,16.36465071234852,122,,-1,0,1.881,912.728,112.86,211.441,1,Start,Finish,241,43.51450810000256,16.36042175002399,917,202,221,19,,,False,
2026-05-12T13:40:42+00:00,43.52214680984616,16.364638544619083,122,,-1,0,1.881,914.608,112.86,211.441,1,Start,Finish,241,43.51450810000256,16.36042175002399,915,202,218,16,,,False,
2026-05-12T13:40:43+00:00,43.52213237900287,16.364626376889646,122,,-1,0,1.881,916.489,112.86,211.441,1,Start,Finish,241,43.51450810000256,16.36042175002399,913,202,216,14,,,False,
2026-05-12T13:40:44+00:00,43.522117948159575,16.36461420916021,121,,-1,0,1.881,918.37,112.86,211.441,1,Start,Finish,241,43.51450810000256,16.36042175002399,911,202,213,11,,,False,
2026-05-12T13:40:45+00:00,43.52210351731628,16.36460204143077,121,,-1,0,1.881,920.251,112.86,211.441,1,Start,Finish,241,43.51450810000256,16.36042175002399,909,202,211,9,,,False,
2026-05-12T13:40:46+00:00,43.52208908647299,16.364589873701334,121,,-1,0,1.881,922.132,112.86,211.441,1,Start,Finish,241,43.51450810000256,16.36042175002399,907,202,209,7,,,False,
2026-05-12T13:40:47+00:00,43.52207416668534,16.36458031833172,121,,-1,0,1.829,923.961,109.74,204.91,1,Start,Finish,241,43.51450810000256,16.36042175002399,906,202,208,6,,,False,
2026-05-12T13:40:48+00:00,43.5220572212711,16.364569729194045,121,,-1,0,2.069,926.029,124.14,204.376,1,Start,Finish,241,43.51450810000256,16.36042175002399,904,202,207,5,,,False,
2026-05-12T13:40:49+00:00,43.52204027585685,16.36455914005637,121,,-1,0,2.069,928.098,124.14,204.376,1,Start,Finish,241,43.51450810000256,16.36042175002399,902,202,207,5,,,False,
2026-05-12T13:40:50+00:00,43.52202333044261,16.3645485509187,122,,-1,0,2.069,930.167,124.14,204.376,1,Start,Finish,241,43.51450810000256,16.36042175002399,899,202,206,4,,,False,
2026-05-12T13:40:51+00:00,43.52200638502836,16.364537961781025,122,,-1,0,2.069,932.235,124.14,204.376,1,Start,Finish,241,43.51450810000256,16.36042175002399,897,202,205,3,,,False,
2026-05-12T13:40:52+00:00,43.52198943961412,16.36452737264335,122,,-1,0,2.069,934.304,124.14,204.376,1,Start,Finish,241,43.51450810000256,16.36042175002399,895,202,206,4,,,False,
2026-05-12T13:40:53+00:00,43.52197249419987,16.364516783505678,122,,-1,0,2.069,936.373,124.14,204.376,1,Start,Finish,241,43.51450810000256,16.36042175002399,893,202,207,5,,,False,
2026-05-12T13:40:54+00:00,43.52195543702692,16.364503959193826,122,,-1,0,2.16,938.533,129.6,208.598,1,Start,Finish,241,43.51450810000256,16.36042175002399,891,202,207,5,,,False,
2026-05-12T13:40:55+00:00,43.52193837985397,16.364491134881973,122,,-1,0,2.16,940.693,129.6,208.598,1,Start,Finish,241,43.51450810000256,16.36042175002399,889,202,208,6,,,False,
2026-05-12T13:40:56+00:00,43.52192506659776,16.364480881020427,122,,-1,0,1.696,942.389,101.76,209.182,1,Start,Finish,241,43.51450810000256,16.36042175002399,887,202,208,6,,,False,
2026-05-12T13:40:57+00:00,43.52191175334155,16.36447062715888,121,,-1,0,1.696,944.084,101.76,209.182,1,Start,Finish,241,43.51450810000256,16.36042175002399,886,202,208,6,,,False,
2026-05-12T13:40:58+00:00,43.52189844008535,16.364460373297334,120,,-1,0,1.696,945.78,101.76,209.182,1,Start,Finish,241,43.51450810000256,16.36042175002399,884,202,207,5,,,False,
2026-05-12T13:40:59+00:00,43.52188512682915,16.364450119435787,120,,-1,0,1.696,947.475,101.76,209.183,1,Start,Finish,241,43.51450810000256,16.36042175002399,882,202,207,5,,,False,
2026-05-12T13:41:00+00:00,43.52187181357294,16.36443986557424,120,,-1,0,1.696,949.171,101.76,209.183,1,Start,Finish,241,43.51450810000256,16.36042175002399,881,202,206,4,,,False,
2026-05-12T13:41:01+00:00,43.52185850031674,16.364429611712694,119,,-1,0,1.696,950.867,101.76,209.183,1,Start,Finish,241,43.51450810000256,16.36042175002399,879,202,206,4,,,False,
2026-05-12T13:41:02+00:00,43.521841834299266,16.364420419558883,119,,-1,0,1.996,952.862,119.76,201.798,1,Start,Finish,241,43.51450810000256,16.36042175002399,877,202,205,3,,,False,
2026-05-12T13:41:03+00:00,43.521825168281794,16.36441122740507,120,,-1,0,1.996,954.858,119.76,201.798,1,Start,Finish,241,43.51450810000256,16.36042175002399,875,202,205,3,,,False,
2026-05-12T13:41:04+00:00,43.52180850226432,16.36440203525126,120,,-1,0,1.996,956.854,119.76,201.798,1,Start,Finish,241,43.51450810000256,16.36042175002399,873,202,204,2,,,False,
2026-05-12T13:41:05+00:00,43.52179183624685,16.36439284309745,120,,-1,0,1.996,958.85,119.76,201.798,1,Start,Finish,241,43.51450810000256,16.36042175002399,871,202,204,2,,,False,
2026-05-12T13:41:06+00:00,43.521775170229375,16.364383650943637,121,,-1,0,1.996,960.846,119.76,201.798,1,Start,Finish,241,43.51450810000256,16.36042175002399,869,202,204,2,,,False,
2026-05-12T13:41:07+00:00,43.5217585042119,16.364374458789825,121,,-1,0,1.996,962.842,119.76,201.798,1,Start,Finish,241,43.51450810000256,16.36042175002399,867,202,205,3,,,False,
2026-05-12T13:41:08+00:00,43.5217421175912,16.364364526234567,120,,-1,0,1.99,964.832,119.4,203.726,1,Start,Finish,241,43.51450810000256,16.36042175002399,865,202,206,4,,,False,
2026-05-12T13:41:09+00:00,43.5217257309705,16.36435459367931,120,,-1,0,1.99,966.823,119.4,203.726,1,Start,Finish,241,43.51450810000256,16.36042175002399,863,202,207,5,,,False,
2026-05-12T13:41:10+00:00,43.521710420027375,16.364340288564563,120,,-1,0,2.056,968.879,123.36,214.117,1,Start,Finish,241,43.51450810000256,16.36042175002399,861,202,209,7,,,False,
2026-05-12T13:41:11+00:00,43.52169510908425,16.364325983449817,120,,-1,0,2.056,970.935,123.36,214.117,1,Start,Finish,241,43.51450810000256,16.36042175002399,859,202,210,8,,,False,
2026-05-12T13:41:12+00:00,43.52167979814112,16.36431167833507,120,,-1,0,2.056,972.992,123.36,214.117,1,Start,Finish,241,43.51450810000256,16.36042175002399,857,201,213,12,,,False,
2026-05-12T13:41:13+00:00,43.521664487197995,16.364297373220325,119,,-1,0,2.056,975.048,123.36,214.117,1,Start,Finish,241,43.51450810000256,16.36042175002399,855,201,214,13,,,False,
2026-05-12T13:41:14+00:00,43.52164917625487,16.36428306810558,119,,-1,0,2.056,977.105,123.36,214.117,1,Start,Finish,241,43.51450810000256,16.36042175002399,853,201,214,13,,,False,
2026-05-12T13:41:15+00:00,43.52163386531174,16.364268762990832,119,,-1,0,2.056,979.161,123.36,214.117,1,Start,Finish,241,43.51450810000256,16.36042175002399,851,201,215,14,,,False,
2026-05-12T13:41:16+00:00,43.52162120863795,16.36425208300352,119,,-1,0,1.947,981.108,116.82,223.7,1,Start,Finish,241,43.51450810000256,16.36042175002399,849,201,214,13,,,False,
2026-05-12T13:41:17+00:00,43.52160704322159,16.364238169044256,118,,-1,0,1.934,983.042,116.04,215.46,1,Start,Finish,241,43.51450810000256,16.36042175002399,847,201,214,13,,,False,
2026-05-12T13:41:18+00:00,43.521593967452645,16.36422760784626,116,,-1,0,1.685,984.727,101.1,210.356,1,Start,Finish,241,43.51450810000256,16.36042175002399,846,201,214,13,,,False,
2026-05-12T13:41:19+00:00,43.5215808916837,16.364217046648264,114,,-1,0,1.685,986.411,101.1,210.356,1,Start,Finish,241,43.51450810000256,16.36042175002399,844,201,214,13,,,False,
2026-05-12T13:41:20+00:00,43.521566558629274,16.364203300327063,111,,-1,0,1.941,988.353,116.46,214.816,1,Start,Finish,241,43.51450810000256,16.36042175002399,842,201,214,13,,,False,
2026-05-12T13:41:21+00:00,43.52155180647969,16.364190224558115,110,,-1,0,1.95,990.303,117.0,212.73,1,Start,Finish,241,43.51450810000256,16.36042175002399,840,201,213,12,,,False,
2026-05-12T13:41:22+00:00,43.52153705433011,16.364177148789167,109,,-1,0,1.95,992.253,117.0,212.73,1,Start,Finish,241,43.51450810000256,16.36042175002399,838,201,212,11,,,False,
2026-05-12T13:41:23+00:00,43.52152230218053,16.36416407302022,108,,-1,0,1.95,994.203,117.0,212.73,1,Start,Finish,241,43.51450810000256,16.36042175002399,836,201,211,10,,,False,
2026-05-12T13:41:24+00:00,43.521509896963835,16.3641513325274,108,,-1,0,1.72,995.922,103.2,216.676,1,Start,Finish,241,43.51450810000256,16.36042175002399,835,201,211,10,,,False,
2026-05-12T13:41:25+00:00,43.5214954521507,16.364140240475535,107,,-1,0,1.838,997.761,110.28,209.11,1,Start,Finish,241,43.51450810000256,16.36042175002399,833,201,211,10,,,False,
2026-05-12T13:41:26+00:00,43.52148100733757,16.36412914842367,106,,-1,0,1.838,999.599,110.28,209.11,1,Start,Finish,241,43.51450810000256,16.36042175002399,831,201,210,9,,,False,
2026-05-12T13:41:27+00:00,43.52146656252444,16.364118056371808,105,,-1,0,1.838,1001.438,110.28,209.11,1,Start,Finish,241,43.51450810000256,16.36042175002399,829,201,209,8,,,False,
2026-05-12T13:41:28+00:00,43.52145164273679,16.36410773266107,105,,-1,0,1.856,1003.294,111.36,206.645,1,Start,Finish,241,43.51450810000256,16.36042175002399,827,201,209,8,,,False,
2026-05-12T13:41:29+00:00,43.52143672294915,16.36409740895033,105,,-1,0,1.856,1005.15,111.36,206.645,1,Start,Finish,241,43.51450810000256,16.36042175002399,825,201,208,7,,,False,
2026-05-12T13:41:30+00:00,43.5214218031615,16.36408708523959,104,,-1,0,1.856,1007.006,111.36,206.645,1,Start,Finish,241,43.51450810000256,16.36042175002399,824,201,207,6,,,False,
2026-05-12T13:41:31+00:00,43.52140688337386,16.36407676152885,104,,-1,0,1.856,1008.862,111.36,206.645,1,Start,Finish,241,43.51450810000256,16.36042175002399,822,201,206,5,,,False,
2026-05-12T13:41:32+00:00,43.52139196358621,16.36406643781811,104,,-1,0,1.856,1010.718,111.36,206.645,1,Start,Finish,241,43.51450810000256,16.36042175002399,820,201,206,5,,,False,
2026-05-12T13:41:33+00:00,43.521377043798566,16.36405611410737,104,,-1,0,1.856,1012.574,111.36,206.645,1,Start,Finish,241,43.51450810000256,16.36042175002399,818,201,205,4,,,False,
2026-05-12T13:41:34+00:00,43.52136363275349,16.364048151299357,104,,-1,0,1.624,1014.198,97.44,203.294,1,Start,Finish,241,43.51450810000256,16.36042175002399,816,201,205,4,,,False,
2026-05-12T13:41:35+00:00,43.52134991437197,16.364039964973927,104,,-1,0,1.662,1015.86,99.72,203.399,1,Start,Finish,241,43.51450810000256,16.36042175002399,815,201,203,2,,,False,
2026-05-12T13:41:36+00:00,43.52133619599044,16.364031778648496,104,,-1,0,1.662,1017.522,99.72,203.399,1,Start,Finish,241,43.51450810000256,16.36042175002399,813,201,202,1,,,False,
2026-05-12T13:41:37+00:00,43.52132247760892,16.364023592323065,104,,-1,0,1.662,1019.184,99.72,203.399,1,Start,Finish,241,43.51450810000256,16.36042175002399,811,201,200,1,,,False,
2026-05-12T13:41:38+00:00,43.521308759227395,16.364015405997634,103,,-1,0,1.662,1020.846,99.72,203.399,1,Start,Finish,241,43.51450810000256,16.36042175002399,810,201,198,3,,,False,
2026-05-12T13:41:39+00:00,43.52129504084587,16.364007219672203,103,,-1,0,1.662,1022.508,99.72,203.399,1,Start,Finish,241,43.51450810000256,16.36042175002399,808,201,197,4,,,False,
2026-05-12T13:41:40+00:00,43.52128132246435,16.363999033346772,103,,-1,0,1.662,1024.171,99.72,203.399,1,Start,Finish,241,43.51450810000256,16.36042175002399,806,201,195,6,,,False,
2026-05-12T13:41:41+00:00,43.5212694760412,16.363996909931302,104,,-1,0,1.328,1025.499,79.68,187.405,1,Start,Finish,241,43.51450810000256,16.36042175002399,805,201,194,7,,,False,
2026-05-12T13:41:42+00:00,43.52125762961805,16.363994786515832,104,,-1,0,1.328,1026.827,79.68,187.405,1,Start,Finish,241,43.51450810000256,16.36042175002399,804,201,193,8,,,False,
2026-05-12T13:41:43+00:00,43.5212457831949,16.363992663100362,105,,-1,0,1.328,1028.156,79.68,187.405,1,Start,Finish,241,43.51450810000256,16.36042175002399,803,201,193,8,,,False,
2026-05-12T13:41:44+00:00,43.52123010903597,16.36399077717215,106,,-1,0,1.75,1029.905,105.0,184.986,1,Start,Finish,241,43.51450810000256,16.36042175002399,801,201,192,9,,,False,
2026-05-12T13:41:45+00:00,43.52121443487704,16.363988891243935,107,,-1,0,1.75,1031.655,105.0,184.986,1,Start,Finish,241,43.51450810000256,16.36042175002399,799,201,191,10,,,False,
2026-05-12T13:41:46+00:00,43.52119876071811,16.36398700531572,108,,-1,0,1.75,1033.404,105.0,184.986,1,Start,Finish,241,43.51450810000256,16.36042175002399,798,201,191,10,,,False,
2026-05-12T13:41:47+00:00,43.521183086559176,16.363985119387507,109,,-1,0,1.75,1035.154,105.0,184.986,1,Start,Finish,241,43.51450810000256,16.36042175002399,796,201,190,11,,,False,
2026-05-12T13:41:48+00:00,43.5211696755141,16.363980006426573,110,,-1,0,1.547,1036.701,92.82,195.454,1,Start,Finish,241,43.51450810000256,16.36042175002399,794,201,191,10,,,False,
2026-05-12T13:41:49+00:00,43.52115626446903,16.363974893465638,111,,-1,0,1.547,1038.248,92.82,195.454,1,Start,Finish,241,43.51450810000256,16.36042175002399,793,201,193,8,,,False,
2026-05-12T13:41:50+00:00,43.52114147040993,16.363968481309712,111,,-1,0,1.724,1039.972,103.44,197.447,1,Start,Finish,241,43.51450810000256,16.36042175002399,791,201,194,7,,,False,
2026-05-12T13:41:51+00:00,43.52112667635083,16.363962069153786,111,,-1,0,1.724,1041.697,103.44,197.447,1,Start,Finish,241,43.51450810000256,16.36042175002399,789,201,196,5,,,False,
2026-05-12T13:41:52+00:00,43.521111672744155,16.363955405540764,108,,-1,0,1.753,1043.449,105.18,197.851,1,Start,Finish,241,43.51450810000256,16.36042175002399,788,201,197,4,,,False,
2026-05-12T13:41:53+00:00,43.52109666913748,16.363948741927743,106,,-1,0,1.753,1045.202,105.18,197.851,1,Start,Finish,241,43.51450810000256,16.36042175002399,786,201,198,3,,,False,
2026-05-12T13:41:54+00:00,43.521082336083055,16.363943042233586,105,,-1,0,1.659,1046.861,99.54,196.085,1,Start,Finish,241,43.51450810000256,16.36042175002399,784,201,199,2,,,False,
2026-05-12T13:41:55+00:00,43.52106850594282,16.363934073597193,102,,-1,0,1.699,1048.56,101.94,205.184,1,Start,Finish,241,43.51450810000256,16.36042175002399,783,201,199,2,,,False,
2026-05-12T13:41:56+00:00,43.521053809672594,16.363926669582725,102,,-1,0,1.74,1050.3,104.4,200.068,1,Start,Finish,241,43.51450810000256,16.36042175002399,781,201,200,1,,,False,
2026-05-12T13:41:57+00:00,43.52103911340237,16.363919265568256,102,,-1,0,1.74,1052.04,104.4,200.068,1,Start,Finish,241,43.51450810000256,16.36042175002399,779,201,200,1,,,False,
2026-05-12T13:41:58+00:00,43.52102441713214,16.363911861553788,102,,-1,0,1.74,1053.78,104.4,200.068,1,Start,Finish,241,43.51450810000256,16.36042175002399,777,201,199,2,,,False,
2026-05-12T13:41:59+00:00,43.52100972086191,16.36390445753932,103,,-1,0,1.74,1055.519,104.4,200.068,1,Start,Finish,241,43.51450810000256,16.36042175002399,776,201,198,3,,,False,
2026-05-12T13:42:00+00:00,43.52099502459168,16.363897053524852,103,,-1,0,1.74,1057.259,104.4,200.068,1,Start,Finish,241,43.51450810000256,16.36042175002399,774,201,197,4,,,False,
2026-05-12T13:42:01+00:00,43.52098032832146,16.363889649510384,103,,-1,0,1.74,1058.999,104.4,200.068,1,Start,Finish,241,43.51450810000256,16.36042175002399,772,201,196,5,,,False,
2026-05-12T13:42:02+00:00,43.520969012752175,16.36388210579753,103,,-1,0,1.398,1060.396,83.88,205.8,1,Start,Finish,241,43.51450810000256,16.36042175002399,771,201,195,6,,,False,
2026-05-12T13:42:03+00:00,43.52095752954483,16.363876406103373,102,,-1,0,1.357,1061.753,81.42,199.795,1,Start,Finish,241,43.51450810000256,16.36042175002399,769,201,195,6,,,False,
2026-05-12T13:42:04+00:00,43.52094642352313,16.363874562084675,102,,-1,0,1.244,1062.997,74.64,186.865,1,Start,Finish,241,43.51450810000256,16.36042175002399,768,201,195,6,,,False,
2026-05-12T13:42:05+00:00,43.520935317501426,16.363872718065977,102,,-1,0,1.244,1064.241,74.64,186.865,1,Start,Finish,241,43.51450810000256,16.36042175002399,767,201,194,7,,,False,
2026-05-12T13:42:06+00:00,43.52092421147972,16.36387087404728,102,,-1,0,1.244,1065.485,74.64,186.865,1,Start,Finish,241,43.51450810000256,16.36042175002399,766,201,194,7,,,False,
2026-05-12T13:42:07+00:00,43.52091310545802,16.36386903002858,102,,-1,0,1.244,1066.729,74.64,186.865,1,Start,Finish,241,43.51450810000256,16.36042175002399,765,201,194,7,,,False,
2026-05-12T13:42:08+00:00,43.520898297429085,16.363864266313612,99,,-1,0,1.691,1068.42,101.46,193.131,1,Start,Finish,241,43.51450810000256,16.36042175002399,763,201,193,8,,,False,
2026-05-12T13:42:09+00:00,43.52088348940015,16.363859502598643,97,,-1,0,1.691,1070.11,101.46,193.131,1,Start,Finish,241,43.51450810000256,16.36042175002399,761,201,194,7,,,False,
2026-05-12T13:42:10+00:00,43.52086868137121,16.363854738883674,94,,-1,0,1.691,1071.801,101.46,193.131,1,Start,Finish,241,43.51450810000256,16.36042175002399,760,201,193,8,,,False,
2026-05-12T13:42:11+00:00,43.52085387334227,16.363849975168705,91,,-1,0,1.691,1073.492,101.46,193.131,1,Start,Finish,241,43.51450810000256,16.36042175002399,758,201,195,6,,,False,
2026-05-12T13:42:12+00:00,43.52083906531334,16.363845211453736,89,,-1,0,1.691,1075.183,101.46,193.131,1,Start,Finish,241,43.51450810000256,16.36042175002399,756,201,197,4,,,False,
2026-05-12T13:42:13+00:00,43.5208242572844,16.363840447738767,86,,-1,0,1.691,1076.874,101.46,193.131,1,Start,Finish,241,43.51450810000256,16.36042175002399,754,201,200,1,,,False,
2026-05-12T13:42:14+00:00,43.52080975659192,16.36383089236915,83,,-1,0,1.787,1078.661,107.22,205.54,1,Start,Finish,241,43.51450810000256,16.36042175002399,753,201,201,0,,,False,
2026-05-12T13:42:15+00:00,43.52079572528601,16.363820750266314,81,,-1,0,1.762,1080.422,105.72,207.661,1,Start,Finish,241,43.51450810000256,16.36042175002399,751,201,203,2,,,False,
2026-05-12T13:42:16+00:00,43.5207816939801,16.363810608163476,78,,-1,0,1.762,1082.184,105.72,207.661,1,Start,Finish,241,43.51450810000256,16.36042175002399,749,201,204,3,,,False,
2026-05-12T13:42:17+00:00,43.52076766267419,16.36380046606064,75,,-1,0,1.762,1083.945,105.72,207.661,1,Start,Finish,241,43.51450810000256,16.36042175002399,747,201,205,4,,,False,
2026-05-12T13:42:18+00:00,43.52075363136828,16.3637903239578,73,,-1,0,1.762,1085.707,105.72,207.661,1,Start,Finish,241,43.51450810000256,16.36042175002399,746,201,206,5,,,False,
2026-05-12T13:42:19+00:00,43.52073960006237,16.363780181854963,70,,-1,0,1.762,1087.468,105.72,207.661,1,Start,Finish,241,43.51450810000256,16.36042175002399,744,201,207,6,,,False,
2026-05-12T13:42:20+00:00,43.52072830544785,16.363771695178002,76,,-1,0,1.43,1088.898,85.8,208.584,1,Start,Finish,241,43.51450810000256,16.36042175002399,743,201,207,6,,,False,
2026-05-12T13:42:21+00:00,43.52071701083332,16.36376320850104,83,,-1,0,1.43,1090.329,85.8,208.584,1,Start,Finish,241,43.51450810000256,16.36042175002399,741,201,206,5,,,False,
2026-05-12T13:42:22+00:00,43.5207057162188,16.36375472182408,90,,-1,0,1.43,1091.759,85.8,208.584,1,Start,Finish,241,43.51450810000256,16.36042175002399,740,201,205,4,,,False,
2026-05-12T13:42:23+00:00,43.52069442160427,16.36374623514712,96,,-1,0,1.43,1093.189,85.8,208.584,1,Start,Finish,241,43.51450810000256,16.36042175002399,738,201,204,3,,,False,
2026-05-12T13:42:24+00:00,43.52068277075887,16.363740116357803,95,,-1,0,1.386,1094.575,83.16,200.848,1,Start,Finish,241,43.51450810000256,16.36042175002399,737,201,202,1,,,False,
2026-05-12T13:42:25+00:00,43.52067053318024,16.3637316506356,96,,-1,0,1.522,1096.098,91.32,206.64,1,Start,Finish,241,43.51450810000256,16.36042175002399,735,201,202,1,,,False,
2026-05-12T13:42:26+00:00,43.520658295601606,16.363723184913397,96,,-1,0,1.522,1097.62,91.32,206.64,1,Start,Finish,241,43.51450810000256,16.36042175002399,734,201,200,1,,,False,
2026-05-12T13:42:27+00:00,43.520643543452024,16.363718973007053,97,,-1,0,1.675,1099.295,100.5,191.697,1,Start,Finish,241,43.51450810000256,16.36042175002399,732,201,198,3,,,False,
2026-05-12T13:42:28+00:00,43.52062879130244,16.36371476110071,98,,-1,0,1.675,1100.97,100.5,191.697,1,Start,Finish,241,43.51450810000256,16.36042175002399,731,201,196,5,,,False,
2026-05-12T13:42:29+00:00,43.52061403915286,16.363710549194366,98,,-1,0,1.675,1102.646,100.5,191.697,1,Start,Finish,241,43.51450810000256,16.36042175002399,729,201,194,7,,,False,
2026-05-12T13:42:30+00:00,43.52059928700328,16.363706337288022,99,,-1,0,1.675,1104.321,100.5,191.697,1,Start,Finish,241,43.51450810000256,16.36042175002399,727,201,193,8,,,False,
2026-05-12T13:42:31+00:00,43.52058215998113,16.36370382271707,99,,-1,0,1.915,1106.236,114.9,186.077,1,Start,Finish,241,43.51450810000256,16.36042175002399,725,201,190,11,,,False,
2026-05-12T13:42:32+00:00,43.520565032958984,16.36370130814612,99,,-1,0,1.915,1108.151,114.9,186.077,1,Start,Finish,241,43.51450810000256,16.36042175002399,724,201,191,10,,,False,
2026-05-12T13:42:33+00:00,43.52054790593684,16.363698793575168,99,,-1,0,1.915,1110.066,114.9,186.077,1,Start,Finish,241,43.51450810000256,16.36042175002399,722,201,192,9,,,False,
2026-05-12T13:42:34+00:00,43.52053077891469,16.363696279004216,99,,-1,0,1.915,1111.982,114.9,186.077,1,Start,Finish,241,43.51450810000256,16.36042175002399,720,202,193,9,,,False,
2026-05-12T13:42:35+00:00,43.52051365189254,16.363693764433265,99,,-1,0,1.915,1113.897,114.9,186.077,1,Start,Finish,241,43.51450810000256,16.36042175002399,718,202,194,8,,,False,
2026-05-12T13:42:36+00:00,43.5204965248704,16.363691249862313,99,,-1,0,1.915,1115.812,114.9,186.077,1,Start,Finish,241,43.51450810000256,16.36042175002399,716,202,196,6,,,False,
2026-05-12T13:42:37+00:00,43.520483993925154,16.363680018112063,100,,-1,0,1.662,1117.474,99.72,213.022,1,Start,Finish,241,43.51450810000256,16.36042175002399,715,202,197,5,,,False,
2026-05-12T13:42:38+00:00,43.52047146297991,16.363668786361814,101,,-1,0,1.662,1119.136,99.72,213.022,1,Start,Finish,241,43.51450810000256,16.36042175002399,713,202,199,3,,,False,
2026-05-12T13:42:39+00:00,43.520455956459045,16.363659789785743,101,,-1,0,1.871,1121.006,112.26,202.817,1,Start,Finish,241,43.51450810000256,16.36042175002399,711,202,200,2,,,False,
2026-05-12T13:42:40+00:00,43.52044044993818,16.363650793209672,102,,-1,0,1.871,1122.877,112.26,202.817,1,Start,Finish,241,43.51450810000256,16.36042175002399,709,202,203,1,,,False,
2026-05-12T13:42:41+00:00,43.52042494341731,16.3636417966336,102,,-1,0,1.871,1124.747,112.26,202.817,1,Start,Finish,241,43.51450810000256,16.36042175002399,707,202,205,3,,,False,
2026-05-12T13:42:42+00:00,43.52040943689644,16.36363280005753,102,,-1,0,1.871,1126.618,112.26,202.817,1,Start,Finish,241,43.51450810000256,16.36042175002399,705,202,207,5,,,False,
2026-05-12T13:42:43+00:00,43.520393930375576,16.36362380348146,103,,-1,0,1.871,1128.489,112.26,202.817,1,Start,Finish,241,43.51450810000256,16.36042175002399,704,202,207,5,,,False,
2026-05-12T13:42:44+00:00,43.52037842385471,16.36361480690539,103,,-1,0,1.871,1130.359,112.26,202.817,1,Start,Finish,241,43.51450810000256,16.36042175002399,702,202,206,4,,,False,
2026-05-12T13:42:45+00:00,43.520365096628666,16.36360326781869,102,,-1,0,1.75,1132.109,105.0,212.122,1,Start,Finish,241,43.51450810000256,16.36042175002399,700,202,205,3,,,False,
2026-05-12T13:42:46+00:00,43.52035176940262,16.36359172873199,102,,-1,0,1.75,1133.859,105.0,212.122,1,Start,Finish,241,43.51450810000256,16.36042175002399,698,201,205,4,,,False,
2026-05-12T13:42:47+00:00,43.52033844217658,16.36358018964529,101,,-1,0,1.75,1135.609,105.0,212.122,1,Start,Finish,241,43.51450810000256,16.36042175002399,697,201,205,4,,,False,
2026-05-12T13:42:48+00:00,43.52032452821731,16.363570634275675,97,,-1,0,1.728,1137.337,103.68,206.472,1,Start,Finish,241,43.51450810000256,16.36042175002399,695,201,205,4,,,False,
2026-05-12T13:42:49+00:00,43.52031162008643,16.3635638281703,97,,-1,0,1.537,1138.874,92.22,200.924,1,Start,Finish,241,43.51450810000256,16.36042175002399,693,201,205,4,,,False,
2026-05-12T13:42:50+00:00,43.52029871195555,16.363557022064924,97,,-1,0,1.537,1140.41,92.22,200.924,1,Start,Finish,241,43.51450810000256,16.36042175002399,692,201,205,4,,,False,
2026-05-12T13:42:51+00:00,43.52028580382466,16.36355021595955,96,,-1,0,1.537,1141.947,92.22,200.924,1,Start,Finish,241,43.51450810000256,16.36042175002399,690,201,205,4,,,False,
2026-05-12T13:42:52+00:00,43.52027289569378,16.363543409854174,96,,-1,0,1.537,1143.484,92.22,200.924,1,Start,Finish,241,43.51450810000256,16.36042175002399,689,201,204,3,,,False,
2026-05-12T13:42:53+00:00,43.520259987562895,16.3635366037488,96,,-1,0,1.537,1145.02,92.22,200.924,1,Start,Finish,241,43.51450810000256,16.36042175002399,687,201,203,2,,,False,
2026-05-12T13:42:54+00:00,43.52024618536234,16.363528529182076,95,,-1,0,1.667,1146.687,100.02,202.987,1,Start,Finish,241,43.51450810000256,16.36042175002399,685,201,202,1,,,False,
2026-05-12T13:42:55+00:00,43.52023238316178,16.363520454615355,95,,-1,0,1.667,1148.355,100.02,202.987,1,Start,Finish,241,43.51450810000256,16.36042175002399,684,201,202,1,,,False,
2026-05-12T13:42:56+00:00,43.52021858096123,16.363512380048633,94,,-1,0,1.667,1150.022,100.02,202.987,1,Start,Finish,241,43.51450810000256,16.36042175002399,682,201,202,1,,,False,
2026-05-12T13:42:57+00:00,43.52020477876067,16.36350430548191,93,,-1,0,1.667,1151.689,100.02,202.987,1,Start,Finish,241,43.51450810000256,16.36042175002399,680,201,203,2,,,False,
2026-05-12T13:42:58+00:00,43.52019097656011,16.36349623091519,93,,-1,0,1.667,1153.356,100.02,202.987,1,Start,Finish,241,43.51450810000256,16.36042175002399,679,201,203,2,,,False,
2026-05-12T13:42:59+00:00,43.52017717435956,16.363488156348467,92,,-1,0,1.667,1155.023,100.02,202.987,1,Start,Finish,241,43.51450810000256,16.36042175002399,677,201,203,2,,,False,
2026-05-12T13:43:00+00:00,43.52016334421933,16.363480193540454,92,,-1,0,1.666,1156.69,99.96,202.661,1,Start,Finish,241,43.51450810000256,16.36042175002399,675,201,203,2,,,False,
2026-05-12T13:43:01+00:00,43.52014887146652,16.36347144842148,92,,-1,0,1.757,1158.447,105.42,203.661,1,Start,Finish,241,43.51450810000256,16.36042175002399,674,201,203,2,,,False,
2026-05-12T13:43:02+00:00,43.52013439871371,16.363462703302503,92,,-1,0,1.757,1160.204,105.42,203.661,1,Start,Finish,241,43.51450810000256,16.36042175002399,672,201,204,3,,,False,
2026-05-12T13:43:03+00:00,43.5201199259609,16.363453958183527,92,,-1,0,1.757,1161.961,105.42,203.661,1,Start,Finish,241,43.51450810000256,16.36042175002399,670,201,204,3,,,False,
2026-05-12T13:43:04+00:00,43.52010545320809,16.36344521306455,92,,-1,0,1.757,1163.718,105.42,203.661,1,Start,Finish,241,43.51450810000256,16.36042175002399,668,201,205,4,,,False,
2026-05-12T13:43:05+00:00,43.52009098045528,16.363436467945576,92,,-1,0,1.757,1165.475,105.42,203.661,1,Start,Finish,241,43.51450810000256,16.36042175002399,667,201,205,4,,,False,
2026-05-12T13:43:06+00:00,43.52007650770247,16.3634277228266,92,,-1,0,1.757,1167.231,105.42,203.661,1,Start,Finish,241,43.51450810000256,16.36042175002399,665,201,205,4,,,False,
2026-05-12T13:43:07+00:00,43.52006234228611,16.363417580723763,92,,-1,0,1.775,1169.006,106.5,207.437,1,Start,Finish,241,43.51450810000256,16.36042175002399,663,201,206,5,,,False,
2026-05-12T13:43:08+00:00,43.52004817686975,16.363407438620925,93,,-1,0,1.775,1170.781,106.5,207.437,1,Start,Finish,241,43.51450810000256,16.36042175002399,661,201,206,5,,,False,
2026-05-12T13:43:09+00:00,43.52003401145339,16.363397296518087,93,,-1,0,1.775,1172.556,106.5,207.437,1,Start,Finish,241,43.51450810000256,16.36042175002399,660,201,206,5,,,False,
2026-05-12T13:43:10+00:00,43.52002114523202,16.363388118334115,93,,-1,0,1.611,1174.166,96.66,207.352,1,Start,Finish,241,43.51450810000256,16.36042175002399,658,201,206,5,,,False,
2026-05-12T13:43:11+00:00,43.52000827901065,16.36337894015014,93,,-1,0,1.611,1175.777,96.66,207.352,1,Start,Finish,241,43.51450810000256,16.36042175002399,656,201,206,5,,,False,
2026-05-12T13:43:12+00:00,43.519995412789285,16.36336976196617,94,,-1,0,1.611,1177.388,96.66,207.352,1,Start,Finish,241,43.51450810000256,16.36042175002399,655,201,206,5,,,False,
2026-05-12T13:43:13+00:00,43.51998254656792,16.363360583782196,94,,-1,0,1.611,1178.999,96.66,207.352,1,Start,Finish,241,43.51450810000256,16.36042175002399,653,201,206,5,,,False,
2026-05-12T13:43:14+00:00,43.51996968034655,16.363351405598223,94,,-1,0,1.611,1180.609,96.66,207.352,1,Start,Finish,241,43.51450810000256,16.36042175002399,652,201,206,5,,,False,
2026-05-12T13:43:15+00:00,43.51995681412518,16.36334222741425,94,,-1,0,1.611,1182.22,96.66,207.352,1,Start,Finish,241,43.51450810000256,16.36042175002399,650,201,206,5,,,False,
2026-05-12T13:43:16+00:00,43.51994172669947,16.363334180787206,95,,-1,0,1.799,1184.019,107.94,201.143,1,Start,Finish,241,43.51450810000256,16.36042175002399,648,201,205,4,,,False,
2026-05-12T13:43:17+00:00,43.519927728921175,16.363326930440962,96,,-1,0,1.663,1185.682,99.78,200.586,1,Start,Finish,241,43.51450810000256,16.36042175002399,647,201,205,4,,,False,
2026-05-12T13:43:18+00:00,43.51991373114288,16.36331968009472,98,,-1,0,1.663,1187.344,99.78,200.586,1,Start,Finish,241,43.51450810000256,16.36042175002399,645,201,204,3,,,False,
2026-05-12T13:43:19+00:00,43.51990430150181,16.363313477486372,100,,-1,0,1.162,1188.506,69.72,205.5,1,Start,Finish,241,43.51450810000256,16.36042175002399,644,201,203,2,,,False,
2026-05-12T13:43:20+00:00,43.51989487186074,16.363307274878025,103,,-1,0,1.162,1189.668,69.72,205.5,1,Start,Finish,241,43.51450810000256,16.36042175002399,643,201,202,1,,,False,
2026-05-12T13:43:21+00:00,43.51988519076258,16.363300716038793,103,,-1,0,1.199,1190.867,71.94,206.164,1,Start,Finish,241,43.51450810000256,16.36042175002399,641,201,202,1,,,False,
2026-05-12T13:43:22+00:00,43.519875509664416,16.36329415719956,104,,-1,0,1.199,1192.066,71.94,206.164,1,Start,Finish,241,43.51450810000256,16.36042175002399,640,201,201,0,,,False,
2026-05-12T13:43:23+00:00,43.51986582856625,16.36328759836033,104,,-1,0,1.199,1193.266,71.94,206.164,1,Start,Finish,241,43.51450810000256,16.36042175002399,639,201,200,1,,,False,
2026-05-12T13:43:24+00:00,43.51985614746809,16.363281039521098,104,,-1,0,1.199,1194.465,71.94,206.164,1,Start,Finish,241,43.51450810000256,16.36042175002399,638,201,199,2,,,False,
2026-05-12T13:43:25+00:00,43.51984504144639,16.363276136107743,102,,-1,0,1.297,1195.762,77.82,197.753,1,Start,Finish,241,43.51450810000256,16.36042175002399,637,201,198,3,,,False,
2026-05-12T13:43:26+00:00,43.519833935424685,16.363271232694387,99,,-1,0,1.297,1197.058,77.82,197.753,1,Start,Finish,241,43.51450810000256,16.36042175002399,635,201,198,3,,,False,
2026-05-12T13:43:27+00:00,43.519822913222015,16.363267335109413,96,,-1,0,1.265,1198.324,75.9,194.382,1,Start,Finish,241,43.51450810000256,16.36042175002399,634,201,198,3,,,False,
2026-05-12T13:43:28+00:00,43.519811891019344,16.363263437524438,92,,-1,0,1.265,1199.589,75.9,194.382,1,Start,Finish,241,43.51450810000256,16.36042175002399,633,201,197,4,,,False,
2026-05-12T13:43:29+00:00,43.51979940198362,16.363261761143804,92,,-1,0,1.395,1200.984,83.7,185.559,1,Start,Finish,241,43.51450810000256,16.36042175002399,631,201,195,6,,,False,
2026-05-12T13:43:30+00:00,43.51978529943153,16.363258429337293,92,,-1,0,1.591,1202.575,95.46,189.721,1,Start,Finish,241,43.51450810000256,16.36042175002399,630,201,194,7,,,False,
2026-05-12T13:43:31+00:00,43.51977119687945,16.363255097530782,92,,-1,0,1.591,1204.166,95.46,189.721,1,Start,Finish,241,43.51450810000256,16.36042175002399,628,201,193,8,,,False,
2026-05-12T13:43:32+00:00,43.51975709432736,16.36325176572427,93,,-1,0,1.591,1205.757,95.46,189.721,1,Start,Finish,241,43.51450810000256,16.36042175002399,627,201,192,9,,,False,
2026-05-12T13:43:33+00:00,43.519742991775274,16.36324843391776,93,,-1,0,1.591,1207.348,95.46,189.721,1,Start,Finish,241,43.51450810000256,16.36042175002399,625,201,192,9,,,False,
2026-05-12T13:43:34+00:00,43.51973047479987,16.363244564272463,93,,-1,0,1.426,1208.775,85.56,192.636,1,Start,Finish,241,43.51450810000256,16.36042175002399,624,201,192,9,,,False,
2026-05-12T13:43:35+00:00,43.51971795782447,16.363240694627166,92,,-1,0,1.426,1210.201,85.56,192.636,1,Start,Finish,241,43.51450810000256,16.36042175002399,622,201,192,9,,,False,
2026-05-12T13:43:36+00:00,43.519705440849066,16.36323682498187,92,,-1,0,1.426,1211.627,85.56,192.636,1,Start,Finish,241,43.51450810000256,16.36042175002399,621,201,192,9,,,False,
2026-05-12T13:43:37+00:00,43.51969292387366,16.36323295533657,92,,-1,0,1.426,1213.054,85.56,192.636,1,Start,Finish,241,43.51450810000256,16.36042175002399,619,201,193,8,,,False,
2026-05-12T13:43:38+00:00,43.51968040689826,16.363229085691273,91,,-1,0,1.426,1214.48,85.56,192.636,1,Start,Finish,241,43.51450810000256,16.36042175002399,618,201,193,8,,,False,
2026-05-12T13:43:39+00:00,43.51966788992286,16.363225216045976,91,,-1,0,1.426,1215.906,85.56,192.636,1,Start,Finish,241,43.51450810000256,16.36042175002399,617,202,193,9,,,False,
2026-05-12T13:43:40+00:00,43.51965615525842,16.363219977356493,90,,-1,0,1.372,1217.278,82.32,197.938,1,Start,Finish,241,43.51450810000256,16.36042175002399,615,202,193,9,,,False,
2026-05-12T13:43:41+00:00,43.51964442059398,16.36321473866701,89,,-1,0,1.372,1218.649,82.32,197.938,1,Start,Finish,241,43.51450810000256,16.36042175002399,614,202,193,9,,,False,
2026-05-12T13:43:42+00:00,43.51962994784117,16.363210743293166,89,,-1,0,1.641,1220.291,98.46,191.32,1,Start,Finish,241,43.51450810000256,16.36042175002399,612,202,193,9,,,False,
2026-05-12T13:43:43+00:00,43.51961547508836,16.36320674791932,89,,-1,0,1.641,1221.932,98.46,191.32,1,Start,Finish,241,43.51450810000256,16.36042175002399,611,202,193,9,,,False,
2026-05-12T13:43:44+00:00,43.51960100233555,16.363202752545476,89,,-1,0,1.641,1223.573,98.46,191.32,1,Start,Finish,241,43.51450810000256,16.36042175002399,609,202,194,8,,,False,
2026-05-12T13:43:45+00:00,43.51958652958274,16.36319875717163,89,,-1,0,1.641,1225.214,98.46,191.32,1,Start,Finish,241,43.51450810000256,16.36042175002399,607,202,195,7,,,False,
2026-05-12T13:43:46+00:00,43.51957205682993,16.363194761797786,89,,-1,0,1.641,1226.856,98.46,191.32,1,Start,Finish,241,43.51450810000256,16.36042175002399,606,202,197,5,,,False,
2026-05-12T13:43:47+00:00,43.51955758407712,16.36319076642394,89,,-1,0,1.641,1228.497,98.46,191.32,1,Start,Finish,241,43.51450810000256,16.36042175002399,604,202,198,4,,,False,
2026-05-12T13:43:48+00:00,43.519543167203665,16.36318347416818,91,,-1,0,1.708,1230.204,102.48,200.142,1,Start,Finish,241,43.51450810000256,16.36042175002399,603,202,200,2,,,False,
2026-05-12T13:43:49+00:00,43.51952833123505,16.36317651718855,94,,-1,0,1.742,1231.947,104.52,198.78,1,Start,Finish,241,43.51450810000256,16.36042175002399,601,202,204,2,,,False,
2026-05-12T13:43:50+00:00,43.51951508782804,16.363169853575528,96,,-1,0,1.568,1233.514,94.08,200.045,1,Start,Finish,241,43.51450810000256,16.36042175002399,599,202,204,2,,,False,
2026-05-12T13:43:51+00:00,43.51950184442103,16.363163189962506,97,,-1,0,1.568,1235.082,94.08,200.045,1,Start,Finish,241,43.51450810000256,16.36042175002399,598,202,204,2,,,False,
2026-05-12T13:43:52+00:00,43.51949212141335,16.36315308138728,97,,-1,0,1.354,1236.436,81.24,217.012,1,Start,Finish,241,43.51450810000256,16.36042175002399,596,202,205,3,,,False,
2026-05-12T13:43:53+00:00,43.51948239840567,16.363142972812057,97,,-1,0,1.354,1237.79,81.24,217.012,1,Start,Finish,241,43.51450810000256,16.36042175002399,595,202,205,3,,,False,
2026-05-12T13:43:54+00:00,43.51947267539799,16.36313286423683,98,,-1,0,1.354,1239.144,81.24,217.012,1,Start,Finish,241,43.51450810000256,16.36042175002399,594,202,204,2,,,False,
2026-05-12T13:43:55+00:00,43.51946295239031,16.363122755661607,98,,-1,0,1.354,1240.498,81.24,217.012,1,Start,Finish,241,43.51450810000256,16.36042175002399,592,202,205,3,,,False,
2026-05-12T13:43:56+00:00,43.519453229382634,16.363112647086382,98,,-1,0,1.354,1241.852,81.24,217.013,1,Start,Finish,241,43.51450810000256,16.36042175002399,591,202,204,2,,,False,
2026-05-12T13:43:57+00:00,43.51944220717997,16.363106360659003,96,,-1,0,1.326,1243.178,79.56,202.469,1,Start,Finish,241,43.51450810000256,16.36042175002399,590,202,205,3,,,False,
2026-05-12T13:43:58+00:00,43.51943118497729,16.363100074231625,95,,-1,0,1.326,1244.504,79.56,202.469,1,Start,Finish,241,43.51450810000256,16.36042175002399,588,202,205,3,,,False,
2026-05-12T13:43:59+00:00,43.519420539960265,16.36309588328004,92,,-1,0,1.231,1245.735,73.86,195.933,1,Start,Finish,241,43.51450810000256,16.36042175002399,587,202,205,3,,,False,
2026-05-12T13:44:00+00:00,43.51940855383873,16.363093284890056,90,,-1,0,1.349,1247.084,80.94,188.934,1,Start,Finish,241,43.51450810000256,16.36042175002399,586,202,204,2,,,False,
2026-05-12T13:44:01+00:00,43.519396567717195,16.363090686500072,89,,-1,0,1.349,1248.434,80.94,188.934,1,Start,Finish,241,43.51450810000256,16.36042175002399,585,202,202,0,,,False,
2026-05-12T13:44:02+00:00,43.51938368054107,16.363083771429956,89,,-1,0,1.538,1249.971,92.28,201.261,1,Start,Finish,241,43.51450810000256,16.36042175002399,583,202,201,1,,,False,
2026-05-12T13:44:03+00:00,43.51937079336494,16.36307685635984,89,,-1,0,1.538,1251.509,92.28,201.261,1,Start,Finish,241,43.51450810000256,16.36042175002399,582,202,199,3,,,False,
2026-05-12T13:44:04+00:00,43.519357906188816,16.363069941289723,89,,-1,0,1.538,1253.046,92.28,201.261,1,Start,Finish,241,43.51450810000256,16.36042175002399,580,202,198,4,,,False,
2026-05-12T13:44:05+00:00,43.51934501901269,16.363063026219606,89,,-1,0,1.538,1254.584,92.28,201.261,1,Start,Finish,241,43.51450810000256,16.36042175002399,578,202,196,6,,,False,
2026-05-12T13:44:06+00:00,43.51933169178665,16.363057242706418,88,,-1,0,1.554,1256.138,93.24,197.468,1,Start,Finish,241,43.51450810000256,16.36042175002399,577,202,195,7,,,False,
2026-05-12T13:44:07+00:00,43.51931836456061,16.36305145919323,88,,-1,0,1.554,1257.691,93.24,197.468,1,Start,Finish,241,43.51450810000256,16.36042175002399,575,202,194,8,,,False,
2026-05-12T13:44:08+00:00,43.51930503733456,16.36304567568004,87,,-1,0,1.554,1259.245,93.24,197.468,1,Start,Finish,241,43.51450810000256,16.36042175002399,574,202,194,8,,,False,
2026-05-12T13:44:09+00:00,43.51929171010852,16.363039892166853,87,,-1,0,1.554,1260.798,93.24,197.468,1,Start,Finish,241,43.51450810000256,16.36042175002399,572,202,193,9,,,False,
2026-05-12T13:44:10+00:00,43.51927838288248,16.363034108653665,86,,-1,0,1.554,1262.352,93.24,197.468,1,Start,Finish,241,43.51450810000256,16.36042175002399,571,202,192,10,,,False,
2026-05-12T13:44:11+00:00,43.51926511153579,16.36303354986012,86,,-1,0,1.476,1263.828,88.56,181.749,1,Start,Finish,241,43.51450810000256,16.36042175002399,569,202,192,10,,,False,
2026-05-12T13:44:12+00:00,43.5192518401891,16.363032991066575,85,,-1,0,1.476,1265.305,88.56,181.749,1,Start,Finish,241,43.51450810000256,16.36042175002399,568,202,191,11,,,False,
2026-05-12T13:44:13+00:00,43.51923856884241,16.36303243227303,85,,-1,0,1.476,1266.781,88.56,181.749,1,Start,Finish,241,43.51450810000256,16.36042175002399,567,202,190,12,,,False,
2026-05-12T13:44:14+00:00,43.519224017858505,16.363029280677438,82,,-1,0,1.638,1268.419,98.28,188.926,1,Start,Finish,241,43.51450810000256,16.36042175002399,565,202,190,12,,,False,
2026-05-12T13:44:15+00:00,43.5192094668746,16.363026129081845,80,,-1,0,1.638,1270.057,98.28,188.926,1,Start,Finish,241,43.51450810000256,16.36042175002399,563,202,190,12,,,False,
2026-05-12T13:44:16+00:00,43.519194915890694,16.363022977486253,77,,-1,0,1.638,1271.695,98.28,188.926,1,Start,Finish,241,43.51450810000256,16.36042175002399,562,202,189,13,,,False,
2026-05-12T13:44:17+00:00,43.51918036490679,16.36301982589066,75,,-1,0,1.638,1273.332,98.28,188.926,1,Start,Finish,241,43.51450810000256,16.36042175002399,560,202,189,13,,,False,
2026-05-12T13:44:18+00:00,43.51916581392288,16.363016674295068,72,,-1,0,1.638,1274.97,98.28,188.926,1,Start,Finish,241,43.51450810000256,16.36042175002399,559,202,190,12,,,False,
2026-05-12T13:44:19+00:00,43.51915156468749,16.363011938519776,80,,-1,0,1.63,1276.6,97.8,193.55,1,Start,Finish,241,43.51450810000256,16.36042175002399,557,202,191,11,,,False,
2026-05-12T13:44:20+00:00,43.5191373154521,16.363007202744484,88,,-1,0,1.63,1278.23,97.8,193.55,1,Start,Finish,241,43.51450810000256,16.36042175002399,555,202,191,11,,,False,
2026-05-12T13:44:21+00:00,43.519123904407024,16.363002865109593,88,,-1,0,1.532,1279.762,91.92,193.2,1,Start,Finish,241,43.51450810000256,16.36042175002399,554,202,192,10,,,False,
2026-05-12T13:44:22+00:00,43.51911049336195,16.3629985274747,88,,-1,0,1.532,1281.293,91.92,193.2,1,Start,Finish,241,43.51450810000256,16.36042175002399,552,202,192,10,,,False,
2026-05-12T13:44:23+00:00,43.519097082316875,16.36299418983981,89,,-1,0,1.532,1282.825,91.92,193.2,1,Start,Finish,241,43.51450810000256,16.36042175002399,551,202,192,10,,,False,
2026-05-12T13:44:24+00:00,43.5190836712718,16.36298985220492,89,,-1,0,1.532,1284.357,91.92,193.2,1,Start,Finish,241,43.51450810000256,16.36042175002399,549,202,192,10,,,False,
2026-05-12T13:44:25+00:00,43.51907104253769,16.362986247986555,89,,-1,0,1.434,1285.791,86.04,191.693,1,Start,Finish,241,43.51450810000256,16.36042175002399,548,202,192,10,,,False,
2026-05-12T13:44:26+00:00,43.51905841380358,16.36298264376819,88,,-1,0,1.434,1287.225,86.04,191.693,1,Start,Finish,241,43.51450810000256,16.36042175002399,546,202,192,10,,,False,
2026-05-12T13:44:27+00:00,43.519045785069466,16.362979039549828,88,,-1,0,1.434,1288.659,86.04,191.693,1,Start,Finish,241,43.51450810000256,16.36042175002399,545,202,191,11,,,False,
2026-05-12T13:44:28+00:00,43.519033156335354,16.362975435331464,88,,-1,0,1.434,1290.093,86.04,191.693,1,Start,Finish,241,43.51450810000256,16.36042175002399,544,202,191,11,,,False,
2026-05-12T13:44:29+00:00,43.51902052760124,16.3629718311131,87,,-1,0,1.434,1291.527,86.04,191.693,1,Start,Finish,241,43.51450810000256,16.36042175002399,542,202,190,12,,,False,
2026-05-12T13:44:30+00:00,43.51900789886713,16.362968226894736,87,,-1,0,1.434,1292.961,86.04,191.693,1,Start,Finish,241,43.51450810000256,16.36042175002399,541,202,190,12,,,False,
2026-05-12T13:44:31+00:00,43.51899323053658,16.362965209409595,87,,-1,0,1.649,1294.61,98.94,188.484,1,Start,Finish,241,43.51450810000256,16.36042175002399,539,202,190,12,,,False,
2026-05-12T13:44:32+00:00,43.51897782180458,16.362962373532355,87,,-1,0,1.729,1296.338,103.74,187.602,1,Start,Finish,241,43.51450810000256,16.36042175002399,538,202,189,13,,,False,
2026-05-12T13:44:33+00:00,43.518962413072586,16.362959537655115,87,,-1,0,1.729,1298.067,103.74,187.602,1,Start,Finish,241,43.51450810000256,16.36042175002399,536,202,189,13,,,False,
2026-05-12T13:44:34+00:00,43.51894700434059,16.362956701777875,86,,-1,0,1.729,1299.796,103.74,187.602,1,Start,Finish,241,43.51450810000256,16.36042175002399,534,202,190,12,,,False,
2026-05-12T13:44:35+00:00,43.51893159560859,16.362953865900636,86,,-1,0,1.729,1301.524,103.74,187.602,1,Start,Finish,241,43.51450810000256,16.36042175002399,533,203,189,14,,,False,
2026-05-12T13:44:36+00:00,43.518916186876595,16.362951030023396,86,,-1,0,1.729,1303.253,103.74,187.602,1,Start,Finish,241,43.51450810000256,16.36042175002399,531,203,190,13,,,False,
2026-05-12T13:44:37+00:00,43.5189007781446,16.362948194146156,86,,-1,0,1.729,1304.981,103.74,187.602,1,Start,Finish,241,43.51450810000256,16.36042175002399,529,203,190,13,,,False,
2026-05-12T13:44:38+00:00,43.518887059763074,16.36294389143586,81,,-1,0,1.564,1306.546,93.84,192.813,1,Start,Finish,241,43.51450810000256,16.36042175002399,528,203,191,12,,,False,
2026-05-12T13:44:39+00:00,43.51887334138155,16.362939588725567,75,,-1,0,1.564,1308.11,93.84,192.813,1,Start,Finish,241,43.51450810000256,16.36042175002399,526,203,191,12,,,False,
2026-05-12T13:44:40+00:00,43.518859623000026,16.362935286015272,70,,-1,0,1.564,1309.674,93.84,192.813,1,Start,Finish,241,43.51450810000256,16.36042175002399,525,203,191,12,,,False,
2026-05-12T13:44:41+00:00,43.518845876678824,16.362933022901416,84,,-1,0,1.539,1311.214,92.34,186.808,1,Start,Finish,241,43.51450810000256,16.36042175002399,523,203,190,13,,,False,
2026-05-12T13:44:42+00:00,43.518831899855286,16.36292780516669,85,,-1,0,1.61,1312.824,96.6,195.147,1,Start,Finish,241,43.51450810000256,16.36042175002399,522,203,189,14,,,False,
2026-05-12T13:44:43+00:00,43.51881792303175,16.362922587431967,86,,-1,0,1.61,1314.434,96.6,195.147,1,Start,Finish,241,43.51450810000256,16.36042175002399,520,203,189,14,,,False,
2026-05-12T13:44:44+00:00,43.51880394620821,16.362917369697243,86,,-1,0,1.61,1316.044,96.6,195.147,1,Start,Finish,241,43.51450810000256,16.36042175002399,518,203,188,15,,,False,
2026-05-12T13:44:45+00:00,43.51878996938467,16.36291215196252,87,,-1,0,1.61,1317.654,96.6,195.147,1,Start,Finish,241,43.51450810000256,16.36042175002399,517,203,187,16,,,False,
2026-05-12T13:44:46+00:00,43.51878267712891,16.362910894677043,91,,-1,0,0.817,1318.471,49.02,187.126,1,Start,Finish,241,43.51450810000256,16.36042175002399,516,203,187,16,,,False,
2026-05-12T13:44:47+00:00,43.51878267712891,16.362910894677043,91,,-1,0,0.0,1318.471,0.0,0.0,1,Start,Finish,241,43.51450810000256,16.36042175002399,516,203,187,16,,,False,
2026-05-12T13:44:48+00:00,43.51877340115607,16.362910894677043,92,,-1,0,1.031,1319.503,61.86,180.0,1,Start,Finish,241,43.51450810000256,16.36042175002399,515,203,186,17,,,False,
2026-05-12T13:44:49+00:00,43.518764125183225,16.362910894677043,93,,-1,0,1.031,1320.534,61.86,180.0,1,Start,Finish,241,43.51450810000256,16.36042175002399,514,203,185,18,,,False,
2026-05-12T13:44:50+00:00,43.51875484921038,16.362910894677043,94,,-1,0,1.031,1321.566,61.86,180.0,1,Start,Finish,241,43.51450810000256,16.36042175002399,513,203,184,19,,,False,
2026-05-12T13:44:51+00:00,43.518744707107544,16.3629105174914,96,,-1,0,1.128,1322.694,67.68,181.545,1,Start,Finish,241,43.51450810000256,16.36042175002399,512,203,183,20,,,False,
2026-05-12T13:44:52+00:00,43.518734565004706,16.362910140305758,97,,-1,0,1.128,1323.822,67.68,181.545,1,Start,Finish,241,43.51450810000256,16.36042175002399,511,203,182,21,,,False,
2026-05-12T13:44:53+00:00,43.51872157305479,16.36290991678834,97,,-1,0,1.445,1325.267,86.7,180.715,1,Start,Finish,241,43.51450810000256,16.36042175002399,510,203,180,23,,,False,
2026-05-12T13:44:54+00:00,43.518708581104875,16.36290969327092,98,,-1,0,1.445,1326.711,86.7,180.715,1,Start,Finish,241,43.51450810000256,16.36042175002399,508,203,179,24,,,False,
2026-05-12T13:44:55+00:00,43.51869558915496,16.362909469753504,98,,-1,0,1.445,1328.156,86.7,180.715,1,Start,Finish,241,43.51450810000256,16.36042175002399,507,203,178,25,,,False,
2026-05-12T13:44:56+00:00,43.518684888258576,16.362911257892847,97,,-1,0,1.199,1329.355,71.94,173.091,1,Start,Finish,241,43.51450810000256,16.36042175002399,506,203,178,25,,,False,
2026-05-12T13:44:57+00:00,43.518674187362194,16.36291304603219,96,,-1,0,1.199,1330.553,71.94,173.091,1,Start,Finish,241,43.51450810000256,16.36042175002399,505,203,178,25,,,False,
2026-05-12T13:44:58+00:00,43.51866348646581,16.362914834171534,95,,-1,0,1.199,1331.752,71.94,173.091,1,Start,Finish,241,43.51450810000256,16.36042175002399,504,204,179,25,,,False,
2026-05-12T13:44:59+00:00,43.51865003351122,16.362918983213603,94,,-1,0,1.533,1333.285,91.98,167.394,1,Start,Finish,241,43.51450810000256,16.36042175002399,503,204,180,24,,,False,
2026-05-12T13:45:00+00:00,43.51863658055663,16.362923132255673,92,,-1,0,1.533,1334.818,91.98,167.394,1,Start,Finish,241,43.51450810000256,16.36042175002399,501,204,180,24,,,False,
2026-05-12T13:45:01+00:00,43.518624510616064,16.362922489643097,91,,-1,0,1.343,1336.161,80.58,182.211,1,Start,Finish,241,43.51450810000256,16.36042175002399,500,204,181,23,,,False,
2026-05-12T13:45:02+00:00,43.5186124406755,16.36292184703052,90,,-1,0,1.343,1337.504,80.58,182.211,1,Start,Finish,241,43.51450810000256,16.36042175002399,499,204,180,24,,,False,
2026-05-12T13:45:03+00:00,43.51860037073493,16.362921204417944,89,,-1,0,1.343,1338.847,80.58,182.211,1,Start,Finish,241,43.51450810000256,16.36042175002399,498,204,179,25,,,False,
2026-05-12T13:45:04+00:00,43.51858768053353,16.362918270751834,89,,-1,0,1.431,1340.278,85.86,189.516,1,Start,Finish,241,43.51450810000256,16.36042175002399,496,204,179,25,,,False,
2026-05-12T13:45:05+00:00,43.51857499033213,16.362915337085724,89,,-1,0,1.431,1341.709,85.86,189.516,1,Start,Finish,241,43.51450810000256,16.36042175002399,495,204,179,25,,,False,
2026-05-12T13:45:06+00:00,43.518562300130725,16.362912403419614,88,,-1,0,1.431,1343.139,85.86,189.516,1,Start,Finish,241,43.51450810000256,16.36042175002399,494,204,179,25,,,False,
2026-05-12T13:45:07+00:00,43.51854960992932,16.362909469753504,88,,-1,0,1.431,1344.57,85.86,189.516,1,Start,Finish,241,43.51450810000256,16.36042175002399,492,204,180,24,,,False,
2026-05-12T13:45:08+00:00,43.51853691972792,16.362906536087394,88,,-1,0,1.431,1346.001,85.86,189.516,1,Start,Finish,241,43.51450810000256,16.36042175002399,491,204,181,23,,,False,
2026-05-12T13:45:09+00:00,43.51852472405881,16.362910391762853,88,,-1,0,1.391,1347.392,83.46,167.088,1,Start,Finish,241,43.51450810000256,16.36042175002399,490,204,180,24,,,False,
2026-05-12T13:45:10+00:00,43.51851252838969,16.36291424743831,88,,-1,0,1.391,1348.783,83.46,167.088,1,Start,Finish,241,43.51450810000256,16.36042175002399,489,204,180,24,,,False,
2026-05-12T13:45:11+00:00,43.518499564379454,16.36291557457298,88,,-1,0,1.445,1350.229,86.7,175.754,1,Start,Finish,241,43.51450810000256,16.36042175002399,487,204,180,24,,,False,
2026-05-12T13:45:12+00:00,43.518486600369215,16.36291690170765,88,,-1,0,1.445,1351.674,86.7,175.754,1,Start,Finish,241,43.51450810000256,16.36042175002399,486,204,179,25,,,False,
2026-05-12T13:45:13+00:00,43.518473636358976,16.362918228842318,88,,-1,0,1.445,1353.12,86.7,175.754,1,Start,Finish,241,43.51450810000256,16.36042175002399,485,205,179,26,,,False,
2026-05-12T13:45:14+00:00,43.51846067234874,16.362919555976987,89,,-1,0,1.445,1354.565,86.7,175.754,1,Start,Finish,241,43.51450810000256,16.36042175002399,483,205,178,27,,,False,
2026-05-12T13:45:15+00:00,43.5184477083385,16.362920883111656,89,,-1,0,1.445,1356.011,86.7,175.754,1,Start,Finish,241,43.51450810000256,16.36042175002399,482,205,177,28,,,False,
2026-05-12T13:45:16+00:00,43.51843474432826,16.362922210246325,89,,-1,0,1.445,1357.456,86.7,175.754,1,Start,Finish,241,43.51450810000256,16.36042175002399,481,205,178,27,,,False,
2026-05-12T13:45:17+00:00,43.51841999217868,16.36292254552245,89,,-1,0,1.641,1359.097,98.46,179.056,1,Start,Finish,241,43.51450810000256,16.36042175002399,479,205,179,26,,,False,
2026-05-12T13:45:18+00:00,43.51840529590845,16.362921288236976,83,,-1,0,1.637,1360.734,98.22,183.55,1,Start,Finish,241,43.51450810000256,16.36042175002399,478,205,180,25,,,False,
2026-05-12T13:45:19+00:00,43.518390599638224,16.3629200309515,76,,-1,0,1.637,1362.372,98.22,183.55,1,Start,Finish,241,43.51450810000256,16.36042175002399,476,205,180,25,,,False,
2026-05-12T13:45:20+00:00,43.518375903368,16.362918773666024,70,,-1,0,1.637,1364.009,98.22,183.55,1,Start,Finish,241,43.51450810000256,16.36042175002399,475,205,180,25,,,False,
2026-05-12T13:45:21+00:00,43.51835905574262,16.36291718110442,70,,-1,0,1.878,1365.887,112.68,183.921,1,Start,Finish,241,43.51450810000256,16.36042175002399,473,205,180,25,,,False,
2026-05-12T13:45:22+00:00,43.518342124298215,16.362916035577655,79,,-1,0,1.885,1367.772,113.1,182.809,1,Start,Finish,241,43.51450810000256,16.36042175002399,471,205,180,25,,,False,
2026-05-12T13:45:23+00:00,43.51832519285381,16.362914890050888,87,,-1,0,1.885,1369.657,113.1,182.809,1,Start,Finish,241,43.51450810000256,16.36042175002399,470,205,180,25,,,False,
2026-05-12T13:45:24+00:00,43.5183082614094,16.36291374452412,96,,-1,0,1.885,1371.541,113.1,182.809,1,Start,Finish,241,43.51450810000256,16.36042175002399,468,205,181,24,,,False,
2026-05-12T13:45:25+00:00,43.51829007267952,16.362915923818946,95,,-1,0,2.03,1373.572,121.8,175.034,1,Start,Finish,241,43.51450810000256,16.36042175002399,466,206,181,25,,,False,
2026-05-12T13:45:26+00:00,43.51827657781541,16.362917879596353,94,,-1,0,1.509,1375.08,90.54,174.001,1,Start,Finish,241,43.51450810000256,16.36042175002399,465,206,181,25,,,False,
2026-05-12T13:45:27+00:00,43.51826308295131,16.36291983537376,93,,-1,0,1.509,1376.589,90.54,174.001,1,Start,Finish,241,43.51450810000256,16.36042175002399,464,206,181,25,,,False,
2026-05-12T13:45:28+00:00,43.5182495880872,16.362921791151166,92,,-1,0,1.509,1378.098,90.54,174.001,1,Start,Finish,241,43.51450810000256,16.36042175002399,462,206,181,25,,,False,
2026-05-12T13:45:29+00:00,43.51823465153575,16.362919729202986,92,,-1,0,1.669,1379.767,100.14,185.717,1,Start,Finish,241,43.51450810000256,16.36042175002399,461,206,181,25,,,False,
2026-05-12T13:45:30+00:00,43.5182197149843,16.362917667254806,92,,-1,0,1.669,1381.436,100.14,185.717,1,Start,Finish,241,43.51450810000256,16.36042175002399,459,206,182,24,,,False,
2026-05-12T13:45:31+00:00,43.518204778432846,16.362915605306625,92,,-1,0,1.669,1383.106,100.14,185.717,1,Start,Finish,241,43.51450810000256,16.36042175002399,458,206,182,24,,,False,
2026-05-12T13:45:32+00:00,43.518189841881394,16.362913543358445,92,,-1,0,1.669,1384.775,100.14,185.717,1,Start,Finish,241,43.51450810000256,16.36042175002399,456,206,183,23,,,False,
2026-05-12T13:45:33+00:00,43.51817490532994,16.362911481410265,92,,-1,0,1.669,1386.444,100.14,185.717,1,Start,Finish,241,43.51450810000256,16.36042175002399,454,206,183,23,,,False,
2026-05-12T13:45:34+00:00,43.51816155016422,16.362910056486726,92,,-1,0,1.489,1387.933,89.34,184.424,1,Start,Finish,241,43.51450810000256,16.36042175002399,453,206,184,22,,,False,
2026-05-12T13:45:35+00:00,43.5181481949985,16.362908631563187,92,,-1,0,1.489,1389.423,89.34,184.424,1,Start,Finish,241,43.51450810000256,16.36042175002399,452,206,185,21,,,False,
2026-05-12T13:45:36+00:00,43.51813483983278,16.362907206639647,92,,-1,0,1.489,1390.912,89.34,184.424,1,Start,Finish,241,43.51450810000256,16.36042175002399,450,206,185,21,,,False,
2026-05-12T13:45:37+00:00,43.51812148466706,16.36290578171611,91,,-1,0,1.489,1392.402,89.34,184.424,1,Start,Finish,241,43.51450810000256,16.36042175002399,449,206,186,20,,,False,
2026-05-12T13:45:38+00:00,43.51810812950134,16.36290435679257,91,,-1,0,1.489,1393.891,89.34,184.424,1,Start,Finish,241,43.51450810000256,16.36042175002399,448,207,186,21,,,False,
2026-05-12T13:45:39+00:00,43.51809477433562,16.36290293186903,91,,-1,0,1.489,1395.381,89.34,184.424,1,Start,Finish,241,43.51450810000256,16.36042175002399,446,207,187,20,,,False,
2026-05-12T13:45:40+00:00,43.51808111183345,16.362901087850332,90,,-1,0,1.526,1396.907,91.56,185.59,1,Start,Finish,241,43.51450810000256,16.36042175002399,445,207,187,20,,,False,
2026-05-12T13:45:41+00:00,43.51806744933128,16.362899243831635,88,,-1,0,1.526,1398.434,91.56,185.59,1,Start,Finish,241,43.51450810000256,16.36042175002399,443,207,188,19,,,False,
2026-05-12T13:45:42+00:00,43.518053786829114,16.362895807251334,87,,-1,0,1.544,1399.978,92.64,190.337,1,Start,Finish,241,43.51450810000256,16.36042175002399,442,207,188,19,,,False,
2026-05-12T13:45:43+00:00,43.518040124326944,16.362892370671034,86,,-1,0,1.544,1401.522,92.64,190.337,1,Start,Finish,241,43.51450810000256,16.36042175002399,440,207,189,18,,,False,
2026-05-12T13:45:44+00:00,43.518026461824775,16.362888934090734,85,,-1,0,1.544,1403.066,92.64,190.337,1,Start,Finish,241,43.51450810000256,16.36042175002399,439,207,189,18,,,False,
2026-05-12T13:45:45+00:00,43.51801367942244,16.362885183189064,85,,-1,0,1.453,1404.52,87.18,192.013,1,Start,Finish,241,43.51450810000256,16.36042175002399,437,207,189,18,,,False,
2026-05-12T13:45:46+00:00,43.5180008970201,16.362881432287395,84,,-1,0,1.453,1405.973,87.18,192.013,1,Start,Finish,241,43.51450810000256,16.36042175002399,436,207,189,18,,,False,
2026-05-12T13:45:47+00:00,43.517988114617765,16.362877681385726,84,,-1,0,1.453,1407.426,87.18,192.013,1,Start,Finish,241,43.51450810000256,16.36042175002399,435,207,189,18,,,False,
2026-05-12T13:45:48+00:00,43.51797533221543,16.362873930484056,84,,-1,0,1.453,1408.879,87.18,192.013,1,Start,Finish,241,43.51450810000256,16.36042175002399,433,207,189,18,,,False,
2026-05-12T13:45:49+00:00,43.51796477101743,16.36286923661828,82,,-1,0,1.234,1410.113,74.04,197.864,1,Start,Finish,241,43.51450810000256,16.36042175002399,432,207,189,18,,,False,
2026-05-12T13:45:50+00:00,43.51795295253396,16.362867644056678,82,,-1,0,1.32,1411.433,79.2,185.581,1,Start,Finish,241,43.51450810000256,16.36042175002399,431,207,188,19,,,False,
2026-05-12T13:45:51+00:00,43.51794113405049,16.362866051495075,82,,-1,0,1.32,1412.754,79.2,185.581,1,Start,Finish,241,43.51450810000256,16.36042175002399,430,207,188,19,,,False,
2026-05-12T13:45:52+00:00,43.51792931556702,16.362864458933473,82,,-1,0,1.32,1414.074,79.2,185.581,1,Start,Finish,241,43.51450810000256,16.36042175002399,428,207,187,20,,,False,
2026-05-12T13:45:53+00:00,43.517917497083545,16.36286286637187,83,,-1,0,1.32,1415.395,79.2,185.581,1,Start,Finish,241,43.51450810000256,16.36042175002399,427,207,187,20,,,False,
2026-05-12T13:45:54+00:00,43.51790567860007,16.362861273810267,83,,-1,0,1.32,1416.715,79.2,185.581,1,Start,Finish,241,43.51450810000256,16.36042175002399,426,208,186,22,,,False,
2026-05-12T13:45:55+00:00,43.5178938601166,16.362859681248665,83,,-1,0,1.32,1418.035,79.2,185.581,1,Start,Finish,241,43.51450810000256,16.36042175002399,425,208,186,22,,,False,
2026-05-12T13:45:56+00:00,43.51787885650992,16.362859471701086,84,,-1,0,1.668,1419.704,100.08,180.58,1,Start,Finish,241,43.51450810000256,16.36042175002399,423,208,185,23,,,False,
2026-05-12T13:45:57+00:00,43.51786385290325,16.362859262153506,85,,-1,0,1.668,1421.372,100.08,180.58,1,Start,Finish,241,43.51450810000256,16.36042175002399,422,208,184,24,,,False,
2026-05-12T13:45:58+00:00,43.51784872356802,16.362858382053673,86,,-1,0,1.684,1423.056,101.04,182.416,1,Start,Finish,241,43.51450810000256,16.36042175002399,420,208,184,24,,,False,
2026-05-12T13:45:59+00:00,43.5178335942328,16.36285750195384,88,,-1,0,1.684,1424.74,101.04,182.416,1,Start,Finish,241,43.51450810000256,16.36042175002399,419,208,185,23,,,False,
2026-05-12T13:46:00+00:00,43.517817626707256,16.362855427432805,88,,-1,0,1.783,1426.523,106.98,185.382,1,Start,Finish,241,43.51450810000256,16.36042175002399,417,208,186,22,,,False,
2026-05-12T13:46:01+00:00,43.517801659181714,16.36285335291177,88,,-1,0,1.783,1428.307,106.98,185.382,1,Start,Finish,241,43.51450810000256,16.36042175002399,415,208,187,21,,,False,
2026-05-12T13:46:02+00:00,43.51778569165617,16.362851278390735,89,,-1,0,1.783,1430.09,106.98,185.382,1,Start,Finish,241,43.51450810000256,16.36042175002399,414,208,188,20,,,False,
2026-05-12T13:46:03+00:00,43.51776972413063,16.3628492038697,89,,-1,0,1.783,1431.873,106.98,185.382,1,Start,Finish,241,43.51450810000256,16.36042175002399,412,208,189,19,,,False,
2026-05-12T13:46:04+00:00,43.51775590796024,16.36284456588328,90,,-1,0,1.581,1433.454,94.86,193.681,1,Start,Finish,241,43.51450810000256,16.36042175002399,411,208,190,18,,,False,
2026-05-12T13:46:05+00:00,43.51774209178984,16.362839927896857,90,,-1,0,1.581,1435.036,94.86,193.681,1,Start,Finish,241,43.51450810000256,16.36042175002399,409,208,191,17,,,False,
2026-05-12T13:46:06+00:00,43.51772827561945,16.362835289910436,90,,-1,0,1.581,1436.617,94.86,193.681,1,Start,Finish,241,43.51450810000256,16.36042175002399,408,209,191,18,,,False,
2026-05-12T13:46:07+00:00,43.51771445944905,16.362830651924014,91,,-1,0,1.581,1438.198,94.86,193.681,1,Start,Finish,241,43.51450810000256,16.36042175002399,406,209,191,18,,,False,
2026-05-12T13:46:08+00:00,43.51770064327866,16.362826013937593,92,,-1,0,1.581,1439.779,94.86,193.681,1,Start,Finish,241,43.51450810000256,16.36042175002399,404,209,192,17,,,False,
2026-05-12T13:46:09+00:00,43.517686827108264,16.36282137595117,92,,-1,0,1.581,1441.36,94.86,193.681,1,Start,Finish,241,43.51450810000256,16.36042175002399,403,209,192,17,,,False,
2026-05-12T13:46:10+00:00,43.5176747571677,16.362816765904427,92,,-1,0,1.393,1442.753,83.58,195.481,1,Start,Finish,241,43.51450810000256,16.36042175002399,402,209,193,16,,,False,
2026-05-12T13:46:11+00:00,43.51766228210181,16.36281318962574,92,,-1,0,1.417,1444.17,85.02,191.744,1,Start,Finish,241,43.51450810000256,16.36042175002399,400,209,192,17,,,False,
2026-05-12T13:46:12+00:00,43.51764980703592,16.362809613347054,92,,-1,0,1.417,1445.587,85.02,191.744,1,Start,Finish,241,43.51450810000256,16.36042175002399,399,209,192,17,,,False,
2026-05-12T13:46:13+00:00,43.51763733197003,16.362806037068367,92,,-1,0,1.417,1447.003,85.02,191.744,1,Start,Finish,241,43.51450810000256,16.36042175002399,398,209,192,17,,,False,
2026-05-12T13:46:14+00:00,43.51762485690415,16.36280246078968,93,,-1,0,1.417,1448.42,85.02,191.744,1,Start,Finish,241,43.51450810000256,16.36042175002399,396,209,191,18,,,False,
2026-05-12T13:46:15+00:00,43.51761238183826,16.362798884510994,93,,-1,0,1.417,1449.837,85.02,191.744,1,Start,Finish,241,43.51450810000256,16.36042175002399,395,209,191,18,,,False,
2026-05-12T13:46:16+00:00,43.517599906772375,16.362795308232307,93,,-1,0,1.417,1451.254,85.02,191.744,1,Start,Finish,241,43.51450810000256,16.36042175002399,393,209,191,18,,,False,
2026-05-12T13:46:17+00:00,43.517587347887456,16.362792598083615,89,,-1,0,1.413,1452.667,84.78,188.894,1,Start,Finish,241,43.51450810000256,16.36042175002399,392,209,190,19,,,False,
2026-05-12T13:46:18+00:00,43.51757478900254,16.362789887934923,84,,-1,0,1.413,1454.081,84.78,188.894,1,Start,Finish,241,43.51450810000256,16.36042175002399,391,209,190,19,,,False,
2026-05-12T13:46:19+00:00,43.51756223011762,16.36278717778623,80,,-1,0,1.413,1455.494,84.78,188.894,1,Start,Finish,241,43.51450810000256,16.36042175002399,390,209,189,20,,,False,
2026-05-12T13:46:20+00:00,43.5175496712327,16.36278446763754,76,,-1,0,1.413,1456.908,84.78,188.894,1,Start,Finish,241,43.51450810000256,16.36042175002399,388,209,189,20,,,False,
2026-05-12T13:46:21+00:00,43.51753711234778,16.362781757488847,71,,-1,0,1.413,1458.321,84.78,188.894,1,Start,Finish,241,43.51450810000256,16.36042175002399,387,209,188,21,,,False,
2026-05-12T13:46:22+00:00,43.51752455346286,16.362779047340155,67,,-1,0,1.413,1459.735,84.78,188.894,1,Start,Finish,241,43.51450810000256,16.36042175002399,386,210,188,22,,,False,
2026-05-12T13:46:23+00:00,43.51751206442714,16.362777203321457,88,,-1,0,1.397,1461.131,83.82,186.111,1,Start,Finish,241,43.51450810000256,16.36042175002399,384,210,187,23,,,False,
2026-05-12T13:46:24+00:00,43.517502676695585,16.362775610759854,86,,-1,0,1.052,1462.183,63.12,187.013,1,Start,Finish,241,43.51450810000256,16.36042175002399,383,210,187,23,,,False,
2026-05-12T13:46:25+00:00,43.51749328896403,16.36277401819825,85,,-1,0,1.052,1463.235,63.12,187.013,1,Start,Finish,241,43.51450810000256,16.36042175002399,382,210,187,23,,,False,
2026-05-12T13:46:26+00:00,43.51748427841813,16.3627722999081,84,,-1,0,1.011,1464.246,60.66,187.873,1,Start,Finish,241,43.51450810000256,16.36042175002399,381,210,187,23,,,False,
2026-05-12T13:46:27+00:00,43.517475267872214,16.36277058161795,82,,-1,0,1.011,1465.258,60.66,187.873,1,Start,Finish,241,43.51450810000256,16.36042175002399,380,210,187,23,,,False,
2026-05-12T13:46:28+00:00,43.51746368408203,16.36276949197054,83,,-1,0,1.291,1466.549,77.46,183.902,1,Start,Finish,241,43.51450810000256,16.36042175002399,379,210,187,23,,,False,
2026-05-12T13:46:29+00:00,43.51745210029185,16.362768402323127,83,,-1,0,1.291,1467.84,77.46,183.902,1,Start,Finish,241,43.51450810000256,16.36042175002399,378,210,186,24,,,False,
2026-05-12T13:46:30+00:00,43.517440516501665,16.362767312675714,84,,-1,0,1.291,1469.131,77.46,183.902,1,Start,Finish,241,43.51450810000256,16.36042175002399,377,210,186,24,,,False,
2026-05-12T13:46:31+00:00,43.51742893271148,16.362766223028302,84,,-1,0,1.291,1470.422,77.46,183.902,1,Start,Finish,241,43.51450810000256,16.36042175002399,376,210,186,24,,,False,
2026-05-12T13:46:32+00:00,43.5174173489213,16.36276513338089,85,,-1,0,1.291,1471.713,77.46,183.902,1,Start,Finish,241,43.51450810000256,16.36042175002399,375,210,186,24,,,False,
2026-05-12T13:46:33+00:00,43.51740446873009,16.362762842327356,85,,-1,0,1.444,1473.157,86.64,187.35,1,Start,Finish,241,43.51450810000256,16.36042175002399,373,210,186,24,,,False,
2026-05-12T13:46:34+00:00,43.517391588538885,16.362760551273823,85,,-1,0,1.444,1474.601,86.64,187.35,1,Start,Finish,241,43.51450810000256,16.36042175002399,372,210,186,24,,,False,
2026-05-12T13:46:35+00:00,43.51737870834768,16.36275826022029,84,,-1,0,1.444,1476.045,86.64,187.35,1,Start,Finish,241,43.51450810000256,16.36042175002399,371,211,186,25,,,False,
2026-05-12T13:46:36+00:00,43.51736582815647,16.362755969166756,84,,-1,0,1.444,1477.489,86.64,187.35,1,Start,Finish,241,43.51450810000256,16.36042175002399,369,211,186,25,,,False,
2026-05-12T13:46:37+00:00,43.517352947965264,16.362753678113222,84,,-1,0,1.444,1478.933,86.64,187.35,1,Start,Finish,241,43.51450810000256,16.36042175002399,368,211,186,25,,,False,
2026-05-12T13:46:38+00:00,43.51734006777406,16.36275138705969,84,,-1,0,1.444,1480.377,86.64,187.35,1,Start,Finish,241,43.51450810000256,16.36042175002399,367,211,187,24,,,False,
2026-05-12T13:46:39+00:00,43.517326014116406,16.36274973861873,83,,-1,0,1.568,1481.946,94.08,184.862,1,Start,Finish,241,43.51450810000256,16.36042175002399,365,211,187,24,,,False,
2026-05-12T13:46:40+00:00,43.517311960458755,16.362748090177774,83,,-1,0,1.568,1483.514,94.08,184.862,1,Start,Finish,241,43.51450810000256,16.36042175002399,364,211,188,23,,,False,
2026-05-12T13:46:41+00:00,43.517297906801105,16.362746441736817,82,,-1,0,1.568,1485.082,94.08,184.862,1,Start,Finish,241,43.51450810000256,16.36042175002399,362,211,188,23,,,False,
2026-05-12T13:46:42+00:00,43.51728481706232,16.362743396312,82,,-1,0,1.476,1486.559,88.56,189.576,1,Start,Finish,241,43.51450810000256,16.36042175002399,361,211,187,24,,,False,
2026-05-12T13:46:43+00:00,43.51727172732353,16.36274035088718,82,,-1,0,1.476,1488.035,88.56,189.576,1,Start,Finish,241,43.51450810000256,16.36042175002399,360,211,187,24,,,False,
2026-05-12T13:46:44+00:00,43.517258637584746,16.36273730546236,82,,-1,0,1.476,1489.511,88.56,189.576,1,Start,Finish,241,43.51450810000256,16.36042175002399,358,211,186,25,,,False,
2026-05-12T13:46:45+00:00,43.51724554784596,16.36273426003754,81,,-1,0,1.476,1490.987,88.56,189.577,1,Start,Finish,241,43.51450810000256,16.36042175002399,357,211,185,26,,,False,
2026-05-12T13:46:46+00:00,43.51723245810717,16.362731214612722,81,,-1,0,1.476,1492.463,88.56,189.577,1,Start,Finish,241,43.51450810000256,16.36042175002399,356,212,185,27,,,False,
2026-05-12T13:46:47+00:00,43.51721936836839,16.362728169187903,81,,-1,0,1.476,1493.939,88.56,189.577,1,Start,Finish,241,43.51450810000256,16.36042175002399,354,212,184,28,,,False,
2026-05-12T13:46:48+00:00,43.51720457430929,16.36272851843387,81,,-1,0,1.645,1495.584,98.7,179.019,1,Start,Finish,241,43.51450810000256,16.36042175002399,353,212,185,27,,,False,
2026-05-12T13:46:49+00:00,43.51718978025019,16.362728867679834,81,,-1,0,1.645,1497.23,98.7,179.019,1,Start,Finish,241,43.51450810000256,16.36042175002399,351,212,184,28,,,False,
2026-05-12T13:46:50+00:00,43.517174986191094,16.3627292169258,82,,-1,0,1.645,1498.875,98.7,179.019,1,Start,Finish,241,43.51450810000256,16.36042175002399,350,212,184,28,,,False,
2026-05-12T13:46:51+00:00,43.517160192132,16.362729566171765,82,,-1,0,1.645,1500.52,98.7,179.019,1,Start,Finish,241,43.51450810000256,16.36042175002399,349,212,185,27,,,False,
2026-05-12T13:46:52+00:00,43.5171453980729,16.36272991541773,82,,-1,0,1.645,1502.165,98.7,179.019,1,Start,Finish,241,43.51450810000256,16.36042175002399,347,212,184,28,,,False,
2026-05-12T13:46:53+00:00,43.5171306040138,16.362730264663696,82,,-1,0,1.645,1503.811,98.7,179.019,1,Start,Finish,241,43.51450810000256,16.36042175002399,346,213,184,29,,,False,
2026-05-12T13:46:54+00:00,43.51711884140968,16.362727931700647,82,,-1,0,1.321,1505.132,79.26,188.185,1,Start,Finish,241,43.51450810000256,16.36042175002399,345,213,184,29,,,False,
2026-05-12T13:46:55+00:00,43.517107078805566,16.362725598737597,82,,-1,0,1.321,1506.453,79.26,188.185,1,Start,Finish,241,43.51450810000256,16.36042175002399,344,213,184,29,,,False,
2026-05-12T13:46:56+00:00,43.51709531620145,16.362723265774548,82,,-1,0,1.321,1507.775,79.26,188.185,1,Start,Finish,241,43.51450810000256,16.36042175002399,342,213,185,28,,,False,
2026-05-12T13:46:57+00:00,43.51708355359733,16.3627209328115,82,,-1,0,1.321,1509.096,79.26,188.185,1,Start,Finish,241,43.51450810000256,16.36042175002399,341,213,186,27,,,False,
2026-05-12T13:46:58+00:00,43.517071790993214,16.36271859984845,82,,-1,0,1.321,1510.418,79.26,188.185,1,Start,Finish,241,43.51450810000256,16.36042175002399,340,213,186,27,,,False,
2026-05-12T13:46:59+00:00,43.517060028389096,16.3627162668854,82,,-1,0,1.321,1511.739,79.26,188.185,1,Start,Finish,241,43.51450810000256,16.36042175002399,339,213,186,27,,,False,
2026-05-12T13:47:00+00:00,43.51704502478242,16.362716099247336,80,,-1,0,1.668,1513.407,100.08,180.464,1,Start,Finish,241,43.51450810000256,16.36042175002399,337,213,187,26,,,False,
2026-05-12T13:47:01+00:00,43.51703071966767,16.362713179551065,79,,-1,0,1.608,1515.015,96.48,188.419,1,Start,Finish,241,43.51450810000256,16.36042175002399,336,213,188,25,,,False,
2026-05-12T13:47:02+00:00,43.51701641455293,16.362710259854794,78,,-1,0,1.608,1516.623,96.48,188.419,1,Start,Finish,241,43.51450810000256,16.36042175002399,334,213,188,25,,,False,
2026-05-12T13:47:03+00:00,43.51700210943818,16.362707340158522,77,,-1,0,1.608,1518.231,96.48,188.419,1,Start,Finish,241,43.51450810000256,16.36042175002399,333,214,188,26,,,False,
2026-05-12T13:47:04+00:00,43.516987804323435,16.36270442046225,76,,-1,0,1.608,1519.839,96.48,188.419,1,Start,Finish,241,43.51450810000256,16.36042175002399,332,214,187,27,,,False,
2026-05-12T13:47:05+00:00,43.51697349920869,16.36270150076598,75,,-1,0,1.608,1521.447,96.48,188.419,1,Start,Finish,241,43.51450810000256,16.36042175002399,330,214,186,28,,,False,
2026-05-12T13:47:06+00:00,43.51695919409394,16.362698581069708,74,,-1,0,1.608,1523.055,96.48,188.419,1,Start,Finish,241,43.51450810000256,16.36042175002399,329,214,185,29,,,False,
2026-05-12T13:47:07+00:00,43.516944693401456,16.36269472539425,73,,-1,0,1.642,1524.697,98.52,190.914,1,Start,Finish,241,43.51450810000256,16.36042175002399,327,214,186,28,,,False,
2026-05-12T13:47:08+00:00,43.516928306780756,16.362693216651678,72,,-1,0,1.826,1526.524,109.56,183.82,1,Start,Finish,241,43.51450810000256,16.36042175002399,326,214,186,28,,,False,
2026-05-12T13:47:09+00:00,43.516911920160055,16.362691707909107,70,,-1,0,1.826,1528.35,109.56,183.82,1,Start,Finish,241,43.51450810000256,16.36042175002399,324,214,186,28,,,False,
2026-05-12T13:47:10+00:00,43.51689832052216,16.362691498361528,74,,-1,0,1.512,1529.862,90.72,180.64,1,Start,Finish,241,43.51450810000256,16.36042175002399,323,215,185,30,,,False,
2026-05-12T13:47:11+00:00,43.51688472088426,16.36269128881395,78,,-1,0,1.512,1531.374,90.72,180.64,1,Start,Finish,241,43.51450810000256,16.36042175002399,321,215,186,29,,,False,
2026-05-12T13:47:12+00:00,43.51687112124637,16.36269107926637,81,,-1,0,1.512,1532.887,90.72,180.64,1,Start,Finish,241,43.51450810000256,16.36042175002399,320,215,185,30,,,False,
2026-05-12T13:47:13+00:00,43.51685752160847,16.36269086971879,85,,-1,0,1.512,1534.399,90.72,180.64,1,Start,Finish,241,43.51450810000256,16.36042175002399,319,215,185,30,,,False,
2026-05-12T13:47:14+00:00,43.51684134453535,16.362686594948173,86,,-1,0,1.832,1536.23,109.92,190.848,1,Start,Finish,241,43.51450810000256,16.36042175002399,317,215,184,31,,,False,
2026-05-12T13:47:15+00:00,43.516823910176754,16.362682739272714,88,,-1,0,1.963,1538.194,117.78,189.111,1,Start,Finish,241,43.51450810000256,16.36042175002399,316,215,184,31,,,False,
2026-05-12T13:47:16+00:00,43.51680647581816,16.362678883597255,89,,-1,0,1.963,1540.157,117.78,189.111,1,Start,Finish,241,43.51450810000256,16.36042175002399,314,215,185,30,,,False,
2026-05-12T13:47:17+00:00,43.516792226582766,16.362677961587906,90,,-1,0,1.586,1541.743,95.16,182.687,1,Start,Finish,241,43.51450810000256,16.36042175002399,312,216,185,31,,,False,
2026-05-12T13:47:18+00:00,43.516775337047875,16.362676348071545,91,,-1,0,1.883,1543.626,112.98,183.963,1,Start,Finish,241,43.51450810000256,16.36042175002399,311,216,187,29,,,False,
2026-05-12T13:47:19+00:00,43.516758447512984,16.362674734555185,92,,-1,0,1.883,1545.508,112.98,183.963,1,Start,Finish,241,43.51450810000256,16.36042175002399,309,216,190,26,,,False,
2026-05-12T13:47:20+00:00,43.516741557978094,16.362673121038824,92,,-1,0,1.883,1547.391,112.98,183.963,1,Start,Finish,241,43.51450810000256,16.36042175002399,308,216,191,25,,,False,
2026-05-12T13:47:21+00:00,43.5167246684432,16.362671507522464,93,,-1,0,1.883,1549.274,112.98,183.963,1,Start,Finish,241,43.51450810000256,16.36042175002399,306,216,193,23,,,False,
2026-05-12T13:47:22+00:00,43.51670790463686,16.36266890913248,94,,-1,0,1.876,1551.149,112.56,186.413,1,Start,Finish,241,43.51450810000256,16.36042175002399,304,217,194,23,,,False,
2026-05-12T13:47:23+00:00,43.516696617007256,16.362662692554295,94,,-1,0,1.352,1552.501,81.12,201.771,1,Start,Finish,241,43.51450810000256,16.36042175002399,303,217,196,21,,,False,
2026-05-12T13:47:24+00:00,43.51668532937765,16.36265647597611,94,,-1,0,1.352,1553.852,81.12,201.771,1,Start,Finish,241,43.51450810000256,16.36042175002399,302,217,197,20,,,False,
2026-05-12T13:47:25+00:00,43.51667404174805,16.362650259397924,94,,-1,0,1.352,1555.204,81.12,201.771,1,Start,Finish,241,43.51450810000256,16.36042175002399,300,217,197,20,,,False,
2026-05-12T13:47:26+00:00,43.51666275411844,16.36264404281974,95,,-1,0,1.352,1556.555,81.12,201.771,1,Start,Finish,241,43.51450810000256,16.36042175002399,299,217,183,34,,,False,
2026-05-12T13:47:27+00:00,43.51665146648884,16.362637826241553,95,,-1,0,1.352,1557.907,81.12,201.771,1,Start,Finish,241,43.51450810000256,16.36042175002399,298,217,175,42,,,False,
2026-05-12T13:47:28+00:00,43.516640178859234,16.362631609663367,95,,-1,0,1.352,1559.258,81.12,201.771,1,Start,Finish,241,43.51450810000256,16.36042175002399,297,217,169,48,,,False,
2026-05-12T13:47:29+00:00,43.51663185283542,16.362626804038882,86,,-1,0,1.004,1560.262,60.24,202.712,1,Start,Finish,241,43.51450810000256,16.36042175002399,296,217,155,62,,,False,
2026-05-12T13:47:30+00:00,43.5166235268116,16.362621998414397,78,,-1,0,1.004,1561.266,60.24,202.712,1,Start,Finish,241,43.51450810000256,16.36042175002399,295,217,149,68,,,False,
2026-05-12T13:47:31+00:00,43.51661520078778,16.362617192789912,69,,-1,0,1.004,1562.269,60.24,202.712,1,Start,Finish,241,43.51450810000256,16.36042175002399,294,217,144,73,,,False,
2026-05-12T13:47:32+00:00,43.51660824380815,16.362612582743168,69,,-1,0,0.858,1563.128,51.48,205.666,1,Start,Finish,241,43.51450810000256,16.36042175002399,293,217,139,78,,,False,
2026-05-12T13:47:33+00:00,43.51660145446658,16.36260822415352,68,,-1,0,0.833,1563.96,49.98,204.964,1,Start,Finish,241,43.51450810000256,16.36042175002399,292,217,136,81,,,False,
2026-05-12T13:47:34+00:00,43.51659466512501,16.362609481438994,70,,-1,0,0.762,1564.722,45.72,172.351,1,Start,Finish,241,43.51450810000256,16.36042175002399,291,217,136,81,,,False,
2026-05-12T13:47:35+00:00,43.51659298874438,16.362608643248677,78,,-1,0,0.198,1564.92,11.88,199.93,1,Start,Finish,241,43.51450810000256,16.36042175002399,291,217,136,81,,,False,
2026-05-12T13:47:36+00:00,43.516591312363744,16.36260780505836,87,,-1,0,0.198,1565.119,11.88,199.93,1,Start,Finish,241,43.51450810000256,16.36042175002399,291,217,136,81,,,False,
2026-05-12T13:47:37+00:00,43.51658963598311,16.362606966868043,95,,-1,0,0.198,1565.317,11.88,199.93,1,Start,Finish,241,43.51450810000256,16.36042175002399,291,217,134,83,,,False,
2026-05-12T13:47:38+00:00,43.51658728905022,16.362608978524804,95,,-1,0,0.307,1565.624,18.42,148.136,1,Start,Finish,241,43.51450810000256,16.36042175002399,291,217,133,84,,,False,
2026-05-12T13:47:39+00:00,43.51658586412668,16.362611409276724,96,,-1,0,0.252,1565.876,15.12,128.951,1,Start,Finish,241,43.51450810000256,16.36042175002399,291,217,133,84,,,False,
2026-05-12T13:47:40+00:00,43.516585738398135,16.362614133395255,97,,-1,0,0.22,1566.096,13.2,93.642,1,Start,Finish,241,43.51450810000256,16.36042175002399,291,217,132,85,,,False,
2026-05-12T13:47:41+00:00,43.51658561266959,16.362616857513785,98,,-1,0,0.22,1566.316,13.2,93.642,1,Start,Finish,241,43.51450810000256,16.36042175002399,291,217,132,85,,,False,
2026-05-12T13:47:42+00:00,43.51658548694104,16.362619581632316,99,,-1,0,0.22,1566.537,13.2,93.642,1,Start,Finish,241,43.51450810000256,16.36042175002399,291,217,132,85,,,False,
2026-05-12T13:47:43+00:00,43.51658536121249,16.362622305750847,100,,-1,0,0.22,1566.757,13.2,93.642,1,Start,Finish,241,43.51450810000256,16.36042175002399,291,218,131,87,,,False,
2026-05-12T13:47:44+00:00,43.51658293046057,16.3626270275563,100,,-1,0,0.467,1567.224,28.02,125.37,1,Start,Finish,241,43.51450810000256,16.36042175002399,291,218,131,87,,,False,
2026-05-12T13:47:45+00:00,43.51658049970865,16.362631749361753,99,,-1,0,0.467,1567.691,28.02,125.37,1,Start,Finish,241,43.51450810000256,16.36042175002399,291,218,131,87,,,False,
2026-05-12T13:47:46+00:00,43.51657806895673,16.362636471167207,99,,-1,0,0.467,1568.157,28.02,125.37,1,Start,Finish,241,43.51450810000256,16.36042175002399,291,218,129,89,,,False,
2026-05-12T13:47:47+00:00,43.51657563820481,16.362640410661697,96,,-1,0,0.417,1568.575,25.02,130.393,1,Start,Finish,241,43.51450810000256,16.36042175002399,291,218,129,89,,,False,
2026-05-12T13:47:48+00:00,43.51657320745289,16.362644350156188,93,,-1,0,0.417,1568.992,25.02,130.393,1,Start,Finish,241,43.51450810000256,16.36042175002399,291,218,130,88,,,False,
2026-05-12T13:47:49+00:00,43.516569854691625,16.36264787055552,93,,-1,0,0.469,1569.46,28.14,142.713,1,Start,Finish,241,43.51450810000256,16.36042175002399,291,218,128,90,,,False,
2026-05-12T13:47:50+00:00,43.516569938510656,16.36264979839325,94,,-1,0,0.156,1569.616,9.36,86.569,1,Start,Finish,241,43.51450810000256,16.36042175002399,291,218,128,90,,,False,
2026-05-12T13:47:51+00:00,43.51657002232969,16.36265172623098,95,,-1,0,0.156,1569.772,9.36,86.569,1,Start,Finish,241,43.51450810000256,16.36042175002399,291,218,128,90,,,False,
2026-05-12T13:47:52+00:00,43.51657010614872,16.36265365406871,96,,-1,0,0.156,1569.927,9.36,86.569,1,Start,Finish,241,43.51450810000256,16.36042175002399,291,218,128,90,,,False,
2026-05-12T13:47:53+00:00,43.51657018996775,16.362655581906438,97,,-1,0,0.156,1570.083,9.36,86.569,1,Start,Finish,241,43.51450810000256,16.36042175002399,292,218,128,90,,,False,
2026-05-12T13:47:54+00:00,43.51657027378678,16.362657509744167,98,,-1,0,0.156,1570.239,9.36,86.569,1,Start,Finish,241,43.51450810000256,16.36042175002399,292,218,128,90,,,False,
2026-05-12T13:47:55+00:00,43.5165745485574,16.362654995173216,104,,-1,0,0.517,1570.756,31.02,336.898,1,Start,Finish,241,43.51450810000256,16.36042175002399,292,218,127,91,,,False,
2026-05-12T13:47:56+00:00,43.51657563820481,16.36265616863966,104,,-1,0,0.154,1570.909,9.24,37.988,1,Start,Finish,241,43.51450810000256,16.36042175002399,292,218,127,91,,,False,
2026-05-12T13:47:57+00:00,43.51657468825579,16.362659689038992,104,,-1,0,0.303,1571.212,18.18,110.41,1,Start,Finish,241,43.51450810000256,16.36042175002399,292,218,127,91,,,False,
2026-05-12T13:47:58+00:00,43.51657373830676,16.362663209438324,105,,-1,0,0.303,1571.515,18.18,110.41,1,Start,Finish,241,43.51450810000256,16.36042175002399,292,218,125,93,,,False,
2026-05-12T13:47:59+00:00,43.516572788357735,16.362666729837656,105,,-1,0,0.303,1571.818,18.18,110.41,1,Start,Finish,241,43.51450810000256,16.36042175002399,292,218,125,93,,,False,
2026-05-12T13:48:00+00:00,43.51657183840871,16.362670250236988,105,,-1,0,0.303,1572.121,18.18,110.41,1,Start,Finish,241,43.51450810000256,16.36042175002399,292,218,125,93,,,False,
2026-05-12T13:48:01+00:00,43.51657088845968,16.36267377063632,106,,-1,0,0.303,1572.424,18.18,110.41,1,Start,Finish,241,43.51450810000256,16.36042175002399,293,218,124,94,,,False,
2026-05-12T13:48:02+00:00,43.516569938510656,16.362677291035652,106,,-1,0,0.303,1572.727,18.18,110.41,1,Start,Finish,241,43.51450810000256,16.36042175002399,293,218,124,94,,,False,
2026-05-12T13:48:03+00:00,43.51656750775874,16.362684122286737,106,,-1,0,0.614,1573.34,36.84,116.136,1,Start,Finish,241,43.51450810000256,16.36042175002399,293,219,123,96,,,False,
2026-05-12T13:48:04+00:00,43.51656507700682,16.36269095353782,105,,-1,0,0.614,1573.954,36.84,116.136,1,Start,Finish,241,43.51450810000256,16.36042175002399,293,219,123,96,,,False,
2026-05-12T13:48:05+00:00,43.51656214334071,16.362694362178445,104,,-1,0,0.427,1574.38,25.62,139.883,1,Start,Finish,241,43.51450810000256,16.36042175002399,293,219,122,97,,,False,
2026-05-12T13:48:06+00:00,43.5165592096746,16.362697770819068,103,,-1,0,0.427,1574.807,25.62,139.883,1,Start,Finish,241,43.51450810000256,16.36042175002399,293,219,121,98,,,False,
2026-05-12T13:48:07+00:00,43.51655627600849,16.36270117945969,102,,-1,0,0.427,1575.234,25.62,139.883,1,Start,Finish,241,43.51450810000256,16.36042175002399,293,219,118,101,,,False,
2026-05-12T13:48:08+00:00,43.51655535399914,16.36270553804934,99,,-1,0,0.366,1575.6,21.96,106.262,1,Start,Finish,241,43.51450810000256,16.36042175002399,293,219,117,102,,,False,
2026-05-12T13:48:09+00:00,43.51655485108495,16.362710567191243,98,,-1,0,0.409,1576.009,24.54,97.851,1,Start,Finish,241,43.51450810000256,16.36042175002399,293,219,116,103,,,False,
2026-05-12T13:48:10+00:00,43.51655015721917,16.362716937437654,96,,-1,0,0.732,1576.741,43.92,135.457,1,Start,Finish,241,43.51450810000256,16.36042175002399,293,219,119,100,,,False,
2026-05-12T13:48:11+00:00,43.516545463353395,16.362723307684064,95,,-1,0,0.732,1577.474,43.92,135.457,1,Start,Finish,241,43.51450810000256,16.36042175002399,293,219,120,99,,,False,
2026-05-12T13:48:12+00:00,43.51653647376224,16.36273315642029,94,,-1,0,1.277,1578.75,76.62,141.534,1,Start,Finish,241,43.51450810000256,16.36042175002399,293,220,121,99,,,False,
2026-05-12T13:48:13+00:00,43.51652748417109,16.362743005156517,94,,-1,0,1.277,1580.027,76.62,141.534,1,Start,Finish,241,43.51450810000256,16.36042175002399,292,220,125,95,,,False,
2026-05-12T13:48:14+00:00,43.51651849457994,16.362752853892744,94,,-1,0,1.277,1581.304,76.62,141.533,1,Start,Finish,241,43.51450810000256,16.36042175002399,292,220,135,85,,,False,
2026-05-12T13:48:15+00:00,43.51650950498879,16.36276270262897,93,,-1,0,1.277,1582.58,76.62,141.533,1,Start,Finish,241,43.51450810000256,16.36042175002399,292,220,140,80,,,False,
2026-05-12T13:48:16+00:00,43.51649592630565,16.36276521719992,93,,-1,0,1.523,1584.104,91.38,172.351,1,Start,Finish,241,43.51450810000256,16.36042175002399,291,221,145,76,,,False,
2026-05-12T13:48:17+00:00,43.51648500189185,16.36277010664344,92,,-1,0,1.277,1585.381,76.62,162.018,1,Start,Finish,241,43.51450810000256,16.36042175002399,290,221,147,74,,,False,
2026-05-12T13:48:18+00:00,43.51647407747805,16.362774996086955,90,,-1,0,1.277,1586.658,76.62,162.018,1,Start,Finish,241,43.51450810000256,16.36042175002399,289,221,154,67,,,False,
2026-05-12T13:48:19+00:00,43.51646315306425,16.362779885530472,89,,-1,0,1.277,1587.935,76.62,162.018,1,Start,Finish,241,43.51450810000256,16.36042175002399,289,221,157,64,,,False,
2026-05-12T13:48:20+00:00,43.516449762973934,16.362785606179386,89,,-1,0,1.559,1589.494,93.54,162.786,1,Start,Finish,241,43.51450810000256,16.36042175002399,288,221,159,62,,,False,
2026-05-12T13:48:21+00:00,43.51643637288362,16.3627913268283,88,,-1,0,1.559,1591.053,93.54,162.786,1,Start,Finish,241,43.51450810000256,16.36042175002399,287,222,160,62,,,False,
2026-05-12T13:48:22+00:00,43.5164229827933,16.362797047477216,88,,-1,0,1.559,1592.611,93.54,162.786,1,Start,Finish,241,43.51450810000256,16.36042175002399,286,222,159,63,,,False,
2026-05-12T13:48:23+00:00,43.516409592702985,16.36280276812613,88,,-1,0,1.559,1594.17,93.54,162.786,1,Start,Finish,241,43.51450810000256,16.36042175002399,286,222,158,64,,,False,
2026-05-12T13:48:24+00:00,43.516398495063186,16.362807830795646,88,,-1,0,1.3,1595.47,78.0,161.695,1,Start,Finish,241,43.51450810000256,16.36042175002399,285,222,155,67,,,False,
2026-05-12T13:48:25+00:00,43.51638739742339,16.36281289346516,88,,-1,0,1.3,1596.77,78.0,161.695,1,Start,Finish,241,43.51450810000256,16.36042175002399,284,223,150,73,,,False,
2026-05-12T13:48:26+00:00,43.51637629978359,16.362817956134677,87,,-1,0,1.3,1598.069,78.0,161.695,1,Start,Finish,241,43.51450810000256,16.36042175002399,284,223,149,74,,,False,
2026-05-12T13:48:27+00:00,43.51636520214379,16.362823018804193,87,,-1,0,1.3,1599.369,78.0,161.695,1,Start,Finish,241,43.51450810000256,16.36042175002399,283,223,146,77,,,False,
2026-05-12T13:48:28+00:00,43.51635410450399,16.362828081473708,87,,-1,0,1.3,1600.669,78.0,161.695,1,Start,Finish,241,43.51450810000256,16.36042175002399,282,223,144,79,,,False,
2026-05-12T13:48:29+00:00,43.516348991543055,16.362849664874375,86,,-1,0,1.831,1602.5,109.86,108.091,1,Start,Finish,241,43.51450810000256,16.36042175002399,283,224,139,85,,,False,
2026-05-12T13:48:30+00:00,43.51634387858212,16.36287124827504,86,,-1,0,1.831,1604.331,109.86,108.091,1,Start,Finish,241,43.51450810000256,16.36042175002399,284,224,131,93,,,False,
2026-05-12T13:48:31+00:00,43.51633852813393,16.36289829388261,86,,-1,0,2.261,1606.591,135.66,105.259,1,Start,Finish,241,43.51450810000256,16.36042175002399,285,224,126,98,,,False,
2026-05-12T13:48:32+00:00,43.51633317768574,16.362925339490175,86,,-1,0,2.261,1608.852,135.66,105.259,1,Start,Finish,241,43.51450810000256,16.36042175002399,286,225,116,109,,,False,
2026-05-12T13:48:33+00:00,43.516327827237546,16.362952385097742,86,,-1,0,2.261,1611.112,135.66,105.259,1,Start,Finish,241,43.51450810000256,16.36042175002399,287,225,107,118,,,False,
2026-05-12T13:48:34+00:00,43.516322476789355,16.36297943070531,86,,-1,0,2.261,1613.373,135.66,105.259,1,Start,Finish,241,43.51450810000256,16.36042175002399,289,226,108,118,,,False,
2026-05-12T13:48:35+00:00,43.51631712634117,16.363006476312876,86,,-1,0,2.261,1615.634,135.66,105.259,1,Start,Finish,241,43.51450810000256,16.36042175002399,290,226,108,118,,,False,
2026-05-12T13:48:36+00:00,43.51631177589297,16.363033521920443,86,,-1,0,2.261,1617.894,135.66,105.259,1,Start,Finish,241,43.51450810000256,16.36042175002399,291,226,110,116,,,False,
2026-05-12T13:48:37+00:00,43.51630322635174,16.363061433658004,86,,-1,0,2.443,1620.337,146.58,112.899,1,Start,Finish,241,43.51450810000256,16.36042175002399,292,227,111,116,,,False,
2026-05-12T13:48:38+00:00,43.51629400625825,16.363087836652994,86,,-1,0,2.363,1622.7,141.78,115.713,1,Start,Finish,241,43.51450810000256,16.36042175002399,293,227,112,115,,,False,
2026-05-12T13:48:39+00:00,43.51628478616476,16.363114239647985,86,,-1,0,2.363,1625.063,141.78,115.713,1,Start,Finish,241,43.51450810000256,16.36042175002399,294,228,113,115,,,False,
2026-05-12T13:48:40+00:00,43.51627556607127,16.363140642642975,86,,-1,0,2.363,1627.426,141.78,115.713,1,Start,Finish,241,43.51450810000256,16.36042175002399,294,228,115,113,,,False,
2026-05-12T13:48:41+00:00,43.51626634597778,16.363167045637965,85,,-1,0,2.363,1629.789,141.78,115.713,1,Start,Finish,241,43.51450810000256,16.36042175002399,295,229,117,112,,,False,
2026-05-12T13:48:42+00:00,43.516257125884295,16.363193448632956,85,,-1,0,2.363,1632.152,141.78,115.713,1,Start,Finish,241,43.51450810000256,16.36042175002399,296,229,122,107,,,False,
2026-05-12T13:48:43+00:00,43.516247905790806,16.363219851627946,85,,-1,0,2.363,1634.515,141.78,115.713,1,Start,Finish,241,43.51450810000256,16.36042175002399,297,229,131,98,,,False,
2026-05-12T13:48:44+00:00,43.51623612921685,16.363243907690048,84,,-1,0,2.34,1636.856,140.4,124.022,1,Start,Finish,241,43.51450810000256,16.36042175002399,298,230,139,91,,,False,
2026-05-12T13:48:45+00:00,43.516224352642894,16.36326796375215,83,,-1,0,2.34,1639.196,140.4,124.022,1,Start,Finish,241,43.51450810000256,16.36042175002399,298,230,139,91,,,False,
2026-05-12T13:48:46+00:00,43.5162101034075,16.36327546555549,84,,-1,0,1.696,1640.892,101.76,159.104,1,Start,Finish,241,43.51450810000256,16.36042175002399,298,231,140,91,,,False,
2026-05-12T13:48:47+00:00,43.51619585417211,16.363282967358828,84,,-1,0,1.696,1642.588,101.76,159.104,1,Start,Finish,241,43.51450810000256,16.36042175002399,297,231,140,91,,,False,
2026-05-12T13:48:48+00:00,43.51618397980928,16.363286459818482,84,,-1,0,1.35,1643.938,81.0,167.96,1,Start,Finish,241,43.51450810000256,16.36042175002399,297,231,140,91,,,False,
2026-05-12T13:48:49+00:00,43.51617210544646,16.363289952278137,83,,-1,0,1.35,1645.288,81.0,167.96,1,Start,Finish,241,43.51450810000256,16.36042175002399,296,231,140,91,,,False,
2026-05-12T13:48:50+00:00,43.51616023108363,16.363293444737792,83,,-1,0,1.35,1646.638,81.0,167.96,1,Start,Finish,241,43.51450810000256,16.36042175002399,296,232,138,94,,,False,
2026-05-12T13:48:51+00:00,43.5161522179842,16.363313930109143,83,,-1,0,1.877,1648.515,112.62,118.342,1,Start,Finish,241,43.51450810000256,16.36042175002399,296,232,134,98,,,False,
2026-05-12T13:48:52+00:00,43.51614420488477,16.363334415480494,83,,-1,0,1.877,1650.392,112.62,118.342,1,Start,Finish,241,43.51450810000256,16.36042175002399,297,232,129,103,,,False,
2026-05-12T13:48:53+00:00,43.516136191785336,16.363354900851846,82,,-1,0,1.877,1652.269,112.62,118.342,1,Start,Finish,241,43.51450810000256,16.36042175002399,298,233,119,114,,,False,
2026-05-12T13:48:54+00:00,43.5161281786859,16.363375386223197,82,,-1,0,1.877,1654.146,112.62,118.342,1,Start,Finish,241,43.51450810000256,16.36042175002399,299,233,101,132,,,False,
2026-05-12T13:48:55+00:00,43.51612016558647,16.36339587159455,82,,-1,0,1.877,1656.023,112.62,118.342,1,Start,Finish,241,43.51450810000256,16.36042175002399,299,233,86,147,,,False,
2026-05-12T13:48:56+00:00,43.51613198406994,16.363411168567836,82,,-1,0,1.802,1657.825,108.12,43.187,1,Start,Finish,241,43.51450810000256,16.36042175002399,301,233,78,155,,,False,
2026-05-12T13:48:57+00:00,43.516143802553415,16.363426465541124,82,,-1,0,1.802,1659.627,108.12,43.187,1,Start,Finish,241,43.51450810000256,16.36042175002399,303,233,72,161,,,False,
2026-05-12T13:48:58+00:00,43.51615562103689,16.363441762514412,82,,-1,0,1.802,1661.43,108.12,43.187,1,Start,Finish,241,43.51450810000256,16.36042175002399,305,233,64,169,,,False,
2026-05-12T13:48:59+00:00,43.51616743952036,16.3634570594877,82,,-1,0,1.802,1663.232,108.12,43.187,1,Start,Finish,241,43.51450810000256,16.36042175002399,307,233,55,178,,,False,
2026-05-12T13:49:00+00:00,43.51618395186961,16.36345198843628,82,,-1,0,1.881,1665.113,112.86,347.445,1,Start,Finish,241,43.51450810000256,16.36042175002399,307,233,45,172,,,False,
