timestamp_utc,latitude,longitude,heart_rate,finish_time_utc,elapsed_race_time_s,finished_flag,seg_dist_m,dist_from_start_m,SOG_raw_mpm,COG_raw_deg,geom_leg_id,geom_from_mark,geom_to_mark,geom_leg_bearing_deg,target_lat_deg,target_lon_deg,dist_to_target_m,bearing_to_target_deg,COG_deg,ATB_angle_deg,ATB_offset_deg,axis_angle_signed_deg,is_upwind,upwind_dist_remaining_m
2026-05-12T12:28:38+00:00,43.516463320702314,16.37055850122124,144,2026-05-12T12:36:42.076210+00:00,484,1,0.0,0.0,0.0,0.0,1,Start,Finish,222,43.51087825005148,16.363954599943668,818,221,185,36,,,False,
2026-05-12T12:28:39+00:00,43.51644068956375,16.370557453483343,144,2026-05-12T12:36:42.076210+00:00,484,1,2.518,2.518,151.08,181.923,1,Start,Finish,222,43.51087825005148,16.363954599943668,816,221,185,36,,,False,
2026-05-12T12:28:40+00:00,43.51641913410276,16.370554994791746,144,2026-05-12T12:36:42.076210+00:00,484,1,2.405,4.923,144.3,184.729,1,Start,Finish,222,43.51087825005148,16.363954599943668,814,221,185,36,,,False,
2026-05-12T12:28:41+00:00,43.51639757864177,16.37055253610015,144,2026-05-12T12:36:42.076210+00:00,484,1,2.405,7.328,144.3,184.729,1,Start,Finish,222,43.51087825005148,16.363954599943668,812,221,185,36,,,False,
2026-05-12T12:28:42+00:00,43.51637602318078,16.370550077408552,144,2026-05-12T12:36:42.076210+00:00,484,1,2.405,9.733,144.3,184.729,1,Start,Finish,222,43.51087825005148,16.363954599943668,810,221,185,36,,,False,
2026-05-12T12:28:43+00:00,43.51635446771979,16.370547618716955,145,2026-05-12T12:36:42.076210+00:00,484,1,2.405,12.138,144.3,184.729,1,Start,Finish,222,43.51087825005148,16.363954599943668,808,221,185,36,,,False,
2026-05-12T12:28:44+00:00,43.5163329122588,16.370545160025358,145,2026-05-12T12:36:42.076210+00:00,484,1,2.405,14.543,144.3,184.729,1,Start,Finish,222,43.51087825005148,16.363954599943668,806,221,185,36,,,False,
2026-05-12T12:28:45+00:00,43.516311356797814,16.37054270133376,145,2026-05-12T12:36:42.076210+00:00,484,1,2.405,16.948,144.3,184.729,1,Start,Finish,222,43.51087825005148,16.363954599943668,804,221,185,36,,,False,
2026-05-12T12:28:46+00:00,43.516291826963425,16.370539711788297,145,2026-05-12T12:36:42.076210+00:00,484,1,2.185,19.133,131.1,186.334,1,Start,Finish,222,43.51087825005148,16.363954599943668,803,221,185,36,,,False,
2026-05-12T12:28:47+00:00,43.516272297129035,16.370536722242832,146,2026-05-12T12:36:42.076210+00:00,484,1,2.185,21.318,131.1,186.334,1,Start,Finish,222,43.51087825005148,16.363954599943668,801,222,185,37,,,False,
2026-05-12T12:28:48+00:00,43.516252767294645,16.370533732697368,146,2026-05-12T12:36:42.076210+00:00,484,1,2.185,23.503,131.1,186.334,1,Start,Finish,222,43.51087825005148,16.363954599943668,799,222,184,38,,,False,
2026-05-12T12:28:49+00:00,43.51623093243688,16.37053230777383,146,2026-05-12T12:36:42.076210+00:00,484,1,2.431,25.934,145.86,182.709,1,Start,Finish,222,43.51087825005148,16.363954599943668,797,222,184,38,,,False,
2026-05-12T12:28:50+00:00,43.51620909757912,16.37053088285029,145,2026-05-12T12:36:42.076210+00:00,484,1,2.431,28.364,145.86,182.709,1,Start,Finish,222,43.51087825005148,16.363954599943668,795,222,184,38,,,False,
2026-05-12T12:28:51+00:00,43.51618726272136,16.37052945792675,145,2026-05-12T12:36:42.076210+00:00,484,1,2.431,30.795,145.86,182.709,1,Start,Finish,222,43.51087825005148,16.363954599943668,793,222,183,39,,,False,
2026-05-12T12:28:52+00:00,43.5161654278636,16.37052803300321,145,2026-05-12T12:36:42.076210+00:00,484,1,2.431,33.226,145.86,182.709,1,Start,Finish,222,43.51087825005148,16.363954599943668,792,222,183,39,,,False,
2026-05-12T12:28:53+00:00,43.51614359300584,16.370526608079672,144,2026-05-12T12:36:42.076210+00:00,484,1,2.431,35.656,145.86,182.709,1,Start,Finish,222,43.51087825005148,16.363954599943668,790,222,182,40,,,False,
2026-05-12T12:28:54+00:00,43.516121758148074,16.370525183156133,144,2026-05-12T12:36:42.076210+00:00,484,1,2.431,38.087,145.86,182.709,1,Start,Finish,222,43.51087825005148,16.363954599943668,788,222,182,40,,,False,
2026-05-12T12:28:55+00:00,43.51610074052587,16.37052428210154,144,2026-05-12T12:36:42.076210+00:00,484,1,2.338,40.425,140.28,181.781,1,Start,Finish,222,43.51087825005148,16.363954599943668,786,222,182,40,,,False,
2026-05-12T12:28:56+00:00,43.51607972290367,16.37052338104695,144,2026-05-12T12:36:42.076210+00:00,484,1,2.338,42.763,140.28,181.781,1,Start,Finish,222,43.51087825005148,16.363954599943668,784,222,181,41,,,False,
2026-05-12T12:28:57+00:00,43.516058705281466,16.37052247999236,144,2026-05-12T12:36:42.076210+00:00,484,1,2.338,45.101,140.28,181.781,1,Start,Finish,222,43.51087825005148,16.363954599943668,783,223,180,43,,,False,
2026-05-12T12:28:58+00:00,43.516037687659264,16.37052157893777,144,2026-05-12T12:36:42.076210+00:00,484,1,2.338,47.44,140.28,181.781,1,Start,Finish,222,43.51087825005148,16.363954599943668,781,223,180,43,,,False,
2026-05-12T12:28:59+00:00,43.51601494476199,16.370523464865983,144,2026-05-12T12:36:42.076210+00:00,484,1,2.533,49.973,151.98,176.559,1,Start,Finish,222,43.51087825005148,16.363954599943668,779,223,179,44,,,False,
2026-05-12T12:29:00+00:00,43.51599220186472,16.370525350794196,145,2026-05-12T12:36:42.076210+00:00,484,1,2.533,52.507,151.98,176.559,1,Start,Finish,222,43.51087825005148,16.363954599943668,777,223,179,44,,,False,
2026-05-12T12:29:01+00:00,43.51596945896745,16.37052723672241,145,2026-05-12T12:36:42.076210+00:00,484,1,2.533,55.04,151.98,176.559,1,Start,Finish,222,43.51087825005148,16.363954599943668,776,223,178,45,,,False,
2026-05-12T12:29:02+00:00,43.515946716070175,16.370529122650623,145,2026-05-12T12:36:42.076210+00:00,484,1,2.533,57.573,151.98,176.559,1,Start,Finish,222,43.51087825005148,16.363954599943668,774,223,177,46,,,False,
2026-05-12T12:29:03+00:00,43.5159239731729,16.370531008578837,146,2026-05-12T12:36:42.076210+00:00,484,1,2.533,60.107,151.98,176.559,1,Start,Finish,222,43.51087825005148,16.363954599943668,772,223,176,47,,,False,
2026-05-12T12:29:04+00:00,43.51590123027563,16.37053289450705,146,2026-05-12T12:36:42.076210+00:00,484,1,2.533,62.64,151.98,176.559,1,Start,Finish,222,43.51087825005148,16.363954599943668,770,224,177,47,,,False,
2026-05-12T12:29:05+00:00,43.51587871089578,16.370534962043166,147,2026-05-12T12:36:42.076210+00:00,484,1,2.51,65.15,150.6,176.191,1,Start,Finish,222,43.51087825005148,16.363954599943668,769,224,177,47,,,False,
2026-05-12T12:29:06+00:00,43.51585619151592,16.370537029579282,148,2026-05-12T12:36:42.076210+00:00,484,1,2.51,67.66,150.6,176.191,1,Start,Finish,222,43.51087825005148,16.363954599943668,767,224,178,46,,,False,
2026-05-12T12:29:07+00:00,43.51583367213607,16.370539097115397,149,2026-05-12T12:36:42.076210+00:00,484,1,2.51,70.169,150.6,176.191,1,Start,Finish,222,43.51087825005148,16.363954599943668,765,224,188,36,,,False,
2026-05-12T12:29:08+00:00,43.51581433787942,16.37053898535669,150,2026-05-12T12:36:42.076210+00:00,484,1,2.15,72.319,129.0,180.24,1,Start,Finish,222,43.51087825005148,16.363954599943668,764,224,195,29,,,False,
2026-05-12T12:29:09+00:00,43.51579500362277,16.37053887359798,152,2026-05-12T12:36:42.076210+00:00,484,1,2.15,74.469,129.0,180.24,1,Start,Finish,222,43.51087825005148,16.363954599943668,762,224,204,20,,,False,
2026-05-12T12:29:10+00:00,43.51577566936612,16.37053876183927,153,2026-05-12T12:36:42.076210+00:00,484,1,2.15,76.619,129.0,180.24,1,Start,Finish,222,43.51087825005148,16.363954599943668,761,224,215,9,,,False,
2026-05-12T12:29:11+00:00,43.51576758082956,16.370527613908052,153,2026-05-12T12:36:42.076210+00:00,484,1,1.272,77.89,76.32,224.985,1,Start,Finish,222,43.51087825005148,16.363954599943668,759,224,226,2,,,False,
2026-05-12T12:29:12+00:00,43.515759492293,16.370516465976834,153,2026-05-12T12:36:42.076210+00:00,484,1,1.272,79.162,76.32,224.985,1,Start,Finish,222,43.51087825005148,16.363954599943668,758,224,226,2,,,False,
2026-05-12T12:29:13+00:00,43.51576066575944,16.370496852323413,154,2026-05-12T12:36:42.076210+00:00,484,1,1.587,80.749,95.22,274.716,1,Start,Finish,222,43.51087825005148,16.363954599943668,757,224,236,12,,,False,
2026-05-12T12:29:14+00:00,43.51576223038137,16.370469583198428,155,2026-05-12T12:36:42.076210+00:00,484,1,2.206,82.955,132.36,274.524,1,Start,Finish,222,43.51087825005148,16.363954599943668,756,224,245,21,,,False,
2026-05-12T12:29:15+00:00,43.515763795003295,16.370442314073443,156,2026-05-12T12:36:42.076210+00:00,484,1,2.206,85.161,132.36,274.524,1,Start,Finish,222,43.51087825005148,16.363954599943668,754,224,245,21,,,False,
2026-05-12T12:29:16+00:00,43.51576535962522,16.37041504494846,157,2026-05-12T12:36:42.076210+00:00,484,1,2.206,87.366,132.36,274.524,1,Start,Finish,222,43.51087825005148,16.363954599943668,753,224,240,16,,,False,
2026-05-12T12:29:17+00:00,43.51576142013073,16.37038880959153,160,2026-05-12T12:36:42.076210+00:00,484,1,2.16,89.527,129.6,258.301,1,Start,Finish,222,43.51087825005148,16.363954599943668,751,224,244,20,,,False,
2026-05-12T12:29:18+00:00,43.51575676817447,16.3703696988523,161,2026-05-12T12:36:42.076210+00:00,484,1,1.626,91.152,97.56,251.445,1,Start,Finish,222,43.51087825005148,16.363954599943668,750,224,232,8,,,False,
2026-05-12T12:29:19+00:00,43.51575211621821,16.37035058811307,162,2026-05-12T12:36:42.076210+00:00,484,1,1.626,92.778,97.56,251.445,1,Start,Finish,222,43.51087825005148,16.363954599943668,748,224,225,1,,,False,
2026-05-12T12:29:20+00:00,43.515742141753435,16.370350420475006,162,2026-05-12T12:36:42.076210+00:00,484,1,1.109,93.887,66.54,180.698,1,Start,Finish,222,43.51087825005148,16.363954599943668,747,224,219,5,,,False,
2026-05-12T12:29:21+00:00,43.51572667714208,16.370347528718412,163,2026-05-12T12:36:42.076210+00:00,484,1,1.735,95.622,104.1,187.722,1,Start,Finish,222,43.51087825005148,16.363954599943668,746,224,207,17,,,False,
2026-05-12T12:29:22+00:00,43.51571121253073,16.370344636961818,164,2026-05-12T12:36:42.076210+00:00,484,1,1.735,97.358,104.1,187.722,1,Start,Finish,222,43.51087825005148,16.363954599943668,745,224,207,17,,,False,
2026-05-12T12:29:23+00:00,43.51568828802556,16.370353940874338,165,2026-05-12T12:36:42.076210+00:00,484,1,2.657,100.015,159.42,163.6,1,Start,Finish,222,43.51087825005148,16.363954599943668,743,224,188,36,,,False,
2026-05-12T12:29:24+00:00,43.515665363520384,16.37036324478686,166,2026-05-12T12:36:42.076210+00:00,484,1,2.657,102.672,159.42,163.6,1,Start,Finish,222,43.51087825005148,16.363954599943668,742,224,181,43,,,False,
2026-05-12T12:29:25+00:00,43.51564277429134,16.370368567295372,168,2026-05-12T12:36:42.076210+00:00,484,1,2.548,105.22,152.88,170.304,1,Start,Finish,222,43.51087825005148,16.363954599943668,740,224,175,49,,,False,
2026-05-12T12:29:26+00:00,43.51562018506229,16.370373889803886,169,2026-05-12T12:36:42.076210+00:00,484,1,2.548,107.768,152.88,170.304,1,Start,Finish,222,43.51087825005148,16.363954599943668,739,224,172,52,,,False,
2026-05-12T12:29:27+00:00,43.5156035721302,16.370375281199813,170,2026-05-12T12:36:42.076210+00:00,484,1,1.851,109.619,111.06,176.524,1,Start,Finish,222,43.51087825005148,16.363954599943668,738,225,174,51,,,False,
2026-05-12T12:29:28+00:00,43.51558695919812,16.37037667259574,170,2026-05-12T12:36:42.076210+00:00,484,1,1.851,111.47,111.06,176.524,1,Start,Finish,222,43.51087825005148,16.363954599943668,736,225,176,49,,,False,
2026-05-12T12:29:29+00:00,43.51557034626603,16.370378063991666,171,2026-05-12T12:36:42.076210+00:00,484,1,1.851,113.32,111.06,176.524,1,Start,Finish,222,43.51087825005148,16.363954599943668,735,225,178,47,,,False,
2026-05-12T12:29:30+00:00,43.515553733333945,16.370379455387592,171,2026-05-12T12:36:42.076210+00:00,484,1,1.851,115.171,111.06,176.524,1,Start,Finish,222,43.51087825005148,16.363954599943668,734,225,178,47,,,False,
2026-05-12T12:29:31+00:00,43.51553712040186,16.37038084678352,172,2026-05-12T12:36:42.076210+00:00,484,1,1.851,117.022,111.06,176.524,1,Start,Finish,222,43.51087825005148,16.363954599943668,733,225,179,46,,,False,
2026-05-12T12:29:32+00:00,43.51551932282746,16.37037880718708,173,2026-05-12T12:36:42.076210+00:00,484,1,1.986,119.008,119.16,184.751,1,Start,Finish,222,43.51087825005148,16.363954599943668,731,225,180,45,,,False,
2026-05-12T12:29:33+00:00,43.51550152525306,16.370376767590642,173,2026-05-12T12:36:42.076210+00:00,484,1,1.986,120.993,119.16,184.751,1,Start,Finish,222,43.51087825005148,16.363954599943668,730,225,181,44,,,False,
2026-05-12T12:29:34+00:00,43.51548372767866,16.370374727994204,174,2026-05-12T12:36:42.076210+00:00,484,1,1.986,122.979,119.16,184.751,1,Start,Finish,222,43.51087825005148,16.363954599943668,728,225,182,43,,,False,
2026-05-12T12:29:35+00:00,43.515464935451746,16.370373168960214,173,2026-05-12T12:36:42.076210+00:00,484,1,2.093,125.073,125.58,183.443,1,Start,Finish,222,43.51087825005148,16.363954599943668,727,225,182,43,,,False,
2026-05-12T12:29:36+00:00,43.515446143224835,16.370371609926224,173,2026-05-12T12:36:42.076210+00:00,484,1,2.093,127.166,125.58,183.443,1,Start,Finish,222,43.51087825005148,16.363954599943668,725,226,184,42,,,False,
2026-05-12T12:29:37+00:00,43.515427350997925,16.370370050892234,172,2026-05-12T12:36:42.076210+00:00,484,1,2.093,129.259,125.58,183.443,1,Start,Finish,222,43.51087825005148,16.363954599943668,724,226,183,43,,,False,
2026-05-12T12:29:38+00:00,43.515408558771014,16.370368491858244,172,2026-05-12T12:36:42.076210+00:00,484,1,2.093,131.353,125.58,183.443,1,Start,Finish,222,43.51087825005148,16.363954599943668,722,226,183,43,,,False,
2026-05-12T12:29:39+00:00,43.515389766544104,16.370366932824254,171,2026-05-12T12:36:42.076210+00:00,484,1,2.093,133.446,125.58,183.443,1,Start,Finish,222,43.51087825005148,16.363954599943668,720,226,183,43,,,False,
2026-05-12T12:29:40+00:00,43.51536793168634,16.37036584317684,170,2026-05-12T12:36:42.076210+00:00,484,1,2.43,135.876,145.8,182.073,1,Start,Finish,222,43.51087825005148,16.363954599943668,719,226,183,43,,,False,
2026-05-12T12:29:41+00:00,43.51534609682858,16.37036475352943,170,2026-05-12T12:36:42.076210+00:00,484,1,2.43,138.305,145.8,182.073,1,Start,Finish,222,43.51087825005148,16.363954599943668,717,226,183,43,,,False,
2026-05-12T12:29:42+00:00,43.515325812622905,16.370362926274538,169,2026-05-12T12:36:42.076210+00:00,484,1,2.26,140.566,135.6,183.738,1,Start,Finish,222,43.51087825005148,16.363954599943668,715,226,183,43,,,False,
2026-05-12T12:29:43+00:00,43.51530552841723,16.370361099019647,168,2026-05-12T12:36:42.076210+00:00,484,1,2.26,142.826,135.6,183.738,1,Start,Finish,222,43.51087825005148,16.363954599943668,714,226,184,42,,,False,
2026-05-12T12:29:44+00:00,43.515285244211555,16.370359271764755,167,2026-05-12T12:36:42.076210+00:00,484,1,2.26,145.086,135.6,183.738,1,Start,Finish,222,43.51087825005148,16.363954599943668,712,227,184,43,,,False,
2026-05-12T12:29:45+00:00,43.51526496000588,16.370357444509864,166,2026-05-12T12:36:42.076210+00:00,484,1,2.26,147.346,135.6,183.738,1,Start,Finish,222,43.51087825005148,16.363954599943668,710,227,184,43,,,False,
2026-05-12T12:29:46+00:00,43.51524467580021,16.370355617254972,165,2026-05-12T12:36:42.076210+00:00,484,1,2.26,149.607,135.6,183.738,1,Start,Finish,222,43.51087825005148,16.363954599943668,709,227,184,43,,,False,
2026-05-12T12:29:47+00:00,43.51522384677082,16.370351971127093,164,2026-05-12T12:36:42.076210+00:00,484,1,2.335,151.941,140.1,187.235,1,Start,Finish,222,43.51087825005148,16.363954599943668,707,227,184,43,,,False,
2026-05-12T12:29:48+00:00,43.51520301774144,16.370348324999213,162,2026-05-12T12:36:42.076210+00:00,484,1,2.335,154.276,140.1,187.235,1,Start,Finish,222,43.51087825005148,16.363954599943668,705,227,184,43,,,False,
2026-05-12T12:29:49+00:00,43.51518160197884,16.370347472839057,162,2026-05-12T12:36:42.076210+00:00,484,1,2.382,156.658,142.92,181.653,1,Start,Finish,222,43.51087825005148,16.363954599943668,703,227,183,44,,,False,
2026-05-12T12:29:50+00:00,43.515160186216235,16.3703466206789,161,2026-05-12T12:36:42.076210+00:00,484,1,2.382,159.041,142.92,181.653,1,Start,Finish,222,43.51087825005148,16.363954599943668,702,227,183,44,,,False,
2026-05-12T12:29:51+00:00,43.51513877045363,16.370345768518746,161,2026-05-12T12:36:42.076210+00:00,484,1,2.382,161.423,142.92,181.653,1,Start,Finish,222,43.51087825005148,16.363954599943668,700,227,182,45,,,False,
2026-05-12T12:29:52+00:00,43.51511735469103,16.37034491635859,161,2026-05-12T12:36:42.076210+00:00,484,1,2.382,163.805,142.92,181.653,1,Start,Finish,222,43.51087825005148,16.363954599943668,698,228,181,47,,,False,
2026-05-12T12:29:53+00:00,43.515095938928425,16.370344064198434,160,2026-05-12T12:36:42.076210+00:00,484,1,2.382,166.188,142.92,181.653,1,Start,Finish,222,43.51087825005148,16.363954599943668,697,228,180,48,,,False,
2026-05-12T12:29:54+00:00,43.51507452316582,16.37034321203828,160,2026-05-12T12:36:42.076210+00:00,484,1,2.382,168.57,142.92,181.653,1,Start,Finish,222,43.51087825005148,16.363954599943668,695,228,180,48,,,False,
2026-05-12T12:29:55+00:00,43.515053652226925,16.370345056056976,160,2026-05-12T12:36:42.076210+00:00,484,1,2.326,170.896,139.56,176.334,1,Start,Finish,222,43.51087825005148,16.363954599943668,694,228,180,48,,,False,
2026-05-12T12:29:56+00:00,43.51503278128803,16.370346900075674,159,2026-05-12T12:36:42.076210+00:00,484,1,2.326,173.221,139.56,176.334,1,Start,Finish,222,43.51087825005148,16.363954599943668,692,228,180,48,,,False,
2026-05-12T12:29:57+00:00,43.51501179859042,16.3703470537439,158,2026-05-12T12:36:42.076210+00:00,484,1,2.333,175.554,139.98,179.696,1,Start,Finish,222,43.51087825005148,16.363954599943668,691,228,179,49,,,False,
2026-05-12T12:29:58+00:00,43.514990815892816,16.370347207412124,158,2026-05-12T12:36:42.076210+00:00,484,1,2.333,177.887,139.98,179.696,1,Start,Finish,222,43.51087825005148,16.363954599943668,689,228,179,49,,,False,
2026-05-12T12:29:59+00:00,43.51496983319521,16.37034736108035,158,2026-05-12T12:36:42.076210+00:00,484,1,2.333,180.221,139.98,179.696,1,Start,Finish,222,43.51087825005148,16.363954599943668,688,229,178,51,,,False,
2026-05-12T12:30:00+00:00,43.5149488504976,16.370347514748573,157,2026-05-12T12:36:42.076210+00:00,484,1,2.333,182.554,139.98,179.696,1,Start,Finish,222,43.51087825005148,16.363954599943668,686,229,177,52,,,False,
2026-05-12T12:30:01+00:00,43.5149278678,16.370347668416798,156,2026-05-12T12:36:42.076210+00:00,484,1,2.333,184.887,139.98,179.696,1,Start,Finish,222,43.51087825005148,16.363954599943668,685,229,176,53,,,False,
2026-05-12T12:30:02+00:00,43.51490688510239,16.370347822085023,156,2026-05-12T12:36:42.076210+00:00,484,1,2.333,187.22,139.98,179.696,1,Start,Finish,222,43.51087825005148,16.363954599943668,683,229,176,53,,,False,
2026-05-12T12:30:03+00:00,43.51488827727735,16.370352641679347,154,2026-05-12T12:36:42.076210+00:00,484,1,2.105,189.325,126.3,169.362,1,Start,Finish,222,43.51087825005148,16.363954599943668,682,229,176,53,,,False,
2026-05-12T12:30:04+00:00,43.51486966945231,16.37035746127367,153,2026-05-12T12:36:42.076210+00:00,484,1,2.105,191.431,126.3,169.362,1,Start,Finish,222,43.51087825005148,16.363954599943668,681,229,176,53,,,False,
2026-05-12T12:30:05+00:00,43.51485156454146,16.3703628256917,153,2026-05-12T12:36:42.076210+00:00,484,1,2.059,193.49,123.54,167.873,1,Start,Finish,222,43.51087825005148,16.363954599943668,680,229,176,53,,,False,
2026-05-12T12:30:06+00:00,43.51483183912933,16.37036261614412,153,2026-05-12T12:36:42.076210+00:00,484,1,2.193,195.683,131.58,180.441,1,Start,Finish,222,43.51087825005148,16.363954599943668,678,230,177,53,,,False,
2026-05-12T12:30:07+00:00,43.5148121137172,16.37036240659654,153,2026-05-12T12:36:42.076210+00:00,484,1,2.193,197.877,131.58,180.441,1,Start,Finish,222,43.51087825005148,16.363954599943668,677,230,177,53,,,False,
2026-05-12T12:30:08+00:00,43.51479238830507,16.370362197048962,153,2026-05-12T12:36:42.076210+00:00,484,1,2.193,200.07,131.58,180.441,1,Start,Finish,222,43.51087825005148,16.363954599943668,676,230,178,52,,,False,
2026-05-12T12:30:09+00:00,43.51477266289294,16.370361987501383,153,2026-05-12T12:36:42.076210+00:00,484,1,2.193,202.264,131.58,180.441,1,Start,Finish,222,43.51087825005148,16.363954599943668,674,230,180,50,,,False,
2026-05-12T12:30:10+00:00,43.51475293748081,16.370361777953804,153,2026-05-12T12:36:42.076210+00:00,484,1,2.193,204.457,131.58,180.441,1,Start,Finish,222,43.51087825005148,16.363954599943668,673,230,183,47,,,False,
2026-05-12T12:30:11+00:00,43.51473321206868,16.370361568406224,153,2026-05-12T12:36:42.076210+00:00,484,1,2.193,206.65,131.58,180.441,1,Start,Finish,222,43.51087825005148,16.363954599943668,671,230,183,47,,,False,
2026-05-12T12:30:12+00:00,43.51471326313913,16.3703593891114,153,2026-05-12T12:36:42.076210+00:00,484,1,2.225,208.876,133.5,184.53,1,Start,Finish,222,43.51087825005148,16.363954599943668,670,230,184,46,,,False,
2026-05-12T12:30:13+00:00,43.51469166576862,16.370355281978846,152,2026-05-12T12:36:42.076210+00:00,484,1,2.424,211.3,145.44,187.852,1,Start,Finish,222,43.51087825005148,16.363954599943668,668,231,185,46,,,False,
2026-05-12T12:30:14+00:00,43.51467006839812,16.37035117484629,152,2026-05-12T12:36:42.076210+00:00,484,1,2.424,213.724,145.44,187.852,1,Start,Finish,222,43.51087825005148,16.363954599943668,666,231,186,45,,,False,
2026-05-12T12:30:15+00:00,43.51464847102761,16.370347067713737,151,2026-05-12T12:36:42.076210+00:00,484,1,2.424,216.148,145.44,187.852,1,Start,Finish,222,43.51087825005148,16.363954599943668,664,231,186,45,,,False,
2026-05-12T12:30:16+00:00,43.51462687365711,16.370342960581183,150,2026-05-12T12:36:42.076210+00:00,484,1,2.424,218.573,145.44,187.852,1,Start,Finish,222,43.51087825005148,16.363954599943668,663,231,187,44,,,False,
2026-05-12T12:30:17+00:00,43.5146052762866,16.37033885344863,150,2026-05-12T12:36:42.076210+00:00,484,1,2.424,220.997,145.44,187.852,1,Start,Finish,222,43.51087825005148,16.363954599943668,661,231,188,43,,,False,
2026-05-12T12:30:18+00:00,43.5145836789161,16.370334746316075,149,2026-05-12T12:36:42.076210+00:00,484,1,2.424,223.421,145.44,187.852,1,Start,Finish,222,43.51087825005148,16.363954599943668,659,231,189,42,,,False,
2026-05-12T12:30:19+00:00,43.514563562348485,16.370333656668663,149,2026-05-12T12:36:42.076210+00:00,484,1,2.239,225.66,134.34,182.25,1,Start,Finish,222,43.51087825005148,16.363954599943668,658,231,189,42,,,False,
2026-05-12T12:30:20+00:00,43.51454333402216,16.370327873155475,150,2026-05-12T12:36:42.076210+00:00,484,1,2.297,227.957,137.82,191.714,1,Start,Finish,222,43.51087825005148,16.363954599943668,656,232,189,43,,,False,
2026-05-12T12:30:21+00:00,43.51452310569584,16.370322089642286,151,2026-05-12T12:36:42.076210+00:00,484,1,2.297,230.254,137.82,191.714,1,Start,Finish,222,43.51087825005148,16.363954599943668,654,232,190,42,,,False,
2026-05-12T12:30:22+00:00,43.51450287736952,16.370316306129098,152,2026-05-12T12:36:42.076210+00:00,484,1,2.297,232.551,137.82,191.714,1,Start,Finish,222,43.51087825005148,16.363954599943668,652,232,190,42,,,False,
2026-05-12T12:30:23+00:00,43.5144820343703,16.370310159400105,153,2026-05-12T12:36:42.076210+00:00,484,1,2.37,234.921,142.2,192.072,1,Start,Finish,222,43.51087825005148,16.363954599943668,651,232,190,42,,,False,
2026-05-12T12:30:24+00:00,43.51446119137108,16.370304012671113,153,2026-05-12T12:36:42.076210+00:00,484,1,2.37,237.291,142.2,192.072,1,Start,Finish,222,43.51087825005148,16.363954599943668,649,232,190,42,,,False,
2026-05-12T12:30:25+00:00,43.51444034837186,16.37029786594212,154,2026-05-12T12:36:42.076210+00:00,484,1,2.37,239.661,142.2,192.072,1,Start,Finish,222,43.51087825005148,16.363954599943668,647,232,189,43,,,False,
2026-05-12T12:30:26+00:00,43.51441875100136,16.370294261723757,152,2026-05-12T12:36:42.076210+00:00,484,1,2.419,242.08,145.14,186.901,1,Start,Finish,222,43.51087825005148,16.363954599943668,645,232,188,44,,,False,
2026-05-12T12:30:27+00:00,43.51439715363085,16.370290657505393,151,2026-05-12T12:36:42.076210+00:00,484,1,2.419,244.499,145.14,186.901,1,Start,Finish,222,43.51087825005148,16.363954599943668,644,233,187,46,,,False,
2026-05-12T12:30:28+00:00,43.51437555626035,16.37028705328703,149,2026-05-12T12:36:42.076210+00:00,484,1,2.419,246.918,145.14,186.901,1,Start,Finish,222,43.51087825005148,16.363954599943668,642,233,185,48,,,False,
2026-05-12T12:30:29+00:00,43.514354433864355,16.37028533499688,147,2026-05-12T12:36:42.076210+00:00,484,1,2.353,249.271,141.18,183.376,1,Start,Finish,222,43.51087825005148,16.363954599943668,640,233,183,50,,,False,
2026-05-12T12:30:30+00:00,43.51433331146836,16.37028361670673,145,2026-05-12T12:36:42.076210+00:00,484,1,2.353,251.624,141.18,183.376,1,Start,Finish,222,43.51087825005148,16.363954599943668,639,233,180,53,,,False,
2026-05-12T12:30:31+00:00,43.5143133206293,16.370285167358816,145,2026-05-12T12:36:42.076210+00:00,484,1,2.226,253.85,133.56,176.78,1,Start,Finish,222,43.51087825005148,16.363954599943668,638,233,179,54,,,False,
2026-05-12T12:30:32+00:00,43.514293329790235,16.370286718010902,145,2026-05-12T12:36:42.076210+00:00,484,1,2.226,256.077,133.56,176.78,1,Start,Finish,222,43.51087825005148,16.363954599943668,636,233,177,56,,,False,
2026-05-12T12:30:33+00:00,43.514271983876824,16.370291439816356,145,2026-05-12T12:36:42.076210+00:00,484,1,2.404,258.481,144.24,170.886,1,Start,Finish,222,43.51087825005148,16.363954599943668,635,234,175,59,,,False,
2026-05-12T12:30:34+00:00,43.514250637963414,16.37029616162181,145,2026-05-12T12:36:42.076210+00:00,484,1,2.404,260.885,144.24,170.886,1,Start,Finish,222,43.51087825005148,16.363954599943668,634,234,174,60,,,False,
2026-05-12T12:30:35+00:00,43.51422929205,16.370300883427262,145,2026-05-12T12:36:42.076210+00:00,484,1,2.404,263.288,144.24,170.886,1,Start,Finish,222,43.51087825005148,16.363954599943668,633,234,172,62,,,False,
2026-05-12T12:30:36+00:00,43.514207946136594,16.370305605232716,145,2026-05-12T12:36:42.076210+00:00,484,1,2.404,265.692,144.24,170.886,1,Start,Finish,222,43.51087825005148,16.363954599943668,632,234,171,63,,,False,
2026-05-12T12:30:37+00:00,43.514186600223184,16.37031032703817,145,2026-05-12T12:36:42.076210+00:00,484,1,2.404,268.096,144.24,170.886,1,Start,Finish,222,43.51087825005148,16.363954599943668,631,234,170,64,,,False,
2026-05-12T12:30:38+00:00,43.51416525430977,16.370315048843622,145,2026-05-12T12:36:42.076210+00:00,484,1,2.404,270.5,144.24,170.886,1,Start,Finish,222,43.51087825005148,16.363954599943668,630,235,171,64,,,False,
2026-05-12T12:30:39+00:00,43.51414488628507,16.370320664718747,146,2026-05-12T12:36:42.076210+00:00,484,1,2.31,272.81,138.6,168.693,1,Start,Finish,222,43.51087825005148,16.363954599943668,629,235,171,64,,,False,
2026-05-12T12:30:40+00:00,43.51412451826036,16.370326280593872,147,2026-05-12T12:36:42.076210+00:00,484,1,2.31,275.119,138.6,168.693,1,Start,Finish,222,43.51087825005148,16.363954599943668,628,235,171,64,,,False,
2026-05-12T12:30:41+00:00,43.514104921370745,16.37033018656075,146,2026-05-12T12:36:42.076210+00:00,484,1,2.202,277.321,132.12,171.775,1,Start,Finish,222,43.51087825005148,16.363954599943668,627,235,171,64,,,False,
2026-05-12T12:30:42+00:00,43.51408532448113,16.370334092527628,146,2026-05-12T12:36:42.076210+00:00,484,1,2.202,279.523,132.12,171.775,1,Start,Finish,222,43.51087825005148,16.363954599943668,626,235,171,64,,,False,
2026-05-12T12:30:43+00:00,43.514065727591515,16.370337998494506,145,2026-05-12T12:36:42.076210+00:00,484,1,2.202,281.725,132.12,171.775,1,Start,Finish,222,43.51087825005148,16.363954599943668,625,235,171,64,,,False,
2026-05-12T12:30:44+00:00,43.5140461307019,16.370341904461384,145,2026-05-12T12:36:42.076210+00:00,484,1,2.202,283.926,132.12,171.775,1,Start,Finish,222,43.51087825005148,16.363954599943668,624,236,171,65,,,False,
2026-05-12T12:30:45+00:00,43.514026533812284,16.37034581042826,144,2026-05-12T12:36:42.076210+00:00,484,1,2.202,286.128,132.12,171.775,1,Start,Finish,222,43.51087825005148,16.363954599943668,623,236,171,65,,,False,
2026-05-12T12:30:46+00:00,43.514006584882736,16.3703498756513,142,2026-05-12T12:36:42.076210+00:00,484,1,2.242,288.37,134.52,171.593,1,Start,Finish,222,43.51087825005148,16.363954599943668,622,236,170,66,,,False,
2026-05-12T12:30:47+00:00,43.51398663595319,16.370353940874338,139,2026-05-12T12:36:42.076210+00:00,484,1,2.242,290.613,134.52,171.593,1,Start,Finish,222,43.51087825005148,16.363954599943668,621,236,175,61,,,False,
2026-05-12T12:30:48+00:00,43.51396993501112,16.37035867664963,138,2026-05-12T12:36:42.076210+00:00,484,1,1.896,292.509,113.76,168.38,1,Start,Finish,222,43.51087825005148,16.363954599943668,620,236,179,57,,,False,
2026-05-12T12:30:49+00:00,43.51395323406905,16.370363412424922,138,2026-05-12T12:36:42.076210+00:00,484,1,1.896,294.405,113.76,168.38,1,Start,Finish,222,43.51087825005148,16.363954599943668,620,237,186,51,,,False,
2026-05-12T12:30:50+00:00,43.51393653312698,16.370368148200214,138,2026-05-12T12:36:42.076210+00:00,484,1,1.896,296.3,113.76,168.38,1,Start,Finish,222,43.51087825005148,16.363954599943668,619,237,195,42,,,False,
2026-05-12T12:30:51+00:00,43.51391983218491,16.370372883975506,137,2026-05-12T12:36:42.076210+00:00,484,1,1.896,298.196,113.76,168.38,1,Start,Finish,222,43.51087825005148,16.363954599943668,618,237,201,36,,,False,
2026-05-12T12:30:52+00:00,43.51390876807272,16.37036119122058,138,2026-05-12T12:36:42.076210+00:00,484,1,1.55,299.746,93.0,217.467,1,Start,Finish,222,43.51087825005148,16.363954599943668,617,237,211,26,,,False,
2026-05-12T12:30:53+00:00,43.51389770396054,16.370349498465657,140,2026-05-12T12:36:42.076210+00:00,484,1,1.55,301.296,93.0,217.467,1,Start,Finish,222,43.51087825005148,16.363954599943668,615,237,216,21,,,False,
2026-05-12T12:30:54+00:00,43.51389275863767,16.37033298611641,142,2026-05-12T12:36:42.076210+00:00,484,1,1.441,302.737,86.46,247.561,1,Start,Finish,222,43.51087825005148,16.363954599943668,614,237,227,10,,,False,
2026-05-12T12:30:55+00:00,43.513893093913794,16.37030716985464,145,2026-05-12T12:36:42.076210+00:00,484,1,2.082,304.819,124.92,271.026,1,Start,Finish,222,43.51087825005148,16.363954599943668,612,237,238,1,,,False,
2026-05-12T12:30:56+00:00,43.51389104034752,16.37027733027935,148,2026-05-12T12:36:42.076210+00:00,484,1,2.417,307.236,145.02,264.579,1,Start,Finish,222,43.51087825005148,16.363954599943668,610,237,248,11,,,False,
2026-05-12T12:30:57+00:00,43.51388898678124,16.37024749070406,150,2026-05-12T12:36:42.076210+00:00,484,1,2.417,309.653,145.02,264.579,1,Start,Finish,222,43.51087825005148,16.363954599943668,608,237,256,19,,,False,
2026-05-12T12:30:58+00:00,43.51388764567673,16.370216896757483,150,2026-05-12T12:36:42.076210+00:00,484,1,2.472,312.125,148.32,266.541,1,Start,Finish,222,43.51087825005148,16.363954599943668,606,236,265,29,,,False,
2026-05-12T12:30:59+00:00,43.513887603767216,16.370189152657986,152,2026-05-12T12:36:42.076210+00:00,484,1,2.237,314.362,134.22,269.881,1,Start,Finish,222,43.51087825005148,16.363954599943668,604,236,267,31,,,False,
2026-05-12T12:31:00+00:00,43.5138875618577,16.370161408558488,153,2026-05-12T12:36:42.076210+00:00,484,1,2.237,316.599,134.22,269.881,1,Start,Finish,222,43.51087825005148,16.363954599943668,602,236,266,30,,,False,
2026-05-12T12:31:01+00:00,43.5138859692961,16.37013567611575,153,2026-05-12T12:36:42.076210+00:00,484,1,2.083,318.682,124.98,265.122,1,Start,Finish,222,43.51087825005148,16.363954599943668,600,236,267,31,,,False,
2026-05-12T12:31:02+00:00,43.513884376734495,16.370109943673015,153,2026-05-12T12:36:42.076210+00:00,484,1,2.083,320.765,124.98,265.122,1,Start,Finish,222,43.51087825005148,16.363954599943668,598,236,268,32,,,False,
2026-05-12T12:31:03+00:00,43.51388278417289,16.370084211230278,153,2026-05-12T12:36:42.076210+00:00,484,1,2.083,322.847,124.98,265.122,1,Start,Finish,222,43.51087825005148,16.363954599943668,597,236,268,32,,,False,
2026-05-12T12:31:04+00:00,43.51388119161129,16.37005847878754,153,2026-05-12T12:36:42.076210+00:00,484,1,2.083,324.93,124.98,265.122,1,Start,Finish,222,43.51087825005148,16.363954599943668,595,236,268,32,,,False,
2026-05-12T12:31:05+00:00,43.513881862163544,16.370030930265784,154,2026-05-12T12:36:42.076210+00:00,484,1,2.223,327.153,133.38,271.922,1,Start,Finish,222,43.51087825005148,16.363954599943668,593,236,268,32,,,False,
2026-05-12T12:31:06+00:00,43.5138825327158,16.370003381744027,156,2026-05-12T12:36:42.076210+00:00,484,1,2.223,329.375,133.38,271.922,1,Start,Finish,222,43.51087825005148,16.363954599943668,591,236,268,32,,,False,
2026-05-12T12:31:07+00:00,43.51388320326805,16.36997583322227,157,2026-05-12T12:36:42.076210+00:00,484,1,2.223,331.598,133.38,271.922,1,Start,Finish,222,43.51087825005148,16.363954599943668,589,235,268,33,,,False,
2026-05-12T12:31:08+00:00,43.513882180675864,16.3699500169605,157,2026-05-12T12:36:42.076210+00:00,484,1,2.085,333.683,125.1,266.874,1,Start,Finish,222,43.51087825005148,16.363954599943668,588,235,268,33,,,False,
2026-05-12T12:31:09+00:00,43.51388115808368,16.369924200698733,157,2026-05-12T12:36:42.076210+00:00,484,1,2.085,335.768,125.1,266.874,1,Start,Finish,222,43.51087825005148,16.363954599943668,586,235,269,34,,,False,
2026-05-12T12:31:10+00:00,43.51388013549149,16.369898384436965,157,2026-05-12T12:36:42.076210+00:00,484,1,2.085,337.853,125.1,266.874,1,Start,Finish,222,43.51087825005148,16.363954599943668,584,235,269,34,,,False,
2026-05-12T12:31:11+00:00,43.5138791128993,16.369872568175197,157,2026-05-12T12:36:42.076210+00:00,484,1,2.085,339.938,125.1,266.874,1,Start,Finish,222,43.51087825005148,16.363954599943668,582,235,269,34,,,False,
2026-05-12T12:31:12+00:00,43.51387809030712,16.36984675191343,157,2026-05-12T12:36:42.076210+00:00,484,1,2.085,342.023,125.1,266.874,1,Start,Finish,222,43.51087825005148,16.363954599943668,581,235,269,34,,,False,
2026-05-12T12:31:13+00:00,43.513878718949854,16.369819343090057,156,2026-05-12T12:36:42.076210+00:00,484,1,2.211,344.234,132.66,271.811,1,Start,Finish,222,43.51087825005148,16.363954599943668,579,235,271,36,,,False,
2026-05-12T12:31:14+00:00,43.51387934759259,16.369791934266686,154,2026-05-12T12:36:42.076210+00:00,484,1,2.211,346.445,132.66,271.811,1,Start,Finish,222,43.51087825005148,16.363954599943668,577,235,271,36,,,False,
2026-05-12T12:31:15+00:00,43.513880227692425,16.3697687163949,152,2026-05-12T12:36:42.076210+00:00,484,1,1.875,348.32,112.5,272.992,1,Start,Finish,222,43.51087825005148,16.363954599943668,576,235,272,37,,,False,
2026-05-12T12:31:16+00:00,43.51388110779226,16.369745498523116,151,2026-05-12T12:36:42.076210+00:00,484,1,1.875,350.195,112.5,272.992,1,Start,Finish,222,43.51087825005148,16.363954599943668,574,234,273,39,,,False,
2026-05-12T12:31:17+00:00,43.513882448896766,16.36972119100392,150,2026-05-12T12:36:42.076210+00:00,484,1,1.966,352.161,117.96,274.351,1,Start,Finish,222,43.51087825005148,16.363954599943668,573,234,273,39,,,False,
2026-05-12T12:31:18+00:00,43.51388379000127,16.36969688348472,149,2026-05-12T12:36:42.076210+00:00,484,1,1.966,354.127,117.96,274.351,1,Start,Finish,222,43.51087825005148,16.363954599943668,571,234,273,39,,,False,
2026-05-12T12:31:19+00:00,43.51388513110578,16.369672575965524,148,2026-05-12T12:36:42.076210+00:00,484,1,1.966,356.092,117.96,274.351,1,Start,Finish,222,43.51087825005148,16.363954599943668,570,234,274,40,,,False,
2026-05-12T12:31:20+00:00,43.51388613693416,16.369649106636643,147,2026-05-12T12:36:42.076210+00:00,484,1,1.896,357.988,113.76,273.382,1,Start,Finish,222,43.51087825005148,16.363954599943668,568,234,273,39,,,False,
2026-05-12T12:31:21+00:00,43.51388724753633,16.369625511579216,146,2026-05-12T12:36:42.076210+00:00,484,1,1.907,359.895,114.42,273.714,1,Start,Finish,222,43.51087825005148,16.363954599943668,567,234,273,39,,,False,
2026-05-12T12:31:22+00:00,43.5138883581385,16.369601916521788,146,2026-05-12T12:36:42.076210+00:00,484,1,1.907,361.802,114.42,273.714,1,Start,Finish,222,43.51087825005148,16.363954599943668,565,234,272,38,,,False,
2026-05-12T12:31:23+00:00,43.51388946874067,16.36957832146436,145,2026-05-12T12:36:42.076210+00:00,484,1,1.907,363.708,114.42,273.714,1,Start,Finish,222,43.51087825005148,16.363954599943668,564,234,271,37,,,False,
2026-05-12T12:31:24+00:00,43.51389057934284,16.369554726406932,144,2026-05-12T12:36:42.076210+00:00,484,1,1.907,365.615,114.42,273.714,1,Start,Finish,222,43.51087825005148,16.363954599943668,562,233,271,38,,,False,
2026-05-12T12:31:25+00:00,43.51388962380588,16.369531139731407,144,2026-05-12T12:36:42.076210+00:00,484,1,1.905,367.52,114.3,266.803,1,Start,Finish,222,43.51087825005148,16.363954599943668,561,233,269,36,,,False,
2026-05-12T12:31:26+00:00,43.51388866826892,16.369507553055882,144,2026-05-12T12:36:42.076210+00:00,484,1,1.905,369.425,114.3,266.803,1,Start,Finish,222,43.51087825005148,16.363954599943668,559,233,269,36,,,False,
2026-05-12T12:31:27+00:00,43.51388771273196,16.369483966380358,145,2026-05-12T12:36:42.076210+00:00,484,1,1.905,371.33,114.3,266.803,1,Start,Finish,222,43.51087825005148,16.363954599943668,557,233,267,34,,,False,
2026-05-12T12:31:28+00:00,43.51388675719499,16.369460379704833,145,2026-05-12T12:36:42.076210+00:00,484,1,1.905,373.235,114.3,266.803,1,Start,Finish,222,43.51087825005148,16.363954599943668,556,233,266,33,,,False,
2026-05-12T12:31:29+00:00,43.513885801658034,16.36943679302931,145,2026-05-12T12:36:42.076210+00:00,484,1,1.905,375.14,114.3,266.803,1,Start,Finish,222,43.51087825005148,16.363954599943668,554,233,264,31,,,False,
2026-05-12T12:31:30+00:00,43.513881945982575,16.36940967757255,144,2026-05-12T12:36:42.076210+00:00,484,1,2.228,377.368,133.68,258.907,1,Start,Finish,222,43.51087825005148,16.363954599943668,552,233,263,30,,,False,
2026-05-12T12:31:31+00:00,43.51387809030712,16.36938256211579,144,2026-05-12T12:36:42.076210+00:00,484,1,2.228,379.596,133.68,258.907,1,Start,Finish,222,43.51087825005148,16.363954599943668,550,233,263,30,,,False,
2026-05-12T12:31:32+00:00,43.51387423463166,16.36935544665903,143,2026-05-12T12:36:42.076210+00:00,484,1,2.228,381.825,133.68,258.907,1,Start,Finish,222,43.51087825005148,16.363954599943668,548,233,262,29,,,False,
2026-05-12T12:31:33+00:00,43.5138703789562,16.36932833120227,142,2026-05-12T12:36:42.076210+00:00,484,1,2.228,384.053,133.68,258.907,1,Start,Finish,222,43.51087825005148,16.363954599943668,546,232,262,30,,,False,
2026-05-12T12:31:34+00:00,43.513868388254195,16.369301341474056,141,2026-05-12T12:36:42.076210+00:00,484,1,2.188,386.24,131.28,264.193,1,Start,Finish,222,43.51087825005148,16.363954599943668,544,232,262,30,,,False,
2026-05-12T12:31:35+00:00,43.51386639755219,16.369274351745844,140,2026-05-12T12:36:42.076210+00:00,484,1,2.188,388.428,131.28,264.193,1,Start,Finish,222,43.51087825005148,16.363954599943668,543,232,262,30,,,False,
2026-05-12T12:31:36+00:00,43.51386440685019,16.36924736201763,139,2026-05-12T12:36:42.076210+00:00,484,1,2.188,390.616,131.28,264.193,1,Start,Finish,222,43.51087825005148,16.363954599943668,541,232,263,31,,,False,
2026-05-12T12:31:37+00:00,43.513862416148186,16.36922037228942,138,2026-05-12T12:36:42.076210+00:00,484,1,2.188,392.803,131.28,264.193,1,Start,Finish,222,43.51087825005148,16.363954599943668,539,232,264,32,,,False,
2026-05-12T12:31:38+00:00,43.51386066991836,16.369195645675063,138,2026-05-12T12:36:42.076210+00:00,484,1,2.003,394.807,120.18,264.438,1,Start,Finish,222,43.51087825005148,16.363954599943668,537,232,264,32,,,False,
2026-05-12T12:31:39+00:00,43.51385892368853,16.369170919060707,137,2026-05-12T12:36:42.076210+00:00,484,1,2.003,396.81,120.18,264.438,1,Start,Finish,222,43.51087825005148,16.363954599943668,536,232,265,33,,,False,
2026-05-12T12:31:40+00:00,43.5138571774587,16.36914619244635,137,2026-05-12T12:36:42.076210+00:00,484,1,2.003,398.814,120.18,264.438,1,Start,Finish,222,43.51087825005148,16.363954599943668,534,232,265,33,,,False,
2026-05-12T12:31:41+00:00,43.51385543122888,16.369121465831995,137,2026-05-12T12:36:42.076210+00:00,484,1,2.003,400.817,120.18,264.438,1,Start,Finish,222,43.51087825005148,16.363954599943668,532,232,265,33,,,False,
2026-05-12T12:31:42+00:00,43.51385368499905,16.36909673921764,136,2026-05-12T12:36:42.076210+00:00,484,1,2.003,402.82,120.18,264.438,1,Start,Finish,222,43.51087825005148,16.363954599943668,530,231,264,33,,,False,
2026-05-12T12:31:43+00:00,43.51385193876922,16.369072012603283,136,2026-05-12T12:36:42.076210+00:00,484,1,2.003,404.824,120.18,264.438,1,Start,Finish,222,43.51087825005148,16.363954599943668,529,231,264,33,,,False,
2026-05-12T12:31:44+00:00,43.51385327987373,16.36904845945537,137,2026-05-12T12:36:42.076210+00:00,484,1,1.905,406.729,114.3,274.489,1,Start,Finish,222,43.51087825005148,16.363954599943668,527,231,264,33,,,False,
2026-05-12T12:31:45+00:00,43.51385070942342,16.369025940075517,138,2026-05-12T12:36:42.076210+00:00,484,1,1.838,408.567,110.28,261.055,1,Start,Finish,222,43.51087825005148,16.363954599943668,526,231,264,33,,,False,
2026-05-12T12:31:46+00:00,43.51384813897312,16.369003420695662,139,2026-05-12T12:36:42.076210+00:00,484,1,1.838,410.405,110.28,261.055,1,Start,Finish,222,43.51087825005148,16.363954599943668,524,231,264,33,,,False,
2026-05-12T12:31:47+00:00,43.51384556852281,16.36898090131581,140,2026-05-12T12:36:42.076210+00:00,484,1,1.838,412.244,110.28,261.055,1,Start,Finish,222,43.51087825005148,16.363954599943668,523,231,263,32,,,False,
2026-05-12T12:31:48+00:00,43.51384287234396,16.368954651989043,140,2026-05-12T12:36:42.076210+00:00,484,1,2.138,414.382,128.28,261.939,1,Start,Finish,222,43.51087825005148,16.363954599943668,521,231,263,32,,,False,
2026-05-12T12:31:49+00:00,43.513840176165104,16.368928402662277,140,2026-05-12T12:36:42.076210+00:00,484,1,2.138,416.519,128.28,261.939,1,Start,Finish,222,43.51087825005148,16.363954599943668,519,231,263,32,,,False,
2026-05-12T12:31:50+00:00,43.51383747998625,16.36890215333551,140,2026-05-12T12:36:42.076210+00:00,484,1,2.138,418.657,128.28,261.939,1,Start,Finish,222,43.51087825005148,16.363954599943668,517,230,263,33,,,False,
2026-05-12T12:31:51+00:00,43.5138347838074,16.368875904008746,140,2026-05-12T12:36:42.076210+00:00,484,1,2.138,420.795,128.28,261.939,1,Start,Finish,222,43.51087825005148,16.363954599943668,515,230,263,33,,,False,
2026-05-12T12:31:52+00:00,43.51383208762854,16.36884965468198,140,2026-05-12T12:36:42.076210+00:00,484,1,2.138,422.933,128.28,261.939,1,Start,Finish,222,43.51087825005148,16.363954599943668,514,230,264,34,,,False,
2026-05-12T12:31:53+00:00,43.51382939144969,16.368823405355215,140,2026-05-12T12:36:42.076210+00:00,484,1,2.138,425.071,128.28,261.939,1,Start,Finish,222,43.51087825005148,16.363954599943668,512,230,264,34,,,False,
2026-05-12T12:31:54+00:00,43.513831654563546,16.36879046447575,142,2026-05-12T12:36:42.076210+00:00,484,1,2.668,427.739,160.08,275.412,1,Start,Finish,222,43.51087825005148,16.363954599943668,510,230,264,34,,,False,
2026-05-12T12:31:55+00:00,43.51382907293737,16.36876012198627,143,2026-05-12T12:36:42.076210+00:00,484,1,2.464,430.203,147.84,263.309,1,Start,Finish,222,43.51087825005148,16.363954599943668,508,230,264,34,,,False,
2026-05-12T12:31:56+00:00,43.51382649131119,16.36872977949679,143,2026-05-12T12:36:42.076210+00:00,484,1,2.464,432.666,147.84,263.309,1,Start,Finish,222,43.51087825005148,16.363954599943668,506,230,264,34,,,False,
2026-05-12T12:31:57+00:00,43.513823909685016,16.368699437007308,144,2026-05-12T12:36:42.076210+00:00,484,1,2.464,435.13,147.84,263.309,1,Start,Finish,222,43.51087825005148,16.363954599943668,504,229,264,35,,,False,
2026-05-12T12:31:58+00:00,43.51382132805884,16.368669094517827,144,2026-05-12T12:36:42.076210+00:00,484,1,2.464,437.593,147.84,263.309,1,Start,Finish,222,43.51087825005148,16.363954599943668,502,229,264,35,,,False,
2026-05-12T12:31:59+00:00,43.51381874643266,16.368638752028346,145,2026-05-12T12:36:42.076210+00:00,484,1,2.464,440.057,147.84,263.309,1,Start,Finish,222,43.51087825005148,16.363954599943668,500,229,263,34,,,False,
2026-05-12T12:32:00+00:00,43.51381585467607,16.368611929938197,146,2026-05-12T12:36:42.076210+00:00,484,1,2.187,442.244,131.22,261.544,1,Start,Finish,222,43.51087825005148,16.363954599943668,498,229,263,34,,,False,
2026-05-12T12:32:01+00:00,43.513812962919474,16.368585107848048,146,2026-05-12T12:36:42.076210+00:00,484,1,2.187,444.43,131.22,261.544,1,Start,Finish,222,43.51087825005148,16.363954599943668,496,229,263,34,,,False,
2026-05-12T12:32:02+00:00,43.51381086744368,16.368558802641928,146,2026-05-12T12:36:42.076210+00:00,484,1,2.134,446.564,128.04,263.732,1,Start,Finish,222,43.51087825005148,16.363954599943668,494,229,263,34,,,False,
2026-05-12T12:32:03+00:00,43.51380877196789,16.368532497435808,145,2026-05-12T12:36:42.076210+00:00,484,1,2.134,448.698,128.04,263.732,1,Start,Finish,222,43.51087825005148,16.363954599943668,492,229,263,34,,,False,
2026-05-12T12:32:04+00:00,43.513806676492095,16.368506192229688,145,2026-05-12T12:36:42.076210+00:00,484,1,2.134,450.832,128.04,263.732,1,Start,Finish,222,43.51087825005148,16.363954599943668,491,228,264,36,,,False,
2026-05-12T12:32:05+00:00,43.5138045810163,16.368479887023568,145,2026-05-12T12:36:42.076210+00:00,484,1,2.134,452.966,128.04,263.732,1,Start,Finish,222,43.51087825005148,16.363954599943668,489,228,264,36,,,False,
2026-05-12T12:32:06+00:00,43.51380248554051,16.368453581817448,144,2026-05-12T12:36:42.076210+00:00,484,1,2.134,455.1,128.04,263.732,1,Start,Finish,222,43.51087825005148,16.363954599943668,487,228,265,37,,,False,
2026-05-12T12:32:07+00:00,43.51380039006472,16.368427276611328,144,2026-05-12T12:36:42.076210+00:00,484,1,2.134,457.234,128.04,263.732,1,Start,Finish,222,43.51087825005148,16.363954599943668,485,228,266,38,,,False,
2026-05-12T12:32:08+00:00,43.513799384236336,16.368399979546666,144,2026-05-12T12:36:42.076210+00:00,484,1,2.204,459.438,132.24,267.091,1,Start,Finish,222,43.51087825005148,16.363954599943668,484,228,266,38,,,False,
2026-05-12T12:32:09+00:00,43.513798378407955,16.368372682482004,143,2026-05-12T12:36:42.076210+00:00,484,1,2.204,461.642,132.24,267.091,1,Start,Finish,222,43.51087825005148,16.363954599943668,482,228,267,39,,,False,
2026-05-12T12:32:10+00:00,43.513797372579575,16.368345385417342,143,2026-05-12T12:36:42.076210+00:00,484,1,2.204,463.847,132.24,267.091,1,Start,Finish,222,43.51087825005148,16.363954599943668,480,227,268,41,,,False,
2026-05-12T12:32:11+00:00,43.51379749830812,16.36831747367978,143,2026-05-12T12:36:42.076210+00:00,484,1,2.251,466.097,135.06,270.356,1,Start,Finish,222,43.51087825005148,16.363954599943668,479,227,269,42,,,False,
2026-05-12T12:32:12+00:00,43.51379762403667,16.36828956194222,143,2026-05-12T12:36:42.076210+00:00,484,1,2.251,468.348,135.06,270.356,1,Start,Finish,222,43.51087825005148,16.363954599943668,477,227,269,42,,,False,
2026-05-12T12:32:13+00:00,43.51379774976522,16.36826165020466,144,2026-05-12T12:36:42.076210+00:00,484,1,2.251,470.599,135.06,270.356,1,Start,Finish,222,43.51087825005148,16.363954599943668,475,227,269,42,,,False,
2026-05-12T12:32:14+00:00,43.513797875493765,16.368233738467097,144,2026-05-12T12:36:42.076210+00:00,484,1,2.251,472.85,135.06,270.356,1,Start,Finish,222,43.51087825005148,16.363954599943668,474,227,269,42,,,False,
2026-05-12T12:32:15+00:00,43.51379800122231,16.368205826729536,144,2026-05-12T12:36:42.076210+00:00,484,1,2.251,475.101,135.06,270.356,1,Start,Finish,222,43.51087825005148,16.363954599943668,472,227,269,42,,,False,
2026-05-12T12:32:16+00:00,43.51379812695086,16.368177914991975,144,2026-05-12T12:36:42.076210+00:00,484,1,2.251,477.352,135.06,270.356,1,Start,Finish,222,43.51087825005148,16.363954599943668,471,226,268,42,,,False,
2026-05-12T12:32:17+00:00,43.51379657629877,16.36814782395959,145,2026-05-12T12:36:42.076210+00:00,484,1,2.433,479.784,145.98,265.936,1,Start,Finish,222,43.51087825005148,16.363954599943668,469,226,267,41,,,False,
2026-05-12T12:32:18+00:00,43.51379502564669,16.368117732927203,146,2026-05-12T12:36:42.076210+00:00,484,1,2.433,482.217,145.98,265.936,1,Start,Finish,222,43.51087825005148,16.363954599943668,467,226,266,40,,,False,
2026-05-12T12:32:19+00:00,43.51379266474396,16.368087767623365,146,2026-05-12T12:36:42.076210+00:00,484,1,2.431,484.647,145.86,263.8,1,Start,Finish,222,43.51087825005148,16.363954599943668,465,226,266,40,,,False,
2026-05-12T12:32:20+00:00,43.51379030384123,16.368057802319527,146,2026-05-12T12:36:42.076210+00:00,484,1,2.431,487.078,145.86,263.8,1,Start,Finish,222,43.51087825005148,16.363954599943668,463,226,265,39,,,False,
2026-05-12T12:32:21+00:00,43.51378794293851,16.36802783701569,146,2026-05-12T12:36:42.076210+00:00,484,1,2.431,489.509,145.86,263.8,1,Start,Finish,222,43.51087825005148,16.363954599943668,461,225,265,40,,,False,
2026-05-12T12:32:22+00:00,43.51378558203578,16.36799787171185,147,2026-05-12T12:36:42.076210+00:00,484,1,2.431,491.939,145.86,263.8,1,Start,Finish,222,43.51087825005148,16.363954599943668,459,225,265,40,,,False,
2026-05-12T12:32:23+00:00,43.51378322113305,16.367967906408012,147,2026-05-12T12:36:42.076210+00:00,484,1,2.431,494.37,145.86,263.8,1,Start,Finish,222,43.51087825005148,16.363954599943668,457,225,264,39,,,False,
2026-05-12T12:32:24+00:00,43.51378086023033,16.367937941104174,147,2026-05-12T12:36:42.076210+00:00,484,1,2.431,496.8,145.86,263.8,1,Start,Finish,222,43.51087825005148,16.363954599943668,455,225,264,39,,,False,
2026-05-12T12:32:25+00:00,43.51377993822098,16.36790843680501,148,2026-05-12T12:36:42.076210+00:00,484,1,2.381,499.182,142.86,267.533,1,Start,Finish,222,43.51087825005148,16.363954599943668,454,225,264,39,,,False,
2026-05-12T12:32:26+00:00,43.51377901621163,16.367878932505846,149,2026-05-12T12:36:42.076210+00:00,484,1,2.381,501.563,142.86,267.533,1,Start,Finish,222,43.51087825005148,16.363954599943668,452,224,261,37,,,False,
2026-05-12T12:32:27+00:00,43.51377610350028,16.367853262927383,149,2026-05-12T12:36:42.076210+00:00,484,1,2.095,503.658,125.7,261.107,1,Start,Finish,222,43.51087825005148,16.363954599943668,450,224,256,32,,,False,
2026-05-12T12:32:28+00:00,43.513773190788925,16.36782759334892,150,2026-05-12T12:36:42.076210+00:00,484,1,2.095,505.754,125.7,261.107,1,Start,Finish,222,43.51087825005148,16.363954599943668,449,224,246,22,,,False,
2026-05-12T12:32:29+00:00,43.51377027807757,16.367801923770458,150,2026-05-12T12:36:42.076210+00:00,484,1,2.095,507.849,125.7,261.107,1,Start,Finish,222,43.51087825005148,16.363954599943668,447,224,238,14,,,False,
2026-05-12T12:32:30+00:00,43.51376736536622,16.367776254191995,150,2026-05-12T12:36:42.076210+00:00,484,1,2.095,509.944,125.7,261.107,1,Start,Finish,222,43.51087825005148,16.363954599943668,445,224,229,5,,,False,
2026-05-12T12:32:31+00:00,43.513760743662715,16.36775848455727,150,2026-05-12T12:36:42.076210+00:00,484,1,1.611,511.555,96.66,242.804,1,Start,Finish,222,43.51087825005148,16.363954599943668,444,224,229,5,,,False,
2026-05-12T12:32:32+00:00,43.513749120756984,16.36775222606957,150,2026-05-12T12:36:42.076210+00:00,484,1,1.387,512.942,83.22,201.331,1,Start,Finish,222,43.51087825005148,16.363954599943668,442,224,219,5,,,False,
2026-05-12T12:32:33+00:00,43.51373749785125,16.367745967581868,150,2026-05-12T12:36:42.076210+00:00,484,1,1.387,514.33,83.22,201.331,1,Start,Finish,222,43.51087825005148,16.363954599943668,441,224,215,9,,,False,
2026-05-12T12:32:34+00:00,43.51372587494552,16.367739709094167,150,2026-05-12T12:36:42.076210+00:00,484,1,1.387,515.717,83.22,201.331,1,Start,Finish,222,43.51087825005148,16.363954599943668,440,224,211,13,,,False,
2026-05-12T12:32:35+00:00,43.51370709948242,16.367742363363504,151,2026-05-12T12:36:42.076210+00:00,484,1,2.099,517.816,125.94,174.146,1,Start,Finish,222,43.51087825005148,16.363954599943668,438,224,202,22,,,False,
2026-05-12T12:32:36+00:00,43.51368832401931,16.367745017632842,152,2026-05-12T12:36:42.076210+00:00,484,1,2.099,519.915,125.94,174.146,1,Start,Finish,222,43.51087825005148,16.363954599943668,437,224,195,29,,,False,
2026-05-12T12:32:37+00:00,43.51366954855621,16.36774767190218,153,2026-05-12T12:36:42.076210+00:00,484,1,2.099,522.013,125.94,174.146,1,Start,Finish,222,43.51087825005148,16.363954599943668,436,225,184,41,,,False,
2026-05-12T12:32:38+00:00,43.513646833598614,16.36774980928749,154,2026-05-12T12:36:42.076210+00:00,484,1,2.532,524.545,151.92,176.096,1,Start,Finish,222,43.51087825005148,16.363954599943668,434,225,180,45,,,False,
2026-05-12T12:32:39+00:00,43.51362411864102,16.367751946672797,155,2026-05-12T12:36:42.076210+00:00,484,1,2.532,527.077,151.92,176.096,1,Start,Finish,222,43.51087825005148,16.363954599943668,432,225,177,48,,,False,
2026-05-12T12:32:40+00:00,43.51360144559294,16.367750731296837,158,2026-05-12T12:36:42.076210+00:00,484,1,2.523,529.6,151.38,182.226,1,Start,Finish,222,43.51087825005148,16.363954599943668,431,225,177,48,,,False,
2026-05-12T12:32:41+00:00,43.51357877254486,16.367749515920877,160,2026-05-12T12:36:42.076210+00:00,484,1,2.523,532.123,151.38,182.226,1,Start,Finish,222,43.51087825005148,16.363954599943668,429,226,178,48,,,False,
2026-05-12T12:32:42+00:00,43.513555764220655,16.367751737125218,162,2026-05-12T12:36:42.076210+00:00,484,1,2.565,534.687,153.9,175.995,1,Start,Finish,222,43.51087825005148,16.363954599943668,427,226,179,47,,,False,
2026-05-12T12:32:43+00:00,43.51353275589645,16.36775395832956,163,2026-05-12T12:36:42.076210+00:00,484,1,2.565,537.252,153.9,175.995,1,Start,Finish,222,43.51087825005148,16.363954599943668,425,226,180,46,,,False,
2026-05-12T12:32:44+00:00,43.51351066958159,16.367754796519876,165,2026-05-12T12:36:42.076210+00:00,484,1,2.457,539.709,147.42,178.423,1,Start,Finish,222,43.51087825005148,16.363954599943668,424,226,180,46,,,False,
2026-05-12T12:32:45+00:00,43.513488583266735,16.367755634710193,167,2026-05-12T12:36:42.076210+00:00,484,1,2.457,542.166,147.42,178.423,1,Start,Finish,222,43.51087825005148,16.363954599943668,422,227,180,47,,,False,
2026-05-12T12:32:46+00:00,43.51346838288009,16.36775362305343,167,2026-05-12T12:36:42.076210+00:00,484,1,2.252,544.418,135.12,184.131,1,Start,Finish,222,43.51087825005148,16.363954599943668,420,227,178,49,,,False,
2026-05-12T12:32:47+00:00,43.51344818249345,16.36775161139667,167,2026-05-12T12:36:42.076210+00:00,484,1,2.252,546.67,135.12,184.131,1,Start,Finish,222,43.51087825005148,16.363954599943668,419,227,178,49,,,False,
2026-05-12T12:32:48+00:00,43.513427060097456,16.36775161139667,165,2026-05-12T12:36:42.076210+00:00,484,1,2.349,549.019,140.94,180.0,1,Start,Finish,222,43.51087825005148,16.363954599943668,417,227,177,50,,,False,
2026-05-12T12:32:49+00:00,43.513405937701464,16.36775161139667,163,2026-05-12T12:36:42.076210+00:00,484,1,2.349,551.367,140.94,180.0,1,Start,Finish,222,43.51087825005148,16.363954599943668,416,227,176,51,,,False,
2026-05-12T12:32:50+00:00,43.513385033234954,16.367757277563214,163,2026-05-12T12:36:42.076210+00:00,484,1,2.369,553.736,142.14,168.879,1,Start,Finish,222,43.51087825005148,16.363954599943668,414,228,175,53,,,False,
2026-05-12T12:32:51+00:00,43.51336412876845,16.36776294372976,163,2026-05-12T12:36:42.076210+00:00,484,1,2.369,556.105,142.14,168.879,1,Start,Finish,222,43.51087825005148,16.363954599943668,413,228,174,54,,,False,
2026-05-12T12:32:52+00:00,43.513343224301934,16.367768609896302,162,2026-05-12T12:36:42.076210+00:00,484,1,2.369,558.474,142.14,168.879,1,Start,Finish,222,43.51087825005148,16.363954599943668,412,228,173,55,,,False,
2026-05-12T12:32:53+00:00,43.513322319835424,16.367774276062846,162,2026-05-12T12:36:42.076210+00:00,484,1,2.369,560.843,142.14,168.879,1,Start,Finish,222,43.51087825005148,16.363954599943668,411,229,173,56,,,False,
2026-05-12T12:32:54+00:00,43.513301415368915,16.36777994222939,162,2026-05-12T12:36:42.076210+00:00,484,1,2.369,563.212,142.14,168.879,1,Start,Finish,222,43.51087825005148,16.363954599943668,410,229,172,57,,,False,
2026-05-12T12:32:55+00:00,43.513279350008816,16.367781786248088,161,2026-05-12T12:36:42.076210+00:00,484,1,2.458,565.67,147.48,176.532,1,Start,Finish,222,43.51087825005148,16.363954599943668,408,229,173,56,,,False,
2026-05-12T12:32:56+00:00,43.51325728464872,16.367783630266786,160,2026-05-12T12:36:42.076210+00:00,484,1,2.458,568.128,147.48,176.532,1,Start,Finish,222,43.51087825005148,16.363954599943668,407,229,174,55,,,False,
2026-05-12T12:32:57+00:00,43.51323521928862,16.367785474285483,160,2026-05-12T12:36:42.076210+00:00,484,1,2.458,570.586,147.48,176.532,1,Start,Finish,222,43.51087825005148,16.363954599943668,405,230,175,55,,,False,
2026-05-12T12:32:58+00:00,43.51321315392852,16.36778731830418,159,2026-05-12T12:36:42.076210+00:00,484,1,2.458,573.044,147.48,176.532,1,Start,Finish,222,43.51087825005148,16.363954599943668,404,230,176,54,,,False,
2026-05-12T12:32:59+00:00,43.513193142134696,16.367788889911026,158,2026-05-12T12:36:42.076210+00:00,484,1,2.229,575.273,133.74,176.74,1,Start,Finish,222,43.51087825005148,16.363954599943668,402,230,176,54,,,False,
2026-05-12T12:33:00+00:00,43.513173130340874,16.36779046151787,157,2026-05-12T12:36:42.076210+00:00,484,1,2.229,577.502,133.74,176.74,1,Start,Finish,222,43.51087825005148,16.363954599943668,401,230,175,55,,,False,
2026-05-12T12:33:01+00:00,43.51315311854705,16.367792033124715,156,2026-05-12T12:36:42.076210+00:00,484,1,2.229,579.731,133.74,176.74,1,Start,Finish,222,43.51087825005148,16.363954599943668,400,231,175,56,,,False,
2026-05-12T12:33:02+00:00,43.51313310675323,16.36779360473156,155,2026-05-12T12:36:42.076210+00:00,484,1,2.229,581.96,133.74,176.74,1,Start,Finish,222,43.51087825005148,16.363954599943668,398,231,175,56,,,False,
2026-05-12T12:33:03+00:00,43.51311508566141,16.367798591963947,154,2026-05-12T12:36:42.076210+00:00,484,1,2.044,584.003,122.64,168.652,1,Start,Finish,222,43.51087825005148,16.363954599943668,397,231,175,56,,,False,
2026-05-12T12:33:04+00:00,43.51309706456959,16.367803579196334,152,2026-05-12T12:36:42.076210+00:00,484,1,2.044,586.047,122.64,168.652,1,Start,Finish,222,43.51087825005148,16.363954599943668,397,232,175,57,,,False,
2026-05-12T12:33:05+00:00,43.513076378032565,16.36780465207994,153,2026-05-12T12:36:42.076210+00:00,484,1,2.302,588.349,138.12,177.846,1,Start,Finish,222,43.51087825005148,16.363954599943668,395,232,176,56,,,False,
2026-05-12T12:33:06+00:00,43.51305569149554,16.367805724963546,153,2026-05-12T12:36:42.076210+00:00,484,1,2.302,590.651,138.12,177.846,1,Start,Finish,222,43.51087825005148,16.363954599943668,394,232,175,57,,,False,
2026-05-12T12:33:07+00:00,43.51303500495851,16.36780679784715,154,2026-05-12T12:36:42.076210+00:00,484,1,2.302,592.953,138.12,177.846,1,Start,Finish,222,43.51087825005148,16.363954599943668,392,232,174,58,,,False,
2026-05-12T12:33:08+00:00,43.51301431842148,16.367807870730758,154,2026-05-12T12:36:42.076210+00:00,484,1,2.302,595.255,138.12,177.846,1,Start,Finish,222,43.51087825005148,16.363954599943668,391,233,175,58,,,False,
2026-05-12T12:33:09+00:00,43.512993631884456,16.367808943614364,155,2026-05-12T12:36:42.076210+00:00,484,1,2.302,597.556,138.12,177.846,1,Start,Finish,222,43.51087825005148,16.363954599943668,390,233,175,58,,,False,
2026-05-12T12:33:10+00:00,43.512971671298146,16.36781321838498,157,2026-05-12T12:36:42.076210+00:00,484,1,2.466,600.023,147.96,171.965,1,Start,Finish,222,43.51087825005148,16.363954599943668,389,233,174,59,,,False,
2026-05-12T12:33:11+00:00,43.512947489507496,16.367819937877357,157,2026-05-12T12:36:42.076210+00:00,484,1,2.743,602.766,164.58,168.606,1,Start,Finish,222,43.51087825005148,16.363954599943668,387,234,172,62,,,False,
2026-05-12T12:33:12+00:00,43.51292330771685,16.367826657369733,157,2026-05-12T12:36:42.076210+00:00,484,1,2.743,605.508,164.58,168.606,1,Start,Finish,222,43.51087825005148,16.363954599943668,386,234,170,64,,,False,
2026-05-12T12:33:13+00:00,43.5128991259262,16.36783337686211,158,2026-05-12T12:36:42.076210+00:00,484,1,2.743,608.251,164.58,168.606,1,Start,Finish,222,43.51087825005148,16.363954599943668,385,234,169,65,,,False,
2026-05-12T12:33:14+00:00,43.51287494413555,16.367840096354485,158,2026-05-12T12:36:42.076210+00:00,484,1,2.743,610.994,164.58,168.606,1,Start,Finish,222,43.51087825005148,16.363954599943668,384,235,168,67,,,False,
2026-05-12T12:33:15+00:00,43.5128507623449,16.36784681584686,158,2026-05-12T12:36:42.076210+00:00,484,1,2.743,613.737,164.58,168.606,1,Start,Finish,222,43.51087825005148,16.363954599943668,383,235,168,67,,,False,
2026-05-12T12:33:16+00:00,43.51282658055425,16.367853535339236,158,2026-05-12T12:36:42.076210+00:00,484,1,2.743,616.48,164.58,168.606,1,Start,Finish,222,43.51087825005148,16.363954599943668,382,235,168,67,,,False,
2026-05-12T12:33:17+00:00,43.512800596654415,16.367863845080137,159,2026-05-12T12:36:42.076210+00:00,484,1,3.007,619.487,180.42,163.947,1,Start,Finish,222,43.51087825005148,16.363954599943668,381,236,168,68,,,False,
2026-05-12T12:33:18+00:00,43.51277697645128,16.367870282381773,159,2026-05-12T12:36:42.076210+00:00,484,1,2.677,622.164,160.62,168.82,1,Start,Finish,222,43.51087825005148,16.363954599943668,380,236,168,68,,,False,
2026-05-12T12:33:19+00:00,43.51275335624814,16.36787671968341,159,2026-05-12T12:36:42.076210+00:00,484,1,2.677,624.841,160.62,168.82,1,Start,Finish,222,43.51087825005148,16.363954599943668,379,237,168,69,,,False,
2026-05-12T12:33:20+00:00,43.512729736045,16.367883156985044,159,2026-05-12T12:36:42.076210+00:00,484,1,2.677,627.519,160.62,168.82,1,Start,Finish,222,43.51087825005148,16.363954599943668,378,237,170,67,,,False,
2026-05-12T12:33:21+00:00,43.512706115841866,16.36788959428668,159,2026-05-12T12:36:42.076210+00:00,484,1,2.677,630.196,160.62,168.82,1,Start,Finish,222,43.51087825005148,16.363954599943668,377,237,172,65,,,False,
2026-05-12T12:33:22+00:00,43.51268249563873,16.367896031588316,159,2026-05-12T12:36:42.076210+00:00,484,1,2.677,632.873,160.62,168.82,1,Start,Finish,222,43.51087825005148,16.363954599943668,376,238,173,65,,,False,
2026-05-12T12:33:23+00:00,43.51265758741647,16.367896869778633,159,2026-05-12T12:36:42.076210+00:00,484,1,2.77,635.644,166.2,178.602,1,Start,Finish,222,43.51087825005148,16.363954599943668,374,238,174,64,,,False,
2026-05-12T12:33:24+00:00,43.51263267919421,16.36789770796895,159,2026-05-12T12:36:42.076210+00:00,484,1,2.77,638.414,166.2,178.602,1,Start,Finish,222,43.51087825005148,16.363954599943668,373,238,176,62,,,False,
2026-05-12T12:33:25+00:00,43.512607770971954,16.367898546159267,158,2026-05-12T12:36:42.076210+00:00,484,1,2.77,641.185,166.2,178.602,1,Start,Finish,222,43.51087825005148,16.363954599943668,372,239,177,62,,,False,
2026-05-12T12:33:26+00:00,43.512582862749696,16.367899384349585,158,2026-05-12T12:36:42.076210+00:00,484,1,2.77,643.955,166.2,178.602,1,Start,Finish,222,43.51087825005148,16.363954599943668,370,239,179,60,,,False,
2026-05-12T12:33:27+00:00,43.51255795452744,16.3679002225399,158,2026-05-12T12:36:42.076210+00:00,484,1,2.77,646.726,166.2,178.602,1,Start,Finish,222,43.51087825005148,16.363954599943668,369,240,179,61,,,False,
2026-05-12T12:33:28+00:00,43.51253304630518,16.36790106073022,158,2026-05-12T12:36:42.076210+00:00,484,1,2.77,649.496,166.2,178.602,1,Start,Finish,222,43.51087825005148,16.363954599943668,368,240,179,61,,,False,
2026-05-12T12:33:29+00:00,43.51251002959907,16.36790137924254,157,2026-05-12T12:36:42.076210+00:00,484,1,2.559,652.055,153.54,179.425,1,Start,Finish,222,43.51087825005148,16.363954599943668,366,240,179,61,,,False,
2026-05-12T12:33:30+00:00,43.51248701289296,16.36790169775486,157,2026-05-12T12:36:42.076210+00:00,484,1,2.559,654.615,153.54,179.425,1,Start,Finish,222,43.51087825005148,16.363954599943668,365,241,179,62,,,False,
2026-05-12T12:33:31+00:00,43.51246399618685,16.36790201626718,156,2026-05-12T12:36:42.076210+00:00,484,1,2.559,657.174,153.54,179.425,1,Start,Finish,222,43.51087825005148,16.363954599943668,364,241,180,61,,,False,
2026-05-12T12:33:32+00:00,43.51244097948074,16.3679023347795,156,2026-05-12T12:36:42.076210+00:00,484,1,2.559,659.734,153.54,179.425,1,Start,Finish,222,43.51087825005148,16.363954599943668,363,241,180,61,,,False,
2026-05-12T12:33:33+00:00,43.512417962774634,16.36790265329182,155,2026-05-12T12:36:42.076210+00:00,484,1,2.559,662.293,153.54,179.425,1,Start,Finish,222,43.51087825005148,16.363954599943668,361,242,181,61,,,False,
2026-05-12T12:33:34+00:00,43.51239555515349,16.36790164746344,155,2026-05-12T12:36:42.076210+00:00,484,1,2.493,664.786,149.58,181.865,1,Start,Finish,222,43.51087825005148,16.363954599943668,360,242,181,61,,,False,
2026-05-12T12:33:35+00:00,43.512373147532344,16.36790064163506,154,2026-05-12T12:36:42.076210+00:00,484,1,2.493,667.279,149.58,181.865,1,Start,Finish,222,43.51087825005148,16.363954599943668,359,242,181,61,,,False,
2026-05-12T12:33:36+00:00,43.5123507399112,16.36789963580668,154,2026-05-12T12:36:42.076210+00:00,484,1,2.493,669.772,149.58,181.865,1,Start,Finish,222,43.51087825005148,16.363954599943668,358,243,182,61,,,False,
2026-05-12T12:33:37+00:00,43.5123288910836,16.36789890937507,153,2026-05-12T12:36:42.076210+00:00,484,1,2.43,672.202,145.8,181.381,1,Start,Finish,222,43.51087825005148,16.363954599943668,357,243,182,61,,,False,
2026-05-12T12:33:38+00:00,43.512307042256,16.367898182943463,152,2026-05-12T12:36:42.076210+00:00,484,1,2.43,674.633,145.8,181.381,1,Start,Finish,222,43.51087825005148,16.363954599943668,355,243,182,61,,,False,
2026-05-12T12:33:39+00:00,43.5122851934284,16.367897456511855,151,2026-05-12T12:36:42.076210+00:00,484,1,2.43,677.063,145.8,181.381,1,Start,Finish,222,43.51087825005148,16.363954599943668,354,244,182,62,,,False,
2026-05-12T12:33:40+00:00,43.51226281374693,16.36789557058364,150,2026-05-12T12:36:42.076210+00:00,484,1,2.493,679.556,149.58,183.497,1,Start,Finish,222,43.51087825005148,16.363954599943668,353,244,183,61,,,False,
2026-05-12T12:33:41+00:00,43.51224043406546,16.367893684655428,150,2026-05-12T12:36:42.076210+00:00,484,1,2.493,682.049,149.58,183.497,1,Start,Finish,222,43.51087825005148,16.363954599943668,352,245,184,61,,,False,
2026-05-12T12:33:42+00:00,43.51221805438399,16.367891798727214,150,2026-05-12T12:36:42.076210+00:00,484,1,2.493,684.542,149.58,183.497,1,Start,Finish,222,43.51087825005148,16.363954599943668,351,245,185,60,,,False,
2026-05-12T12:33:43+00:00,43.512195674702525,16.367889912799,149,2026-05-12T12:36:42.076210+00:00,484,1,2.493,687.035,149.58,183.497,1,Start,Finish,222,43.51087825005148,16.363954599943668,350,245,185,60,,,False,
2026-05-12T12:33:44+00:00,43.512174133211374,16.367885570973158,149,2026-05-12T12:36:42.076210+00:00,484,1,2.421,689.456,145.26,188.316,1,Start,Finish,222,43.51087825005148,16.363954599943668,348,246,186,60,,,False,
2026-05-12T12:33:45+00:00,43.51215259172022,16.367881229147315,149,2026-05-12T12:36:42.076210+00:00,484,1,2.421,691.877,145.26,188.316,1,Start,Finish,222,43.51087825005148,16.363954599943668,347,246,186,60,,,False,
2026-05-12T12:33:46+00:00,43.51213105022907,16.367876887321472,150,2026-05-12T12:36:42.076210+00:00,484,1,2.421,694.298,145.26,188.316,1,Start,Finish,222,43.51087825005148,16.363954599943668,346,246,185,61,,,False,
2026-05-12T12:33:47+00:00,43.51210950873792,16.36787254549563,150,2026-05-12T12:36:42.076210+00:00,484,1,2.421,696.718,145.26,188.316,1,Start,Finish,222,43.51087825005148,16.363954599943668,344,247,185,62,,,False,
2026-05-12T12:33:48+00:00,43.51208796724677,16.367868203669786,150,2026-05-12T12:36:42.076210+00:00,484,1,2.421,699.139,145.26,188.316,1,Start,Finish,222,43.51087825005148,16.363954599943668,343,247,184,63,,,False,
2026-05-12T12:33:49+00:00,43.51206793449819,16.367868832312524,151,2026-05-12T12:36:42.076210+00:00,484,1,2.228,701.367,133.68,178.696,1,Start,Finish,222,43.51087825005148,16.363954599943668,342,247,184,63,,,False,
2026-05-12T12:33:50+00:00,43.51204790174961,16.367869460955262,152,2026-05-12T12:36:42.076210+00:00,484,1,2.228,703.595,133.68,178.696,1,Start,Finish,222,43.51087825005148,16.363954599943668,341,248,190,58,,,False,
2026-05-12T12:33:51+00:00,43.51202786900103,16.367870089598,152,2026-05-12T12:36:42.076210+00:00,484,1,2.228,705.823,133.68,178.696,1,Start,Finish,222,43.51087825005148,16.363954599943668,341,248,194,54,,,False,
2026-05-12T12:33:52+00:00,43.51200783625245,16.367870718240738,153,2026-05-12T12:36:42.076210+00:00,484,1,2.228,708.052,133.68,178.696,1,Start,Finish,222,43.51087825005148,16.363954599943668,340,248,200,48,,,False,
2026-05-12T12:33:53+00:00,43.51199124008417,16.367865814827383,153,2026-05-12T12:36:42.076210+00:00,484,1,1.887,709.939,113.22,192.094,1,Start,Finish,222,43.51087825005148,16.363954599943668,339,249,206,43,,,False,
2026-05-12T12:33:54+00:00,43.51197464391589,16.367860911414027,153,2026-05-12T12:36:42.076210+00:00,484,1,1.887,711.826,113.22,192.094,1,Start,Finish,222,43.51087825005148,16.363954599943668,338,249,215,34,,,False,
2026-05-12T12:33:55+00:00,43.511968231759965,16.367847751826048,156,2026-05-12T12:36:42.076210+00:00,484,1,1.278,713.105,76.68,236.104,1,Start,Finish,222,43.51087825005148,16.363954599943668,337,249,215,34,,,False,
2026-05-12T12:33:56+00:00,43.51196181960404,16.36783459223807,158,2026-05-12T12:36:42.076210+00:00,484,1,1.278,714.383,76.68,236.104,1,Start,Finish,222,43.51087825005148,16.363954599943668,335,249,224,25,,,False,
2026-05-12T12:33:57+00:00,43.51195368915796,16.367806890048087,160,2026-05-12T12:36:42.076210+00:00,484,1,2.41,716.793,144.6,247.967,1,Start,Finish,222,43.51087825005148,16.363954599943668,333,249,232,17,,,False,
2026-05-12T12:33:58+00:00,43.511945558711886,16.367779187858105,161,2026-05-12T12:36:42.076210+00:00,484,1,2.41,719.203,144.6,247.967,1,Start,Finish,222,43.51087825005148,16.363954599943668,330,249,240,9,,,False,
2026-05-12T12:33:59+00:00,43.511942247860134,16.36775102466345,162,2026-05-12T12:36:42.076210+00:00,484,1,2.301,721.504,138.06,260.792,1,Start,Finish,222,43.51087825005148,16.363954599943668,328,249,248,1,,,False,
2026-05-12T12:34:00+00:00,43.51193893700838,16.367722861468792,162,2026-05-12T12:36:42.076210+00:00,484,1,2.301,723.805,138.06,260.792,1,Start,Finish,222,43.51087825005148,16.363954599943668,326,249,255,6,,,False,
2026-05-12T12:34:01+00:00,43.51193562615663,16.367694698274136,163,2026-05-12T12:36:42.076210+00:00,484,1,2.301,726.105,138.06,260.792,1,Start,Finish,222,43.51087825005148,16.363954599943668,324,249,258,9,,,False,
2026-05-12T12:34:02+00:00,43.511932315304875,16.36766653507948,164,2026-05-12T12:36:42.076210+00:00,484,1,2.301,728.406,138.06,260.792,1,Start,Finish,222,43.51087825005148,16.363954599943668,321,249,260,11,,,False,
2026-05-12T12:34:03+00:00,43.51193013601005,16.367633258923888,167,2026-05-12T12:36:42.076210+00:00,484,1,2.694,731.101,161.64,264.84,1,Start,Finish,222,43.51087825005148,16.363954599943668,319,248,262,14,,,False,
2026-05-12T12:34:04+00:00,43.511926867067814,16.367599479854107,168,2026-05-12T12:36:42.076210+00:00,484,1,2.748,733.849,164.88,262.399,1,Start,Finish,222,43.51087825005148,16.363954599943668,316,248,263,15,,,False,
2026-05-12T12:34:05+00:00,43.51192438043654,16.36756716761738,168,2026-05-12T12:36:42.076210+00:00,484,1,2.62,736.469,157.2,263.943,1,Start,Finish,222,43.51087825005148,16.363954599943668,314,248,263,15,,,False,
2026-05-12T12:34:06+00:00,43.511921893805265,16.367534855380654,168,2026-05-12T12:36:42.076210+00:00,484,1,2.62,739.089,157.2,263.943,1,Start,Finish,222,43.51087825005148,16.363954599943668,311,248,264,16,,,False,
2026-05-12T12:34:07+00:00,43.51191940717399,16.367502543143928,168,2026-05-12T12:36:42.076210+00:00,484,1,2.62,741.71,157.2,263.943,1,Start,Finish,222,43.51087825005148,16.363954599943668,309,248,264,16,,,False,
2026-05-12T12:34:08+00:00,43.51191692054272,16.3674702309072,169,2026-05-12T12:36:42.076210+00:00,484,1,2.62,744.33,157.2,263.943,1,Start,Finish,222,43.51087825005148,16.363954599943668,306,248,264,16,,,False,
2026-05-12T12:34:09+00:00,43.51191443391144,16.367437918670475,169,2026-05-12T12:36:42.076210+00:00,484,1,2.62,746.951,157.2,263.943,1,Start,Finish,222,43.51087825005148,16.363954599943668,304,248,264,16,,,False,
2026-05-12T12:34:10+00:00,43.51191194728017,16.36740560643375,169,2026-05-12T12:36:42.076210+00:00,484,1,2.62,749.571,157.2,263.943,1,Start,Finish,222,43.51087825005148,16.363954599943668,301,248,263,15,,,False,
2026-05-12T12:34:11+00:00,43.5119088627398,16.36737341992557,170,2026-05-12T12:36:42.076210+00:00,484,1,2.618,752.189,157.08,262.472,1,Start,Finish,222,43.51087825005148,16.363954599943668,299,247,263,16,,,False,
2026-05-12T12:34:12+00:00,43.511905778199434,16.367341233417392,170,2026-05-12T12:36:42.076210+00:00,484,1,2.618,754.807,157.08,262.472,1,Start,Finish,222,43.51087825005148,16.363954599943668,296,247,263,16,,,False,
2026-05-12T12:34:13+00:00,43.51190269365907,16.367309046909213,171,2026-05-12T12:36:42.076210+00:00,484,1,2.618,757.425,157.08,262.472,1,Start,Finish,222,43.51087825005148,16.363954599943668,294,247,262,15,,,False,
2026-05-12T12:34:14+00:00,43.5118996091187,16.367276860401034,171,2026-05-12T12:36:42.076210+00:00,484,1,2.618,760.043,157.08,262.472,1,Start,Finish,222,43.51087825005148,16.363954599943668,291,247,262,15,,,False,
2026-05-12T12:34:15+00:00,43.51189652457833,16.367244673892856,172,2026-05-12T12:36:42.076210+00:00,484,1,2.618,762.662,157.08,262.472,1,Start,Finish,222,43.51087825005148,16.363954599943668,288,247,262,15,,,False,
2026-05-12T12:34:16+00:00,43.51189268985763,16.367212885525078,171,2026-05-12T12:36:42.076210+00:00,484,1,2.599,765.26,155.94,260.556,1,Start,Finish,222,43.51087825005148,16.363954599943668,286,247,261,14,,,False,
2026-05-12T12:34:17+00:00,43.51188885513693,16.3671810971573,170,2026-05-12T12:36:42.076210+00:00,484,1,2.599,767.859,155.94,260.556,1,Start,Finish,222,43.51087825005148,16.363954599943668,283,247,260,13,,,False,
2026-05-12T12:34:18+00:00,43.51188502041623,16.36714930878952,170,2026-05-12T12:36:42.076210+00:00,484,1,2.599,770.458,155.94,260.556,1,Start,Finish,222,43.51087825005148,16.363954599943668,281,247,259,12,,,False,
2026-05-12T12:34:19+00:00,43.51188118569553,16.367117520421743,169,2026-05-12T12:36:42.076210+00:00,484,1,2.599,773.056,155.94,260.556,1,Start,Finish,222,43.51087825005148,16.363954599943668,278,246,257,11,,,False,
2026-05-12T12:34:20+00:00,43.51187427062541,16.3670870102942,168,2026-05-12T12:36:42.076210+00:00,484,1,2.578,775.634,154.68,252.645,1,Start,Finish,222,43.51087825005148,16.363954599943668,276,246,256,10,,,False,
2026-05-12T12:34:21+00:00,43.511867355555296,16.367056500166655,166,2026-05-12T12:36:42.076210+00:00,484,1,2.578,778.212,154.68,252.645,1,Start,Finish,222,43.51087825005148,16.363954599943668,273,246,256,10,,,False,
2026-05-12T12:34:22+00:00,43.511861711740494,16.367027834057808,166,2026-05-12T12:36:42.076210+00:00,484,1,2.395,780.607,143.7,254.812,1,Start,Finish,222,43.51087825005148,16.363954599943668,271,246,255,9,,,False,
2026-05-12T12:34:23+00:00,43.51185606792569,16.36699916794896,166,2026-05-12T12:36:42.076210+00:00,484,1,2.395,783.003,143.7,254.812,1,Start,Finish,222,43.51087825005148,16.363954599943668,269,246,255,9,,,False,
2026-05-12T12:34:24+00:00,43.51185042411089,16.366970501840115,166,2026-05-12T12:36:42.076210+00:00,484,1,2.395,785.398,143.7,254.812,1,Start,Finish,222,43.51087825005148,16.363954599943668,266,246,255,9,,,False,
2026-05-12T12:34:25+00:00,43.51184478029609,16.366941835731268,166,2026-05-12T12:36:42.076210+00:00,484,1,2.395,787.793,143.7,254.812,1,Start,Finish,222,43.51087825005148,16.363954599943668,264,246,255,9,,,False,
2026-05-12T12:34:26+00:00,43.511839136481285,16.36691316962242,166,2026-05-12T12:36:42.076210+00:00,484,1,2.395,790.189,143.7,254.812,1,Start,Finish,222,43.51087825005148,16.363954599943668,261,246,256,10,,,False,
2026-05-12T12:34:27+00:00,43.51183349266648,16.366884503513575,166,2026-05-12T12:36:42.076210+00:00,484,1,2.395,792.584,143.7,254.812,1,Start,Finish,222,43.51087825005148,16.363954599943668,259,246,256,10,,,False,
2026-05-12T12:34:28+00:00,43.51182863116264,16.36685541830957,166,2026-05-12T12:36:42.076210+00:00,484,1,2.407,794.991,144.42,257.021,1,Start,Finish,222,43.51087825005148,16.363954599943668,257,246,256,10,,,False,
2026-05-12T12:34:29+00:00,43.51182400714606,16.366828177124262,166,2026-05-12T12:36:42.076210+00:00,484,1,2.256,797.247,135.36,256.827,1,Start,Finish,222,43.51087825005148,16.363954599943668,254,246,256,10,,,False,
2026-05-12T12:34:30+00:00,43.51181938312948,16.366800935938954,166,2026-05-12T12:36:42.076210+00:00,484,1,2.256,799.503,135.36,256.827,1,Start,Finish,222,43.51087825005148,16.363954599943668,252,245,256,11,,,False,
2026-05-12T12:34:31+00:00,43.511814759112895,16.366773694753647,166,2026-05-12T12:36:42.076210+00:00,484,1,2.256,801.76,135.36,256.827,1,Start,Finish,222,43.51087825005148,16.363954599943668,250,245,256,11,,,False,
2026-05-12T12:34:32+00:00,43.51181013509631,16.36674645356834,166,2026-05-12T12:36:42.076210+00:00,484,1,2.256,804.016,135.36,256.827,1,Start,Finish,222,43.51087825005148,16.363954599943668,248,245,256,11,,,False,
2026-05-12T12:34:33+00:00,43.51180551107973,16.366719212383032,166,2026-05-12T12:36:42.076210+00:00,484,1,2.256,806.272,135.36,256.827,1,Start,Finish,222,43.51087825005148,16.363954599943668,246,245,256,11,,,False,
2026-05-12T12:34:34+00:00,43.511800887063146,16.366691971197724,166,2026-05-12T12:36:42.076210+00:00,484,1,2.256,808.528,135.36,256.827,1,Start,Finish,222,43.51087825005148,16.363954599943668,243,245,255,10,,,False,
2026-05-12T12:34:35+00:00,43.511794935911894,16.3666638918221,166,2026-05-12T12:36:42.076210+00:00,484,1,2.359,810.887,141.54,253.71,1,Start,Finish,222,43.51087825005148,16.363954599943668,241,245,255,10,,,False,
2026-05-12T12:34:36+00:00,43.511788537725806,16.366634611040354,165,2026-05-12T12:36:42.076210+00:00,484,1,2.466,813.353,147.96,253.233,1,Start,Finish,222,43.51087825005148,16.363954599943668,239,245,255,10,,,False,
2026-05-12T12:34:37+00:00,43.51178213953972,16.366605330258608,164,2026-05-12T12:36:42.076210+00:00,484,1,2.466,815.819,147.96,253.233,1,Start,Finish,222,43.51087825005148,16.363954599943668,236,245,255,10,,,False,
2026-05-12T12:34:38+00:00,43.51177574135363,16.366576049476862,163,2026-05-12T12:36:42.076210+00:00,484,1,2.466,818.285,147.96,253.233,1,Start,Finish,222,43.51087825005148,16.363954599943668,234,245,255,10,,,False,
2026-05-12T12:34:39+00:00,43.51177015341818,16.366545651108027,162,2026-05-12T12:36:42.076210+00:00,484,1,2.529,820.814,151.74,255.777,1,Start,Finish,222,43.51087825005148,16.363954599943668,231,245,254,9,,,False,
2026-05-12T12:34:40+00:00,43.511764565482736,16.36651525273919,161,2026-05-12T12:36:42.076210+00:00,484,1,2.529,823.343,151.74,255.777,1,Start,Finish,222,43.51087825005148,16.363954599943668,229,244,254,10,,,False,
2026-05-12T12:34:41+00:00,43.51175897754729,16.366484854370356,160,2026-05-12T12:36:42.076210+00:00,484,1,2.529,825.872,151.74,255.777,1,Start,Finish,222,43.51087825005148,16.363954599943668,226,244,255,11,,,False,
2026-05-12T12:34:42+00:00,43.511752020567656,16.36645224876702,160,2026-05-12T12:36:42.076210+00:00,484,1,2.741,828.613,164.46,253.606,1,Start,Finish,222,43.51087825005148,16.363954599943668,224,244,255,11,,,False,
2026-05-12T12:34:43+00:00,43.51174591574818,16.366420034319162,160,2026-05-12T12:36:42.076210+00:00,484,1,2.685,831.298,161.1,255.356,1,Start,Finish,222,43.51087825005148,16.363954599943668,221,244,255,11,,,False,
2026-05-12T12:34:44+00:00,43.5117398109287,16.366387819871306,160,2026-05-12T12:36:42.076210+00:00,484,1,2.685,833.983,161.1,255.356,1,Start,Finish,222,43.51087825005148,16.363954599943668,218,244,255,11,,,False,
2026-05-12T12:34:45+00:00,43.511733706109226,16.36635560542345,160,2026-05-12T12:36:42.076210+00:00,484,1,2.685,836.668,161.1,255.356,1,Start,Finish,222,43.51087825005148,16.363954599943668,216,244,255,11,,,False,
2026-05-12T12:34:46+00:00,43.51172760128975,16.366323390975595,161,2026-05-12T12:36:42.076210+00:00,484,1,2.685,839.353,161.1,255.356,1,Start,Finish,222,43.51087825005148,16.363954599943668,213,244,256,12,,,False,
2026-05-12T12:34:47+00:00,43.51172149647027,16.36629117652774,161,2026-05-12T12:36:42.076210+00:00,484,1,2.685,842.038,161.1,255.356,1,Start,Finish,222,43.51087825005148,16.363954599943668,210,244,256,12,,,False,
2026-05-12T12:34:48+00:00,43.5117153916508,16.366258962079883,161,2026-05-12T12:36:42.076210+00:00,484,1,2.685,844.723,161.1,255.356,1,Start,Finish,222,43.51087825005148,16.363954599943668,208,243,256,13,,,False,
2026-05-12T12:34:49+00:00,43.511710949242115,16.366233732551336,161,2026-05-12T12:36:42.076210+00:00,484,1,2.094,846.817,125.64,256.353,1,Start,Finish,222,43.51087825005148,16.363954599943668,206,243,257,14,,,False,
2026-05-12T12:34:50+00:00,43.511706506833434,16.366206449456513,162,2026-05-12T12:36:42.076210+00:00,484,1,2.255,849.072,135.3,257.346,1,Start,Finish,222,43.51087825005148,16.363954599943668,204,243,257,14,,,False,
2026-05-12T12:34:51+00:00,43.51170206442475,16.36617916636169,164,2026-05-12T12:36:42.076210+00:00,484,1,2.255,851.327,135.3,257.346,1,Start,Finish,222,43.51087825005148,16.363954599943668,201,243,257,14,,,False,
2026-05-12T12:34:52+00:00,43.511697901412845,16.366150891408324,164,2026-05-12T12:36:42.076210+00:00,484,1,2.327,853.654,139.62,258.524,1,Start,Finish,222,43.51087825005148,16.363954599943668,199,243,258,15,,,False,
2026-05-12T12:34:53+00:00,43.511693738400936,16.36612261645496,164,2026-05-12T12:36:42.076210+00:00,484,1,2.327,855.98,139.62,258.524,1,Start,Finish,222,43.51087825005148,16.363954599943668,197,243,258,15,,,False,
2026-05-12T12:34:54+00:00,43.51168957538903,16.366094341501594,164,2026-05-12T12:36:42.076210+00:00,484,1,2.327,858.307,139.62,258.524,1,Start,Finish,222,43.51087825005148,16.363954599943668,195,242,258,16,,,False,
2026-05-12T12:34:55+00:00,43.51168541237712,16.36606606654823,163,2026-05-12T12:36:42.076210+00:00,484,1,2.327,860.634,139.62,258.524,1,Start,Finish,222,43.51087825005148,16.363954599943668,192,242,257,15,,,False,
2026-05-12T12:34:56+00:00,43.51168124936521,16.366037791594863,163,2026-05-12T12:36:42.076210+00:00,484,1,2.327,862.96,139.62,258.524,1,Start,Finish,222,43.51087825005148,16.363954599943668,190,242,257,15,,,False,
2026-05-12T12:34:57+00:00,43.5116770863533,16.366009516641498,163,2026-05-12T12:36:42.076210+00:00,484,1,2.327,865.287,139.62,258.524,1,Start,Finish,222,43.51087825005148,16.363954599943668,188,242,258,16,,,False,
2026-05-12T12:34:58+00:00,43.51167121902108,16.365984161384404,163,2026-05-12T12:36:42.076210+00:00,484,1,2.146,867.433,128.76,252.303,1,Start,Finish,222,43.51087825005148,16.363954599943668,186,242,258,16,,,False,
2026-05-12T12:34:59+00:00,43.51166535168886,16.36595880612731,163,2026-05-12T12:36:42.076210+00:00,484,1,2.146,869.58,128.76,252.303,1,Start,Finish,222,43.51087825005148,16.363954599943668,184,242,258,16,,,False,
2026-05-12T12:35:00+00:00,43.51166183128953,16.365929502993822,163,2026-05-12T12:36:42.076210+00:00,484,1,2.395,871.975,143.7,260.594,1,Start,Finish,222,43.51087825005148,16.363954599943668,182,241,258,17,,,False,
2026-05-12T12:35:01+00:00,43.5116583108902,16.365900199860334,163,2026-05-12T12:36:42.076210+00:00,484,1,2.395,874.37,143.7,260.594,1,Start,Finish,222,43.51087825005148,16.363954599943668,179,241,259,18,,,False,
2026-05-12T12:35:02+00:00,43.511654790490866,16.365870896726847,162,2026-05-12T12:36:42.076210+00:00,484,1,2.395,876.765,143.7,260.594,1,Start,Finish,222,43.51087825005148,16.363954599943668,177,241,260,19,,,False,
2026-05-12T12:35:03+00:00,43.511651270091534,16.36584159359336,162,2026-05-12T12:36:42.076210+00:00,484,1,2.395,879.161,143.7,260.594,1,Start,Finish,222,43.51087825005148,16.363954599943668,175,241,261,20,,,False,
2026-05-12T12:35:04+00:00,43.5116477496922,16.36581229045987,162,2026-05-12T12:36:42.076210+00:00,484,1,2.395,881.556,143.7,260.594,1,Start,Finish,222,43.51087825005148,16.363954599943668,173,240,263,23,,,False,
2026-05-12T12:35:05+00:00,43.51164601743221,16.365782604552805,162,2026-05-12T12:36:42.076210+00:00,484,1,2.402,883.958,144.12,265.4,1,Start,Finish,222,43.51087825005148,16.363954599943668,170,240,263,23,,,False,
2026-05-12T12:35:06+00:00,43.511644285172224,16.36575291864574,162,2026-05-12T12:36:42.076210+00:00,484,1,2.402,886.359,144.12,265.4,1,Start,Finish,222,43.51087825005148,16.363954599943668,168,240,264,24,,,False,
2026-05-12T12:35:07+00:00,43.511642552912235,16.365723232738674,162,2026-05-12T12:36:42.076210+00:00,484,1,2.402,888.761,144.12,265.4,1,Start,Finish,222,43.51087825005148,16.363954599943668,166,239,264,25,,,False,
2026-05-12T12:35:08+00:00,43.51164082065225,16.365693546831608,161,2026-05-12T12:36:42.076210+00:00,484,1,2.402,891.163,144.12,265.4,1,Start,Finish,222,43.51087825005148,16.363954599943668,164,239,265,26,,,False,
2026-05-12T12:35:09+00:00,43.51163908839226,16.365663860924542,161,2026-05-12T12:36:42.076210+00:00,484,1,2.402,893.564,144.12,265.4,1,Start,Finish,222,43.51087825005148,16.363954599943668,162,238,267,29,,,False,
2026-05-12T12:35:10+00:00,43.51163735613227,16.365634175017476,161,2026-05-12T12:36:42.076210+00:00,484,1,2.402,895.966,144.12,265.4,1,Start,Finish,222,43.51087825005148,16.363954599943668,160,238,267,29,,,False,
2026-05-12T12:35:11+00:00,43.5116376914084,16.365598845295608,162,2026-05-12T12:36:42.076210+00:00,484,1,2.849,898.815,170.94,270.75,1,Start,Finish,222,43.51087825005148,16.363954599943668,157,238,266,28,,,False,
2026-05-12T12:35:12+00:00,43.51163802668452,16.36556351557374,162,2026-05-12T12:36:42.076210+00:00,484,1,2.849,901.665,170.94,270.75,1,Start,Finish,222,43.51087825005148,16.363954599943668,155,237,266,29,,,False,
2026-05-12T12:35:13+00:00,43.51163546182215,16.36553106084466,161,2026-05-12T12:36:42.076210+00:00,484,1,2.633,904.297,157.98,263.781,1,Start,Finish,222,43.51087825005148,16.363954599943668,152,236,266,30,,,False,
2026-05-12T12:35:14+00:00,43.51163289695978,16.36549860611558,161,2026-05-12T12:36:42.076210+00:00,484,1,2.633,906.93,157.98,263.781,1,Start,Finish,222,43.51087825005148,16.363954599943668,150,236,266,30,,,False,
2026-05-12T12:35:15+00:00,43.51163033209741,16.3654661513865,160,2026-05-12T12:36:42.076210+00:00,484,1,2.633,909.563,157.98,263.781,1,Start,Finish,222,43.51087825005148,16.363954599943668,148,236,265,29,,,False,
2026-05-12T12:35:16+00:00,43.51162776723504,16.36543369665742,160,2026-05-12T12:36:42.076210+00:00,484,1,2.633,912.196,157.98,263.781,1,Start,Finish,222,43.51087825005148,16.363954599943668,146,235,264,29,,,False,
2026-05-12T12:35:17+00:00,43.51162520237267,16.36540124192834,159,2026-05-12T12:36:42.076210+00:00,484,1,2.633,914.828,157.98,263.781,1,Start,Finish,222,43.51087825005148,16.363954599943668,143,235,263,28,,,False,
2026-05-12T12:35:18+00:00,43.51162216393277,16.365367986727506,158,2026-05-12T12:36:42.076210+00:00,484,1,2.703,917.531,162.18,262.82,1,Start,Finish,222,43.51087825005148,16.363954599943668,141,234,263,29,,,False,
2026-05-12T12:35:19+00:00,43.51161912549287,16.365334731526673,158,2026-05-12T12:36:42.076210+00:00,484,1,2.703,920.234,162.18,262.82,1,Start,Finish,222,43.51087825005148,16.363954599943668,138,233,262,29,,,False,
2026-05-12T12:35:20+00:00,43.51161608705297,16.36530147632584,158,2026-05-12T12:36:42.076210+00:00,484,1,2.703,922.937,162.18,262.82,1,Start,Finish,222,43.51087825005148,16.363954599943668,136,233,260,27,,,False,
2026-05-12T12:35:21+00:00,43.51161304861307,16.365268221125007,157,2026-05-12T12:36:42.076210+00:00,484,1,2.703,925.64,162.18,262.82,1,Start,Finish,222,43.51087825005148,16.363954599943668,134,232,258,26,,,False,
2026-05-12T12:35:22+00:00,43.51160632632673,16.365239119157195,158,2026-05-12T12:36:42.076210+00:00,484,1,2.463,928.103,147.78,252.333,1,Start,Finish,222,43.51087825005148,16.363954599943668,131,232,256,24,,,False,
2026-05-12T12:35:23+00:00,43.511599604040384,16.365210017189384,158,2026-05-12T12:36:42.076210+00:00,484,1,2.463,930.566,147.78,252.333,1,Start,Finish,222,43.51087825005148,16.363954599943668,129,232,255,23,,,False,
2026-05-12T12:35:24+00:00,43.51159288175404,16.365180915221572,159,2026-05-12T12:36:42.076210+00:00,484,1,2.463,933.029,147.78,252.333,1,Start,Finish,222,43.51087825005148,16.363954599943668,127,231,254,23,,,False,
2026-05-12T12:35:25+00:00,43.5115861594677,16.36515181325376,159,2026-05-12T12:36:42.076210+00:00,484,1,2.463,935.492,147.78,252.333,1,Start,Finish,222,43.51087825005148,16.363954599943668,125,231,253,22,,,False,
2026-05-12T12:35:26+00:00,43.511579437181354,16.36512271128595,160,2026-05-12T12:36:42.076210+00:00,484,1,2.463,937.955,147.78,252.333,1,Start,Finish,222,43.51087825005148,16.363954599943668,122,230,252,22,,,False,
2026-05-12T12:35:27+00:00,43.51157256402075,16.36509326286614,159,2026-05-12T12:36:42.076210+00:00,484,1,2.495,940.45,149.7,252.161,1,Start,Finish,222,43.51087825005148,16.363954599943668,120,230,252,22,,,False,
2026-05-12T12:35:28+00:00,43.51156569086015,16.36506381444633,159,2026-05-12T12:36:42.076210+00:00,484,1,2.495,942.945,149.7,252.161,1,Start,Finish,222,43.51087825005148,16.363954599943668,118,229,251,22,,,False,
2026-05-12T12:35:29+00:00,43.51155881769955,16.36503436602652,158,2026-05-12T12:36:42.076210+00:00,484,1,2.495,945.44,149.7,252.161,1,Start,Finish,222,43.51087825005148,16.363954599943668,115,229,251,22,,,False,
2026-05-12T12:35:30+00:00,43.51155149191618,16.365007711574435,159,2026-05-12T12:36:42.076210+00:00,484,1,2.299,947.738,137.94,249.245,1,Start,Finish,222,43.51087825005148,16.363954599943668,113,229,251,22,,,False,
2026-05-12T12:35:31+00:00,43.51154416613281,16.36498105712235,159,2026-05-12T12:36:42.076210+00:00,484,1,2.299,950.037,137.94,249.245,1,Start,Finish,222,43.51087825005148,16.363954599943668,111,228,249,21,,,False,
2026-05-12T12:35:32+00:00,43.51153684034944,16.364954402670264,160,2026-05-12T12:36:42.076210+00:00,484,1,2.299,952.336,137.94,249.245,1,Start,Finish,222,43.51087825005148,16.363954599943668,109,228,248,20,,,False,
2026-05-12T12:35:33+00:00,43.511529514566064,16.36492774821818,160,2026-05-12T12:36:42.076210+00:00,484,1,2.299,954.634,137.94,249.245,1,Start,Finish,222,43.51087825005148,16.363954599943668,107,227,248,21,,,False,
2026-05-12T12:35:34+00:00,43.51152218878269,16.364901093766093,161,2026-05-12T12:36:42.076210+00:00,484,1,2.299,956.933,137.94,249.245,1,Start,Finish,222,43.51087825005148,16.363954599943668,105,227,247,20,,,False,
2026-05-12T12:35:35+00:00,43.51151200477034,16.36487381067127,161,2026-05-12T12:36:42.076210+00:00,484,1,2.474,959.407,148.44,242.766,1,Start,Finish,222,43.51087825005148,16.363954599943668,102,226,247,21,,,False,
2026-05-12T12:35:36+00:00,43.511501820757985,16.364846527576447,161,2026-05-12T12:36:42.076210+00:00,484,1,2.474,961.882,148.44,242.766,1,Start,Finish,222,43.51087825005148,16.363954599943668,100,226,247,21,,,False,
2026-05-12T12:35:37+00:00,43.5114923492074,16.364816553890705,160,2026-05-12T12:36:42.076210+00:00,484,1,2.637,964.518,158.22,246.457,1,Start,Finish,222,43.51087825005148,16.363954599943668,97,226,246,20,,,False,
2026-05-12T12:35:38+00:00,43.51148287765682,16.364786580204964,160,2026-05-12T12:36:42.076210+00:00,484,1,2.637,967.155,158.22,246.457,1,Start,Finish,222,43.51087825005148,16.363954599943668,95,225,245,20,,,False,
2026-05-12T12:35:39+00:00,43.511473406106234,16.364756606519222,159,2026-05-12T12:36:42.076210+00:00,484,1,2.637,969.792,158.22,246.457,1,Start,Finish,222,43.51087825005148,16.363954599943668,93,224,246,22,,,False,
2026-05-12T12:35:40+00:00,43.51146393455565,16.36472663283348,159,2026-05-12T12:36:42.076210+00:00,484,1,2.637,972.428,158.22,246.457,1,Start,Finish,222,43.51087825005148,16.363954599943668,90,224,247,23,,,False,
2026-05-12T12:35:41+00:00,43.511454463005066,16.36469665914774,158,2026-05-12T12:36:42.076210+00:00,484,1,2.637,975.065,158.22,246.457,1,Start,Finish,222,43.51087825005148,16.363954599943668,88,223,249,26,,,False,
2026-05-12T12:35:42+00:00,43.51144603919238,16.364666526205838,158,2026-05-12T12:36:42.076210+00:00,484,1,2.604,977.669,156.24,248.92,1,Start,Finish,222,43.51087825005148,16.363954599943668,85,222,250,28,,,False,
2026-05-12T12:35:43+00:00,43.51143761537969,16.364636393263936,159,2026-05-12T12:36:42.076210+00:00,484,1,2.604,980.274,156.24,248.92,1,Start,Finish,222,43.51087825005148,16.363954599943668,83,221,250,29,,,False,
2026-05-12T12:35:44+00:00,43.51143156643957,16.364608998410404,159,2026-05-12T12:36:42.076210+00:00,484,1,2.309,982.583,138.54,253.067,1,Start,Finish,222,43.51087825005148,16.363954599943668,81,221,251,30,,,False,
2026-05-12T12:35:45+00:00,43.51142551749945,16.36458160355687,158,2026-05-12T12:36:42.076210+00:00,484,1,2.309,984.892,138.54,253.067,1,Start,Finish,222,43.51087825005148,16.363954599943668,79,220,251,31,,,False,
2026-05-12T12:35:46+00:00,43.511419468559325,16.36455420870334,158,2026-05-12T12:36:42.076210+00:00,484,1,2.309,987.202,138.54,253.067,1,Start,Finish,222,43.51087825005148,16.363954599943668,77,219,253,34,,,False,
2026-05-12T12:35:47+00:00,43.5114134196192,16.364526813849807,158,2026-05-12T12:36:42.076210+00:00,484,1,2.309,989.511,138.54,253.067,1,Start,Finish,222,43.51087825005148,16.363954599943668,75,218,254,36,,,False,
2026-05-12T12:35:48+00:00,43.51140737067908,16.364499418996274,157,2026-05-12T12:36:42.076210+00:00,484,1,2.309,991.82,138.54,253.067,1,Start,Finish,222,43.51087825005148,16.363954599943668,73,217,255,38,,,False,
2026-05-12T12:35:49+00:00,43.51140132173896,16.364472024142742,157,2026-05-12T12:36:42.076210+00:00,484,1,2.309,994.129,138.54,253.067,1,Start,Finish,222,43.51087825005148,16.363954599943668,72,216,256,40,,,False,
2026-05-12T12:35:50+00:00,43.51139735430479,16.364443190395832,156,2026-05-12T12:36:42.076210+00:00,484,1,2.367,996.496,142.02,259.257,1,Start,Finish,222,43.51087825005148,16.363954599943668,70,214,256,42,,,False,
2026-05-12T12:35:51+00:00,43.51139338687062,16.364414356648922,156,2026-05-12T12:36:42.076210+00:00,484,1,2.367,998.863,142.02,259.257,1,Start,Finish,222,43.51087825005148,16.363954599943668,68,213,256,43,,,False,
2026-05-12T12:35:52+00:00,43.511389419436455,16.364385522902012,155,2026-05-12T12:36:42.076210+00:00,484,1,2.367,1001.23,142.02,259.257,1,Start,Finish,222,43.51087825005148,16.363954599943668,67,211,257,46,,,False,
2026-05-12T12:35:53+00:00,43.51138465851545,16.364357644692063,155,2026-05-12T12:36:42.076210+00:00,484,1,2.31,1003.539,138.6,256.75,1,Start,Finish,222,43.51087825005148,16.363954599943668,65,210,257,47,,,False,
2026-05-12T12:35:54+00:00,43.51137989759445,16.364329766482115,155,2026-05-12T12:36:42.076210+00:00,484,1,2.31,1005.849,138.6,256.75,1,Start,Finish,222,43.51087825005148,16.363954599943668,63,208,257,49,,,False,
2026-05-12T12:35:55+00:00,43.51137513667345,16.364301888272166,154,2026-05-12T12:36:42.076210+00:00,484,1,2.31,1008.159,138.6,256.75,1,Start,Finish,222,43.51087825005148,16.363954599943668,62,207,256,49,,,False,
2026-05-12T12:35:56+00:00,43.51137037575245,16.364274010062218,154,2026-05-12T12:36:42.076210+00:00,484,1,2.31,1010.468,138.6,256.75,1,Start,Finish,222,43.51087825005148,16.363954599943668,60,205,254,49,,,False,
2026-05-12T12:35:57+00:00,43.51136561483145,16.36424613185227,154,2026-05-12T12:36:42.076210+00:00,484,1,2.31,1012.778,138.6,256.75,1,Start,Finish,222,43.51087825005148,16.363954599943668,59,203,253,50,,,False,
2026-05-12T12:35:58+00:00,43.51135839242488,16.364220567047596,154,2026-05-12T12:36:42.076210+00:00,484,1,2.213,1014.99,132.78,248.717,1,Start,Finish,222,43.51087825005148,16.363954599943668,58,202,252,50,,,False,
2026-05-12T12:35:59+00:00,43.511351170018315,16.364195002242923,153,2026-05-12T12:36:42.076210+00:00,484,1,2.213,1017.203,132.78,248.717,1,Start,Finish,222,43.51087825005148,16.363954599943668,56,200,251,51,,,False,
2026-05-12T12:36:00+00:00,43.51134394761175,16.36416943743825,152,2026-05-12T12:36:42.076210+00:00,484,1,2.213,1019.415,132.78,248.717,1,Start,Finish,222,43.51087825005148,16.363954599943668,55,198,249,51,,,False,
2026-05-12T12:36:01+00:00,43.51133672520518,16.364143872633576,152,2026-05-12T12:36:42.076210+00:00,484,1,2.213,1021.628,132.78,248.717,1,Start,Finish,222,43.51087825005148,16.363954599943668,53,197,247,50,,,False,
2026-05-12T12:36:02+00:00,43.51132950279862,16.364118307828903,152,2026-05-12T12:36:42.076210+00:00,484,1,2.213,1023.841,132.78,248.717,1,Start,Finish,222,43.51087825005148,16.363954599943668,52,195,243,48,,,False,
2026-05-12T12:36:03+00:00,43.51132228039205,16.36409274302423,151,2026-05-12T12:36:42.076210+00:00,484,1,2.213,1026.053,132.78,248.717,1,Start,Finish,222,43.51087825005148,16.363954599943668,51,193,241,48,,,False,
2026-05-12T12:36:04+00:00,43.511312515474856,16.36407350655645,152,2026-05-12T12:36:42.076210+00:00,484,1,1.894,1027.947,113.64,235.01,1,Start,Finish,222,43.51087825005148,16.363954599943668,49,191,240,49,,,False,
2026-05-12T12:36:05+00:00,43.51130275055766,16.364054270088673,153,2026-05-12T12:36:42.076210+00:00,484,1,1.894,1029.84,113.64,235.01,1,Start,Finish,222,43.51087825005148,16.363954599943668,48,190,238,48,,,False,
2026-05-12T12:36:06+00:00,43.51129235699773,16.364035243168473,154,2026-05-12T12:36:42.076210+00:00,484,1,1.921,1031.761,115.26,233.013,1,Start,Finish,222,43.51087825005148,16.363954599943668,47,188,237,49,,,False,
2026-05-12T12:36:07+00:00,43.51128196343779,16.364016216248274,156,2026-05-12T12:36:42.076210+00:00,484,1,1.921,1033.682,115.26,233.013,1,Start,Finish,222,43.51087825005148,16.363954599943668,45,186,236,50,,,False,
2026-05-12T12:36:08+00:00,43.51127161178738,16.363996351137757,158,2026-05-12T12:36:42.076210+00:00,484,1,1.973,1035.655,118.38,234.302,1,Start,Finish,222,43.51087825005148,16.363954599943668,44,184,236,52,,,False,
2026-05-12T12:36:09+00:00,43.51126126013696,16.36397648602724,159,2026-05-12T12:36:42.076210+00:00,484,1,1.973,1037.627,118.38,234.302,1,Start,Finish,222,43.51087825005148,16.363954599943668,43,182,235,53,,,False,
2026-05-12T12:36:10+00:00,43.511248980648816,16.363956620916724,160,2026-05-12T12:36:42.076210+00:00,484,1,2.105,1039.732,126.3,229.558,1,Start,Finish,222,43.51087825005148,16.363954599943668,41,180,236,56,,,False,
2026-05-12T12:36:11+00:00,43.51123670116067,16.363936755806208,160,2026-05-12T12:36:42.076210+00:00,484,1,2.105,1041.837,126.3,229.558,1,Start,Finish,222,43.51087825005148,16.363954599943668,40,178,237,59,,,False,
2026-05-12T12:36:12+00:00,43.51122751459479,16.363911274820566,160,2026-05-12T12:36:42.076210+00:00,484,1,2.295,1044.132,137.7,243.567,1,Start,Finish,222,43.51087825005148,16.363954599943668,39,175,238,63,,,False,
2026-05-12T12:36:13+00:00,43.51121832802892,16.363885793834925,160,2026-05-12T12:36:42.076210+00:00,484,1,2.295,1046.427,137.7,243.567,1,Start,Finish,222,43.51087825005148,16.363954599943668,38,172,239,67,,,False,
2026-05-12T12:36:14+00:00,43.51120914146304,16.363860312849283,160,2026-05-12T12:36:42.076210+00:00,484,1,2.295,1048.721,137.7,243.567,1,Start,Finish,222,43.51087825005148,16.363954599943668,38,168,239,71,,,False,
2026-05-12T12:36:15+00:00,43.511199954897165,16.36383483186364,160,2026-05-12T12:36:42.076210+00:00,484,1,2.295,1051.016,137.7,243.567,1,Start,Finish,222,43.51087825005148,16.363954599943668,37,165,240,75,,,False,
2026-05-12T12:36:16+00:00,43.51119076833129,16.363809350878,160,2026-05-12T12:36:42.076210+00:00,484,1,2.295,1053.311,137.7,243.567,1,Start,Finish,222,43.51087825005148,16.363954599943668,37,161,240,79,,,False,
2026-05-12T12:36:17+00:00,43.51118183322251,16.3637903239578,160,2026-05-12T12:36:42.076210+00:00,484,1,1.828,1055.139,109.68,237.076,1,Start,Finish,222,43.51087825005148,16.363954599943668,36,159,231,72,,,False,
2026-05-12T12:36:18+00:00,43.51117289811373,16.3637712970376,160,2026-05-12T12:36:42.076210+00:00,484,1,1.828,1056.967,109.68,237.076,1,Start,Finish,222,43.51087825005148,16.363954599943668,36,156,224,68,,,False,
2026-05-12T12:36:19+00:00,43.51116396300495,16.363752270117402,159,2026-05-12T12:36:42.076210+00:00,484,1,1.828,1058.795,109.68,237.076,1,Start,Finish,222,43.51087825005148,16.363954599943668,36,153,222,69,,,False,
2026-05-12T12:36:20+00:00,43.511155027896166,16.363733243197203,159,2026-05-12T12:36:42.076210+00:00,484,1,1.828,1060.623,109.68,237.076,1,Start,Finish,222,43.51087825005148,16.363954599943668,36,150,215,65,,,False,
2026-05-12T12:36:21+00:00,43.511146092787385,16.363714216277003,159,2026-05-12T12:36:42.076210+00:00,484,1,1.828,1062.451,109.68,237.076,1,Start,Finish,222,43.51087825005148,16.363954599943668,36,147,205,58,,,False,
2026-05-12T12:36:22+00:00,43.511136285960674,16.363709438592196,158,2026-05-12T12:36:42.076210+00:00,484,1,1.157,1063.607,69.42,199.459,1,Start,Finish,222,43.51087825005148,16.363954599943668,35,145,200,55,,,False,
2026-05-12T12:36:23+00:00,43.51112316828221,16.363714383915067,159,2026-05-12T12:36:42.076210+00:00,484,1,1.512,1065.119,90.72,164.708,1,Start,Finish,222,43.51087825005148,16.363954599943668,33,145,193,48,,,False,
2026-05-12T12:36:24+00:00,43.51111005060375,16.363719329237938,160,2026-05-12T12:36:42.076210+00:00,484,1,1.512,1066.632,90.72,164.708,1,Start,Finish,222,43.51087825005148,16.363954599943668,32,144,181,37,,,False,
2026-05-12T12:36:25+00:00,43.51109739392996,16.363743720576167,160,2026-05-12T12:36:42.076210+00:00,484,1,2.419,1069.05,145.14,125.583,1,Start,Finish,222,43.51087825005148,16.363954599943668,30,145,163,18,,,False,
2026-05-12T12:36:26+00:00,43.51108240429312,16.363765569403768,160,2026-05-12T12:36:42.076210+00:00,484,1,2.425,1071.476,145.5,133.41,1,Start,Finish,222,43.51087825005148,16.363954599943668,27,146,153,7,,,False,
2026-05-12T12:36:27+00:00,43.51106741465628,16.363787418231368,161,2026-05-12T12:36:42.076210+00:00,484,1,2.425,1073.901,145.5,133.41,1,Start,Finish,222,43.51087825005148,16.363954599943668,25,147,139,8,,,False,
2026-05-12T12:36:28+00:00,43.51105242501944,16.36380926705897,161,2026-05-12T12:36:42.076210+00:00,484,1,2.425,1076.326,145.5,133.41,1,Start,Finish,222,43.51087825005148,16.363954599943668,23,149,138,11,,,False,
2026-05-12T12:36:29+00:00,43.511037435382605,16.36383111588657,161,2026-05-12T12:36:42.076210+00:00,484,1,2.425,1078.752,145.5,133.41,1,Start,Finish,222,43.51087825005148,16.363954599943668,20,151,137,14,,,False,
2026-05-12T12:36:30+00:00,43.511022445745766,16.36385296471417,162,2026-05-12T12:36:42.076210+00:00,484,1,2.425,1081.177,145.5,133.41,1,Start,Finish,222,43.51087825005148,16.363954599943668,18,153,142,11,,,False,
2026-05-12T12:36:31+00:00,43.51100745610893,16.36387481354177,162,2026-05-12T12:36:42.076210+00:00,484,1,2.425,1083.603,145.5,133.41,1,Start,Finish,222,43.51087825005148,16.363954599943668,16,156,147,9,,,False,
2026-05-12T12:36:32+00:00,43.510993018280715,16.363884075544775,163,2026-05-12T12:36:42.076210+00:00,484,1,1.771,1085.373,106.26,155.05,1,Start,Finish,222,43.51087825005148,16.363954599943668,14,156,147,9,,,False,
2026-05-12T12:36:33+00:00,43.5109785804525,16.36389333754778,164,2026-05-12T12:36:42.076210+00:00,484,1,1.771,1087.144,106.26,155.05,1,Start,Finish,222,43.51087825005148,16.363954599943668,12,156,146,10,,,False,
2026-05-12T12:36:34+00:00,43.51096414262429,16.363902599550784,164,2026-05-12T12:36:42.076210+00:00,484,1,1.771,1088.915,106.26,155.05,1,Start,Finish,222,43.51087825005148,16.363954599943668,10,156,145,11,,,False,
2026-05-12T12:36:35+00:00,43.51094970479608,16.363911861553788,165,2026-05-12T12:36:42.076210+00:00,484,1,1.771,1090.685,106.26,155.05,1,Start,Finish,222,43.51087825005148,16.363954599943668,9,157,142,15,,,False,
2026-05-12T12:36:36+00:00,43.51094031706453,16.3639147952199,165,2026-05-12T12:36:42.076210+00:00,484,1,1.07,1091.756,64.2,167.23,1,Start,Finish,222,43.51087825005148,16.363954599943668,8,155,143,12,,,False,
2026-05-12T12:36:37+00:00,43.51093092933297,16.36391772888601,165,2026-05-12T12:36:42.076210+00:00,484,1,1.07,1092.826,64.2,167.23,1,Start,Finish,222,43.51087825005148,16.363954599943668,7,153,141,12,,,False,
2026-05-12T12:36:38+00:00,43.51092296652496,16.363933235406876,164,2026-05-12T12:36:42.076210+00:00,484,1,1.532,1094.358,91.92,125.301,1,Start,Finish,222,43.51087825005148,16.363954599943668,5,161,142,19,,,False,
2026-05-12T12:36:39+00:00,43.510915003716946,16.363948741927743,164,2026-05-12T12:36:42.076210+00:00,484,1,1.532,1095.89,91.92,125.301,1,Start,Finish,222,43.51087825005148,16.363954599943668,4,173,138,35,,,False,
2026-05-12T12:36:40+00:00,43.51090704090893,16.36396424844861,163,2026-05-12T12:36:42.076210+00:00,484,1,1.532,1097.423,91.92,125.301,1,Start,Finish,222,43.51087825005148,16.363954599943668,3,194,134,60,,,False,
2026-05-12T12:36:41+00:00,43.51089907810092,16.363979754969478,163,2026-05-12T12:36:42.076210+00:00,484,1,1.532,1098.955,91.92,125.301,1,Start,Finish,222,43.51087825005148,16.363954599943668,3,221,131,90,,,False,
2026-05-12T12:36:42+00:00,43.51089111529291,16.363995261490345,162,2026-05-12T12:36:42.076210+00:00,484,1,1.532,1100.487,91.92,125.301,1,Start,Finish,222,43.51087825005148,16.363954599943668,4,246,130,116,,,False,
2026-05-12T12:36:43+00:00,43.51088197901845,16.364017138257623,162,2026-05-12T12:36:42.076210+00:00,484,1,2.036,1102.523,122.16,119.935,1,Start,Finish,222,43.51087825005148,16.363954599943668,5,265,124,141,,,False,
2026-05-12T12:36:44+00:00,43.510875441133976,16.364038875326514,161,2026-05-12T12:36:42.076210+00:00,484,1,1.898,1104.421,113.88,112.525,1,Start,Finish,222,43.51087825005148,16.363954599943668,7,273,132,141,,,False,
2026-05-12T12:36:45+00:00,43.5108689032495,16.364060612395406,160,2026-05-12T12:36:42.076210+00:00,484,1,1.898,1106.318,113.88,112.525,1,Start,Finish,222,43.51087825005148,16.363954599943668,9,277,127,150,,,False,
2026-05-12T12:36:46+00:00,43.51086236536503,16.364082349464297,159,2026-05-12T12:36:42.076210+00:00,484,1,1.898,1108.216,113.88,112.525,1,Start,Finish,222,43.51087825005148,16.363954599943668,10,280,116,164,,,False,
2026-05-12T12:36:47+00:00,43.510857000947,16.364094482269138,158,2026-05-12T12:36:42.076210+00:00,484,1,1.146,1109.362,68.76,121.368,1,Start,Finish,222,43.51087825005148,16.363954599943668,12,282,108,174,,,False,
2026-05-12T12:36:48+00:00,43.51085163652897,16.36410661507398,158,2026-05-12T12:36:42.076210+00:00,484,1,1.146,1110.508,68.76,121.368,1,Start,Finish,222,43.51087825005148,16.363954599943668,13,284,106,178,,,False,
2026-05-12T12:36:49+00:00,43.51084627211094,16.36411874787882,157,2026-05-12T12:36:42.076210+00:00,484,1,1.146,1111.654,68.76,121.368,1,Start,Finish,222,43.51087825005148,16.363954599943668,14,285,101,176,,,False,
2026-05-12T12:36:50+00:00,43.51084090769291,16.36413088068366,156,2026-05-12T12:36:42.076210+00:00,484,1,1.146,1112.8,68.76,121.368,1,Start,Finish,222,43.51087825005148,16.363954599943668,15,286,97,171,,,False,
2026-05-12T12:36:51+00:00,43.51084048859775,16.364135574549437,155,2026-05-12T12:36:42.076210+00:00,484,1,0.381,1113.181,22.86,97.018,1,Start,Finish,222,43.51087825005148,16.363954599943668,15,286,95,169,,,False,
2026-05-12T12:36:52+00:00,43.510838728398085,16.36413603555411,155,2026-05-12T12:36:42.076210+00:00,484,1,0.199,1113.38,11.94,169.245,1,Start,Finish,222,43.51087825005148,16.363954599943668,15,287,95,168,,,False,
2026-05-12T12:36:53+00:00,43.51083696819842,16.364136496558785,155,2026-05-12T12:36:42.076210+00:00,484,1,0.199,1113.58,11.94,169.245,1,Start,Finish,222,43.51087825005148,16.363954599943668,15,287,93,166,,,False,
2026-05-12T12:36:54+00:00,43.51083520799875,16.36413695756346,155,2026-05-12T12:36:42.076210+00:00,484,1,0.199,1113.779,11.94,169.245,1,Start,Finish,222,43.51087825005148,16.363954599943668,15,288,93,165,,,False,
2026-05-12T12:36:55+00:00,43.51083344779909,16.364137418568134,155,2026-05-12T12:36:42.076210+00:00,484,1,0.199,1113.978,11.94,169.245,1,Start,Finish,222,43.51087825005148,16.363954599943668,16,289,93,164,,,False,
2026-05-12T12:36:56+00:00,43.51083281915635,16.364138005301356,113,2026-05-12T12:36:42.076210+00:00,484,1,0.084,1114.062,5.04,145.906,1,Start,Finish,222,43.51087825005148,16.363954599943668,16,289,93,164,,,False,
2026-05-12T12:36:57+00:00,43.51083219051361,16.36413859203458,71,2026-05-12T12:36:42.076210+00:00,484,1,0.084,1114.147,5.04,145.906,1,Start,Finish,222,43.51087825005148,16.363954599943668,16,289,92,163,,,False,
2026-05-12T12:36:58+00:00,43.51082917302847,16.3641426153481,71,2026-05-12T12:36:42.076210+00:00,484,1,0.467,1114.614,28.02,135.961,1,Start,Finish,222,43.51087825005148,16.363954599943668,16,290,89,159,,,False,
2026-05-12T12:36:59+00:00,43.51083051413298,16.364147560670972,160,2026-05-12T12:36:42.076210+00:00,484,1,0.426,1115.039,25.56,69.498,1,Start,Finish,222,43.51087825005148,16.363954599943668,16,289,89,160,,,False,
2026-05-12T12:37:00+00:00,43.51083210669458,16.364155607298017,160,2026-05-12T12:36:42.076210+00:00,484,1,0.673,1115.712,40.38,74.736,1,Start,Finish,222,43.51087825005148,16.363954599943668,17,288,92,164,,,False,
2026-05-12T12:37:01+00:00,43.51083520799875,16.364163989201188,161,2026-05-12T12:36:42.076210+00:00,484,1,0.759,1116.471,45.54,62.971,1,Start,Finish,222,43.51087825005148,16.363954599943668,18,286,92,166,,,False,
2026-05-12T12:37:02+00:00,43.51083737332374,16.364168655127287,161,2026-05-12T12:36:42.076210+00:00,484,1,0.447,1116.918,26.82,57.385,1,Start,Finish,222,43.51087825005148,16.363954599943668,18,285,93,168,,,False,
2026-05-12T12:37:03+00:00,43.510839538648725,16.364173321053386,161,2026-05-12T12:36:42.076210+00:00,484,1,0.447,1117.364,26.82,57.385,1,Start,Finish,222,43.51087825005148,16.363954599943668,18,284,94,170,,,False,
2026-05-12T12:37:04+00:00,43.51084170397371,16.364177986979485,160,2026-05-12T12:36:42.076210+00:00,484,1,0.447,1117.811,26.82,57.385,1,Start,Finish,222,43.51087825005148,16.363954599943668,18,283,94,171,,,False,
2026-05-12T12:37:05+00:00,43.5108438692987,16.364182652905583,160,2026-05-12T12:36:42.076210+00:00,484,1,0.447,1118.258,26.82,57.385,1,Start,Finish,222,43.51087825005148,16.363954599943668,19,282,94,172,,,False,
2026-05-12T12:37:06+00:00,43.51084603462368,16.364187318831682,160,2026-05-12T12:36:42.076210+00:00,484,1,0.447,1118.704,26.82,57.385,1,Start,Finish,222,43.51087825005148,16.363954599943668,19,281,94,173,,,False,
2026-05-12T12:37:07+00:00,43.51084819994867,16.36419198475778,160,2026-05-12T12:36:42.076210+00:00,484,1,0.447,1119.151,26.82,57.385,1,Start,Finish,222,43.51087825005148,16.363954599943668,19,280,93,173,,,False,
2026-05-12T12:37:08+00:00,43.51084866095334,16.364199654199183,159,2026-05-12T12:36:42.076210+00:00,484,1,0.621,1119.772,37.26,85.262,1,Start,Finish,222,43.51087825005148,16.363954599943668,20,279,92,173,,,False,
2026-05-12T12:37:09+00:00,43.51084912195802,16.364207323640585,158,2026-05-12T12:36:42.076210+00:00,484,1,0.621,1120.392,37.26,85.262,1,Start,Finish,222,43.51087825005148,16.363954599943668,21,279,91,172,,,False,
2026-05-12T12:37:10+00:00,43.510852181352675,16.364212380722165,158,2026-05-12T12:36:42.076210+00:00,484,1,0.531,1120.923,31.86,50.166,1,Start,Finish,222,43.51087825005148,16.363954599943668,21,278,90,172,,,False,
2026-05-12T12:37:11+00:00,43.51085524074733,16.364217437803745,159,2026-05-12T12:36:42.076210+00:00,484,1,0.531,1121.455,31.86,50.166,1,Start,Finish,222,43.51087825005148,16.363954599943668,21,277,89,172,,,False,
2026-05-12T12:37:12+00:00,43.51085830014199,16.364222494885325,159,2026-05-12T12:36:42.076210+00:00,484,1,0.531,1121.986,31.86,50.166,1,Start,Finish,222,43.51087825005148,16.363954599943668,22,276,88,172,,,False,
2026-05-12T12:37:13+00:00,43.51086135953665,16.364227551966906,159,2026-05-12T12:36:42.076210+00:00,484,1,0.531,1122.517,31.86,50.166,1,Start,Finish,222,43.51087825005148,16.363954599943668,22,275,88,173,,,False,
2026-05-12T12:37:14+00:00,43.510864418931305,16.364232609048486,160,2026-05-12T12:36:42.076210+00:00,484,1,0.531,1123.048,31.86,50.166,1,Start,Finish,222,43.51087825005148,16.363954599943668,22,274,87,173,,,False,
2026-05-12T12:37:15+00:00,43.51086747832596,16.364237666130066,160,2026-05-12T12:36:42.076210+00:00,484,1,0.531,1123.579,31.86,50.166,1,Start,Finish,222,43.51087825005148,16.363954599943668,23,273,85,172,,,False,
2026-05-12T12:37:16+00:00,43.51087024435401,16.364242359995842,158,2026-05-12T12:36:42.076210+00:00,484,1,0.488,1124.067,29.28,50.905,1,Start,Finish,222,43.51087825005148,16.363954599943668,23,272,79,167,,,False,
2026-05-12T12:37:17+00:00,43.510873010382056,16.364247053861618,157,2026-05-12T12:36:42.076210+00:00,484,1,0.488,1124.554,29.28,50.905,1,Start,Finish,222,43.51087825005148,16.363954599943668,24,271,77,166,,,False,
2026-05-12T12:37:18+00:00,43.51087057963014,16.36425213329494,156,2026-05-12T12:36:42.076210+00:00,484,1,0.491,1125.045,29.46,123.419,1,Start,Finish,222,43.51087825005148,16.363954599943668,24,272,76,164,,,False,
2026-05-12T12:37:19+00:00,43.51086814887822,16.364257212728262,156,2026-05-12T12:36:42.076210+00:00,484,1,0.491,1125.536,29.46,123.419,1,Start,Finish,222,43.51087825005148,16.363954599943668,24,273,76,163,,,False,
2026-05-12T12:37:20+00:00,43.5108657181263,16.364262292161584,155,2026-05-12T12:36:42.076210+00:00,484,1,0.491,1126.027,29.46,123.419,1,Start,Finish,222,43.51087825005148,16.363954599943668,25,273,75,162,,,False,
2026-05-12T12:37:21+00:00,43.51086328737438,16.364267371594906,155,2026-05-12T12:36:42.076210+00:00,484,1,0.491,1126.517,29.46,123.419,1,Start,Finish,222,43.51087825005148,16.363954599943668,25,274,76,162,,,False,
2026-05-12T12:37:22+00:00,43.51086085662246,16.364272451028228,154,2026-05-12T12:36:42.076210+00:00,484,1,0.491,1127.008,29.46,123.419,1,Start,Finish,222,43.51087825005148,16.363954599943668,26,274,76,162,,,False,
2026-05-12T12:37:23+00:00,43.51085892878473,16.364287706092,153,2026-05-12T12:36:42.076210+00:00,484,1,1.249,1128.257,74.94,99.885,1,Start,Finish,222,43.51087825005148,16.363954599943668,27,275,77,162,,,False,
2026-05-12T12:37:24+00:00,43.51085990667343,16.364294104278088,153,2026-05-12T12:36:42.076210+00:00,484,1,0.527,1128.784,31.62,78.1,1,Start,Finish,222,43.51087825005148,16.363954599943668,27,274,78,164,,,False,
2026-05-12T12:37:25+00:00,43.510860884562135,16.364300502464175,152,2026-05-12T12:36:42.076210+00:00,484,1,0.527,1129.312,31.62,78.1,1,Start,Finish,222,43.51087825005148,16.363954599943668,28,274,79,165,,,False,
2026-05-12T12:37:26+00:00,43.51086186245084,16.364306900650263,152,2026-05-12T12:36:42.076210+00:00,484,1,0.527,1129.839,31.62,78.1,1,Start,Finish,222,43.51087825005148,16.363954599943668,28,274,78,164,,,False,
2026-05-12T12:37:27+00:00,43.51086284033954,16.36431329883635,152,2026-05-12T12:36:42.076210+00:00,484,1,0.527,1130.366,31.62,78.1,1,Start,Finish,222,43.51087825005148,16.363954599943668,29,273,78,165,,,False,
2026-05-12T12:37:28+00:00,43.510863818228245,16.364319697022438,151,2026-05-12T12:36:42.076210+00:00,484,1,0.527,1130.893,31.62,78.1,1,Start,Finish,222,43.51087825005148,16.363954599943668,29,273,77,164,,,False,
2026-05-12T12:37:29+00:00,43.51086479611695,16.364326095208526,151,2026-05-12T12:36:42.076210+00:00,484,1,0.527,1131.421,31.62,78.1,1,Start,Finish,222,43.51087825005148,16.363954599943668,30,273,77,164,,,False,
2026-05-12T12:37:30+00:00,43.51086527807638,16.3643303909339,150,2026-05-12T12:36:42.076210+00:00,484,1,0.351,1131.771,21.06,81.206,1,Start,Finish,222,43.51087825005148,16.363954599943668,30,273,78,165,,,False,
2026-05-12T12:37:31+00:00,43.51086576003581,16.364334686659276,149,2026-05-12T12:36:42.076210+00:00,484,1,0.351,1132.122,21.06,81.206,1,Start,Finish,222,43.51087825005148,16.363954599943668,31,273,79,166,,,False,
2026-05-12T12:37:32+00:00,43.510866241995245,16.364338982384652,148,2026-05-12T12:36:42.076210+00:00,484,1,0.351,1132.472,21.06,81.206,1,Start,Finish,222,43.51087825005148,16.363954599943668,31,272,79,167,,,False,
2026-05-12T12:37:33+00:00,43.51086672395468,16.364343278110027,147,2026-05-12T12:36:42.076210+00:00,484,1,0.351,1132.823,21.06,81.206,1,Start,Finish,222,43.51087825005148,16.363954599943668,31,272,81,169,,,False,
2026-05-12T12:37:34+00:00,43.510866947472095,16.36434811167419,147,2026-05-12T12:36:42.076210+00:00,484,1,0.391,1133.213,23.46,86.352,1,Start,Finish,222,43.51087825005148,16.363954599943668,32,272,81,169,,,False,
2026-05-12T12:37:35+00:00,43.51086717098951,16.364352945238352,146,2026-05-12T12:36:42.076210+00:00,484,1,0.391,1133.604,23.46,86.352,1,Start,Finish,222,43.51087825005148,16.363954599943668,32,272,83,171,,,False,
2026-05-12T12:37:36+00:00,43.51086739450693,16.364357778802514,146,2026-05-12T12:36:42.076210+00:00,484,1,0.391,1133.995,23.46,86.352,1,Start,Finish,222,43.51087825005148,16.363954599943668,33,272,83,171,,,False,
2026-05-12T12:37:37+00:00,43.510868752375245,16.36436347849667,146,2026-05-12T12:36:42.076210+00:00,484,1,0.484,1134.478,29.04,71.815,1,Start,Finish,222,43.51087825005148,16.363954599943668,33,272,84,172,,,False,
2026-05-12T12:37:38+00:00,43.51087011024356,16.364369178190827,146,2026-05-12T12:36:42.076210+00:00,484,1,0.484,1134.962,29.04,71.815,1,Start,Finish,222,43.51087825005148,16.363954599943668,33,272,85,173,,,False,
2026-05-12T12:37:39+00:00,43.51087146811187,16.364374877884984,146,2026-05-12T12:36:42.076210+00:00,484,1,0.484,1135.446,29.04,71.815,1,Start,Finish,222,43.51087825005148,16.363954599943668,34,271,84,173,,,False,
2026-05-12T12:37:40+00:00,43.51087282598019,16.36438057757914,146,2026-05-12T12:36:42.076210+00:00,484,1,0.484,1135.93,29.04,71.815,1,Start,Finish,222,43.51087825005148,16.363954599943668,34,271,83,172,,,False,
2026-05-12T12:37:41+00:00,43.5108741838485,16.364386277273297,146,2026-05-12T12:36:42.076210+00:00,484,1,0.484,1136.414,29.04,71.815,1,Start,Finish,222,43.51087825005148,16.363954599943668,35,271,82,171,,,False,
2026-05-12T12:37:42+00:00,43.51087613264099,16.364395308773965,145,2026-05-12T12:36:42.076210+00:00,484,1,0.76,1137.174,45.6,73.431,1,Start,Finish,222,43.51087825005148,16.363954599943668,36,270,79,169,,,False,
2026-05-12T12:37:43+00:00,43.510878081433475,16.364404340274632,144,2026-05-12T12:36:42.076210+00:00,484,1,0.76,1137.933,45.6,73.431,1,Start,Finish,222,43.51087825005148,16.363954599943668,36,270,78,168,,,False,
2026-05-12T12:37:44+00:00,43.51088003022596,16.3644133717753,144,2026-05-12T12:36:42.076210+00:00,484,1,0.76,1138.693,45.6,73.431,1,Start,Finish,222,43.51087825005148,16.363954599943668,37,270,78,168,,,False,
2026-05-12T12:37:45+00:00,43.51088197901845,16.364422403275967,143,2026-05-12T12:36:42.076210+00:00,484,1,0.76,1139.453,45.6,73.431,1,Start,Finish,222,43.51087825005148,16.363954599943668,38,269,77,168,,,False,
2026-05-12T12:37:46+00:00,43.51088457740843,16.364428466185927,142,2026-05-12T12:36:42.076210+00:00,484,1,0.568,1140.021,34.08,59.42,1,Start,Finish,222,43.51087825005148,16.363954599943668,38,269,77,168,,,False,
2026-05-12T12:37:47+00:00,43.510887175798416,16.364434529095888,142,2026-05-12T12:36:42.076210+00:00,484,1,0.568,1140.589,34.08,59.42,1,Start,Finish,222,43.51087825005148,16.363954599943668,39,269,78,169,,,False,
2026-05-12T12:37:48+00:00,43.5108897741884,16.36444059200585,141,2026-05-12T12:36:42.076210+00:00,484,1,0.568,1141.157,34.08,59.42,1,Start,Finish,222,43.51087825005148,16.363954599943668,39,268,78,170,,,False,
2026-05-12T12:37:49+00:00,43.51088918745518,16.364449113607407,140,2026-05-12T12:36:42.076210+00:00,484,1,0.69,1141.847,41.4,95.423,1,Start,Finish,222,43.51087825005148,16.363954599943668,40,268,80,172,,,False,
2026-05-12T12:37:50+00:00,43.510888600721955,16.364457635208964,139,2026-05-12T12:36:42.076210+00:00,484,1,0.69,1142.538,41.4,95.423,1,Start,Finish,222,43.51087825005148,16.363954599943668,41,268,80,172,,,False,
2026-05-12T12:37:51+00:00,43.51088801398873,16.364466156810522,138,2026-05-12T12:36:42.076210+00:00,484,1,0.69,1143.228,41.4,95.423,1,Start,Finish,222,43.51087825005148,16.363954599943668,41,268,79,171,,,False,
2026-05-12T12:37:52+00:00,43.51088763680309,16.364476215094328,138,2026-05-12T12:36:42.076210+00:00,484,1,0.812,1144.04,48.72,92.96,1,Start,Finish,222,43.51087825005148,16.363954599943668,42,269,79,170,,,False,
2026-05-12T12:37:53+00:00,43.51088725961745,16.364486273378134,137,2026-05-12T12:36:42.076210+00:00,484,1,0.812,1144.852,48.72,92.96,1,Start,Finish,222,43.51087825005148,16.363954599943668,43,269,81,172,,,False,
2026-05-12T12:37:54+00:00,43.51088725961745,16.364493118599057,138,2026-05-12T12:36:42.076210+00:00,484,1,0.552,1145.404,33.12,90.0,1,Start,Finish,222,43.51087825005148,16.363954599943668,43,269,81,172,,,False,
2026-05-12T12:37:55+00:00,43.51088725961745,16.36449996381998,140,2026-05-12T12:36:42.076210+00:00,484,1,0.552,1145.956,33.12,90.0,1,Start,Finish,222,43.51087825005148,16.363954599943668,44,269,83,174,,,False,
2026-05-12T12:37:56+00:00,43.51088725961745,16.364506809040904,141,2026-05-12T12:36:42.076210+00:00,484,1,0.552,1146.508,33.12,90.0,1,Start,Finish,222,43.51087825005148,16.363954599943668,45,269,84,175,,,False,
2026-05-12T12:37:57+00:00,43.510889522731304,16.364510413259268,142,2026-05-12T12:36:42.076210+00:00,484,1,0.384,1146.893,23.04,49.114,1,Start,Finish,222,43.51087825005148,16.363954599943668,45,268,85,177,,,False,
2026-05-12T12:37:58+00:00,43.51089178584516,16.36451401747763,143,2026-05-12T12:36:42.076210+00:00,484,1,0.384,1147.277,23.04,49.114,1,Start,Finish,222,43.51087825005148,16.363954599943668,45,268,85,177,,,False,
2026-05-12T12:37:59+00:00,43.5108932107687,16.364520429633558,144,2026-05-12T12:36:42.076210+00:00,484,1,0.541,1147.818,32.46,72.964,1,Start,Finish,222,43.51087825005148,16.363954599943668,46,268,87,179,,,False,
2026-05-12T12:38:00+00:00,43.51089463569224,16.364526841789484,146,2026-05-12T12:36:42.076210+00:00,484,1,0.541,1148.359,32.46,72.964,1,Start,Finish,222,43.51087825005148,16.363954599943668,46,268,87,179,,,False,
2026-05-12T12:38:01+00:00,43.510895976796746,16.364531891886145,146,2026-05-12T12:36:42.076210+00:00,484,1,0.434,1148.793,26.04,69.889,1,Start,Finish,222,43.51087825005148,16.363954599943668,47,268,88,180,,,False,
2026-05-12T12:38:02+00:00,43.510897317901254,16.364536941982806,147,2026-05-12T12:36:42.076210+00:00,484,1,0.434,1149.226,26.04,69.889,1,Start,Finish,222,43.51087825005148,16.363954599943668,47,267,89,178,,,False,
2026-05-12T12:38:03+00:00,43.51089865900576,16.364541992079467,148,2026-05-12T12:36:42.076210+00:00,484,1,0.434,1149.66,26.04,69.889,1,Start,Finish,222,43.51087825005148,16.363954599943668,47,267,89,178,,,False,
2026-05-12T12:38:04+00:00,43.51090000011027,16.364547042176127,148,2026-05-12T12:36:42.076210+00:00,484,1,0.434,1150.094,26.04,69.889,1,Start,Finish,222,43.51087825005148,16.363954599943668,48,267,91,176,,,False,
2026-05-12T12:38:05+00:00,43.51089878473431,16.364551987499,146,2026-05-12T12:36:42.076210+00:00,484,1,0.421,1150.515,25.26,108.72,1,Start,Finish,222,43.51087825005148,16.363954599943668,48,267,91,176,,,False,
2026-05-12T12:38:06+00:00,43.51089756935835,16.36455693282187,144,2026-05-12T12:36:42.076210+00:00,484,1,0.421,1150.936,25.26,108.72,1,Start,Finish,222,43.51087825005148,16.363954599943668,49,267,93,174,,,False,
2026-05-12T12:38:07+00:00,43.51089635398239,16.36456187814474,143,2026-05-12T12:36:42.076210+00:00,484,1,0.421,1151.357,25.26,108.72,1,Start,Finish,222,43.51087825005148,16.363954599943668,49,268,94,174,,,False,
2026-05-12T12:38:08+00:00,43.51089513860643,16.364566823467612,141,2026-05-12T12:36:42.076210+00:00,484,1,0.421,1151.778,25.26,108.72,1,Start,Finish,222,43.51087825005148,16.363954599943668,49,268,95,173,,,False,
2026-05-12T12:38:09+00:00,43.510879296809435,16.3645881973207,140,2026-05-12T12:36:42.076210+00:00,484,1,2.465,1154.243,147.9,135.622,1,Start,Finish,222,43.51087825005148,16.363954599943668,51,270,101,169,,,False,
2026-05-12T12:38:10+00:00,43.51087361807003,16.364600602537394,139,2026-05-12T12:36:42.076210+00:00,484,1,1.183,1155.426,70.98,122.26,1,Start,Finish,222,43.51087825005148,16.363954599943668,52,271,103,168,,,False,
2026-05-12T12:38:11+00:00,43.51086793933064,16.364613007754087,138,2026-05-12T12:36:42.076210+00:00,484,1,1.183,1156.609,70.98,122.26,1,Start,Finish,222,43.51087825005148,16.363954599943668,53,271,107,164,,,False,
2026-05-12T12:38:12+00:00,43.51086226059124,16.36462541297078,138,2026-05-12T12:36:42.076210+00:00,484,1,1.183,1157.792,70.98,122.26,1,Start,Finish,222,43.51087825005148,16.363954599943668,54,272,112,160,,,False,
2026-05-12T12:38:13+00:00,43.51085658185184,16.364637818187475,137,2026-05-12T12:36:42.076210+00:00,484,1,1.183,1158.975,70.98,122.26,1,Start,Finish,222,43.51087825005148,16.363954599943668,55,273,118,155,,,False,
2026-05-12T12:38:14+00:00,43.51085364818573,16.364651480689645,136,2026-05-12T12:36:42.076210+00:00,484,1,1.149,1160.124,68.94,106.493,1,Start,Finish,222,43.51087825005148,16.363954599943668,56,273,124,149,,,False,
2026-05-12T12:38:15+00:00,43.51085130125284,16.36465910822153,136,2026-05-12T12:36:42.076210+00:00,484,1,0.668,1160.792,40.08,112.99,1,Start,Finish,222,43.51087825005148,16.363954599943668,57,273,126,147,,,False,
2026-05-12T12:38:16+00:00,43.510848954319954,16.364666735753417,136,2026-05-12T12:36:42.076210+00:00,484,1,0.668,1161.46,40.08,112.99,1,Start,Finish,222,43.51087825005148,16.363954599943668,58,273,128,145,,,False,
2026-05-12T12:38:17+00:00,43.51084769703448,16.364671932533383,136,2026-05-12T12:36:42.076210+00:00,484,1,0.442,1161.902,26.52,108.448,1,Start,Finish,222,43.51087825005148,16.363954599943668,58,273,129,144,,,False,
2026-05-12T12:38:18+00:00,43.510845601558685,16.364676095545292,135,2026-05-12T12:36:42.076210+00:00,484,1,0.409,1162.311,24.54,124.763,1,Start,Finish,222,43.51087825005148,16.363954599943668,58,274,130,144,,,False,
2026-05-12T12:38:19+00:00,43.51084350608289,16.3646802585572,133,2026-05-12T12:36:42.076210+00:00,484,1,0.409,1162.719,24.54,124.763,1,Start,Finish,222,43.51087825005148,16.363954599943668,59,274,130,144,,,False,
2026-05-12T12:38:20+00:00,43.5108414106071,16.36468442156911,132,2026-05-12T12:36:42.076210+00:00,484,1,0.409,1163.128,24.54,124.763,1,Start,Finish,222,43.51087825005148,16.363954599943668,59,274,130,144,,,False,
2026-05-12T12:38:21+00:00,43.510840740054846,16.36468593031168,131,2026-05-12T12:36:42.076210+00:00,484,1,0.143,1163.271,8.58,121.501,1,Start,Finish,222,43.51087825005148,16.363954599943668,59,274,130,144,,,False,
2026-05-12T12:38:22+00:00,43.51083564106375,16.364692370407283,131,2026-05-12T12:36:42.076210+00:00,484,1,0.769,1164.039,46.14,137.511,1,Start,Finish,222,43.51087825005148,16.363954599943668,60,275,131,144,,,False,
2026-05-12T12:38:23+00:00,43.510830542072654,16.364698810502887,131,2026-05-12T12:36:42.076210+00:00,484,1,0.769,1164.808,46.14,137.511,1,Start,Finish,222,43.51087825005148,16.363954599943668,60,275,131,144,,,False,
2026-05-12T12:38:24+00:00,43.51082544308156,16.36470525059849,130,2026-05-12T12:36:42.076210+00:00,484,1,0.769,1165.577,46.14,137.511,1,Start,Finish,222,43.51087825005148,16.363954599943668,61,276,132,144,,,False,
2026-05-12T12:38:25+00:00,43.51082034409046,16.364711690694094,130,2026-05-12T12:36:42.076210+00:00,484,1,0.769,1166.346,46.14,137.511,1,Start,Finish,222,43.51087825005148,16.363954599943668,61,276,133,143,,,False,
2026-05-12T12:38:26+00:00,43.510815245099366,16.364718130789697,130,2026-05-12T12:36:42.076210+00:00,484,1,0.769,1167.115,46.14,137.511,1,Start,Finish,222,43.51087825005148,16.363954599943668,62,276,133,143,,,False,
2026-05-12T12:38:27+00:00,43.51081014610827,16.3647245708853,130,2026-05-12T12:36:42.076210+00:00,484,1,0.769,1167.884,46.14,137.511,1,Start,Finish,222,43.51087825005148,16.363954599943668,63,277,135,142,,,False,
2026-05-12T12:38:28+00:00,43.510803105309606,16.36473286896944,130,2026-05-12T12:36:42.076210+00:00,484,1,1.03,1168.914,61.8,139.478,1,Start,Finish,222,43.51087825005148,16.363954599943668,63,278,135,143,,,False,
2026-05-12T12:38:29+00:00,43.510797545313835,16.36473812162876,129,2026-05-12T12:36:42.076210+00:00,484,1,0.749,1169.663,44.94,145.583,1,Start,Finish,222,43.51087825005148,16.363954599943668,64,278,136,142,,,False,
2026-05-12T12:38:30+00:00,43.510791985318065,16.364743374288082,128,2026-05-12T12:36:42.076210+00:00,484,1,0.749,1170.413,44.94,145.583,1,Start,Finish,222,43.51087825005148,16.363954599943668,64,279,138,141,,,False,
2026-05-12T12:38:31+00:00,43.510786425322294,16.364748626947403,127,2026-05-12T12:36:42.076210+00:00,484,1,0.749,1171.162,44.94,145.583,1,Start,Finish,222,43.51087825005148,16.363954599943668,65,279,139,140,,,False,
2026-05-12T12:38:32+00:00,43.51078008301556,16.364754354581237,127,2026-05-12T12:36:42.076210+00:00,484,1,0.843,1172.005,50.58,146.777,1,Start,Finish,222,43.51087825005148,16.363954599943668,65,280,143,137,,,False,
2026-05-12T12:38:33+00:00,43.51077374070883,16.36476008221507,128,2026-05-12T12:36:42.076210+00:00,484,1,0.843,1172.848,50.58,146.777,1,Start,Finish,222,43.51087825005148,16.363954599943668,66,280,146,134,,,False,
2026-05-12T12:38:34+00:00,43.510767398402095,16.364765809848905,128,2026-05-12T12:36:42.076210+00:00,484,1,0.843,1173.691,50.58,146.777,1,Start,Finish,222,43.51087825005148,16.363954599943668,67,281,149,132,,,False,
2026-05-12T12:38:35+00:00,43.510757689364254,16.364772305823863,128,2026-05-12T12:36:42.076210+00:00,484,1,1.2,1174.891,72.0,154.116,1,Start,Finish,222,43.51087825005148,16.363954599943668,67,281,148,133,,,False,
2026-05-12T12:38:36+00:00,43.510747980326414,16.36477880179882,128,2026-05-12T12:36:42.076210+00:00,484,1,1.2,1176.091,72.0,154.116,1,Start,Finish,222,43.51087825005148,16.363954599943668,68,282,148,134,,,False,
2026-05-12T12:38:37+00:00,43.510738271288574,16.36478529777378,128,2026-05-12T12:36:42.076210+00:00,484,1,1.2,1177.291,72.0,154.116,1,Start,Finish,222,43.51087825005148,16.363954599943668,69,283,149,134,,,False,
2026-05-12T12:38:38+00:00,43.51072856225073,16.364791793748736,128,2026-05-12T12:36:42.076210+00:00,484,1,1.2,1178.491,72.0,154.116,1,Start,Finish,222,43.51087825005148,16.363954599943668,70,284,149,135,,,False,
2026-05-12T12:38:39+00:00,43.51071885321289,16.364798289723694,128,2026-05-12T12:36:42.076210+00:00,484,1,1.2,1179.691,72.0,154.116,1,Start,Finish,222,43.51087825005148,16.363954599943668,70,285,150,135,,,False,
2026-05-12T12:38:40+00:00,43.51070914417505,16.364804785698652,128,2026-05-12T12:36:42.076210+00:00,484,1,1.2,1180.891,72.0,154.116,1,Start,Finish,222,43.51087825005148,16.363954599943668,71,285,149,136,,,False,
2026-05-12T12:38:41+00:00,43.51070137694478,16.364806490018964,128,2026-05-12T12:36:42.076210+00:00,484,1,0.875,1181.766,52.5,170.958,1,Start,Finish,222,43.51087825005148,16.363954599943668,71,286,148,138,,,False,
2026-05-12T12:38:42+00:00,43.51069360971451,16.364808194339275,129,2026-05-12T12:36:42.076210+00:00,484,1,0.875,1182.64,52.5,170.958,1,Start,Finish,222,43.51087825005148,16.363954599943668,72,287,148,139,,,False,
2026-05-12T12:38:43+00:00,43.51068584248424,16.364809898659587,129,2026-05-12T12:36:42.076210+00:00,484,1,0.875,1183.515,52.5,170.958,1,Start,Finish,222,43.51087825005148,16.363954599943668,72,287,145,142,,,False,
2026-05-12T12:38:44+00:00,43.510682098567486,16.364816408604383,128,2026-05-12T12:36:42.076210+00:00,484,1,0.67,1184.185,40.2,128.414,1,Start,Finish,222,43.51087825005148,16.363954599943668,73,287,145,142,,,False,
2026-05-12T12:38:45+00:00,43.510678354650736,16.36482291854918,128,2026-05-12T12:36:42.076210+00:00,484,1,0.67,1184.855,40.2,128.414,1,Start,Finish,222,43.51087825005148,16.363954599943668,73,288,145,143,,,False,
2026-05-12T12:38:46+00:00,43.510674610733986,16.364829428493977,127,2026-05-12T12:36:42.076210+00:00,484,1,0.67,1185.525,40.2,128.414,1,Start,Finish,222,43.51087825005148,16.363954599943668,74,288,145,143,,,False,
2026-05-12T12:38:47+00:00,43.51066779345274,16.364835603162646,126,2026-05-12T12:36:42.076210+00:00,484,1,0.907,1186.432,54.42,146.7,1,Start,Finish,222,43.51087825005148,16.363954599943668,75,288,140,148,,,False,
2026-05-12T12:38:48+00:00,43.51066097617149,16.364841777831316,124,2026-05-12T12:36:42.076210+00:00,484,1,0.907,1187.339,54.42,146.7,1,Start,Finish,222,43.51087825005148,16.363954599943668,76,289,139,150,,,False,
2026-05-12T12:38:49+00:00,43.51065415889025,16.364847952499986,123,2026-05-12T12:36:42.076210+00:00,484,1,0.907,1188.246,54.42,146.7,1,Start,Finish,222,43.51087825005148,16.363954599943668,76,289,139,150,,,False,
2026-05-12T12:38:50+00:00,43.51064514834434,16.36486266274005,123,2026-05-12T12:36:42.076210+00:00,484,1,1.553,1189.799,93.18,130.184,1,Start,Finish,222,43.51087825005148,16.363954599943668,78,289,132,157,,,False,
2026-05-12T12:38:51+00:00,43.51063613779843,16.364877372980118,123,2026-05-12T12:36:42.076210+00:00,484,1,1.553,1191.351,93.18,130.184,1,Start,Finish,222,43.51087825005148,16.363954599943668,79,290,125,165,,,False,
2026-05-12T12:38:52+00:00,43.510637897998095,16.36490344069898,123,2026-05-12T12:36:42.076210+00:00,484,1,2.111,1193.463,126.66,84.681,1,Start,Finish,222,43.51087825005148,16.363954599943668,81,289,111,178,,,False,
2026-05-12T12:38:53+00:00,43.510650638490915,16.36492875404656,123,2026-05-12T12:36:42.076210+00:00,484,1,2.485,1195.947,149.1,55.24,1,Start,Finish,222,43.51087825005148,16.363954599943668,83,288,89,161,,,False,
2026-05-12T12:38:54+00:00,43.51066916249693,16.364946188405156,122,2026-05-12T12:36:42.076210+00:00,484,1,2.494,1198.441,149.64,34.317,1,Start,Finish,222,43.51087825005148,16.363954599943668,83,286,60,134,,,False,
2026-05-12T12:38:55+00:00,43.51068768650293,16.364963622763753,122,2026-05-12T12:36:42.076210+00:00,484,1,2.494,1200.935,149.64,34.317,1,Start,Finish,222,43.51087825005148,16.363954599943668,84,285,49,124,,,False,
2026-05-12T12:38:56+00:00,43.51070621050894,16.36498105712235,122,2026-05-12T12:36:42.076210+00:00,484,1,2.494,1203.429,149.64,34.317,1,Start,Finish,222,43.51087825005148,16.363954599943668,85,283,40,117,,,False,
2026-05-12T12:38:57+00:00,43.51072473451495,16.364998491480947,121,2026-05-12T12:36:42.076210+00:00,484,1,2.494,1205.923,149.64,34.317,1,Start,Finish,222,43.51087825005148,16.363954599943668,86,281,34,113,,,False,
2026-05-12T12:38:58+00:00,43.51074357284233,16.365012237802148,122,2026-05-12T12:36:42.076210+00:00,484,1,2.37,1208.293,142.2,27.888,1,Start,Finish,222,43.51087825005148,16.363954599943668,87,280,31,111,,,False,
2026-05-12T12:38:59+00:00,43.51076241116971,16.36502598412335,124,2026-05-12T12:36:42.076210+00:00,484,1,2.37,1210.663,142.2,27.888,1,Start,Finish,222,43.51087825005148,16.363954599943668,87,278,29,111,,,False,
2026-05-12T12:39:00+00:00,43.510781249497086,16.36503973044455,125,2026-05-12T12:36:42.076210+00:00,484,1,2.37,1213.033,142.2,27.888,1,Start,Finish,222,43.51087825005148,16.363954599943668,88,277,29,112,,,False,
2026-05-12T12:39:01+00:00,43.510800087824464,16.365053476765752,126,2026-05-12T12:36:42.076210+00:00,484,1,2.37,1215.403,142.2,27.888,1,Start,Finish,222,43.51087825005148,16.363954599943668,89,276,27,111,,,False,
2026-05-12T12:39:02+00:00,43.510821713134646,16.365068228915334,126,2026-05-12T12:36:42.076210+00:00,484,1,2.683,1218.086,160.98,26.323,1,Start,Finish,222,43.51087825005148,16.363954599943668,90,274,25,111,,,False,
2026-05-12T12:39:03+00:00,43.51084291934967,16.365080466493964,126,2026-05-12T12:36:42.076210+00:00,484,1,2.556,1220.642,153.36,22.71,1,Start,Finish,222,43.51087825005148,16.363954599943668,91,272,25,113,,,False,
2026-05-12T12:39:04+00:00,43.510864125564694,16.365092704072595,125,2026-05-12T12:36:42.076210+00:00,484,1,2.556,1223.198,153.36,22.71,1,Start,Finish,222,43.51087825005148,16.363954599943668,92,271,23,112,,,False,
2026-05-12T12:39:05+00:00,43.51088533177972,16.365104941651225,125,2026-05-12T12:36:42.076210+00:00,484,1,2.556,1225.754,153.36,22.71,1,Start,Finish,222,43.51087825005148,16.363954599943668,93,270,19,109,,,False,
2026-05-12T12:39:06+00:00,43.510901564732194,16.365113854408264,124,2026-05-12T12:36:42.076210+00:00,484,1,1.943,1227.697,116.58,21.712,1,Start,Finish,222,43.51087825005148,16.363954599943668,94,268,18,110,,,False,
2026-05-12T12:39:07+00:00,43.51091779768467,16.365122767165303,123,2026-05-12T12:36:42.076210+00:00,484,1,1.943,1229.64,116.58,21.712,1,Start,Finish,222,43.51087825005148,16.363954599943668,94,267,14,107,,,False,
2026-05-12T12:39:08+00:00,43.510934030637145,16.365131679922342,122,2026-05-12T12:36:42.076210+00:00,484,1,1.943,1231.583,116.58,21.712,1,Start,Finish,222,43.51087825005148,16.363954599943668,95,266,10,104,,,False,
2026-05-12T12:39:09+00:00,43.51095129735768,16.36513483710587,122,2026-05-12T12:36:42.076210+00:00,484,1,1.937,1233.52,116.22,7.554,1,Start,Finish,222,43.51087825005148,16.363954599943668,96,265,2,97,,,False,
2026-05-12T12:39:10+00:00,43.51096856407821,16.365137994289398,121,2026-05-12T12:36:42.076210+00:00,484,1,1.937,1235.456,116.22,7.554,1,Start,Finish,222,43.51087825005148,16.363954599943668,96,264,357,93,,,False,
2026-05-12T12:39:11+00:00,43.510985830798745,16.365141151472926,121,2026-05-12T12:36:42.076210+00:00,484,1,1.937,1237.393,116.22,7.554,1,Start,Finish,222,43.51087825005148,16.363954599943668,96,263,354,91,,,False,
2026-05-12T12:39:12+00:00,43.51099936757237,16.36513432022184,121,2026-05-12T12:36:42.076210+00:00,484,1,1.603,1238.996,96.18,339.898,1,Start,Finish,222,43.51087825005148,16.363954599943668,96,262,345,83,,,False,
2026-05-12T12:39:13+00:00,43.51101290434599,16.365127488970757,121,2026-05-12T12:36:42.076210+00:00,484,1,1.603,1240.599,96.18,339.898,1,Start,Finish,222,43.51087825005148,16.363954599943668,96,261,336,75,,,False,
2026-05-12T12:39:14+00:00,43.51102321408689,16.365101882256567,125,2026-05-12T12:36:42.076210+00:00,484,1,2.362,1242.961,141.72,299.037,1,Start,Finish,222,43.51087825005148,16.363954599943668,94,260,327,67,,,False,
2026-05-12T12:39:15+00:00,43.51103352382779,16.36507627554238,129,2026-05-12T12:36:42.076210+00:00,484,1,2.362,1245.323,141.72,299.037,1,Start,Finish,222,43.51087825005148,16.363954599943668,92,259,319,60,,,False,
2026-05-12T12:39:16+00:00,43.51104305125773,16.36504974681884,129,2026-05-12T12:36:42.076210+00:00,484,1,2.387,1247.71,143.22,296.344,1,Start,Finish,222,43.51087825005148,16.363954599943668,90,258,306,48,,,False,
2026-05-12T12:39:17+00:00,43.51105257868767,16.365023218095303,130,2026-05-12T12:36:42.076210+00:00,484,1,2.387,1250.097,143.22,296.344,1,Start,Finish,222,43.51087825005148,16.363954599943668,88,257,301,44,,,False,
2026-05-12T12:39:18+00:00,43.511062106117606,16.364996689371765,130,2026-05-12T12:36:42.076210+00:00,484,1,2.387,1252.485,143.22,296.344,1,Start,Finish,222,43.51087825005148,16.363954599943668,86,256,297,41,,,False,
2026-05-12T12:39:19+00:00,43.511071633547544,16.364970160648227,130,2026-05-12T12:36:42.076210+00:00,484,1,2.387,1254.872,143.22,296.344,1,Start,Finish,222,43.51087825005148,16.363954599943668,85,255,297,42,,,False,
2026-05-12T12:39:20+00:00,43.51108116097748,16.36494363192469,131,2026-05-12T12:36:42.076210+00:00,484,1,2.387,1257.259,143.22,296.344,1,Start,Finish,222,43.51087825005148,16.363954599943668,83,254,295,41,,,False,
2026-05-12T12:39:21+00:00,43.51109068840742,16.36491710320115,131,2026-05-12T12:36:42.076210+00:00,484,1,2.387,1259.646,143.22,296.344,1,Start,Finish,222,43.51087825005148,16.363954599943668,81,253,295,42,,,False,
2026-05-12T12:39:22+00:00,43.51110032759607,16.36489111930132,132,2026-05-12T12:36:42.076210+00:00,484,1,2.354,1262.0,141.24,297.09,1,Start,Finish,222,43.51087825005148,16.363954599943668,79,252,294,42,,,False,
2026-05-12T12:39:23+00:00,43.51110996678472,16.364865135401487,134,2026-05-12T12:36:42.076210+00:00,484,1,2.354,1264.354,141.24,297.09,1,Start,Finish,222,43.51087825005148,16.363954599943668,78,251,293,42,,,False,
2026-05-12T12:39:24+00:00,43.51111709140241,16.364833367988467,133,2026-05-12T12:36:42.076210+00:00,484,1,2.682,1267.035,160.92,287.184,1,Start,Finish,222,43.51087825005148,16.363954599943668,76,249,292,43,,,False,
2026-05-12T12:39:25+00:00,43.51112421602011,16.364801600575447,132,2026-05-12T12:36:42.076210+00:00,484,1,2.682,1269.717,160.92,287.184,1,Start,Finish,222,43.51087825005148,16.363954599943668,74,248,291,43,,,False,
2026-05-12T12:39:26+00:00,43.5111313406378,16.364769833162427,131,2026-05-12T12:36:42.076210+00:00,484,1,2.682,1272.398,160.92,287.184,1,Start,Finish,222,43.51087825005148,16.363954599943668,72,247,291,44,,,False,
2026-05-12T12:39:27+00:00,43.5111384652555,16.364738065749407,130,2026-05-12T12:36:42.076210+00:00,484,1,2.682,1275.08,160.92,287.184,1,Start,Finish,222,43.51087825005148,16.363954599943668,69,245,291,46,,,False,
2026-05-12T12:39:28+00:00,43.51114841178059,16.36470990255475,129,2026-05-12T12:36:42.076210+00:00,484,1,2.526,1277.606,151.56,295.965,1,Start,Finish,222,43.51087825005148,16.363954599943668,68,244,293,49,,,False,
2026-05-12T12:39:29+00:00,43.51115835830569,16.364681739360094,128,2026-05-12T12:36:42.076210+00:00,484,1,2.526,1280.132,151.56,295.965,1,Start,Finish,222,43.51087825005148,16.363954599943668,66,242,295,53,,,False,
2026-05-12T12:39:30+00:00,43.51116830483079,16.364653576165438,127,2026-05-12T12:36:42.076210+00:00,484,1,2.526,1282.658,151.56,295.965,1,Start,Finish,222,43.51087825005148,16.363954599943668,65,240,297,57,,,False,
2026-05-12T12:39:31+00:00,43.51118485908955,16.36461732443422,126,2026-05-12T12:36:42.076210+00:00,484,1,3.455,1286.113,207.3,302.197,1,Start,Finish,222,43.51087825005148,16.363954599943668,63,237,297,60,,,False,
2026-05-12T12:39:32+00:00,43.51120141334832,16.364581072703004,125,2026-05-12T12:36:42.076210+00:00,484,1,3.455,1289.568,207.3,302.197,1,Start,Finish,222,43.51087825005148,16.363954599943668,62,235,296,61,,,False,
2026-05-12T12:39:33+00:00,43.511212561279535,16.364540504291654,120,2026-05-12T12:36:42.076210+00:00,484,1,3.499,1293.066,209.94,290.752,1,Start,Finish,222,43.51087825005148,16.363954599943668,60,232,295,63,,,False,
2026-05-12T12:39:34+00:00,43.51122245192528,16.36450127698481,120,2026-05-12T12:36:42.076210+00:00,484,1,3.349,1296.415,200.94,289.171,1,Start,Finish,222,43.51087825005148,16.363954599943668,58,229,293,64,,,False,
2026-05-12T12:39:35+00:00,43.51123242639005,16.364468280225992,120,2026-05-12T12:36:42.076210+00:00,484,1,2.883,1299.298,172.98,292.627,1,Start,Finish,222,43.51087825005148,16.363954599943668,57,226,294,68,,,False,
2026-05-12T12:39:36+00:00,43.511242400854826,16.364435283467174,120,2026-05-12T12:36:42.076210+00:00,484,1,2.883,1302.181,172.98,292.627,1,Start,Finish,222,43.51087825005148,16.363954599943668,56,224,293,69,,,False,
2026-05-12T12:39:37+00:00,43.5112523753196,16.364402286708355,120,2026-05-12T12:36:42.076210+00:00,484,1,2.883,1305.064,172.98,292.627,1,Start,Finish,222,43.51087825005148,16.363954599943668,55,221,292,71,,,False,
2026-05-12T12:39:38+00:00,43.511261218227446,16.364376009441912,122,2026-05-12T12:36:42.076210+00:00,484,1,2.336,1307.4,140.16,294.892,1,Start,Finish,222,43.51087825005148,16.363954599943668,54,219,292,73,,,False,
2026-05-12T12:39:39+00:00,43.51127006113529,16.36434973217547,123,2026-05-12T12:36:42.076210+00:00,484,1,2.336,1309.736,140.16,294.892,1,Start,Finish,222,43.51087825005148,16.363954599943668,54,216,292,76,,,False,
2026-05-12T12:39:40+00:00,43.511278023943305,16.364318698178977,123,2026-05-12T12:36:42.076210+00:00,484,1,2.655,1312.391,159.3,289.483,1,Start,Finish,222,43.51087825005148,16.363954599943668,53,213,291,78,,,False,
2026-05-12T12:39:41+00:00,43.51128598675132,16.364287664182484,122,2026-05-12T12:36:42.076210+00:00,484,1,2.655,1315.045,159.3,289.483,1,Start,Finish,222,43.51087825005148,16.363954599943668,53,211,291,80,,,False,
2026-05-12T12:39:42+00:00,43.51129394955933,16.36425663018599,122,2026-05-12T12:36:42.076210+00:00,484,1,2.655,1317.7,159.3,289.483,1,Start,Finish,222,43.51087825005148,16.363954599943668,52,208,290,82,,,False,
2026-05-12T12:39:43+00:00,43.511301912367344,16.3642255961895,122,2026-05-12T12:36:42.076210+00:00,484,1,2.655,1320.355,159.3,289.483,1,Start,Finish,222,43.51087825005148,16.363954599943668,52,205,290,85,,,False,
2026-05-12T12:39:44+00:00,43.51131159346551,16.364188212901354,120,2026-05-12T12:36:42.076210+00:00,484,1,3.201,1323.556,192.06,289.651,1,Start,Finish,222,43.51087825005148,16.363954599943668,52,201,291,90,,,False,
2026-05-12T12:39:45+00:00,43.51132127456367,16.36415082961321,119,2026-05-12T12:36:42.076210+00:00,484,1,3.201,1326.757,192.06,289.651,1,Start,Finish,222,43.51087825005148,16.363954599943668,52,198,291,93,,,False,
2026-05-12T12:39:46+00:00,43.51133255660534,16.364114586263895,119,2026-05-12T12:36:42.076210+00:00,484,1,3.181,1329.938,190.86,293.23,1,Start,Finish,222,43.51087825005148,16.363954599943668,52,194,292,98,,,False,
2026-05-12T12:39:47+00:00,43.51134383864701,16.36407834291458,119,2026-05-12T12:36:42.076210+00:00,484,1,3.181,1333.118,190.86,293.23,1,Start,Finish,222,43.51087825005148,16.363954599943668,53,191,292,101,,,False,
2026-05-12T12:39:48+00:00,43.51135512068868,16.364042099565268,119,2026-05-12T12:36:42.076210+00:00,484,1,3.181,1336.299,190.86,293.23,1,Start,Finish,222,43.51087825005148,16.363954599943668,53,188,292,104,,,False,
2026-05-12T12:39:49+00:00,43.511366402730346,16.364005856215954,119,2026-05-12T12:36:42.076210+00:00,484,1,3.181,1339.479,190.86,293.23,1,Start,Finish,222,43.51087825005148,16.363954599943668,54,184,291,107,,,False,
2026-05-12T12:39:50+00:00,43.511377684772015,16.36396961286664,119,2026-05-12T12:36:42.076210+00:00,484,1,3.181,1342.66,190.86,293.23,1,Start,Finish,222,43.51087825005148,16.363954599943668,56,181,290,109,,,False,
2026-05-12T12:39:51+00:00,43.51138501893729,16.363934478722513,119,2026-05-12T12:36:42.076210+00:00,484,1,2.948,1345.608,176.88,286.058,1,Start,Finish,222,43.51087825005148,16.363954599943668,56,178,289,111,,,False,
2026-05-12T12:39:52+00:00,43.511392353102565,16.363899344578385,119,2026-05-12T12:36:42.076210+00:00,484,1,2.948,1348.557,176.88,286.058,1,Start,Finish,222,43.51087825005148,16.363954599943668,57,176,288,112,,,False,
2026-05-12T12:39:53+00:00,43.51139968726784,16.363864210434258,120,2026-05-12T12:36:42.076210+00:00,484,1,2.948,1351.505,176.88,286.058,1,Start,Finish,222,43.51087825005148,16.363954599943668,58,173,287,114,,,False,
2026-05-12T12:39:54+00:00,43.511407021433115,16.36382907629013,120,2026-05-12T12:36:42.076210+00:00,484,1,2.948,1354.453,176.88,286.058,1,Start,Finish,222,43.51087825005148,16.363954599943668,60,170,284,114,,,False,
2026-05-12T12:39:55+00:00,43.51141435559839,16.363793942146003,120,2026-05-12T12:36:42.076210+00:00,484,1,2.948,1357.402,176.88,286.058,1,Start,Finish,222,43.51087825005148,16.363954599943668,61,168,282,114,,,False,
2026-05-12T12:39:56+00:00,43.511421689763665,16.363758808001876,120,2026-05-12T12:36:42.076210+00:00,484,1,2.948,1360.35,176.88,286.058,1,Start,Finish,222,43.51087825005148,16.363954599943668,62,165,281,116,,,False,
2026-05-12T12:39:57+00:00,43.5114231146872,16.363723129034042,119,2026-05-12T12:36:42.076210+00:00,484,1,2.882,1363.232,172.92,273.152,1,Start,Finish,222,43.51087825005148,16.363954599943668,63,163,280,117,,,False,
2026-05-12T12:39:58+00:00,43.51142453961074,16.36368745006621,119,2026-05-12T12:36:42.076210+00:00,484,1,2.882,1366.113,172.92,273.152,1,Start,Finish,222,43.51087825005148,16.363954599943668,64,160,279,119,,,False,
2026-05-12T12:39:59+00:00,43.51142596453428,16.363651771098375,118,2026-05-12T12:36:42.076210+00:00,484,1,2.882,1368.995,172.92,273.152,1,Start,Finish,222,43.51087825005148,16.363954599943668,66,158,278,120,,,False,
2026-05-12T12:40:00+00:00,43.51143258623779,16.363614052534103,116,2026-05-12T12:36:42.076210+00:00,484,1,3.13,1372.125,187.8,283.608,1,Start,Finish,222,43.51087825005148,16.363954599943668,67,156,276,120,,,False,
