timestamp_utc,latitude,longitude,heart_rate,finish_time_utc,elapsed_race_time_s,finished_flag,seg_dist_m,dist_from_start_m,SOG_raw_mpm,COG_raw_deg,geom_leg_id,geom_from_mark,geom_to_mark,geom_leg_bearing_deg,target_lat_deg,target_lon_deg,dist_to_target_m,bearing_to_target_deg,COG_deg,ATB_angle_deg,ATB_offset_deg,axis_angle_signed_deg,is_upwind,upwind_dist_remaining_m
2026-05-12T11:56:07+00:00,43.51560149341822,16.377239422872663,150,2026-05-12T12:09:37.993274+00:00,811,1,0.0,0.0,0.0,0.0,1,Start,Finish,245,43.5109103500155,16.363974050014804,1190,244,298,54,,,False,
2026-05-12T11:56:08+00:00,43.51560551673174,16.377214696258307,150,2026-05-12T12:09:37.993274+00:00,811,1,2.043,2.043,122.58,282.646,1,Start,Finish,245,43.5109103500155,16.363974050014804,1189,244,295,51,,,False,
2026-05-12T11:56:09+00:00,43.51561116054654,16.37718695215881,150,2026-05-12T12:09:37.993274+00:00,811,1,2.324,4.367,139.44,285.669,1,Start,Finish,245,43.5109103500155,16.363974050014804,1187,244,294,50,,,False,
2026-05-12T11:56:10+00:00,43.51561680436134,16.37715920805931,150,2026-05-12T12:09:37.993274+00:00,811,1,2.324,6.691,139.44,285.669,1,Start,Finish,245,43.5109103500155,16.363974050014804,1185,244,293,49,,,False,
2026-05-12T11:56:11+00:00,43.515622448176146,16.377131463959813,150,2026-05-12T12:09:37.993274+00:00,811,1,2.324,9.014,139.44,285.669,1,Start,Finish,245,43.5109103500155,16.363974050014804,1183,244,291,47,,,False,
2026-05-12T11:56:12+00:00,43.51562809199095,16.377103719860315,149,2026-05-12T12:09:37.993274+00:00,811,1,2.324,11.338,139.44,285.669,1,Start,Finish,245,43.5109103500155,16.363974050014804,1182,244,284,40,,,False,
2026-05-12T11:56:13+00:00,43.51563373580575,16.377075975760818,149,2026-05-12T12:09:37.993274+00:00,811,1,2.324,13.661,139.44,285.669,1,Start,Finish,245,43.5109103500155,16.363974050014804,1180,244,285,41,,,False,
2026-05-12T11:56:14+00:00,43.51563937962055,16.37704823166132,149,2026-05-12T12:09:37.993274+00:00,811,1,2.324,15.985,139.44,285.669,1,Start,Finish,245,43.5109103500155,16.363974050014804,1178,243,284,41,,,False,
2026-05-12T11:56:15+00:00,43.51564336102456,16.377020529471338,148,2026-05-12T12:09:37.993274+00:00,811,1,2.277,18.262,136.62,281.21,1,Start,Finish,245,43.5109103500155,16.363974050014804,1176,243,283,40,,,False,
2026-05-12T11:56:16+00:00,43.515647342428565,16.376992827281356,148,2026-05-12T12:09:37.993274+00:00,811,1,2.277,20.539,136.62,281.21,1,Start,Finish,245,43.5109103500155,16.363974050014804,1175,243,282,39,,,False,
2026-05-12T11:56:17+00:00,43.51565262302756,16.376964915543795,145,2026-05-12T12:09:37.993274+00:00,811,1,2.326,22.865,139.56,284.622,1,Start,Finish,245,43.5109103500155,16.363974050014804,1173,243,281,38,,,False,
2026-05-12T11:56:18+00:00,43.515655405819416,16.37694059126079,145,2026-05-12T12:09:37.993274+00:00,811,1,1.986,24.851,119.16,278.965,1,Start,Finish,245,43.5109103500155,16.363974050014804,1171,243,275,32,,,False,
2026-05-12T11:56:19+00:00,43.51565818861127,16.376916266977787,144,2026-05-12T12:09:37.993274+00:00,811,1,1.986,26.837,119.16,278.965,1,Start,Finish,245,43.5109103500155,16.363974050014804,1170,243,264,21,,,False,
2026-05-12T11:56:20+00:00,43.51566097140312,16.376891942694783,144,2026-05-12T12:09:37.993274+00:00,811,1,1.986,28.822,119.16,278.965,1,Start,Finish,245,43.5109103500155,16.363974050014804,1168,243,255,12,,,False,
2026-05-12T11:56:21+00:00,43.515663754194975,16.37686761841178,143,2026-05-12T12:09:37.993274+00:00,811,1,1.986,30.808,119.16,278.965,1,Start,Finish,245,43.5109103500155,16.363974050014804,1166,243,245,2,,,False,
2026-05-12T11:56:22+00:00,43.51566653698683,16.376843294128776,143,2026-05-12T12:09:37.993274+00:00,811,1,1.986,32.794,119.16,278.965,1,Start,Finish,245,43.5109103500155,16.363974050014804,1165,243,233,10,,,False,
2026-05-12T11:56:23+00:00,43.515656646341085,16.376832984387875,143,2026-05-12T12:09:37.993274+00:00,811,1,1.379,34.173,82.74,217.086,1,Start,Finish,245,43.5109103500155,16.363974050014804,1164,243,227,16,,,False,
2026-05-12T11:56:24+00:00,43.51564654614776,16.37682443484664,144,2026-05-12T12:09:37.993274+00:00,811,1,1.318,35.49,79.08,211.544,1,Start,Finish,245,43.5109103500155,16.363974050014804,1162,243,218,25,,,False,
2026-05-12T11:56:25+00:00,43.51563644595444,16.376815885305405,144,2026-05-12T12:09:37.993274+00:00,811,1,1.318,36.808,79.08,211.544,1,Start,Finish,245,43.5109103500155,16.363974050014804,1161,243,218,25,,,False,
2026-05-12T11:56:26+00:00,43.51562374737114,16.376816304400563,146,2026-05-12T12:09:37.993274+00:00,811,1,1.412,38.221,84.72,178.629,1,Start,Finish,245,43.5109103500155,16.363974050014804,1161,243,209,34,,,False,
2026-05-12T11:56:27+00:00,43.51561104878783,16.376816723495722,148,2026-05-12T12:09:37.993274+00:00,811,1,1.412,39.633,84.72,178.629,1,Start,Finish,245,43.5109103500155,16.363974050014804,1160,243,201,42,,,False,
2026-05-12T11:56:28+00:00,43.51559923030436,16.376821417361498,149,2026-05-12T12:09:37.993274+00:00,811,1,1.368,41.001,82.08,163.933,1,Start,Finish,245,43.5109103500155,16.363974050014804,1160,243,195,48,,,False,
2026-05-12T11:56:29+00:00,43.51558447815478,16.376823848113418,149,2026-05-12T12:09:37.993274+00:00,811,1,1.652,42.653,99.12,173.186,1,Start,Finish,245,43.5109103500155,16.363974050014804,1159,243,194,49,,,False,
2026-05-12T11:56:30+00:00,43.51556431967765,16.376820621080697,152,2026-05-12T12:09:37.993274+00:00,811,1,2.257,44.909,135.42,186.622,1,Start,Finish,245,43.5109103500155,16.363974050014804,1158,243,186,57,,,False,
2026-05-12T11:56:31+00:00,43.51554416120052,16.376817394047976,154,2026-05-12T12:09:37.993274+00:00,811,1,2.257,47.166,135.42,186.622,1,Start,Finish,245,43.5109103500155,16.363974050014804,1157,244,183,61,,,False,
2026-05-12T11:56:32+00:00,43.515524924732745,16.37681542430073,156,2026-05-12T12:09:37.993274+00:00,811,1,2.145,49.311,128.7,184.247,1,Start,Finish,245,43.5109103500155,16.363974050014804,1156,244,185,59,,,False,
2026-05-12T11:56:33+00:00,43.515505688264966,16.376813454553485,157,2026-05-12T12:09:37.993274+00:00,811,1,2.145,51.456,128.7,184.247,1,Start,Finish,245,43.5109103500155,16.363974050014804,1155,244,190,54,,,False,
2026-05-12T11:56:34+00:00,43.51548749953509,16.376808173954487,157,2026-05-12T12:09:37.993274+00:00,811,1,2.067,53.522,124.02,191.889,1,Start,Finish,245,43.5109103500155,16.363974050014804,1153,244,193,51,,,False,
2026-05-12T11:56:35+00:00,43.51546880789101,16.376797948032618,158,2026-05-12T12:09:37.993274+00:00,811,1,2.236,55.758,134.16,201.64,1,Start,Finish,245,43.5109103500155,16.363974050014804,1152,244,194,50,,,False,
2026-05-12T11:56:36+00:00,43.51545011624694,16.37678772211075,159,2026-05-12T12:09:37.993274+00:00,811,1,2.236,57.994,134.16,201.64,1,Start,Finish,245,43.5109103500155,16.363974050014804,1150,244,195,49,,,False,
2026-05-12T11:56:37+00:00,43.515431424602866,16.37677749618888,160,2026-05-12T12:09:37.993274+00:00,811,1,2.236,60.23,134.16,201.64,1,Start,Finish,245,43.5109103500155,16.363974050014804,1148,244,197,47,,,False,
2026-05-12T11:56:38+00:00,43.51541308918968,16.376769826747477,159,2026-05-12T12:09:37.993274+00:00,811,1,2.131,62.361,127.86,196.874,1,Start,Finish,245,43.5109103500155,16.363974050014804,1147,244,197,47,,,False,
2026-05-12T11:56:39+00:00,43.51539475377649,16.376762157306075,158,2026-05-12T12:09:37.993274+00:00,811,1,2.131,64.491,127.86,196.874,1,Start,Finish,245,43.5109103500155,16.363974050014804,1145,244,196,48,,,False,
2026-05-12T11:56:40+00:00,43.5153764183633,16.376754487864673,158,2026-05-12T12:09:37.993274+00:00,811,1,2.131,66.622,127.86,196.874,1,Start,Finish,245,43.5109103500155,16.363974050014804,1144,244,195,49,,,False,
2026-05-12T11:56:41+00:00,43.515358082950115,16.37674681842327,157,2026-05-12T12:09:37.993274+00:00,811,1,2.131,68.753,127.86,196.874,1,Start,Finish,245,43.5109103500155,16.363974050014804,1143,244,193,51,,,False,
2026-05-12T11:56:42+00:00,43.515338867437094,16.376743423752487,156,2026-05-12T12:09:37.993274+00:00,811,1,2.154,70.907,129.24,187.301,1,Start,Finish,245,43.5109103500155,16.363974050014804,1141,244,192,52,,,False,
2026-05-12T11:56:43+00:00,43.515319651924074,16.376740029081702,155,2026-05-12T12:09:37.993274+00:00,811,1,2.154,73.061,129.24,187.301,1,Start,Finish,245,43.5109103500155,16.363974050014804,1140,245,192,53,,,False,
2026-05-12T11:56:44+00:00,43.51530043641105,16.376736634410918,154,2026-05-12T12:09:37.993274+00:00,811,1,2.154,75.215,129.24,187.301,1,Start,Finish,245,43.5109103500155,16.363974050014804,1139,245,192,53,,,False,
2026-05-12T11:56:45+00:00,43.51528122089803,16.376733239740133,153,2026-05-12T12:09:37.993274+00:00,811,1,2.154,77.369,129.24,187.301,1,Start,Finish,245,43.5109103500155,16.363974050014804,1138,245,192,53,,,False,
2026-05-12T11:56:46+00:00,43.515262831002474,16.376726618036628,153,2026-05-12T12:09:37.993274+00:00,811,1,2.113,79.482,126.78,194.634,1,Start,Finish,245,43.5109103500155,16.363974050014804,1137,245,191,54,,,False,
2026-05-12T11:56:47+00:00,43.515244441106915,16.376719996333122,153,2026-05-12T12:09:37.993274+00:00,811,1,2.113,81.596,126.78,194.634,1,Start,Finish,245,43.5109103500155,16.363974050014804,1135,245,192,53,,,False,
2026-05-12T11:56:48+00:00,43.51522605121136,16.376713374629617,153,2026-05-12T12:09:37.993274+00:00,811,1,2.113,83.709,126.78,194.634,1,Start,Finish,245,43.5109103500155,16.363974050014804,1134,245,193,52,,,False,
2026-05-12T11:56:49+00:00,43.5152076613158,16.37670675292611,153,2026-05-12T12:09:37.993274+00:00,811,1,2.113,85.823,126.78,194.634,1,Start,Finish,245,43.5109103500155,16.363974050014804,1133,245,193,52,,,False,
2026-05-12T11:56:50+00:00,43.51518927142024,16.376700131222606,153,2026-05-12T12:09:37.993274+00:00,811,1,2.113,87.936,126.78,194.634,1,Start,Finish,245,43.5109103500155,16.363974050014804,1131,245,194,51,,,False,
2026-05-12T11:56:51+00:00,43.515172032639384,16.376694696955383,153,2026-05-12T12:09:37.993274+00:00,811,1,1.966,89.903,117.96,192.877,1,Start,Finish,245,43.5109103500155,16.363974050014804,1130,245,194,51,,,False,
2026-05-12T11:56:52+00:00,43.51515479385853,16.37668926268816,153,2026-05-12T12:09:37.993274+00:00,811,1,1.966,91.869,117.96,192.877,1,Start,Finish,245,43.5109103500155,16.363974050014804,1129,245,193,52,,,False,
2026-05-12T11:56:53+00:00,43.51513755507767,16.376683828420937,153,2026-05-12T12:09:37.993274+00:00,811,1,1.966,93.835,117.96,192.877,1,Start,Finish,245,43.5109103500155,16.363974050014804,1128,245,193,52,,,False,
2026-05-12T11:56:54+00:00,43.515120316296816,16.376678394153714,153,2026-05-12T12:09:37.993274+00:00,811,1,1.966,95.801,117.96,192.877,1,Start,Finish,245,43.5109103500155,16.363974050014804,1126,245,192,53,,,False,
2026-05-12T11:56:55+00:00,43.51510307751596,16.37667295988649,153,2026-05-12T12:09:37.993274+00:00,811,1,1.966,97.768,117.96,192.877,1,Start,Finish,245,43.5109103500155,16.363974050014804,1125,246,192,54,,,False,
2026-05-12T11:56:56+00:00,43.515085838735104,16.37666752561927,153,2026-05-12T12:09:37.993274+00:00,811,1,1.966,99.734,117.96,192.877,1,Start,Finish,245,43.5109103500155,16.363974050014804,1124,246,192,54,,,False,
2026-05-12T11:56:57+00:00,43.51506815291941,16.376663586124778,151,2026-05-12T12:09:37.993274+00:00,811,1,1.992,101.726,119.52,189.176,1,Start,Finish,245,43.5109103500155,16.363974050014804,1123,246,192,54,,,False,
2026-05-12T11:56:58+00:00,43.5150506766513,16.37665901798755,150,2026-05-12T12:09:37.993274+00:00,811,1,1.978,103.704,118.68,190.734,1,Start,Finish,245,43.5109103500155,16.363974050014804,1122,246,192,54,,,False,
2026-05-12T11:56:59+00:00,43.515033200383186,16.37665444985032,150,2026-05-12T12:09:37.993274+00:00,811,1,1.978,105.682,118.68,190.734,1,Start,Finish,245,43.5109103500155,16.363974050014804,1121,246,193,53,,,False,
2026-05-12T11:57:00+00:00,43.515015724115074,16.376649881713092,149,2026-05-12T12:09:37.993274+00:00,811,1,1.978,107.66,118.68,190.734,1,Start,Finish,245,43.5109103500155,16.363974050014804,1119,246,194,52,,,False,
2026-05-12T11:57:01+00:00,43.51499824784696,16.376645313575864,148,2026-05-12T12:09:37.993274+00:00,811,1,1.978,109.638,118.68,190.734,1,Start,Finish,245,43.5109103500155,16.363974050014804,1118,246,194,52,,,False,
2026-05-12T11:57:02+00:00,43.51498106494546,16.376637686043978,145,2026-05-12T12:09:37.993274+00:00,811,1,2.007,111.645,120.42,197.844,1,Start,Finish,245,43.5109103500155,16.363974050014804,1117,246,195,51,,,False,
2026-05-12T11:57:03+00:00,43.51496262475848,16.37662754394114,144,2026-05-12T12:09:37.993274+00:00,811,1,2.208,113.852,132.48,201.745,1,Start,Finish,245,43.5109103500155,16.363974050014804,1115,246,197,49,,,False,
2026-05-12T11:57:04+00:00,43.514944184571505,16.376617401838303,142,2026-05-12T12:09:37.993274+00:00,811,1,2.208,116.06,132.48,201.745,1,Start,Finish,245,43.5109103500155,16.363974050014804,1114,246,198,48,,,False,
2026-05-12T11:57:05+00:00,43.5149254091084,16.376611283048987,142,2026-05-12T12:09:37.993274+00:00,811,1,2.145,118.205,128.7,193.297,1,Start,Finish,245,43.5109103500155,16.363974050014804,1113,246,199,47,,,False,
2026-05-12T11:57:06+00:00,43.51490951143205,16.376602286472917,141,2026-05-12T12:09:37.993274+00:00,811,1,1.911,120.116,114.66,202.313,1,Start,Finish,245,43.5109103500155,16.363974050014804,1111,246,200,46,,,False,
2026-05-12T11:57:07+00:00,43.5148936137557,16.376593289896846,140,2026-05-12T12:09:37.993274+00:00,811,1,1.911,122.027,114.66,202.313,1,Start,Finish,245,43.5109103500155,16.363974050014804,1110,246,200,46,,,False,
2026-05-12T11:57:08+00:00,43.514877716079354,16.376584293320775,139,2026-05-12T12:09:37.993274+00:00,811,1,1.911,123.938,114.66,202.313,1,Start,Finish,245,43.5109103500155,16.363974050014804,1108,247,200,47,,,False,
2026-05-12T11:57:09+00:00,43.51486038649455,16.376575869508088,139,2026-05-12T12:09:37.993274+00:00,811,1,2.043,125.981,122.58,199.418,1,Start,Finish,245,43.5109103500155,16.363974050014804,1107,247,199,48,,,False,
2026-05-12T11:57:10+00:00,43.51484305690974,16.3765674456954,138,2026-05-12T12:09:37.993274+00:00,811,1,2.043,128.024,122.58,199.418,1,Start,Finish,245,43.5109103500155,16.363974050014804,1106,247,199,48,,,False,
2026-05-12T11:57:11+00:00,43.51482572732493,16.376559021882713,138,2026-05-12T12:09:37.993274+00:00,811,1,2.043,130.067,122.58,199.418,1,Start,Finish,245,43.5109103500155,16.363974050014804,1104,247,199,48,,,False,
2026-05-12T11:57:12+00:00,43.514808397740126,16.376550598070025,138,2026-05-12T12:09:37.993274+00:00,811,1,2.043,132.11,122.58,199.418,1,Start,Finish,245,43.5109103500155,16.363974050014804,1103,247,198,49,,,False,
2026-05-12T11:57:13+00:00,43.514791801571846,16.376544353552163,136,2026-05-12T12:09:37.993274+00:00,811,1,1.913,134.023,114.78,195.262,1,Start,Finish,245,43.5109103500155,16.363974050014804,1102,247,197,50,,,False,
2026-05-12T11:57:14+00:00,43.514775205403566,16.3765381090343,134,2026-05-12T12:09:37.993274+00:00,811,1,1.913,135.936,114.78,195.262,1,Start,Finish,245,43.5109103500155,16.363974050014804,1101,247,196,51,,,False,
2026-05-12T11:57:15+00:00,43.514756793156266,16.376531682908535,135,2026-05-12T12:09:37.993274+00:00,811,1,2.112,138.048,126.72,194.203,1,Start,Finish,245,43.5109103500155,16.363974050014804,1099,247,194,53,,,False,
2026-05-12T11:57:16+00:00,43.514738380908966,16.37652525678277,135,2026-05-12T12:09:37.993274+00:00,811,1,2.112,140.16,126.72,194.203,1,Start,Finish,245,43.5109103500155,16.363974050014804,1098,247,193,54,,,False,
2026-05-12T11:57:17+00:00,43.514719968661666,16.376518830657005,136,2026-05-12T12:09:37.993274+00:00,811,1,2.112,142.272,126.72,194.203,1,Start,Finish,245,43.5109103500155,16.363974050014804,1097,247,192,55,,,False,
2026-05-12T11:57:18+00:00,43.51470173802227,16.376515184529126,138,2026-05-12T12:09:37.993274+00:00,811,1,2.048,144.32,122.88,188.253,1,Start,Finish,245,43.5109103500155,16.363974050014804,1096,247,191,56,,,False,
2026-05-12T11:57:19+00:00,43.51468350738287,16.376511538401246,140,2026-05-12T12:09:37.993274+00:00,811,1,2.048,146.369,122.88,188.253,1,Start,Finish,245,43.5109103500155,16.363974050014804,1095,247,190,57,,,False,
2026-05-12T11:57:20+00:00,43.51466516498476,16.37650817167014,140,2026-05-12T12:09:37.993274+00:00,811,1,2.058,148.426,123.48,187.582,1,Start,Finish,245,43.5109103500155,16.363974050014804,1094,248,189,59,,,False,
2026-05-12T11:57:21+00:00,43.514646822586656,16.37650480493903,139,2026-05-12T12:09:37.993274+00:00,811,1,2.058,150.484,123.48,187.582,1,Start,Finish,245,43.5109103500155,16.363974050014804,1093,248,188,60,,,False,
2026-05-12T11:57:22+00:00,43.51462848018855,16.376501438207924,138,2026-05-12T12:09:37.993274+00:00,811,1,2.058,152.541,123.48,187.582,1,Start,Finish,245,43.5109103500155,16.363974050014804,1092,248,188,60,,,False,
2026-05-12T11:57:23+00:00,43.51461013779044,16.376498071476817,138,2026-05-12T12:09:37.993274+00:00,811,1,2.058,154.599,123.48,187.582,1,Start,Finish,245,43.5109103500155,16.363974050014804,1091,248,188,60,,,False,
2026-05-12T11:57:24+00:00,43.514591795392334,16.37649470474571,138,2026-05-12T12:09:37.993274+00:00,811,1,2.058,156.656,123.48,187.582,1,Start,Finish,245,43.5109103500155,16.363974050014804,1090,248,188,60,,,False,
2026-05-12T11:57:25+00:00,43.51457345299423,16.376491338014603,137,2026-05-12T12:09:37.993274+00:00,811,1,2.058,158.714,123.48,187.582,1,Start,Finish,245,43.5109103500155,16.363974050014804,1088,248,188,60,,,False,
2026-05-12T11:57:26+00:00,43.51455450989306,16.376487566158175,136,2026-05-12T12:09:37.993274+00:00,811,1,2.128,160.842,127.68,188.217,1,Start,Finish,245,43.5109103500155,16.363974050014804,1087,248,188,60,,,False,
2026-05-12T11:57:27+00:00,43.51453556679189,16.37648379430175,136,2026-05-12T12:09:37.993274+00:00,811,1,2.128,162.97,127.68,188.217,1,Start,Finish,245,43.5109103500155,16.363974050014804,1086,248,188,60,,,False,
2026-05-12T11:57:28+00:00,43.51451767142862,16.376480720937252,135,2026-05-12T12:09:37.993274+00:00,811,1,2.005,164.976,120.3,187.099,1,Start,Finish,245,43.5109103500155,16.363974050014804,1085,248,187,61,,,False,
2026-05-12T11:57:29+00:00,43.51449977606535,16.376477647572756,135,2026-05-12T12:09:37.993274+00:00,811,1,2.005,166.981,120.3,187.099,1,Start,Finish,245,43.5109103500155,16.363974050014804,1084,248,187,61,,,False,
2026-05-12T11:57:30+00:00,43.51448188070208,16.37647457420826,134,2026-05-12T12:09:37.993274+00:00,811,1,2.005,168.986,120.3,187.099,1,Start,Finish,245,43.5109103500155,16.363974050014804,1083,249,188,61,,,False,
2026-05-12T11:57:31+00:00,43.51446398533881,16.376471500843763,133,2026-05-12T12:09:37.993274+00:00,811,1,2.005,170.991,120.3,187.099,1,Start,Finish,245,43.5109103500155,16.363974050014804,1083,249,187,62,,,False,
2026-05-12T11:57:32+00:00,43.514446089975536,16.376468427479267,133,2026-05-12T12:09:37.993274+00:00,811,1,2.005,172.997,120.3,187.099,1,Start,Finish,245,43.5109103500155,16.363974050014804,1082,249,187,62,,,False,
2026-05-12T11:57:33+00:00,43.514428194612265,16.37646535411477,132,2026-05-12T12:09:37.993274+00:00,811,1,2.005,175.002,120.3,187.099,1,Start,Finish,245,43.5109103500155,16.363974050014804,1081,249,187,62,,,False,
2026-05-12T11:57:34+00:00,43.514410173520446,16.376461498439312,128,2026-05-12T12:09:37.993274+00:00,811,1,2.028,177.03,121.68,188.82,1,Start,Finish,245,43.5109103500155,16.363974050014804,1080,249,187,62,,,False,
2026-05-12T11:57:35+00:00,43.51439089514315,16.376458732411265,125,2026-05-12T12:09:37.993274+00:00,811,1,2.155,179.185,129.3,185.94,1,Start,Finish,245,43.5109103500155,16.363974050014804,1079,249,187,62,,,False,
2026-05-12T11:57:36+00:00,43.51437323726714,16.37645666487515,125,2026-05-12T12:09:37.993274+00:00,811,1,1.971,181.156,118.26,184.854,1,Start,Finish,245,43.5109103500155,16.363974050014804,1078,249,188,61,,,False,
2026-05-12T11:57:37+00:00,43.51435557939112,16.376454597339034,125,2026-05-12T12:09:37.993274+00:00,811,1,1.971,183.126,118.26,184.854,1,Start,Finish,245,43.5109103500155,16.363974050014804,1077,249,188,61,,,False,
2026-05-12T11:57:38+00:00,43.51433792151511,16.37645252980292,125,2026-05-12T12:09:37.993274+00:00,811,1,1.971,185.097,118.26,184.854,1,Start,Finish,245,43.5109103500155,16.363974050014804,1076,249,188,61,,,False,
2026-05-12T11:57:39+00:00,43.51432092022151,16.37644794769585,124,2026-05-12T12:09:37.993274+00:00,811,1,1.926,187.023,115.56,191.059,1,Start,Finish,245,43.5109103500155,16.363974050014804,1075,249,189,60,,,False,
2026-05-12T11:57:40+00:00,43.51430391892791,16.376443365588784,124,2026-05-12T12:09:37.993274+00:00,811,1,1.926,188.949,115.56,191.059,1,Start,Finish,245,43.5109103500155,16.363974050014804,1074,249,189,60,,,False,
2026-05-12T11:57:41+00:00,43.51428691763431,16.376438783481717,124,2026-05-12T12:09:37.993274+00:00,811,1,1.926,190.875,115.56,191.059,1,Start,Finish,245,43.5109103500155,16.363974050014804,1073,250,190,60,,,False,
2026-05-12T11:57:42+00:00,43.51426991634071,16.37643420137465,123,2026-05-12T12:09:37.993274+00:00,811,1,1.926,192.802,115.56,191.059,1,Start,Finish,245,43.5109103500155,16.363974050014804,1072,250,191,59,,,False,
2026-05-12T11:57:43+00:00,43.51425291504711,16.376429619267583,122,2026-05-12T12:09:37.993274+00:00,811,1,1.926,194.728,115.56,191.059,1,Start,Finish,245,43.5109103500155,16.363974050014804,1071,250,192,58,,,False,
2026-05-12T11:57:44+00:00,43.51423591375351,16.376425037160516,122,2026-05-12T12:09:37.993274+00:00,811,1,1.926,196.654,115.56,191.059,1,Start,Finish,245,43.5109103500155,16.363974050014804,1070,250,192,58,,,False,
2026-05-12T11:57:45+00:00,43.514219066128135,16.376418038271368,120,2026-05-12T12:09:37.993274+00:00,811,1,1.957,198.611,117.42,196.766,1,Start,Finish,245,43.5109103500155,16.363974050014804,1069,250,193,57,,,False,
2026-05-12T11:57:46+00:00,43.51420221850276,16.37641103938222,119,2026-05-12T12:09:37.993274+00:00,811,1,1.957,200.567,117.42,196.766,1,Start,Finish,245,43.5109103500155,16.363974050014804,1068,250,193,57,,,False,
2026-05-12T11:57:47+00:00,43.514185468666255,16.376406052149832,120,2026-05-12T12:09:37.993274+00:00,811,1,1.905,202.472,114.3,192.185,1,Start,Finish,245,43.5109103500155,16.363974050014804,1067,250,193,57,,,False,
2026-05-12T11:57:48+00:00,43.51416871882975,16.376401064917445,120,2026-05-12T12:09:37.993274+00:00,811,1,1.905,204.378,114.3,192.185,1,Start,Finish,245,43.5109103500155,16.363974050014804,1066,250,192,58,,,False,
2026-05-12T11:57:49+00:00,43.51415196899325,16.376396077685058,120,2026-05-12T12:09:37.993274+00:00,811,1,1.905,206.283,114.3,192.185,1,Start,Finish,245,43.5109103500155,16.363974050014804,1065,250,191,59,,,False,
2026-05-12T11:57:50+00:00,43.51413521915674,16.37639109045267,121,2026-05-12T12:09:37.993274+00:00,811,1,1.905,208.189,114.3,192.185,1,Start,Finish,245,43.5109103500155,16.363974050014804,1064,250,191,59,,,False,
2026-05-12T11:57:51+00:00,43.51411846932024,16.376386103220284,122,2026-05-12T12:09:37.993274+00:00,811,1,1.905,210.094,114.3,192.185,1,Start,Finish,245,43.5109103500155,16.363974050014804,1063,250,190,60,,,False,
2026-05-12T11:57:52+00:00,43.51410171948373,16.376381115987897,122,2026-05-12T12:09:37.993274+00:00,811,1,1.905,212.0,114.3,192.185,1,Start,Finish,245,43.5109103500155,16.363974050014804,1062,250,190,60,,,False,
2026-05-12T11:57:53+00:00,43.514084592461586,16.376379523426294,122,2026-05-12T12:09:37.993274+00:00,811,1,1.909,213.908,114.54,183.858,1,Start,Finish,245,43.5109103500155,16.363974050014804,1061,251,190,61,,,False,
2026-05-12T11:57:54+00:00,43.51406746543944,16.37637793086469,122,2026-05-12T12:09:37.993274+00:00,811,1,1.909,215.817,114.54,183.858,1,Start,Finish,245,43.5109103500155,16.363974050014804,1060,251,190,61,,,False,
2026-05-12T11:57:55+00:00,43.51405033841729,16.37637633830309,122,2026-05-12T12:09:37.993274+00:00,811,1,1.909,217.726,114.54,183.858,1,Start,Finish,245,43.5109103500155,16.363974050014804,1059,251,190,61,,,False,
2026-05-12T11:57:56+00:00,43.51403287611902,16.376371532678604,122,2026-05-12T12:09:37.993274+00:00,811,1,1.98,219.706,118.8,191.287,1,Start,Finish,245,43.5109103500155,16.363974050014804,1058,251,189,62,,,False,
2026-05-12T11:57:57+00:00,43.514015413820744,16.37636672705412,122,2026-05-12T12:09:37.993274+00:00,811,1,1.98,221.686,118.8,191.287,1,Start,Finish,245,43.5109103500155,16.363974050014804,1057,251,190,61,,,False,
2026-05-12T11:57:58+00:00,43.51399795152247,16.376361921429634,122,2026-05-12T12:09:37.993274+00:00,811,1,1.98,223.666,118.8,191.287,1,Start,Finish,245,43.5109103500155,16.363974050014804,1056,251,190,61,,,False,
2026-05-12T11:57:59+00:00,43.513980489224195,16.37635711580515,122,2026-05-12T12:09:37.993274+00:00,811,1,1.98,225.646,118.8,191.287,1,Start,Finish,245,43.5109103500155,16.363974050014804,1055,251,191,60,,,False,
2026-05-12T11:58:00+00:00,43.51396302692592,16.376352310180664,122,2026-05-12T12:09:37.993274+00:00,811,1,1.98,227.626,118.8,191.287,1,Start,Finish,245,43.5109103500155,16.363974050014804,1054,251,192,59,,,False,
2026-05-12T11:58:01+00:00,43.51394556462765,16.37634750455618,122,2026-05-12T12:09:37.993274+00:00,811,1,1.98,229.606,118.8,191.287,1,Start,Finish,245,43.5109103500155,16.363974050014804,1053,251,193,58,,,False,
2026-05-12T11:58:02+00:00,43.51392896845937,16.3763420144096,121,2026-05-12T12:09:37.993274+00:00,811,1,1.898,231.504,113.88,193.491,1,Start,Finish,245,43.5109103500155,16.363974050014804,1052,251,193,58,,,False,
2026-05-12T11:58:03+00:00,43.51391237229109,16.376336524263024,120,2026-05-12T12:09:37.993274+00:00,811,1,1.898,233.402,113.88,193.491,1,Start,Finish,245,43.5109103500155,16.363974050014804,1051,251,194,57,,,False,
2026-05-12T11:58:04+00:00,43.513895315118134,16.376330237835646,118,2026-05-12T12:09:37.993274+00:00,811,1,1.963,235.365,117.78,194.964,1,Start,Finish,245,43.5109103500155,16.363974050014804,1050,252,194,58,,,False,
2026-05-12T11:58:05+00:00,43.51387825794518,16.376323951408267,117,2026-05-12T12:09:37.993274+00:00,811,1,1.963,237.328,117.78,194.964,1,Start,Finish,245,43.5109103500155,16.363974050014804,1049,252,195,57,,,False,
2026-05-12T11:58:06+00:00,43.51386157795787,16.376317078247666,117,2026-05-12T12:09:37.993274+00:00,811,1,1.936,239.264,116.16,196.638,1,Start,Finish,245,43.5109103500155,16.363974050014804,1048,252,195,57,,,False,
2026-05-12T11:58:07+00:00,43.51384489797056,16.376310205087066,118,2026-05-12T12:09:37.993274+00:00,811,1,1.936,241.2,116.16,196.638,1,Start,Finish,245,43.5109103500155,16.363974050014804,1047,252,196,56,,,False,
2026-05-12T11:58:08+00:00,43.513828217983246,16.376303331926465,118,2026-05-12T12:09:37.993274+00:00,811,1,1.936,243.135,116.16,196.638,1,Start,Finish,245,43.5109103500155,16.363974050014804,1046,252,196,56,,,False,
2026-05-12T11:58:09+00:00,43.513811537995934,16.376296458765864,118,2026-05-12T12:09:37.993274+00:00,811,1,1.936,245.071,116.16,196.638,1,Start,Finish,245,43.5109103500155,16.363974050014804,1045,252,196,56,,,False,
2026-05-12T11:58:10+00:00,43.51379485800862,16.376289585605264,119,2026-05-12T12:09:37.993274+00:00,811,1,1.936,247.007,116.16,196.638,1,Start,Finish,245,43.5109103500155,16.363974050014804,1044,252,196,56,,,False,
2026-05-12T11:58:11+00:00,43.51377817802131,16.376282712444663,119,2026-05-12T12:09:37.993274+00:00,811,1,1.936,248.943,116.16,196.638,1,Start,Finish,245,43.5109103500155,16.363974050014804,1043,252,196,56,,,False,
2026-05-12T11:58:12+00:00,43.513761498034,16.376276118680835,119,2026-05-12T12:09:37.993274+00:00,811,1,1.929,250.872,115.74,195.997,1,Start,Finish,245,43.5109103500155,16.363974050014804,1041,252,196,56,,,False,
2026-05-12T11:58:13+00:00,43.51374481804669,16.376269524917006,119,2026-05-12T12:09:37.993274+00:00,811,1,1.929,252.802,115.74,195.997,1,Start,Finish,245,43.5109103500155,16.363974050014804,1040,252,195,57,,,False,
2026-05-12T11:58:14+00:00,43.51372813805938,16.376262931153178,119,2026-05-12T12:09:37.993274+00:00,811,1,1.929,254.731,115.74,195.997,1,Start,Finish,245,43.5109103500155,16.363974050014804,1039,252,195,57,,,False,
2026-05-12T11:58:15+00:00,43.51371103897691,16.376257818192244,116,2026-05-12T12:09:37.993274+00:00,811,1,1.946,256.676,116.76,192.235,1,Start,Finish,245,43.5109103500155,16.363974050014804,1038,253,195,58,,,False,
2026-05-12T11:58:16+00:00,43.51369320228696,16.376251867040992,117,2026-05-12T12:09:37.993274+00:00,811,1,2.041,258.717,122.46,193.602,1,Start,Finish,245,43.5109103500155,16.363974050014804,1037,253,194,59,,,False,
2026-05-12T11:58:17+00:00,43.51367536559701,16.37624591588974,117,2026-05-12T12:09:37.993274+00:00,811,1,2.041,260.758,122.46,193.602,1,Start,Finish,245,43.5109103500155,16.363974050014804,1036,253,193,60,,,False,
2026-05-12T11:58:18+00:00,43.51365752890706,16.376239964738488,118,2026-05-12T12:09:37.993274+00:00,811,1,2.041,262.798,122.46,193.602,1,Start,Finish,245,43.5109103500155,16.363974050014804,1035,253,193,60,,,False,
2026-05-12T11:58:19+00:00,43.51363969221711,16.376234013587236,118,2026-05-12T12:09:37.993274+00:00,811,1,2.041,264.839,122.46,193.602,1,Start,Finish,245,43.5109103500155,16.363974050014804,1034,253,192,61,,,False,
2026-05-12T11:58:20+00:00,43.51362185552716,16.376228062435985,119,2026-05-12T12:09:37.993274+00:00,811,1,2.041,266.879,122.46,193.602,1,Start,Finish,245,43.5109103500155,16.363974050014804,1033,253,192,61,,,False,
2026-05-12T11:58:21+00:00,43.51360207423568,16.376227056607604,120,2026-05-12T12:09:37.993274+00:00,811,1,2.201,269.08,132.06,182.112,1,Start,Finish,245,43.5109103500155,16.363974050014804,1032,253,192,61,,,False,
2026-05-12T11:58:22+00:00,43.51358234882355,16.376221105456352,120,2026-05-12T12:09:37.993274+00:00,811,1,2.245,271.326,134.7,192.342,1,Start,Finish,245,43.5109103500155,16.363974050014804,1031,253,192,61,,,False,
2026-05-12T11:58:23+00:00,43.51356262341142,16.3762151543051,121,2026-05-12T12:09:37.993274+00:00,811,1,2.245,273.571,134.7,192.342,1,Start,Finish,245,43.5109103500155,16.363974050014804,1030,253,191,62,,,False,
2026-05-12T11:58:24+00:00,43.51354289799929,16.37620920315385,121,2026-05-12T12:09:37.993274+00:00,811,1,2.245,275.816,134.7,192.342,1,Start,Finish,245,43.5109103500155,16.363974050014804,1029,253,192,61,,,False,
2026-05-12T11:58:25+00:00,43.51352317258715,16.376203252002597,121,2026-05-12T12:09:37.993274+00:00,811,1,2.245,278.061,134.7,192.342,1,Start,Finish,245,43.5109103500155,16.363974050014804,1028,254,192,62,,,False,
2026-05-12T11:58:26+00:00,43.513503447175026,16.376197300851345,122,2026-05-12T12:09:37.993274+00:00,811,1,2.245,280.307,134.7,192.342,1,Start,Finish,245,43.5109103500155,16.363974050014804,1027,254,193,61,,,False,
2026-05-12T11:58:27+00:00,43.513483721762896,16.376191349700093,122,2026-05-12T12:09:37.993274+00:00,811,1,2.245,282.552,134.7,192.342,1,Start,Finish,245,43.5109103500155,16.363974050014804,1026,254,193,61,,,False,
2026-05-12T11:58:28+00:00,43.51346394047141,16.376183219254017,122,2026-05-12T12:09:37.993274+00:00,811,1,2.295,284.847,137.7,196.598,1,Start,Finish,245,43.5109103500155,16.363974050014804,1025,254,192,62,,,False,
2026-05-12T11:58:29+00:00,43.513444159179926,16.37617508880794,122,2026-05-12T12:09:37.993274+00:00,811,1,2.295,287.142,137.7,196.598,1,Start,Finish,245,43.5109103500155,16.363974050014804,1023,254,193,61,,,False,
2026-05-12T11:58:30+00:00,43.51342236623168,16.37616991996765,121,2026-05-12T12:09:37.993274+00:00,811,1,2.459,289.601,147.54,189.76,1,Start,Finish,245,43.5109103500155,16.363974050014804,1022,254,193,61,,,False,
2026-05-12T11:58:31+00:00,43.513400573283434,16.376164751127362,120,2026-05-12T12:09:37.993274+00:00,811,1,2.459,292.06,147.54,189.76,1,Start,Finish,245,43.5109103500155,16.363974050014804,1021,254,193,61,,,False,
2026-05-12T11:58:32+00:00,43.51337878033519,16.376159582287073,119,2026-05-12T12:09:37.993274+00:00,811,1,2.459,294.519,147.54,189.76,1,Start,Finish,245,43.5109103500155,16.363974050014804,1020,254,193,61,,,False,
2026-05-12T11:58:33+00:00,43.5133589822799,16.376153262332082,120,2026-05-12T12:09:37.993274+00:00,811,1,2.26,296.779,135.6,193.035,1,Start,Finish,245,43.5109103500155,16.363974050014804,1019,255,192,63,,,False,
2026-05-12T11:58:34+00:00,43.513339184224606,16.37614694237709,120,2026-05-12T12:09:37.993274+00:00,811,1,2.26,299.038,135.6,193.035,1,Start,Finish,245,43.5109103500155,16.363974050014804,1018,255,192,63,,,False,
2026-05-12T11:58:35+00:00,43.513319386169314,16.3761406224221,121,2026-05-12T12:09:37.993274+00:00,811,1,2.26,301.298,135.6,193.035,1,Start,Finish,245,43.5109103500155,16.363974050014804,1017,255,192,63,,,False,
2026-05-12T11:58:36+00:00,43.51329958811402,16.376134302467108,121,2026-05-12T12:09:37.993274+00:00,811,1,2.26,303.558,135.6,193.035,1,Start,Finish,245,43.5109103500155,16.363974050014804,1016,255,192,63,,,False,
2026-05-12T11:58:37+00:00,43.51327979005873,16.376127982512116,122,2026-05-12T12:09:37.993274+00:00,811,1,2.26,305.817,135.6,193.035,1,Start,Finish,245,43.5109103500155,16.363974050014804,1015,255,192,63,,,False,
2026-05-12T11:58:38+00:00,43.51326084695757,16.376122031360865,127,2026-05-12T12:09:37.993274+00:00,811,1,2.16,307.978,129.6,192.835,1,Start,Finish,245,43.5109103500155,16.363974050014804,1014,255,192,63,,,False,
2026-05-12T11:58:39+00:00,43.51324257440865,16.3761184271425,131,2026-05-12T12:09:37.993274+00:00,811,1,2.052,310.03,123.12,188.141,1,Start,Finish,245,43.5109103500155,16.363974050014804,1013,255,192,63,,,False,
2026-05-12T11:58:40+00:00,43.51322396658361,16.37611297890544,131,2026-05-12T12:09:37.993274+00:00,811,1,2.115,312.145,126.9,191.988,1,Start,Finish,245,43.5109103500155,16.363974050014804,1012,255,192,63,,,False,
2026-05-12T11:58:41+00:00,43.51320502348244,16.376107782125473,131,2026-05-12T12:09:37.993274+00:00,811,1,2.148,314.293,128.88,191.252,1,Start,Finish,245,43.5109103500155,16.363974050014804,1011,255,192,63,,,False,
2026-05-12T11:58:42+00:00,43.513186080381274,16.376102585345507,131,2026-05-12T12:09:37.993274+00:00,811,1,2.148,316.441,128.88,191.252,1,Start,Finish,245,43.5109103500155,16.363974050014804,1010,255,193,62,,,False,
2026-05-12T11:58:43+00:00,43.51316713728011,16.37609738856554,131,2026-05-12T12:09:37.993274+00:00,811,1,2.148,318.588,128.88,191.252,1,Start,Finish,245,43.5109103500155,16.363974050014804,1009,256,193,63,,,False,
2026-05-12T11:58:44+00:00,43.51314819417894,16.376092191785574,131,2026-05-12T12:09:37.993274+00:00,811,1,2.148,320.736,128.88,191.252,1,Start,Finish,245,43.5109103500155,16.363974050014804,1008,256,194,62,,,False,
2026-05-12T11:58:45+00:00,43.51313070394099,16.37608445249498,130,2026-05-12T12:09:37.993274+00:00,811,1,2.043,322.779,122.58,197.792,1,Start,Finish,245,43.5109103500155,16.363974050014804,1007,256,194,62,,,False,
2026-05-12T11:58:46+00:00,43.51311321370304,16.376076713204384,129,2026-05-12T12:09:37.993274+00:00,811,1,2.043,324.821,122.58,197.792,1,Start,Finish,245,43.5109103500155,16.363974050014804,1006,256,195,61,,,False,
2026-05-12T11:58:47+00:00,43.513095723465085,16.37606897391379,128,2026-05-12T12:09:37.993274+00:00,811,1,2.043,326.864,122.58,197.792,1,Start,Finish,245,43.5109103500155,16.363974050014804,1005,256,196,60,,,False,
2026-05-12T11:58:48+00:00,43.513077814131975,16.37606207281351,127,2026-05-12T12:09:37.993274+00:00,811,1,2.068,328.931,124.08,195.613,1,Start,Finish,245,43.5109103500155,16.363974050014804,1004,256,196,60,,,False,
2026-05-12T11:58:49+00:00,43.513059904798865,16.376055171713233,126,2026-05-12T12:09:37.993274+00:00,811,1,2.068,330.999,124.08,195.613,1,Start,Finish,245,43.5109103500155,16.363974050014804,1003,256,197,59,,,False,
2026-05-12T11:58:50+00:00,43.513041995465755,16.376048270612955,125,2026-05-12T12:09:37.993274+00:00,811,1,2.068,333.067,124.08,195.613,1,Start,Finish,245,43.5109103500155,16.363974050014804,1002,256,197,59,,,False,
2026-05-12T11:58:51+00:00,43.51302351336926,16.376040265895426,124,2026-05-12T12:09:37.993274+00:00,811,1,2.154,335.221,129.24,197.437,1,Start,Finish,245,43.5109103500155,16.363974050014804,1001,256,196,60,,,False,
2026-05-12T11:58:52+00:00,43.51300503127277,16.376032261177897,122,2026-05-12T12:09:37.993274+00:00,811,1,2.154,337.375,129.24,197.437,1,Start,Finish,245,43.5109103500155,16.363974050014804,1000,257,196,61,,,False,
2026-05-12T11:58:53+00:00,43.51298780646175,16.37602534610778,122,2026-05-12T12:09:37.993274+00:00,811,1,1.995,339.37,119.7,196.233,1,Start,Finish,245,43.5109103500155,16.363974050014804,999,257,196,61,,,False,
2026-05-12T11:58:54+00:00,43.512970581650734,16.376018431037664,122,2026-05-12T12:09:37.993274+00:00,811,1,1.995,341.365,119.7,196.233,1,Start,Finish,245,43.5109103500155,16.363974050014804,998,257,195,62,,,False,
2026-05-12T11:58:55+00:00,43.51295293774456,16.37601159978658,124,2026-05-12T12:09:37.993274+00:00,811,1,2.038,343.402,122.28,195.684,1,Start,Finish,245,43.5109103500155,16.363974050014804,997,257,195,62,,,False,
2026-05-12T11:58:56+00:00,43.51293529383838,16.376004768535495,125,2026-05-12T12:09:37.993274+00:00,811,1,2.038,345.44,122.28,195.684,1,Start,Finish,245,43.5109103500155,16.363974050014804,996,257,195,62,,,False,
2026-05-12T11:58:57+00:00,43.5129160573706,16.375998887233436,125,2026-05-12T12:09:37.993274+00:00,811,1,2.191,347.631,131.46,192.502,1,Start,Finish,245,43.5109103500155,16.363974050014804,995,257,194,63,,,False,
2026-05-12T11:58:58+00:00,43.512896820902824,16.375993005931377,126,2026-05-12T12:09:37.993274+00:00,811,1,2.191,349.822,131.46,192.502,1,Start,Finish,245,43.5109103500155,16.363974050014804,994,257,194,63,,,False,
2026-05-12T11:58:59+00:00,43.512877584435046,16.37598712462932,126,2026-05-12T12:09:37.993274+00:00,811,1,2.191,352.013,131.46,192.502,1,Start,Finish,245,43.5109103500155,16.363974050014804,993,257,193,64,,,False,
2026-05-12T11:59:00+00:00,43.51285834796727,16.37598124332726,126,2026-05-12T12:09:37.993274+00:00,811,1,2.191,354.204,131.46,192.502,1,Start,Finish,245,43.5109103500155,16.363974050014804,992,257,193,64,,,False,
2026-05-12T11:59:01+00:00,43.51283911149949,16.3759753620252,127,2026-05-12T12:09:37.993274+00:00,811,1,2.191,356.395,131.46,192.502,1,Start,Finish,245,43.5109103500155,16.363974050014804,991,258,192,66,,,False,
2026-05-12T11:59:02+00:00,43.51281987503171,16.375969480723143,127,2026-05-12T12:09:37.993274+00:00,811,1,2.191,358.586,131.46,192.502,1,Start,Finish,245,43.5109103500155,16.363974050014804,990,258,192,66,,,False,
2026-05-12T11:59:03+00:00,43.512800806201994,16.375964074395597,127,2026-05-12T12:09:37.993274+00:00,811,1,2.165,360.751,129.9,191.619,1,Start,Finish,245,43.5109103500155,16.363974050014804,989,258,192,66,,,False,
2026-05-12T11:59:04+00:00,43.51278173737228,16.37595866806805,127,2026-05-12T12:09:37.993274+00:00,811,1,2.165,362.915,129.9,191.619,1,Start,Finish,245,43.5109103500155,16.363974050014804,989,258,192,66,,,False,
2026-05-12T11:59:05+00:00,43.51276209577918,16.375952940434217,127,2026-05-12T12:09:37.993274+00:00,811,1,2.232,365.148,133.92,191.941,1,Start,Finish,245,43.5109103500155,16.363974050014804,988,258,192,66,,,False,
2026-05-12T11:59:06+00:00,43.51274245418608,16.375947212800384,127,2026-05-12T12:09:37.993274+00:00,811,1,2.232,367.38,133.92,191.941,1,Start,Finish,245,43.5109103500155,16.363974050014804,987,258,192,66,,,False,
2026-05-12T11:59:07+00:00,43.51272281259298,16.37594148516655,126,2026-05-12T12:09:37.993274+00:00,811,1,2.232,369.612,133.92,191.941,1,Start,Finish,245,43.5109103500155,16.363974050014804,986,258,193,65,,,False,
2026-05-12T11:59:08+00:00,43.512703170999885,16.375935757532716,126,2026-05-12T12:09:37.993274+00:00,811,1,2.232,371.845,133.92,191.941,1,Start,Finish,245,43.5109103500155,16.363974050014804,985,258,194,64,,,False,
2026-05-12T11:59:09+00:00,43.512683529406786,16.375930029898882,126,2026-05-12T12:09:37.993274+00:00,811,1,2.232,374.077,133.92,191.941,1,Start,Finish,245,43.5109103500155,16.363974050014804,984,258,195,63,,,False,
2026-05-12T11:59:10+00:00,43.51266388781369,16.375924302265048,126,2026-05-12T12:09:37.993274+00:00,811,1,2.232,376.309,133.92,191.941,1,Start,Finish,245,43.5109103500155,16.363974050014804,983,259,196,63,,,False,
2026-05-12T11:59:11+00:00,43.51264536380768,16.37591446749866,126,2026-05-12T12:09:37.993274+00:00,811,1,2.207,378.517,132.42,201.058,1,Start,Finish,245,43.5109103500155,16.363974050014804,982,259,197,62,,,False,
2026-05-12T11:59:12+00:00,43.51262683980167,16.375904632732272,125,2026-05-12T12:09:37.993274+00:00,811,1,2.207,380.724,132.42,201.058,1,Start,Finish,245,43.5109103500155,16.363974050014804,981,259,198,61,,,False,
2026-05-12T11:59:13+00:00,43.51260831579566,16.375894797965884,125,2026-05-12T12:09:37.993274+00:00,811,1,2.207,382.931,132.42,201.058,1,Start,Finish,245,43.5109103500155,16.363974050014804,980,259,199,60,,,False,
2026-05-12T11:59:14+00:00,43.51258984208107,16.37588527612388,124,2026-05-12T12:09:37.993274+00:00,811,1,2.193,385.124,131.58,200.496,1,Start,Finish,245,43.5109103500155,16.363974050014804,979,259,200,59,,,False,
2026-05-12T11:59:15+00:00,43.51257136836648,16.37587575428188,124,2026-05-12T12:09:37.993274+00:00,811,1,2.193,387.317,131.58,200.496,1,Start,Finish,245,43.5109103500155,16.363974050014804,977,259,200,59,,,False,
2026-05-12T11:59:16+00:00,43.51255289465189,16.375866232439876,123,2026-05-12T12:09:37.993274+00:00,811,1,2.193,389.51,131.58,200.496,1,Start,Finish,245,43.5109103500155,16.363974050014804,976,259,200,59,,,False,
2026-05-12T11:59:17+00:00,43.5125344209373,16.375856710597873,123,2026-05-12T12:09:37.993274+00:00,811,1,2.193,391.703,131.58,200.496,1,Start,Finish,245,43.5109103500155,16.363974050014804,975,259,199,60,,,False,
2026-05-12T11:59:18+00:00,43.51251594722271,16.37584718875587,122,2026-05-12T12:09:37.993274+00:00,811,1,2.193,393.896,131.58,200.496,1,Start,Finish,245,43.5109103500155,16.363974050014804,974,259,199,60,,,False,
2026-05-12T11:59:19+00:00,43.512497898191214,16.375839728862047,122,2026-05-12T12:09:37.993274+00:00,811,1,2.095,395.991,125.7,196.686,1,Start,Finish,245,43.5109103500155,16.363974050014804,973,260,199,61,,,False,
2026-05-12T11:59:20+00:00,43.51247984915972,16.375832268968225,123,2026-05-12T12:09:37.993274+00:00,811,1,2.095,398.086,125.7,196.686,1,Start,Finish,245,43.5109103500155,16.363974050014804,972,260,199,61,,,False,
2026-05-12T11:59:21+00:00,43.51246180012822,16.375824809074402,123,2026-05-12T12:09:37.993274+00:00,811,1,2.095,400.181,125.7,196.686,1,Start,Finish,245,43.5109103500155,16.363974050014804,971,260,198,62,,,False,
2026-05-12T11:59:22+00:00,43.51244368124753,16.37581631541252,123,2026-05-12T12:09:37.993274+00:00,811,1,2.128,402.309,127.68,198.776,1,Start,Finish,245,43.5109103500155,16.363974050014804,970,260,198,62,,,False,
2026-05-12T11:59:23+00:00,43.51242556236684,16.37580782175064,123,2026-05-12T12:09:37.993274+00:00,811,1,2.128,404.437,127.68,198.776,1,Start,Finish,245,43.5109103500155,16.363974050014804,969,260,198,62,,,False,
2026-05-12T11:59:24+00:00,43.512407443486154,16.37579932808876,124,2026-05-12T12:09:37.993274+00:00,811,1,2.128,406.565,127.68,198.776,1,Start,Finish,245,43.5109103500155,16.363974050014804,968,260,199,61,,,False,
2026-05-12T11:59:25+00:00,43.512389324605465,16.37579083442688,124,2026-05-12T12:09:37.993274+00:00,811,1,2.128,408.693,127.68,198.776,1,Start,Finish,245,43.5109103500155,16.363974050014804,967,260,199,61,,,False,
2026-05-12T11:59:26+00:00,43.512371205724776,16.375782340765,124,2026-05-12T12:09:37.993274+00:00,811,1,2.128,410.821,127.68,198.776,1,Start,Finish,245,43.5109103500155,16.363974050014804,966,260,200,60,,,False,
2026-05-12T11:59:27+00:00,43.51235308684409,16.37577384710312,124,2026-05-12T12:09:37.993274+00:00,811,1,2.128,412.949,127.68,198.776,1,Start,Finish,245,43.5109103500155,16.363974050014804,965,260,199,61,,,False,
2026-05-12T11:59:28+00:00,43.512335093691945,16.375764040276408,124,2026-05-12T12:09:37.993274+00:00,811,1,2.151,415.101,129.06,201.567,1,Start,Finish,245,43.5109103500155,16.363974050014804,964,261,199,62,,,False,
2026-05-12T11:59:29+00:00,43.5123171005398,16.375754233449697,125,2026-05-12T12:09:37.993274+00:00,811,1,2.151,417.252,129.06,201.567,1,Start,Finish,245,43.5109103500155,16.363974050014804,963,261,199,62,,,False,
2026-05-12T11:59:30+00:00,43.51229910738766,16.375744426622987,125,2026-05-12T12:09:37.993274+00:00,811,1,2.151,419.403,129.06,201.567,1,Start,Finish,245,43.5109103500155,16.363974050014804,962,261,198,63,,,False,
2026-05-12T11:59:31+00:00,43.51228079292923,16.375737357884645,125,2026-05-12T12:09:37.993274+00:00,811,1,2.115,421.518,126.9,195.638,1,Start,Finish,245,43.5109103500155,16.363974050014804,961,261,198,63,,,False,
2026-05-12T11:59:32+00:00,43.5122624784708,16.375730289146304,126,2026-05-12T12:09:37.993274+00:00,811,1,2.115,423.633,126.9,195.638,1,Start,Finish,245,43.5109103500155,16.363974050014804,960,261,198,63,,,False,
2026-05-12T11:59:33+00:00,43.51224416401237,16.375723220407963,126,2026-05-12T12:09:37.993274+00:00,811,1,2.115,425.748,126.9,195.638,1,Start,Finish,245,43.5109103500155,16.363974050014804,959,261,196,65,,,False,
2026-05-12T11:59:34+00:00,43.51222584955394,16.37571615166962,126,2026-05-12T12:09:37.993274+00:00,811,1,2.115,427.862,126.9,195.638,1,Start,Finish,245,43.5109103500155,16.363974050014804,958,261,195,66,,,False,
2026-05-12T11:59:35+00:00,43.51220753509551,16.37570908293128,127,2026-05-12T12:09:37.993274+00:00,811,1,2.115,429.977,126.9,195.638,1,Start,Finish,245,43.5109103500155,16.363974050014804,957,261,194,67,,,False,
2026-05-12T11:59:36+00:00,43.51218922063708,16.37570201419294,127,2026-05-12T12:09:37.993274+00:00,811,1,2.115,432.092,126.9,195.638,1,Start,Finish,245,43.5109103500155,16.363974050014804,956,261,193,68,,,False,
2026-05-12T11:59:37+00:00,43.51217002607882,16.37569744605571,127,2026-05-12T12:09:37.993274+00:00,811,1,2.166,434.258,129.96,189.793,1,Start,Finish,245,43.5109103500155,16.363974050014804,956,262,192,70,,,False,
2026-05-12T11:59:38+00:00,43.51215083152056,16.375692877918482,127,2026-05-12T12:09:37.993274+00:00,811,1,2.166,436.424,129.96,189.793,1,Start,Finish,245,43.5109103500155,16.363974050014804,955,262,192,70,,,False,
2026-05-12T11:59:39+00:00,43.512131930328906,16.37568856123835,127,2026-05-12T12:09:37.993274+00:00,811,1,2.13,438.554,127.8,189.404,1,Start,Finish,245,43.5109103500155,16.363974050014804,954,262,191,71,,,False,
2026-05-12T11:59:40+00:00,43.512113029137254,16.375684244558215,127,2026-05-12T12:09:37.993274+00:00,811,1,2.13,440.684,127.8,189.404,1,Start,Finish,245,43.5109103500155,16.363974050014804,954,262,190,72,,,False,
2026-05-12T11:59:41+00:00,43.5120941279456,16.375679927878082,126,2026-05-12T12:09:37.993274+00:00,811,1,2.13,442.815,127.8,189.404,1,Start,Finish,245,43.5109103500155,16.363974050014804,953,262,189,73,,,False,
2026-05-12T11:59:42+00:00,43.51207522675395,16.37567561119795,126,2026-05-12T12:09:37.993274+00:00,811,1,2.13,444.945,127.8,189.404,1,Start,Finish,245,43.5109103500155,16.363974050014804,952,262,189,73,,,False,
2026-05-12T11:59:43+00:00,43.5120563255623,16.375671294517815,126,2026-05-12T12:09:37.993274+00:00,811,1,2.13,447.075,127.8,189.404,1,Start,Finish,245,43.5109103500155,16.363974050014804,952,262,189,73,,,False,
2026-05-12T11:59:44+00:00,43.51203742437065,16.37566697783768,126,2026-05-12T12:09:37.993274+00:00,811,1,2.13,449.206,127.8,189.404,1,Start,Finish,245,43.5109103500155,16.363974050014804,951,262,189,73,,,False,
2026-05-12T11:59:45+00:00,43.512018816545606,16.37566375080496,126,2026-05-12T12:09:37.993274+00:00,811,1,2.085,451.291,125.1,187.169,1,Start,Finish,245,43.5109103500155,16.363974050014804,951,263,188,75,,,False,
2026-05-12T11:59:46+00:00,43.512000208720565,16.37566052377224,125,2026-05-12T12:09:37.993274+00:00,811,1,2.085,453.377,125.1,187.169,1,Start,Finish,245,43.5109103500155,16.363974050014804,950,263,189,74,,,False,
2026-05-12T11:59:47+00:00,43.51198375923559,16.375657233875245,126,2026-05-12T12:09:37.993274+00:00,811,1,1.848,455.225,110.88,188.253,1,Start,Finish,245,43.5109103500155,16.363974050014804,950,263,189,74,,,False,
2026-05-12T11:59:48+00:00,43.51196730975062,16.37565394397825,126,2026-05-12T12:09:37.993274+00:00,811,1,1.848,457.073,110.88,188.253,1,Start,Finish,245,43.5109103500155,16.363974050014804,949,263,190,73,,,False,
2026-05-12T11:59:49+00:00,43.51195086026564,16.375650654081255,127,2026-05-12T12:09:37.993274+00:00,811,1,1.848,458.921,110.88,188.253,1,Start,Finish,245,43.5109103500155,16.363974050014804,949,263,190,73,,,False,
2026-05-12T11:59:50+00:00,43.51193441078067,16.37564736418426,128,2026-05-12T12:09:37.993274+00:00,811,1,1.848,460.77,110.88,188.253,1,Start,Finish,245,43.5109103500155,16.363974050014804,948,263,190,73,,,False,
2026-05-12T11:59:51+00:00,43.51191737456247,16.37564179021865,128,2026-05-12T12:09:37.993274+00:00,811,1,1.947,462.717,116.82,193.348,1,Start,Finish,245,43.5109103500155,16.363974050014804,948,263,190,73,,,False,
2026-05-12T11:59:52+00:00,43.51190033834427,16.375636216253042,128,2026-05-12T12:09:37.993274+00:00,811,1,1.947,464.663,116.82,193.348,1,Start,Finish,245,43.5109103500155,16.363974050014804,947,263,190,73,,,False,
2026-05-12T11:59:53+00:00,43.51188330212608,16.375630642287433,129,2026-05-12T12:09:37.993274+00:00,811,1,1.947,466.61,116.82,193.348,1,Start,Finish,245,43.5109103500155,16.363974050014804,946,263,191,72,,,False,
2026-05-12T11:59:54+00:00,43.51186626590789,16.375625068321824,129,2026-05-12T12:09:37.993274+00:00,811,1,1.947,468.557,116.82,193.348,1,Start,Finish,245,43.5109103500155,16.363974050014804,946,264,191,73,,,False,
2026-05-12T11:59:55+00:00,43.51184841245413,16.375621003098786,128,2026-05-12T12:09:37.993274+00:00,811,1,2.012,470.569,120.72,189.377,1,Start,Finish,245,43.5109103500155,16.363974050014804,945,264,191,73,,,False,
2026-05-12T11:59:56+00:00,43.51183055900037,16.375616937875748,128,2026-05-12T12:09:37.993274+00:00,811,1,2.012,472.582,120.72,189.377,1,Start,Finish,245,43.5109103500155,16.363974050014804,944,264,192,72,,,False,
2026-05-12T11:59:57+00:00,43.51181270554662,16.37561287265271,127,2026-05-12T12:09:37.993274+00:00,811,1,2.012,474.594,120.72,189.377,1,Start,Finish,245,43.5109103500155,16.363974050014804,944,264,192,72,,,False,
2026-05-12T11:59:58+00:00,43.51179485209286,16.37560880742967,126,2026-05-12T12:09:37.993274+00:00,811,1,2.012,476.606,120.72,189.377,1,Start,Finish,245,43.5109103500155,16.363974050014804,943,264,192,72,,,False,
2026-05-12T11:59:59+00:00,43.511775908991694,16.37560294009745,123,2026-05-12T12:09:37.993274+00:00,811,1,2.159,478.765,129.54,192.66,1,Start,Finish,245,43.5109103500155,16.363974050014804,943,264,191,73,,,False,
2026-05-12T12:00:00+00:00,43.51175858639181,16.375597212463617,122,2026-05-12T12:09:37.993274+00:00,811,1,1.981,480.745,118.86,193.485,1,Start,Finish,245,43.5109103500155,16.363974050014804,942,264,191,73,,,False,
2026-05-12T12:00:01+00:00,43.51174126379192,16.375591484829783,121,2026-05-12T12:09:37.993274+00:00,811,1,1.981,482.726,118.86,193.485,1,Start,Finish,245,43.5109103500155,16.363974050014804,941,264,191,73,,,False,
2026-05-12T12:00:02+00:00,43.51172394119203,16.37558575719595,120,2026-05-12T12:09:37.993274+00:00,811,1,1.981,484.707,118.86,193.485,1,Start,Finish,245,43.5109103500155,16.363974050014804,941,264,192,72,,,False,
2026-05-12T12:00:03+00:00,43.51170604582876,16.37558190152049,119,2026-05-12T12:09:37.993274+00:00,811,1,2.014,486.721,120.84,188.881,1,Start,Finish,245,43.5109103500155,16.363974050014804,940,265,192,73,,,False,
2026-05-12T12:00:04+00:00,43.51168815046549,16.37557804584503,118,2026-05-12T12:09:37.993274+00:00,811,1,2.014,488.735,120.84,188.881,1,Start,Finish,245,43.5109103500155,16.363974050014804,940,265,192,73,,,False,
2026-05-12T12:00:05+00:00,43.51167006650939,16.37557240901515,119,2026-05-12T12:09:37.993274+00:00,811,1,2.062,490.797,123.72,192.738,1,Start,Finish,245,43.5109103500155,16.363974050014804,939,265,191,74,,,False,
2026-05-12T12:00:06+00:00,43.5116519825533,16.375566772185266,120,2026-05-12T12:09:37.993274+00:00,811,1,2.062,492.858,123.72,192.738,1,Start,Finish,245,43.5109103500155,16.363974050014804,939,265,190,75,,,False,
2026-05-12T12:00:07+00:00,43.51163389859721,16.375561135355383,120,2026-05-12T12:09:37.993274+00:00,811,1,2.062,494.92,123.72,192.738,1,Start,Finish,245,43.5109103500155,16.363974050014804,938,265,189,76,,,False,
2026-05-12T12:00:08+00:00,43.51161581464112,16.3755554985255,121,2026-05-12T12:09:37.993274+00:00,811,1,2.062,496.981,123.72,192.738,1,Start,Finish,245,43.5109103500155,16.363974050014804,937,265,189,76,,,False,
2026-05-12T12:00:09+00:00,43.51159930229187,16.37555248104036,122,2026-05-12T12:09:37.993274+00:00,811,1,1.852,498.834,111.12,187.549,1,Start,Finish,245,43.5109103500155,16.363974050014804,937,265,188,77,,,False,
2026-05-12T12:00:10+00:00,43.51158278994262,16.375549463555217,124,2026-05-12T12:09:37.993274+00:00,811,1,1.852,500.686,111.12,187.549,1,Start,Finish,245,43.5109103500155,16.363974050014804,936,265,188,77,,,False,
2026-05-12T12:00:11+00:00,43.51156499236822,16.37554761953652,125,2026-05-12T12:09:37.993274+00:00,811,1,1.985,502.67,119.1,184.297,1,Start,Finish,245,43.5109103500155,16.363974050014804,936,266,187,79,,,False,
2026-05-12T12:00:12+00:00,43.51154719479382,16.37554577551782,126,2026-05-12T12:09:37.993274+00:00,811,1,1.985,504.655,119.1,184.297,1,Start,Finish,245,43.5109103500155,16.363974050014804,936,266,186,80,,,False,
2026-05-12T12:00:13+00:00,43.51152939721942,16.375543931499124,127,2026-05-12T12:09:37.993274+00:00,811,1,1.985,506.639,119.1,184.297,1,Start,Finish,245,43.5109103500155,16.363974050014804,936,266,185,81,,,False,
2026-05-12T12:00:14+00:00,43.51151210954413,16.37554265325889,128,2026-05-12T12:09:37.993274+00:00,811,1,1.925,508.564,115.5,183.069,1,Start,Finish,245,43.5109103500155,16.363974050014804,935,266,185,81,,,False,
2026-05-12T12:00:15+00:00,43.51149482186884,16.375541375018656,129,2026-05-12T12:09:37.993274+00:00,811,1,1.925,510.49,115.5,183.069,1,Start,Finish,245,43.5109103500155,16.363974050014804,935,266,185,81,,,False,
2026-05-12T12:00:16+00:00,43.511477534193546,16.375540096778423,130,2026-05-12T12:09:37.993274+00:00,811,1,1.925,512.415,115.5,183.069,1,Start,Finish,245,43.5109103500155,16.363974050014804,935,266,184,82,,,False,
2026-05-12T12:00:17+00:00,43.511460246518254,16.37553881853819,131,2026-05-12T12:09:37.993274+00:00,811,1,1.925,514.34,115.5,183.069,1,Start,Finish,245,43.5109103500155,16.363974050014804,935,266,185,81,,,False,
2026-05-12T12:00:18+00:00,43.511442828923464,16.37553638778627,131,2026-05-12T12:09:37.993274+00:00,811,1,1.947,516.286,116.82,185.779,1,Start,Finish,245,43.5109103500155,16.363974050014804,934,266,185,81,,,False,
2026-05-12T12:00:19+00:00,43.51142541132867,16.37553395703435,130,2026-05-12T12:09:37.993274+00:00,811,1,1.947,518.233,116.82,185.779,1,Start,Finish,245,43.5109103500155,16.363974050014804,934,266,186,80,,,False,
2026-05-12T12:00:20+00:00,43.51140799373388,16.37553152628243,130,2026-05-12T12:09:37.993274+00:00,811,1,1.947,520.18,116.82,185.779,1,Start,Finish,245,43.5109103500155,16.363974050014804,934,267,187,80,,,False,
2026-05-12T12:00:21+00:00,43.51139057613909,16.37552909553051,129,2026-05-12T12:09:37.993274+00:00,811,1,1.947,522.126,116.82,185.779,1,Start,Finish,245,43.5109103500155,16.363974050014804,933,267,187,80,,,False,
2026-05-12T12:00:22+00:00,43.5113731585443,16.37552666477859,129,2026-05-12T12:09:37.993274+00:00,811,1,1.947,524.073,116.82,185.779,1,Start,Finish,245,43.5109103500155,16.363974050014804,933,267,188,79,,,False,
2026-05-12T12:00:23+00:00,43.51135580800474,16.375521635636687,128,2026-05-12T12:09:37.993274+00:00,811,1,1.971,526.044,118.26,191.872,1,Start,Finish,245,43.5109103500155,16.363974050014804,933,267,188,79,,,False,
2026-05-12T12:00:24+00:00,43.51133845746517,16.375516606494784,126,2026-05-12T12:09:37.993274+00:00,811,1,1.971,528.016,118.26,191.872,1,Start,Finish,245,43.5109103500155,16.363974050014804,932,267,189,78,,,False,
2026-05-12T12:00:25+00:00,43.511320704594254,16.375512298196554,126,2026-05-12T12:09:37.993274+00:00,811,1,2.004,530.02,120.24,189.982,1,Start,Finish,245,43.5109103500155,16.363974050014804,932,267,189,78,,,False,
2026-05-12T12:00:26+00:00,43.51130295172334,16.375507989898324,126,2026-05-12T12:09:37.993274+00:00,811,1,2.004,532.025,120.24,189.982,1,Start,Finish,245,43.5109103500155,16.363974050014804,931,267,190,77,,,False,
2026-05-12T12:00:27+00:00,43.51128519885242,16.375503681600094,125,2026-05-12T12:09:37.993274+00:00,811,1,2.004,534.029,120.24,189.982,1,Start,Finish,245,43.5109103500155,16.363974050014804,931,267,191,76,,,False,
2026-05-12T12:00:28+00:00,43.5112674459815,16.375499373301864,125,2026-05-12T12:09:37.993274+00:00,811,1,2.004,536.033,120.24,189.982,1,Start,Finish,245,43.5109103500155,16.363974050014804,930,268,193,75,,,False,
2026-05-12T12:00:29+00:00,43.511249693110585,16.375495065003633,125,2026-05-12T12:09:37.993274+00:00,811,1,2.004,538.038,120.24,189.982,1,Start,Finish,245,43.5109103500155,16.363974050014804,930,268,193,75,,,False,
2026-05-12T12:00:30+00:00,43.51123059913516,16.375486951321363,124,2026-05-12T12:09:37.993274+00:00,811,1,2.222,540.259,133.32,197.128,1,Start,Finish,245,43.5109103500155,16.363974050014804,929,268,194,74,,,False,
2026-05-12T12:00:31+00:00,43.511211505159736,16.375478837639093,124,2026-05-12T12:09:37.993274+00:00,811,1,2.222,542.481,133.32,197.128,1,Start,Finish,245,43.5109103500155,16.363974050014804,928,268,195,73,,,False,
2026-05-12T12:00:32+00:00,43.51119241118431,16.375470723956823,123,2026-05-12T12:09:37.993274+00:00,811,1,2.222,544.703,133.32,197.128,1,Start,Finish,245,43.5109103500155,16.363974050014804,928,268,196,72,,,False,
2026-05-12T12:00:33+00:00,43.511173317208886,16.375462610274553,123,2026-05-12T12:09:37.993274+00:00,811,1,2.222,546.924,133.32,197.128,1,Start,Finish,245,43.5109103500155,16.363974050014804,927,268,197,71,,,False,
2026-05-12T12:00:34+00:00,43.51115422323346,16.375454496592283,122,2026-05-12T12:09:37.993274+00:00,811,1,2.222,549.146,133.32,197.128,1,Start,Finish,245,43.5109103500155,16.363974050014804,926,268,199,69,,,False,
2026-05-12T12:00:35+00:00,43.511136258021,16.375445388257504,122,2026-05-12T12:09:37.993274+00:00,811,1,2.128,551.274,127.68,200.188,1,Start,Finish,245,43.5109103500155,16.363974050014804,925,268,199,69,,,False,
2026-05-12T12:00:36+00:00,43.51111829280853,16.375436279922724,122,2026-05-12T12:09:37.993274+00:00,811,1,2.128,553.403,127.68,200.188,1,Start,Finish,245,43.5109103500155,16.363974050014804,925,269,199,70,,,False,
2026-05-12T12:00:37+00:00,43.51110032759607,16.375427171587944,122,2026-05-12T12:09:37.993274+00:00,811,1,2.128,555.531,127.68,200.188,1,Start,Finish,245,43.5109103500155,16.363974050014804,924,269,199,70,,,False,
2026-05-12T12:00:38+00:00,43.51108188740909,16.37541740667075,124,2026-05-12T12:09:37.993274+00:00,811,1,2.196,557.728,131.76,201.009,1,Start,Finish,245,43.5109103500155,16.363974050014804,923,269,199,70,,,False,
2026-05-12T12:00:39+00:00,43.511063447222114,16.375407641753554,125,2026-05-12T12:09:37.993274+00:00,811,1,2.196,559.924,131.76,201.009,1,Start,Finish,245,43.5109103500155,16.363974050014804,922,269,199,70,,,False,
2026-05-12T12:00:40+00:00,43.51104421913624,16.375399796292186,125,2026-05-12T12:09:37.993274+00:00,811,1,2.23,562.154,133.8,196.484,1,Start,Finish,245,43.5109103500155,16.363974050014804,922,269,198,71,,,False,
2026-05-12T12:00:41+00:00,43.51102499105036,16.375391950830817,125,2026-05-12T12:09:37.993274+00:00,811,1,2.23,564.384,133.8,196.484,1,Start,Finish,245,43.5109103500155,16.363974050014804,921,269,198,71,,,False,
2026-05-12T12:00:42+00:00,43.51100576296449,16.37538410536945,124,2026-05-12T12:09:37.993274+00:00,811,1,2.23,566.613,133.8,196.484,1,Start,Finish,245,43.5109103500155,16.363974050014804,920,269,197,72,,,False,
2026-05-12T12:00:43+00:00,43.51098653487861,16.37537625990808,124,2026-05-12T12:09:37.993274+00:00,811,1,2.23,568.843,133.8,196.484,1,Start,Finish,245,43.5109103500155,16.363974050014804,920,269,196,73,,,False,
2026-05-12T12:00:44+00:00,43.510967306792736,16.37536841444671,124,2026-05-12T12:09:37.993274+00:00,811,1,2.23,571.073,133.8,196.484,1,Start,Finish,245,43.5109103500155,16.363974050014804,919,270,195,75,,,False,
2026-05-12T12:00:45+00:00,43.51094735786319,16.375361569225788,124,2026-05-12T12:09:37.993274+00:00,811,1,2.286,573.359,137.16,193.975,1,Start,Finish,245,43.5109103500155,16.363974050014804,918,270,195,75,,,False,
2026-05-12T12:00:46+00:00,43.51092740893364,16.375354724004865,123,2026-05-12T12:09:37.993274+00:00,811,1,2.286,575.645,137.16,193.975,1,Start,Finish,245,43.5109103500155,16.363974050014804,918,270,195,75,,,False,
2026-05-12T12:00:47+00:00,43.51090746000409,16.37534787878394,123,2026-05-12T12:09:37.993274+00:00,811,1,2.286,577.93,137.16,193.975,1,Start,Finish,245,43.5109103500155,16.363974050014804,917,270,195,75,,,False,
2026-05-12T12:00:48+00:00,43.51088751107454,16.375341033563018,123,2026-05-12T12:09:37.993274+00:00,811,1,2.286,580.216,137.16,193.975,1,Start,Finish,245,43.5109103500155,16.363974050014804,917,270,195,75,,,False,
2026-05-12T12:00:49+00:00,43.510867562144995,16.375334188342094,122,2026-05-12T12:09:37.993274+00:00,811,1,2.286,582.502,137.16,193.975,1,Start,Finish,245,43.5109103500155,16.363974050014804,916,270,195,75,,,False,
2026-05-12T12:00:50+00:00,43.51084761321545,16.37532734312117,122,2026-05-12T12:09:37.993274+00:00,811,1,2.286,584.788,137.16,193.975,1,Start,Finish,245,43.5109103500155,16.363974050014804,916,270,191,79,,,False,
2026-05-12T12:00:51+00:00,43.51082984358072,16.375320190563798,123,2026-05-12T12:09:37.993274+00:00,811,1,2.058,586.846,123.48,196.274,1,Start,Finish,245,43.5109103500155,16.363974050014804,915,271,189,82,,,False,
2026-05-12T12:00:52+00:00,43.510812073946,16.375313038006425,123,2026-05-12T12:09:37.993274+00:00,811,1,2.058,588.905,123.48,196.274,1,Start,Finish,245,43.5109103500155,16.363974050014804,914,271,188,83,,,False,
2026-05-12T12:00:53+00:00,43.510794304311275,16.375305885449052,124,2026-05-12T12:09:37.993274+00:00,811,1,2.058,590.963,123.48,196.274,1,Start,Finish,245,43.5109103500155,16.363974050014804,914,271,186,85,,,False,
2026-05-12T12:00:54+00:00,43.51077768020332,16.37530722655356,124,2026-05-12T12:09:37.993274+00:00,811,1,1.852,592.815,111.12,176.652,1,Start,Finish,245,43.5109103500155,16.363974050014804,914,271,184,87,,,False,
2026-05-12T12:00:55+00:00,43.51076105609536,16.375308567658067,124,2026-05-12T12:09:37.993274+00:00,811,1,1.852,594.666,111.12,176.652,1,Start,Finish,245,43.5109103500155,16.363974050014804,914,271,184,87,,,False,
2026-05-12T12:00:56+00:00,43.510744431987405,16.375309908762574,124,2026-05-12T12:09:37.993274+00:00,811,1,1.852,596.518,111.12,176.652,1,Start,Finish,245,43.5109103500155,16.363974050014804,914,271,183,88,,,False,
2026-05-12T12:00:57+00:00,43.51072780787945,16.37531124986708,125,2026-05-12T12:09:37.993274+00:00,811,1,1.852,598.37,111.12,176.652,1,Start,Finish,245,43.5109103500155,16.363974050014804,914,271,182,89,,,False,
2026-05-12T12:00:58+00:00,43.51071118377149,16.37531259097159,125,2026-05-12T12:09:37.993274+00:00,811,1,1.852,600.222,111.12,176.652,1,Start,Finish,245,43.5109103500155,16.363974050014804,915,271,181,90,,,False,
2026-05-12T12:00:59+00:00,43.510694559663534,16.375313932076097,125,2026-05-12T12:09:37.993274+00:00,811,1,1.852,602.073,111.12,176.652,1,Start,Finish,245,43.5109103500155,16.363974050014804,915,272,179,93,,,False,
2026-05-12T12:01:00+00:00,43.510677753947675,16.375313219614327,125,2026-05-12T12:09:37.993274+00:00,811,1,1.87,603.943,112.2,181.761,1,Start,Finish,245,43.5109103500155,16.363974050014804,915,272,181,91,,,False,
2026-05-12T12:01:01+00:00,43.510660948231816,16.375312507152557,125,2026-05-12T12:09:37.993274+00:00,811,1,1.87,605.812,112.2,181.761,1,Start,Finish,245,43.5109103500155,16.363974050014804,915,272,182,90,,,False,
2026-05-12T12:01:02+00:00,43.51064449176192,16.375311193987727,124,2026-05-12T12:09:37.993274+00:00,811,1,1.833,607.645,109.98,183.312,1,Start,Finish,245,43.5109103500155,16.363974050014804,915,272,183,89,,,False,
2026-05-12T12:01:03+00:00,43.51062803529203,16.375309880822897,123,2026-05-12T12:09:37.993274+00:00,811,1,1.833,609.478,109.98,183.312,1,Start,Finish,245,43.5109103500155,16.363974050014804,915,272,185,87,,,False,
2026-05-12T12:01:04+00:00,43.510611578822136,16.375308567658067,122,2026-05-12T12:09:37.993274+00:00,811,1,1.833,611.311,109.98,183.312,1,Start,Finish,245,43.5109103500155,16.363974050014804,915,272,186,86,,,False,
2026-05-12T12:01:05+00:00,43.51059607230127,16.37530450243503,120,2026-05-12T12:09:37.993274+00:00,811,1,1.755,613.066,105.3,190.765,1,Start,Finish,245,43.5109103500155,16.363974050014804,914,272,186,86,,,False,
2026-05-12T12:01:06+00:00,43.5105805657804,16.37530043721199,118,2026-05-12T12:09:37.993274+00:00,811,1,1.755,614.821,105.3,190.765,1,Start,Finish,245,43.5109103500155,16.363974050014804,914,272,186,86,,,False,
2026-05-12T12:01:07+00:00,43.51056670770049,16.375296274200082,118,2026-05-12T12:09:37.993274+00:00,811,1,1.577,616.399,94.62,192.291,1,Start,Finish,245,43.5109103500155,16.363974050014804,914,272,186,86,,,False,
2026-05-12T12:01:08+00:00,43.51055284962058,16.375292111188173,117,2026-05-12T12:09:37.993274+00:00,811,1,1.577,617.976,94.62,192.291,1,Start,Finish,245,43.5109103500155,16.363974050014804,914,272,186,86,,,False,
2026-05-12T12:01:09+00:00,43.51053899154067,16.375287948176265,117,2026-05-12T12:09:37.993274+00:00,811,1,1.577,619.553,94.62,192.291,1,Start,Finish,245,43.5109103500155,16.363974050014804,913,273,186,87,,,False,
2026-05-12T12:01:10+00:00,43.510523254517466,16.375287612900138,118,2026-05-12T12:09:37.993274+00:00,811,1,1.75,621.303,105.0,180.885,1,Start,Finish,245,43.5109103500155,16.363974050014804,913,273,186,87,,,False,
2026-05-12T12:01:11+00:00,43.51050751749426,16.37528727762401,118,2026-05-12T12:09:37.993274+00:00,811,1,1.75,623.053,105.0,180.885,1,Start,Finish,245,43.5109103500155,16.363974050014804,913,273,185,88,,,False,
2026-05-12T12:01:12+00:00,43.51049178047106,16.375286942347884,119,2026-05-12T12:09:37.993274+00:00,811,1,1.75,624.803,105.0,180.885,1,Start,Finish,245,43.5109103500155,16.363974050014804,913,273,186,87,,,False,
2026-05-12T12:01:13+00:00,43.51047604344785,16.375286607071757,120,2026-05-12T12:09:37.993274+00:00,811,1,1.75,626.553,105.0,180.885,1,Start,Finish,245,43.5109103500155,16.363974050014804,914,273,186,87,,,False,
2026-05-12T12:01:14+00:00,43.51046041119844,16.375286397524178,122,2026-05-12T12:09:37.993274+00:00,811,1,1.738,628.291,104.28,180.557,1,Start,Finish,245,43.5109103500155,16.363974050014804,914,273,186,87,,,False,
2026-05-12T12:01:15+00:00,43.51044477894902,16.3752861879766,123,2026-05-12T12:09:37.993274+00:00,811,1,1.738,630.03,104.28,180.557,1,Start,Finish,245,43.5109103500155,16.363974050014804,914,273,186,87,,,False,
2026-05-12T12:01:16+00:00,43.5104304458946,16.375286020338535,124,2026-05-12T12:09:37.993274+00:00,811,1,1.594,631.624,95.64,180.486,1,Start,Finish,245,43.5109103500155,16.363974050014804,914,273,188,85,,,False,
2026-05-12T12:01:17+00:00,43.51041407324374,16.37527941260487,124,2026-05-12T12:09:37.993274+00:00,811,1,1.897,633.52,113.82,196.315,1,Start,Finish,245,43.5109103500155,16.363974050014804,913,273,189,84,,,False,
2026-05-12T12:01:18+00:00,43.510397700592875,16.3752728048712,124,2026-05-12T12:09:37.993274+00:00,811,1,1.897,635.417,113.82,196.315,1,Start,Finish,245,43.5109103500155,16.363974050014804,913,274,191,83,,,False,
2026-05-12T12:01:19+00:00,43.510381327942014,16.375266197137535,124,2026-05-12T12:09:37.993274+00:00,811,1,1.897,637.314,113.82,196.315,1,Start,Finish,245,43.5109103500155,16.363974050014804,913,274,192,82,,,False,
2026-05-12T12:01:20+00:00,43.51036495529115,16.375259589403868,125,2026-05-12T12:09:37.993274+00:00,811,1,1.897,639.211,113.82,196.315,1,Start,Finish,245,43.5109103500155,16.363974050014804,912,274,193,81,,,False,
2026-05-12T12:01:21+00:00,43.51034858264029,16.3752529816702,125,2026-05-12T12:09:37.993274+00:00,811,1,1.897,641.108,113.82,196.315,1,Start,Finish,245,43.5109103500155,16.363974050014804,912,274,195,79,,,False,
2026-05-12T12:01:22+00:00,43.51033220998943,16.375246373936534,125,2026-05-12T12:09:37.993274+00:00,811,1,1.897,643.005,113.82,196.315,1,Start,Finish,245,43.5109103500155,16.363974050014804,911,274,196,78,,,False,
2026-05-12T12:01:23+00:00,43.510313015431166,16.375238494947553,125,2026-05-12T12:09:37.993274+00:00,811,1,2.227,645.232,133.62,196.578,1,Start,Finish,245,43.5109103500155,16.363974050014804,911,274,196,78,,,False,
2026-05-12T12:01:24+00:00,43.5102938208729,16.37523061595857,125,2026-05-12T12:09:37.993274+00:00,811,1,2.227,647.459,133.62,196.578,1,Start,Finish,245,43.5109103500155,16.363974050014804,910,274,196,78,,,False,
2026-05-12T12:01:25+00:00,43.51027462631464,16.37522273696959,124,2026-05-12T12:09:37.993274+00:00,811,1,2.227,649.686,133.62,196.578,1,Start,Finish,245,43.5109103500155,16.363974050014804,910,274,195,79,,,False,
2026-05-12T12:01:26+00:00,43.51025543175638,16.37521485798061,124,2026-05-12T12:09:37.993274+00:00,811,1,2.227,651.913,133.62,196.578,1,Start,Finish,245,43.5109103500155,16.363974050014804,909,275,195,80,,,False,
2026-05-12T12:01:27+00:00,43.510236237198114,16.375206978991628,124,2026-05-12T12:09:37.993274+00:00,811,1,2.227,654.14,133.62,196.578,1,Start,Finish,245,43.5109103500155,16.363974050014804,909,275,194,81,,,False,
2026-05-12T12:01:28+00:00,43.51021704263985,16.375199100002646,124,2026-05-12T12:09:37.993274+00:00,811,1,2.227,656.367,133.62,196.578,1,Start,Finish,245,43.5109103500155,16.363974050014804,909,275,194,81,,,False,
2026-05-12T12:01:29+00:00,43.51019835099578,16.375198429450393,126,2026-05-12T12:09:37.993274+00:00,811,1,2.079,658.446,124.74,181.49,1,Start,Finish,245,43.5109103500155,16.363974050014804,909,275,198,77,,,False,
2026-05-12T12:01:30+00:00,43.51018104236573,16.375192666891962,126,2026-05-12T12:09:37.993274+00:00,811,1,1.98,660.426,118.8,193.575,1,Start,Finish,245,43.5109103500155,16.363974050014804,908,275,202,73,,,False,
2026-05-12T12:01:31+00:00,43.51016373373568,16.375186904333532,126,2026-05-12T12:09:37.993274+00:00,811,1,1.98,662.406,118.8,193.575,1,Start,Finish,245,43.5109103500155,16.363974050014804,908,275,209,66,,,False,
2026-05-12T12:01:32+00:00,43.51014642510563,16.3751811417751,125,2026-05-12T12:09:37.993274+00:00,811,1,1.98,664.386,118.8,193.575,1,Start,Finish,245,43.5109103500155,16.363974050014804,908,275,218,57,,,False,
2026-05-12T12:01:33+00:00,43.51012911647558,16.37517537921667,125,2026-05-12T12:09:37.993274+00:00,811,1,1.98,666.366,118.8,193.575,1,Start,Finish,245,43.5109103500155,16.363974050014804,907,275,225,50,,,False,
2026-05-12T12:01:34+00:00,43.51012086030096,16.37515635229647,126,2026-05-12T12:09:37.993274+00:00,811,1,1.788,668.154,107.28,239.108,1,Start,Finish,245,43.5109103500155,16.363974050014804,906,276,236,40,,,False,
2026-05-12T12:01:35+00:00,43.510112604126334,16.375137325376272,127,2026-05-12T12:09:37.993274+00:00,811,1,1.788,669.942,107.28,239.108,1,Start,Finish,245,43.5109103500155,16.363974050014804,905,276,250,26,,,False,
2026-05-12T12:01:36+00:00,43.510115118697286,16.37512156739831,130,2026-05-12T12:09:37.993274+00:00,811,1,1.301,671.243,78.06,282.409,1,Start,Finish,245,43.5109103500155,16.363974050014804,903,276,262,14,,,False,
2026-05-12T12:01:37+00:00,43.51012551225722,16.375101199373603,130,2026-05-12T12:09:37.993274+00:00,811,1,2.008,673.251,120.48,305.13,1,Start,Finish,245,43.5109103500155,16.363974050014804,902,276,273,3,,,False,
2026-05-12T12:01:38+00:00,43.510135570541024,16.375078903511167,133,2026-05-12T12:09:37.993274+00:00,811,1,2.118,675.369,127.08,301.883,1,Start,Finish,245,43.5109103500155,16.363974050014804,900,275,283,8,,,False,
2026-05-12T12:01:39+00:00,43.51014420390129,16.375057362020016,137,2026-05-12T12:09:37.993274+00:00,811,1,1.985,677.354,119.1,298.925,1,Start,Finish,245,43.5109103500155,16.363974050014804,898,275,291,16,,,False,
2026-05-12T12:01:40+00:00,43.51015191525221,16.37503900565207,137,2026-05-12T12:09:37.993274+00:00,811,1,1.711,679.064,102.66,300.081,1,Start,Finish,245,43.5109103500155,16.363974050014804,896,275,297,22,,,False,
2026-05-12T12:01:41+00:00,43.51016180589795,16.375019643455744,137,2026-05-12T12:09:37.993274+00:00,811,1,1.91,680.974,114.6,305.158,1,Start,Finish,245,43.5109103500155,16.363974050014804,895,275,301,26,,,False,
2026-05-12T12:01:42+00:00,43.51017169654369,16.375000281259418,138,2026-05-12T12:09:37.993274+00:00,811,1,1.91,682.884,114.6,305.158,1,Start,Finish,245,43.5109103500155,16.363974050014804,893,275,303,28,,,False,
2026-05-12T12:01:43+00:00,43.51018158718944,16.37498091906309,138,2026-05-12T12:09:37.993274+00:00,811,1,1.91,684.794,114.6,305.158,1,Start,Finish,245,43.5109103500155,16.363974050014804,891,275,302,27,,,False,
2026-05-12T12:01:44+00:00,43.51019147783518,16.374961556866765,139,2026-05-12T12:09:37.993274+00:00,811,1,1.91,686.704,114.6,305.158,1,Start,Finish,245,43.5109103500155,16.363974050014804,890,275,302,27,,,False,
2026-05-12T12:01:45+00:00,43.51020136848092,16.37494219467044,139,2026-05-12T12:09:37.993274+00:00,811,1,1.91,688.614,114.6,305.159,1,Start,Finish,245,43.5109103500155,16.363974050014804,888,275,302,27,,,False,
2026-05-12T12:01:46+00:00,43.51021000184119,16.374922078102827,139,2026-05-12T12:09:37.993274+00:00,811,1,1.885,690.499,113.1,300.615,1,Start,Finish,245,43.5109103500155,16.363974050014804,886,275,302,27,,,False,
2026-05-12T12:01:47+00:00,43.51021869806573,16.374899719376117,138,2026-05-12T12:09:37.993274+00:00,811,1,2.046,692.545,122.76,298.204,1,Start,Finish,245,43.5109103500155,16.363974050014804,884,275,302,27,,,False,
2026-05-12T12:01:48+00:00,43.51022739429027,16.374877360649407,138,2026-05-12T12:09:37.993274+00:00,811,1,2.046,694.591,122.76,298.204,1,Start,Finish,245,43.5109103500155,16.363974050014804,883,275,301,26,,,False,
2026-05-12T12:01:49+00:00,43.51023609051481,16.374855001922697,137,2026-05-12T12:09:37.993274+00:00,811,1,2.046,696.637,122.76,298.204,1,Start,Finish,245,43.5109103500155,16.363974050014804,881,275,301,26,,,False,
2026-05-12T12:01:50+00:00,43.51024478673935,16.374832643195987,136,2026-05-12T12:09:37.993274+00:00,811,1,2.046,698.683,122.76,298.204,1,Start,Finish,245,43.5109103500155,16.363974050014804,879,275,301,26,,,False,
2026-05-12T12:01:51+00:00,43.51025470532477,16.374811604619026,135,2026-05-12T12:09:37.993274+00:00,811,1,2.024,700.707,121.44,303.026,1,Start,Finish,245,43.5109103500155,16.363974050014804,877,275,302,27,,,False,
2026-05-12T12:01:52+00:00,43.51026462391019,16.374790566042066,133,2026-05-12T12:09:37.993274+00:00,811,1,2.024,702.73,121.44,303.026,1,Start,Finish,245,43.5109103500155,16.363974050014804,875,275,302,27,,,False,
2026-05-12T12:01:53+00:00,43.51027454249561,16.374769527465105,132,2026-05-12T12:09:37.993274+00:00,811,1,2.024,704.754,121.44,303.026,1,Start,Finish,245,43.5109103500155,16.363974050014804,873,275,303,28,,,False,
2026-05-12T12:01:54+00:00,43.51028420962393,16.374750109389424,131,2026-05-12T12:09:37.993274+00:00,811,1,1.899,706.653,113.94,304.467,1,Start,Finish,245,43.5109103500155,16.363974050014804,872,275,303,28,,,False,
2026-05-12T12:01:55+00:00,43.51029387675226,16.374730691313744,130,2026-05-12T12:09:37.993274+00:00,811,1,1.899,708.552,113.94,304.467,1,Start,Finish,245,43.5109103500155,16.363974050014804,870,275,303,28,,,False,
2026-05-12T12:01:56+00:00,43.51030354388058,16.374711273238063,129,2026-05-12T12:09:37.993274+00:00,811,1,1.899,710.452,113.94,304.467,1,Start,Finish,245,43.5109103500155,16.363974050014804,869,274,304,30,,,False,
2026-05-12T12:01:57+00:00,43.510312931612134,16.37469177134335,128,2026-05-12T12:09:37.993274+00:00,811,1,1.888,712.34,113.28,303.574,1,Start,Finish,245,43.5109103500155,16.363974050014804,867,274,304,30,,,False,
2026-05-12T12:01:58+00:00,43.510322319343686,16.374672269448638,126,2026-05-12T12:09:37.993274+00:00,811,1,1.888,714.227,113.28,303.574,1,Start,Finish,245,43.5109103500155,16.363974050014804,865,274,304,30,,,False,
2026-05-12T12:01:59+00:00,43.51033170707524,16.374652767553926,125,2026-05-12T12:09:37.993274+00:00,811,1,1.888,716.115,113.28,303.574,1,Start,Finish,245,43.5109103500155,16.363974050014804,864,274,304,30,,,False,
2026-05-12T12:02:00+00:00,43.510341262444854,16.374632567167282,124,2026-05-12T12:09:37.993274+00:00,811,1,1.945,718.06,116.7,303.114,1,Start,Finish,245,43.5109103500155,16.363974050014804,862,274,303,29,,,False,
2026-05-12T12:02:01+00:00,43.51035081781447,16.37461236678064,122,2026-05-12T12:09:37.993274+00:00,811,1,1.945,720.005,116.7,303.114,1,Start,Finish,245,43.5109103500155,16.363974050014804,860,274,303,29,,,False,
2026-05-12T12:02:02+00:00,43.5103596188128,16.374593507498503,122,2026-05-12T12:09:37.993274+00:00,811,1,1.809,721.813,108.54,302.76,1,Start,Finish,245,43.5109103500155,16.363974050014804,859,274,303,29,,,False,
2026-05-12T12:02:03+00:00,43.510368978604674,16.374573726207018,122,2026-05-12T12:09:37.993274+00:00,811,1,1.905,723.718,114.3,303.121,1,Start,Finish,245,43.5109103500155,16.363974050014804,857,274,303,29,,,False,
2026-05-12T12:02:04+00:00,43.51037833839655,16.374553944915533,121,2026-05-12T12:09:37.993274+00:00,811,1,1.905,725.623,114.3,303.121,1,Start,Finish,245,43.5109103500155,16.363974050014804,855,274,303,29,,,False,
2026-05-12T12:02:05+00:00,43.510387698188424,16.37453416362405,120,2026-05-12T12:09:37.993274+00:00,811,1,1.905,727.527,114.3,303.121,1,Start,Finish,245,43.5109103500155,16.363974050014804,854,274,303,29,,,False,
2026-05-12T12:02:06+00:00,43.5103970579803,16.374514382332563,120,2026-05-12T12:09:37.993274+00:00,811,1,1.905,729.432,114.3,303.121,1,Start,Finish,245,43.5109103500155,16.363974050014804,852,274,303,29,,,False,
2026-05-12T12:02:07+00:00,43.510406417772174,16.37449460104108,120,2026-05-12T12:09:37.993274+00:00,811,1,1.905,731.337,114.3,303.121,1,Start,Finish,245,43.5109103500155,16.363974050014804,850,274,304,30,,,False,
2026-05-12T12:02:08+00:00,43.51041577756405,16.374474819749594,119,2026-05-12T12:09:37.993274+00:00,811,1,1.905,733.241,114.3,303.121,1,Start,Finish,245,43.5109103500155,16.363974050014804,849,274,304,30,,,False,
2026-05-12T12:02:09+00:00,43.51042429916561,16.374456798657775,119,2026-05-12T12:09:37.993274+00:00,811,1,1.735,734.976,104.1,303.105,1,Start,Finish,245,43.5109103500155,16.363974050014804,847,274,305,31,,,False,
2026-05-12T12:02:10+00:00,43.51043282076717,16.374438777565956,119,2026-05-12T12:09:37.993274+00:00,811,1,1.735,736.711,104.1,303.105,1,Start,Finish,245,43.5109103500155,16.363974050014804,846,274,305,31,,,False,
2026-05-12T12:02:11+00:00,43.51044134236872,16.374420756474137,119,2026-05-12T12:09:37.993274+00:00,811,1,1.735,738.446,104.1,303.105,1,Start,Finish,245,43.5109103500155,16.363974050014804,844,274,306,32,,,False,
2026-05-12T12:02:12+00:00,43.5104510653764,16.374404311180115,118,2026-05-12T12:09:37.993274+00:00,811,1,1.711,740.157,102.66,309.187,1,Start,Finish,245,43.5109103500155,16.363974050014804,843,273,306,33,,,False,
2026-05-12T12:02:13+00:00,43.51046078838408,16.374387865886092,118,2026-05-12T12:09:37.993274+00:00,811,1,1.711,741.868,102.66,309.187,1,Start,Finish,245,43.5109103500155,16.363974050014804,841,273,306,33,,,False,
2026-05-12T12:02:14+00:00,43.51047051139176,16.37437142059207,117,2026-05-12T12:09:37.993274+00:00,811,1,1.711,743.579,102.66,309.187,1,Start,Finish,245,43.5109103500155,16.363974050014804,840,273,307,34,,,False,
2026-05-12T12:02:15+00:00,43.51048023439944,16.374354975298047,117,2026-05-12T12:09:37.993274+00:00,811,1,1.711,745.29,102.66,309.187,1,Start,Finish,245,43.5109103500155,16.363974050014804,839,273,305,32,,,False,
2026-05-12T12:02:16+00:00,43.51048995740712,16.374338530004025,116,2026-05-12T12:09:37.993274+00:00,811,1,1.711,747.002,102.66,309.187,1,Start,Finish,245,43.5109103500155,16.363974050014804,837,273,302,29,,,False,
2026-05-12T12:02:17+00:00,43.510498884133995,16.374321305193007,115,2026-05-12T12:09:37.993274+00:00,811,1,1.707,748.709,102.42,305.549,1,Start,Finish,245,43.5109103500155,16.363974050014804,836,273,298,25,,,False,
2026-05-12T12:02:18+00:00,43.51050781086087,16.37430408038199,114,2026-05-12T12:09:37.993274+00:00,811,1,1.707,750.416,102.42,305.549,1,Start,Finish,245,43.5109103500155,16.363974050014804,834,273,292,19,,,False,
2026-05-12T12:02:19+00:00,43.51051644422114,16.374288364313543,114,2026-05-12T12:09:37.993274+00:00,811,1,1.59,752.006,95.4,307.142,1,Start,Finish,245,43.5109103500155,16.363974050014804,833,273,285,12,,,False,
2026-05-12T12:02:20+00:00,43.510525077581406,16.374272648245096,113,2026-05-12T12:09:37.993274+00:00,811,1,1.59,753.596,95.4,307.142,1,Start,Finish,245,43.5109103500155,16.363974050014804,832,273,276,3,,,False,
2026-05-12T12:02:21+00:00,43.51052706129849,16.374259321019053,114,2026-05-12T12:09:37.993274+00:00,811,1,1.097,754.693,65.82,281.598,1,Start,Finish,245,43.5109103500155,16.363974050014804,831,273,271,2,,,False,
2026-05-12T12:02:22+00:00,43.51052904501557,16.37424599379301,115,2026-05-12T12:09:37.993274+00:00,811,1,1.097,755.79,65.82,281.598,1,Start,Finish,245,43.5109103500155,16.363974050014804,829,273,267,6,,,False,
2026-05-12T12:02:23+00:00,43.51053102873266,16.374232666566968,116,2026-05-12T12:09:37.993274+00:00,811,1,1.097,756.887,65.82,281.598,1,Start,Finish,245,43.5109103500155,16.363974050014804,828,273,263,10,,,False,
2026-05-12T12:02:24+00:00,43.51052834652364,16.37422160245478,117,2026-05-12T12:09:37.993274+00:00,811,1,0.941,757.828,56.46,251.517,1,Start,Finish,245,43.5109103500155,16.363974050014804,827,273,254,19,,,False,
2026-05-12T12:02:25+00:00,43.51051636040211,16.37421565130353,118,2026-05-12T12:09:37.993274+00:00,811,1,1.417,759.245,85.02,199.803,1,Start,Finish,245,43.5109103500155,16.363974050014804,827,273,249,24,,,False,
2026-05-12T12:02:26+00:00,43.51050437428057,16.374209700152278,120,2026-05-12T12:09:37.993274+00:00,811,1,1.417,760.661,85.02,199.803,1,Start,Finish,245,43.5109103500155,16.363974050014804,827,273,241,32,,,False,
2026-05-12T12:02:27+00:00,43.51049029268325,16.374203832820058,123,2026-05-12T12:09:37.993274+00:00,811,1,1.636,762.297,98.16,196.814,1,Start,Finish,245,43.5109103500155,16.363974050014804,826,273,233,40,,,False,
2026-05-12T12:02:28+00:00,43.51047579199076,16.374194361269474,126,2026-05-12T12:09:37.993274+00:00,811,1,1.784,764.081,107.04,205.348,1,Start,Finish,245,43.5109103500155,16.363974050014804,826,273,226,47,,,False,
2026-05-12T12:02:29+00:00,43.510462967678905,16.37418237514794,128,2026-05-12T12:09:37.993274+00:00,811,1,1.723,765.804,103.38,214.131,1,Start,Finish,245,43.5109103500155,16.363974050014804,825,273,216,57,,,False,
2026-05-12T12:02:30+00:00,43.51045014336705,16.374170389026403,129,2026-05-12T12:09:37.993274+00:00,811,1,1.723,767.527,103.38,214.131,1,Start,Finish,245,43.5109103500155,16.363974050014804,824,274,212,62,,,False,
2026-05-12T12:02:31+00:00,43.510435852222145,16.374158612452447,130,2026-05-12T12:09:37.993274+00:00,811,1,1.851,769.378,111.06,210.864,1,Start,Finish,245,43.5109103500155,16.363974050014804,823,274,210,64,,,False,
2026-05-12T12:02:32+00:00,43.51042156107724,16.37414683587849,132,2026-05-12T12:09:37.993274+00:00,811,1,1.851,771.229,111.06,210.864,1,Start,Finish,245,43.5109103500155,16.363974050014804,822,274,212,62,,,False,
2026-05-12T12:02:33+00:00,43.5104061383754,16.3741352269426,132,2026-05-12T12:09:37.993274+00:00,811,1,1.954,773.183,117.24,208.63,1,Start,Finish,245,43.5109103500155,16.363974050014804,821,274,214,60,,,False,
2026-05-12T12:02:34+00:00,43.510390715673566,16.374123618006706,133,2026-05-12T12:09:37.993274+00:00,811,1,1.954,775.137,117.24,208.63,1,Start,Finish,245,43.5109103500155,16.363974050014804,821,274,218,56,,,False,
2026-05-12T12:02:35+00:00,43.510377367492765,16.374106728471816,132,2026-05-12T12:09:37.993274+00:00,811,1,2.014,777.151,120.84,222.541,1,Start,Finish,245,43.5109103500155,16.363974050014804,819,274,222,52,,,False,
2026-05-12T12:02:36+00:00,43.510364019311965,16.374089838936925,130,2026-05-12T12:09:37.993274+00:00,811,1,2.014,779.166,120.84,222.541,1,Start,Finish,245,43.5109103500155,16.363974050014804,818,274,225,49,,,False,
2026-05-12T12:02:37+00:00,43.51035067113117,16.374072949402034,128,2026-05-12T12:09:37.993274+00:00,811,1,2.014,781.18,120.84,222.541,1,Start,Finish,245,43.5109103500155,16.363974050014804,817,274,227,47,,,False,
2026-05-12T12:02:38+00:00,43.51033732295036,16.374056059867144,127,2026-05-12T12:09:37.993274+00:00,811,1,2.014,783.195,120.84,222.541,1,Start,Finish,245,43.5109103500155,16.363974050014804,816,274,230,44,,,False,
2026-05-12T12:02:39+00:00,43.51033036597073,16.374037703499198,125,2026-05-12T12:09:37.993274+00:00,811,1,1.67,784.865,100.2,242.41,1,Start,Finish,245,43.5109103500155,16.363974050014804,814,275,230,45,,,False,
2026-05-12T12:02:40+00:00,43.5103250015527,16.37401360552758,124,2026-05-12T12:09:37.993274+00:00,811,1,2.033,786.898,121.98,252.937,1,Start,Finish,245,43.5109103500155,16.363974050014804,812,275,232,43,,,False,
2026-05-12T12:02:41+00:00,43.51031963713467,16.37398950755596,124,2026-05-12T12:09:37.993274+00:00,811,1,2.033,788.931,121.98,252.937,1,Start,Finish,245,43.5109103500155,16.363974050014804,810,275,233,42,,,False,
2026-05-12T12:02:42+00:00,43.51030834252015,16.373971444554627,125,2026-05-12T12:09:37.993274+00:00,811,1,1.923,790.854,115.38,229.233,1,Start,Finish,245,43.5109103500155,16.363974050014804,809,275,234,41,,,False,
2026-05-12T12:02:43+00:00,43.510297047905624,16.373953381553292,126,2026-05-12T12:09:37.993274+00:00,811,1,1.923,792.777,115.38,229.233,1,Start,Finish,245,43.5109103500155,16.363974050014804,808,275,234,41,,,False,
2026-05-12T12:02:44+00:00,43.5102857532911,16.373935318551958,126,2026-05-12T12:09:37.993274+00:00,811,1,1.923,794.701,115.38,229.233,1,Start,Finish,245,43.5109103500155,16.363974050014804,806,275,234,41,,,False,
2026-05-12T12:02:45+00:00,43.51027445867658,16.373917255550623,127,2026-05-12T12:09:37.993274+00:00,811,1,1.923,796.624,115.38,229.233,1,Start,Finish,245,43.5109103500155,16.363974050014804,805,275,232,43,,,False,
2026-05-12T12:02:46+00:00,43.51026079617441,16.3738976418972,127,2026-05-12T12:09:37.993274+00:00,811,1,2.193,798.817,131.58,226.155,1,Start,Finish,245,43.5109103500155,16.363974050014804,804,275,229,46,,,False,
2026-05-12T12:02:47+00:00,43.51024713367224,16.37387802824378,127,2026-05-12T12:09:37.993274+00:00,811,1,2.193,801.01,131.58,226.155,1,Start,Finish,245,43.5109103500155,16.363974050014804,802,275,226,49,,,False,
2026-05-12T12:02:48+00:00,43.510231976397336,16.373858791776,127,2026-05-12T12:09:37.993274+00:00,811,1,2.291,803.301,137.46,222.628,1,Start,Finish,245,43.5109103500155,16.363974050014804,801,275,225,50,,,False,
2026-05-12T12:02:49+00:00,43.510216819122434,16.373839555308223,127,2026-05-12T12:09:37.993274+00:00,811,1,2.291,805.592,137.46,222.628,1,Start,Finish,245,43.5109103500155,16.363974050014804,799,276,224,52,,,False,
2026-05-12T12:02:50+00:00,43.51020166184753,16.373820318840444,127,2026-05-12T12:09:37.993274+00:00,811,1,2.291,807.882,137.46,222.628,1,Start,Finish,245,43.5109103500155,16.363974050014804,798,276,223,53,,,False,
2026-05-12T12:02:51+00:00,43.51018650457263,16.373801082372665,127,2026-05-12T12:09:37.993274+00:00,811,1,2.291,810.173,137.46,222.628,1,Start,Finish,245,43.5109103500155,16.363974050014804,797,276,221,55,,,False,
2026-05-12T12:02:52+00:00,43.51017134729773,16.373781845904887,127,2026-05-12T12:09:37.993274+00:00,811,1,2.291,812.464,137.46,222.628,1,Start,Finish,245,43.5109103500155,16.363974050014804,795,276,218,58,,,False,
2026-05-12T12:02:53+00:00,43.510156190022826,16.373762609437108,127,2026-05-12T12:09:37.993274+00:00,811,1,2.291,814.754,137.46,222.628,1,Start,Finish,245,43.5109103500155,16.363974050014804,794,276,216,60,,,False,
2026-05-12T12:02:54+00:00,43.51014009676874,16.373744839802384,127,2026-05-12T12:09:37.993274+00:00,811,1,2.293,817.047,137.58,218.688,1,Start,Finish,245,43.5109103500155,16.363974050014804,793,276,214,62,,,False,
2026-05-12T12:02:55+00:00,43.51012248080224,16.37373364996165,127,2026-05-12T12:09:37.993274+00:00,811,1,2.157,819.204,129.42,204.735,1,Start,Finish,245,43.5109103500155,16.363974050014804,792,276,212,64,,,False,
2026-05-12T12:02:56+00:00,43.51010486483574,16.373722460120916,127,2026-05-12T12:09:37.993274+00:00,811,1,2.157,821.36,129.42,204.735,1,Start,Finish,245,43.5109103500155,16.363974050014804,791,277,210,67,,,False,
2026-05-12T12:02:57+00:00,43.51008724886924,16.373711270280182,128,2026-05-12T12:09:37.993274+00:00,811,1,2.157,823.517,129.42,204.735,1,Start,Finish,245,43.5109103500155,16.363974050014804,791,277,208,69,,,False,
2026-05-12T12:02:58+00:00,43.51006963290274,16.37370008043945,128,2026-05-12T12:09:37.993274+00:00,811,1,2.157,825.674,129.42,204.735,1,Start,Finish,245,43.5109103500155,16.363974050014804,790,277,206,71,,,False,
2026-05-12T12:02:59+00:00,43.51005201693624,16.373688890598714,128,2026-05-12T12:09:37.993274+00:00,811,1,2.157,827.83,129.42,204.735,1,Start,Finish,245,43.5109103500155,16.363974050014804,789,277,204,73,,,False,
2026-05-12T12:03:00+00:00,43.510034400969744,16.37367770075798,128,2026-05-12T12:09:37.993274+00:00,811,1,2.157,829.987,129.42,204.735,1,Start,Finish,245,43.5109103500155,16.363974050014804,789,277,204,73,,,False,
2026-05-12T12:03:01+00:00,43.51001554168761,16.373668732121587,129,2026-05-12T12:09:37.993274+00:00,811,1,2.218,832.205,133.08,199.029,1,Start,Finish,245,43.5109103500155,16.363974050014804,788,277,204,73,,,False,
2026-05-12T12:03:02+00:00,43.509997464716434,16.373657248914242,130,2026-05-12T12:09:37.993274+00:00,811,1,2.213,834.418,132.78,204.736,1,Start,Finish,245,43.5109103500155,16.363974050014804,787,277,204,73,,,False,
2026-05-12T12:03:03+00:00,43.50997938774526,16.373645765706897,131,2026-05-12T12:09:37.993274+00:00,811,1,2.213,836.632,132.78,204.736,1,Start,Finish,245,43.5109103500155,16.363974050014804,787,278,203,75,,,False,
2026-05-12T12:03:04+00:00,43.50996131077409,16.37363428249955,132,2026-05-12T12:09:37.993274+00:00,811,1,2.213,838.845,132.78,204.736,1,Start,Finish,245,43.5109103500155,16.363974050014804,786,278,203,75,,,False,
2026-05-12T12:03:05+00:00,43.5099438931793,16.373624274507165,132,2026-05-12T12:09:37.993274+00:00,811,1,2.098,840.943,125.88,202.623,1,Start,Finish,245,43.5109103500155,16.363974050014804,786,278,203,75,,,False,
2026-05-12T12:03:06+00:00,43.50992647558451,16.373614266514778,132,2026-05-12T12:09:37.993274+00:00,811,1,2.098,843.041,125.88,202.623,1,Start,Finish,245,43.5109103500155,16.363974050014804,785,278,207,71,,,False,
2026-05-12T12:03:07+00:00,43.50990905798972,16.37360425852239,133,2026-05-12T12:09:37.993274+00:00,811,1,2.098,845.139,125.88,202.623,1,Start,Finish,245,43.5109103500155,16.363974050014804,785,278,208,70,,,False,
2026-05-12T12:03:08+00:00,43.509891640394926,16.373594250530005,133,2026-05-12T12:09:37.993274+00:00,811,1,2.098,847.237,125.88,202.623,1,Start,Finish,245,43.5109103500155,16.363974050014804,784,278,210,68,,,False,
2026-05-12T12:03:09+00:00,43.509874222800136,16.373584242537618,133,2026-05-12T12:09:37.993274+00:00,811,1,2.098,849.336,125.88,202.623,1,Start,Finish,245,43.5109103500155,16.363974050014804,784,278,215,63,,,False,
2026-05-12T12:03:10+00:00,43.50986204808578,16.373570286668837,132,2026-05-12T12:09:37.993274+00:00,811,1,1.761,851.096,105.66,219.739,1,Start,Finish,245,43.5109103500155,16.363974050014804,783,279,223,56,,,False,
2026-05-12T12:03:11+00:00,43.50984987337142,16.373556330800056,132,2026-05-12T12:09:37.993274+00:00,811,1,1.761,852.857,105.66,219.739,1,Start,Finish,245,43.5109103500155,16.363974050014804,782,279,229,50,,,False,
2026-05-12T12:03:12+00:00,43.509837698657066,16.373542374931276,132,2026-05-12T12:09:37.993274+00:00,811,1,1.761,854.617,105.66,219.739,1,Start,Finish,245,43.5109103500155,16.363974050014804,781,279,237,42,,,False,
2026-05-12T12:03:13+00:00,43.50982552394271,16.373528419062495,131,2026-05-12T12:09:37.993274+00:00,811,1,1.761,856.378,105.66,219.739,1,Start,Finish,245,43.5109103500155,16.363974050014804,780,279,241,38,,,False,
2026-05-12T12:03:14+00:00,43.50982518866658,16.373509811237454,131,2026-05-12T12:09:37.993274+00:00,811,1,1.501,857.879,90.06,268.577,1,Start,Finish,245,43.5109103500155,16.363974050014804,778,279,251,28,,,False,
2026-05-12T12:03:15+00:00,43.50983097217977,16.373484330251813,133,2026-05-12T12:09:37.993274+00:00,811,1,2.153,860.032,129.18,287.378,1,Start,Finish,245,43.5109103500155,16.363974050014804,776,279,262,17,,,False,
2026-05-12T12:03:16+00:00,43.50983675569296,16.37345884926617,134,2026-05-12T12:09:37.993274+00:00,811,1,2.153,862.185,129.18,287.378,1,Start,Finish,245,43.5109103500155,16.363974050014804,774,279,270,9,,,False,
2026-05-12T12:03:17+00:00,43.50984253920615,16.37343336828053,136,2026-05-12T12:09:37.993274+00:00,811,1,2.153,864.338,129.18,287.378,1,Start,Finish,245,43.5109103500155,16.363974050014804,772,279,276,3,,,False,
2026-05-12T12:03:18+00:00,43.50985343568027,16.373405288904905,139,2026-05-12T12:09:37.993274+00:00,811,1,2.568,866.907,154.08,298.15,1,Start,Finish,245,43.5109103500155,16.363974050014804,770,279,291,12,,,False,
2026-05-12T12:03:19+00:00,43.50986500270665,16.373379305005074,140,2026-05-12T12:09:37.993274+00:00,811,1,2.459,869.365,147.54,301.542,1,Start,Finish,245,43.5109103500155,16.363974050014804,767,279,295,16,,,False,
2026-05-12T12:03:20+00:00,43.50987690500915,16.37334887869656,141,2026-05-12T12:09:37.993274+00:00,811,1,2.788,872.153,167.28,298.341,1,Start,Finish,245,43.5109103500155,16.363974050014804,765,279,296,17,,,False,
2026-05-12T12:03:21+00:00,43.509888807311654,16.373318452388048,142,2026-05-12T12:09:37.993274+00:00,811,1,2.788,874.941,167.28,298.341,1,Start,Finish,245,43.5109103500155,16.363974050014804,762,279,298,19,,,False,
2026-05-12T12:03:22+00:00,43.50990070961416,16.373288026079535,143,2026-05-12T12:09:37.993274+00:00,811,1,2.788,877.729,167.28,298.341,1,Start,Finish,245,43.5109103500155,16.363974050014804,759,279,297,18,,,False,
2026-05-12T12:03:23+00:00,43.50991261191666,16.373257599771023,144,2026-05-12T12:09:37.993274+00:00,811,1,2.788,880.517,167.28,298.341,1,Start,Finish,245,43.5109103500155,16.363974050014804,757,278,297,19,,,False,
2026-05-12T12:03:24+00:00,43.50992099381983,16.373230190947652,148,2026-05-12T12:09:37.993274+00:00,811,1,2.399,882.916,143.94,292.863,1,Start,Finish,245,43.5109103500155,16.363974050014804,755,278,297,19,,,False,
2026-05-12T12:03:25+00:00,43.509928956627846,16.373206973075867,148,2026-05-12T12:09:37.993274+00:00,811,1,2.071,884.987,124.26,295.309,1,Start,Finish,245,43.5109103500155,16.363974050014804,753,278,296,18,,,False,
2026-05-12T12:03:26+00:00,43.50993691943586,16.37318375520408,149,2026-05-12T12:09:37.993274+00:00,811,1,2.071,887.058,124.26,295.309,1,Start,Finish,245,43.5109103500155,16.363974050014804,751,278,297,19,,,False,
2026-05-12T12:03:27+00:00,43.50994675420225,16.373157310299575,148,2026-05-12T12:09:37.993274+00:00,811,1,2.397,889.455,143.82,297.148,1,Start,Finish,245,43.5109103500155,16.363974050014804,748,278,296,18,,,False,
2026-05-12T12:03:28+00:00,43.509956588968635,16.37313086539507,148,2026-05-12T12:09:37.993274+00:00,811,1,2.397,891.851,143.82,297.148,1,Start,Finish,245,43.5109103500155,16.363974050014804,746,278,296,18,,,False,
2026-05-12T12:03:29+00:00,43.50996642373502,16.373104420490563,147,2026-05-12T12:09:37.993274+00:00,811,1,2.397,894.248,143.82,297.148,1,Start,Finish,245,43.5109103500155,16.363974050014804,744,278,296,18,,,False,
2026-05-12T12:03:30+00:00,43.50997625850141,16.373077975586057,146,2026-05-12T12:09:37.993274+00:00,811,1,2.397,896.645,143.82,297.148,1,Start,Finish,245,43.5109103500155,16.363974050014804,741,278,296,18,,,False,
2026-05-12T12:03:31+00:00,43.5099860932678,16.37305153068155,146,2026-05-12T12:09:37.993274+00:00,811,1,2.397,899.041,143.82,297.148,1,Start,Finish,245,43.5109103500155,16.363974050014804,739,278,296,18,,,False,
2026-05-12T12:03:32+00:00,43.509995928034186,16.373025085777044,145,2026-05-12T12:09:37.993274+00:00,811,1,2.397,901.438,143.82,297.148,1,Start,Finish,245,43.5109103500155,16.363974050014804,737,278,295,17,,,False,
2026-05-12T12:03:33+00:00,43.510004142299294,16.372999898158014,145,2026-05-12T12:09:37.993274+00:00,811,1,2.227,903.665,133.62,294.212,1,Start,Finish,245,43.5109103500155,16.363974050014804,735,278,294,16,,,False,
2026-05-12T12:03:34+00:00,43.5100123565644,16.372974710538983,145,2026-05-12T12:09:37.993274+00:00,811,1,2.227,905.892,133.62,294.212,1,Start,Finish,245,43.5109103500155,16.363974050014804,733,278,293,15,,,False,
2026-05-12T12:03:35+00:00,43.510019020177424,16.372949313372374,145,2026-05-12T12:09:37.993274+00:00,811,1,2.178,908.07,130.68,289.889,1,Start,Finish,245,43.5109103500155,16.363974050014804,731,278,292,14,,,False,
2026-05-12T12:03:36+00:00,43.510025683790445,16.372923916205764,145,2026-05-12T12:09:37.993274+00:00,811,1,2.178,910.249,130.68,289.889,1,Start,Finish,245,43.5109103500155,16.363974050014804,728,278,292,14,,,False,
2026-05-12T12:03:37+00:00,43.51003234740347,16.372898519039154,145,2026-05-12T12:09:37.993274+00:00,811,1,2.178,912.427,130.68,289.889,1,Start,Finish,245,43.5109103500155,16.363974050014804,726,278,291,13,,,False,
2026-05-12T12:03:38+00:00,43.51003901101649,16.372873121872544,145,2026-05-12T12:09:37.993274+00:00,811,1,2.178,914.605,130.68,289.889,1,Start,Finish,245,43.5109103500155,16.363974050014804,724,278,290,12,,,False,
2026-05-12T12:03:39+00:00,43.51004567462951,16.372847724705935,145,2026-05-12T12:09:37.993274+00:00,811,1,2.178,916.783,130.68,289.889,1,Start,Finish,245,43.5109103500155,16.363974050014804,722,278,289,11,,,False,
2026-05-12T12:03:40+00:00,43.51005233824253,16.372822327539325,145,2026-05-12T12:09:37.993274+00:00,811,1,2.178,918.961,130.68,289.889,1,Start,Finish,245,43.5109103500155,16.363974050014804,720,278,289,11,,,False,
2026-05-12T12:03:41+00:00,43.510059379041195,16.372794080525637,145,2026-05-12T12:09:37.993274+00:00,811,1,2.409,921.369,144.54,288.967,1,Start,Finish,245,43.5109103500155,16.363974050014804,718,278,289,11,,,False,
2026-05-12T12:03:42+00:00,43.51006641983986,16.37276583351195,145,2026-05-12T12:09:37.993274+00:00,811,1,2.409,923.778,144.54,288.967,1,Start,Finish,245,43.5109103500155,16.363974050014804,715,278,288,10,,,False,
2026-05-12T12:03:43+00:00,43.51007255259901,16.372735491022468,145,2026-05-12T12:09:37.993274+00:00,811,1,2.54,926.318,152.4,285.572,1,Start,Finish,245,43.5109103500155,16.363974050014804,713,278,287,9,,,False,
2026-05-12T12:03:44+00:00,43.51007868535817,16.372705148532987,145,2026-05-12T12:09:37.993274+00:00,811,1,2.54,928.859,152.4,285.572,1,Start,Finish,245,43.5109103500155,16.363974050014804,710,277,287,10,,,False,
2026-05-12T12:03:45+00:00,43.51008481811732,16.372674806043506,145,2026-05-12T12:09:37.993274+00:00,811,1,2.54,931.399,152.4,285.572,1,Start,Finish,245,43.5109103500155,16.363974050014804,708,277,286,9,,,False,
2026-05-12T12:03:46+00:00,43.510090950876474,16.372644463554025,145,2026-05-12T12:09:37.993274+00:00,811,1,2.54,933.939,152.4,285.572,1,Start,Finish,245,43.5109103500155,16.363974050014804,705,277,285,8,,,False,
2026-05-12T12:03:47+00:00,43.51009708363563,16.372614121064544,145,2026-05-12T12:09:37.993274+00:00,811,1,2.54,936.479,152.4,285.572,1,Start,Finish,245,43.5109103500155,16.363974050014804,703,277,285,8,,,False,
2026-05-12T12:03:48+00:00,43.51010321639478,16.372583778575063,145,2026-05-12T12:09:37.993274+00:00,811,1,2.54,939.019,152.4,285.572,1,Start,Finish,245,43.5109103500155,16.363974050014804,700,277,285,8,,,False,
2026-05-12T12:03:49+00:00,43.510108957998455,16.37254870031029,145,2026-05-12T12:09:37.993274+00:00,811,1,2.9,941.919,174.0,282.718,1,Start,Finish,245,43.5109103500155,16.363974050014804,697,277,286,9,,,False,
2026-05-12T12:03:50+00:00,43.51011469960213,16.372513622045517,145,2026-05-12T12:09:37.993274+00:00,811,1,2.9,944.819,174.0,282.718,1,Start,Finish,245,43.5109103500155,16.363974050014804,694,277,287,10,,,False,
2026-05-12T12:03:51+00:00,43.51012252829969,16.372484939172864,146,2026-05-12T12:09:37.993274+00:00,811,1,2.471,947.291,148.26,290.623,1,Start,Finish,245,43.5109103500155,16.363974050014804,692,277,288,11,,,False,
2026-05-12T12:03:52+00:00,43.51013035699725,16.37245625630021,147,2026-05-12T12:09:37.993274+00:00,811,1,2.471,949.762,148.26,290.623,1,Start,Finish,245,43.5109103500155,16.363974050014804,690,277,288,11,,,False,
2026-05-12T12:03:53+00:00,43.510138185694814,16.372427573427558,148,2026-05-12T12:09:37.993274+00:00,811,1,2.471,952.234,148.26,290.623,1,Start,Finish,245,43.5109103500155,16.363974050014804,687,277,289,12,,,False,
2026-05-12T12:03:54+00:00,43.510146014392376,16.372398890554905,149,2026-05-12T12:09:37.993274+00:00,811,1,2.471,954.705,148.26,290.623,1,Start,Finish,245,43.5109103500155,16.363974050014804,685,277,289,12,,,False,
2026-05-12T12:03:55+00:00,43.51015384308994,16.372370207682252,150,2026-05-12T12:09:37.993274+00:00,811,1,2.471,957.177,148.26,290.623,1,Start,Finish,245,43.5109103500155,16.363974050014804,682,277,288,11,,,False,
2026-05-12T12:03:56+00:00,43.5101608838886,16.372337224893272,151,2026-05-12T12:09:37.993274+00:00,811,1,2.773,959.95,166.38,286.401,1,Start,Finish,245,43.5109103500155,16.363974050014804,680,277,286,9,,,False,
2026-05-12T12:03:57+00:00,43.510167924687266,16.372304242104292,152,2026-05-12T12:09:37.993274+00:00,811,1,2.773,962.722,166.38,286.401,1,Start,Finish,245,43.5109103500155,16.363974050014804,677,277,285,8,,,False,
2026-05-12T12:03:58+00:00,43.51017233915627,16.372275506146252,152,2026-05-12T12:09:37.993274+00:00,811,1,2.369,965.091,142.14,281.96,1,Start,Finish,245,43.5109103500155,16.363974050014804,674,277,284,7,,,False,
2026-05-12T12:03:59+00:00,43.510176753625274,16.372246770188212,153,2026-05-12T12:09:37.993274+00:00,811,1,2.369,967.46,142.14,281.96,1,Start,Finish,245,43.5109103500155,16.363974050014804,672,277,283,6,,,False,
2026-05-12T12:04:00+00:00,43.51018116809428,16.372218034230173,153,2026-05-12T12:09:37.993274+00:00,811,1,2.369,969.829,142.14,281.96,1,Start,Finish,245,43.5109103500155,16.363974050014804,670,277,283,6,,,False,
2026-05-12T12:04:01+00:00,43.51018558256328,16.372189298272133,153,2026-05-12T12:09:37.993274+00:00,811,1,2.369,972.198,142.14,281.96,1,Start,Finish,245,43.5109103500155,16.363974050014804,667,277,283,6,,,False,
2026-05-12T12:04:02+00:00,43.510189997032285,16.372160562314093,154,2026-05-12T12:09:37.993274+00:00,811,1,2.369,974.566,142.14,281.96,1,Start,Finish,245,43.5109103500155,16.363974050014804,665,277,282,5,,,False,
2026-05-12T12:04:03+00:00,43.51019441150129,16.372131826356053,154,2026-05-12T12:09:37.993274+00:00,811,1,2.369,976.935,142.14,281.96,1,Start,Finish,245,43.5109103500155,16.363974050014804,663,277,282,5,,,False,
2026-05-12T12:04:04+00:00,43.51019902154803,16.372101483866572,154,2026-05-12T12:09:37.993274+00:00,811,1,2.5,979.435,150.0,281.832,1,Start,Finish,245,43.5109103500155,16.363974050014804,660,277,282,5,,,False,
2026-05-12T12:04:05+00:00,43.510203547775745,16.372073446400464,153,2026-05-12T12:09:37.993274+00:00,811,1,2.316,981.752,138.96,282.549,1,Start,Finish,245,43.5109103500155,16.363974050014804,658,277,282,5,,,False,
2026-05-12T12:04:06+00:00,43.51020807400346,16.372045408934355,152,2026-05-12T12:09:37.993274+00:00,811,1,2.316,984.068,138.96,282.549,1,Start,Finish,245,43.5109103500155,16.363974050014804,656,277,282,5,,,False,
2026-05-12T12:04:07+00:00,43.51021260023117,16.372017371468246,151,2026-05-12T12:09:37.993274+00:00,811,1,2.316,986.384,138.96,282.549,1,Start,Finish,245,43.5109103500155,16.363974050014804,653,277,282,5,,,False,
2026-05-12T12:04:08+00:00,43.51021712645888,16.371989334002137,150,2026-05-12T12:09:37.993274+00:00,811,1,2.316,988.701,138.96,282.549,1,Start,Finish,245,43.5109103500155,16.363974050014804,651,277,282,5,,,False,
2026-05-12T12:04:09+00:00,43.51022112183273,16.371961338445544,150,2026-05-12T12:09:37.993274+00:00,811,1,2.301,991.002,138.06,281.132,1,Start,Finish,245,43.5109103500155,16.363974050014804,649,277,282,5,,,False,
2026-05-12T12:04:10+00:00,43.51022511720657,16.37193334288895,150,2026-05-12T12:09:37.993274+00:00,811,1,2.301,993.303,138.06,281.132,1,Start,Finish,245,43.5109103500155,16.363974050014804,646,277,282,5,,,False,
2026-05-12T12:04:11+00:00,43.51022911258042,16.37190534733236,150,2026-05-12T12:09:37.993274+00:00,811,1,2.301,995.604,138.06,281.132,1,Start,Finish,245,43.5109103500155,16.363974050014804,644,277,282,5,,,False,
2026-05-12T12:04:12+00:00,43.51023397408426,16.371876031626016,151,2026-05-12T12:09:37.993274+00:00,811,1,2.425,998.029,145.5,282.88,1,Start,Finish,245,43.5109103500155,16.363974050014804,642,277,282,5,,,False,
2026-05-12T12:04:13+00:00,43.5102388355881,16.371846715919673,152,2026-05-12T12:09:37.993274+00:00,811,1,2.425,1000.454,145.5,282.88,1,Start,Finish,245,43.5109103500155,16.363974050014804,639,277,282,5,,,False,
2026-05-12T12:04:14+00:00,43.51024369709194,16.37181740021333,152,2026-05-12T12:09:37.993274+00:00,811,1,2.425,1002.879,145.5,282.88,1,Start,Finish,245,43.5109103500155,16.363974050014804,637,277,282,5,,,False,
2026-05-12T12:04:15+00:00,43.51024855859578,16.37178808450699,153,2026-05-12T12:09:37.993274+00:00,811,1,2.425,1005.304,145.5,282.88,1,Start,Finish,245,43.5109103500155,16.363974050014804,634,277,283,6,,,False,
2026-05-12T12:04:16+00:00,43.51025358773768,16.37175145559013,154,2026-05-12T12:09:37.993274+00:00,811,1,3.006,1008.311,180.36,280.72,1,Start,Finish,245,43.5109103500155,16.363974050014804,631,277,284,7,,,False,
2026-05-12T12:04:17+00:00,43.510259656235576,16.371721129864454,155,2026-05-12T12:09:37.993274+00:00,811,1,2.537,1010.848,152.22,285.425,1,Start,Finish,245,43.5109103500155,16.363974050014804,629,277,284,7,,,False,
2026-05-12T12:04:18+00:00,43.51026572473347,16.37169080413878,155,2026-05-12T12:09:37.993274+00:00,811,1,2.537,1013.385,152.22,285.425,1,Start,Finish,245,43.5109103500155,16.363974050014804,626,277,284,7,,,False,
2026-05-12T12:04:19+00:00,43.51027179323137,16.371660478413105,156,2026-05-12T12:09:37.993274+00:00,811,1,2.537,1015.922,152.22,285.425,1,Start,Finish,245,43.5109103500155,16.363974050014804,624,277,284,7,,,False,
2026-05-12T12:04:20+00:00,43.510277861729264,16.37163015268743,156,2026-05-12T12:09:37.993274+00:00,811,1,2.537,1018.459,152.22,285.425,1,Start,Finish,245,43.5109103500155,16.363974050014804,621,277,283,6,,,False,
2026-05-12T12:04:21+00:00,43.51028393022716,16.371599826961756,157,2026-05-12T12:09:37.993274+00:00,811,1,2.537,1020.996,152.22,285.425,1,Start,Finish,245,43.5109103500155,16.363974050014804,619,276,281,5,,,False,
2026-05-12T12:04:22+00:00,43.510286801029,16.371569191105664,158,2026-05-12T12:09:37.993274+00:00,811,1,2.491,1023.487,149.46,277.362,1,Start,Finish,245,43.5109103500155,16.363974050014804,616,276,281,5,,,False,
2026-05-12T12:04:23+00:00,43.51028967183083,16.371538555249572,158,2026-05-12T12:09:37.993274+00:00,811,1,2.491,1025.978,149.46,277.362,1,Start,Finish,245,43.5109103500155,16.363974050014804,614,276,279,3,,,False,
2026-05-12T12:04:24+00:00,43.51029254263267,16.37150791939348,159,2026-05-12T12:09:37.993274+00:00,811,1,2.491,1028.469,149.46,277.362,1,Start,Finish,245,43.5109103500155,16.363974050014804,611,276,278,2,,,False,
2026-05-12T12:04:25+00:00,43.510295413434505,16.371477283537388,160,2026-05-12T12:09:37.993274+00:00,811,1,2.491,1030.96,149.46,277.362,1,Start,Finish,245,43.5109103500155,16.363974050014804,609,276,278,2,,,False,
2026-05-12T12:04:26+00:00,43.51029776036739,16.371445138938725,161,2026-05-12T12:09:37.993274+00:00,811,1,2.605,1033.566,156.3,275.749,1,Start,Finish,245,43.5109103500155,16.363974050014804,606,276,277,1,,,False,
2026-05-12T12:04:27+00:00,43.51030010730028,16.371412994340062,162,2026-05-12T12:09:37.993274+00:00,811,1,2.605,1036.171,156.3,275.749,1,Start,Finish,245,43.5109103500155,16.363974050014804,604,276,277,1,,,False,
2026-05-12T12:04:28+00:00,43.51030325051397,16.371383238583803,162,2026-05-12T12:09:37.993274+00:00,811,1,2.425,1038.596,145.5,278.287,1,Start,Finish,245,43.5109103500155,16.363974050014804,601,276,278,2,,,False,
2026-05-12T12:04:29+00:00,43.51030639372766,16.371353482827544,161,2026-05-12T12:09:37.993274+00:00,811,1,2.425,1041.021,145.5,278.287,1,Start,Finish,245,43.5109103500155,16.363974050014804,599,276,278,2,,,False,
2026-05-12T12:04:30+00:00,43.51030953694135,16.371323727071285,160,2026-05-12T12:09:37.993274+00:00,811,1,2.425,1043.446,145.5,278.287,1,Start,Finish,245,43.5109103500155,16.363974050014804,596,276,278,2,,,False,
2026-05-12T12:04:31+00:00,43.51031268015504,16.371293971315026,160,2026-05-12T12:09:37.993274+00:00,811,1,2.425,1045.871,145.5,278.287,1,Start,Finish,245,43.5109103500155,16.363974050014804,594,276,279,3,,,False,
2026-05-12T12:04:32+00:00,43.51031582336873,16.371264215558767,160,2026-05-12T12:09:37.993274+00:00,811,1,2.425,1048.296,145.5,278.287,1,Start,Finish,245,43.5109103500155,16.363974050014804,592,276,279,3,,,False,
2026-05-12T12:04:33+00:00,43.51031896658242,16.37123445980251,159,2026-05-12T12:09:37.993274+00:00,811,1,2.425,1050.721,145.5,278.287,1,Start,Finish,245,43.5109103500155,16.363974050014804,589,276,280,4,,,False,
2026-05-12T12:04:34+00:00,43.51032407954335,16.371203837916255,160,2026-05-12T12:09:37.993274+00:00,811,1,2.534,1053.255,152.04,282.965,1,Start,Finish,245,43.5109103500155,16.363974050014804,587,276,281,5,,,False,
2026-05-12T12:04:35+00:00,43.51032919250429,16.37117321603,160,2026-05-12T12:09:37.993274+00:00,811,1,2.534,1055.789,152.04,282.965,1,Start,Finish,245,43.5109103500155,16.363974050014804,584,276,281,5,,,False,
2026-05-12T12:04:36+00:00,43.51033430546522,16.37114259414375,161,2026-05-12T12:09:37.993274+00:00,811,1,2.534,1058.323,152.04,282.965,1,Start,Finish,245,43.5109103500155,16.363974050014804,582,276,283,7,,,False,
2026-05-12T12:04:37+00:00,43.51034000515938,16.371110449545085,161,2026-05-12T12:09:37.993274+00:00,811,1,2.669,1060.992,160.14,283.739,1,Start,Finish,245,43.5109103500155,16.363974050014804,579,276,283,7,,,False,
2026-05-12T12:04:38+00:00,43.510345704853535,16.371078304946423,162,2026-05-12T12:09:37.993274+00:00,811,1,2.669,1063.66,160.14,283.739,1,Start,Finish,245,43.5109103500155,16.363974050014804,576,276,284,8,,,False,
2026-05-12T12:04:39+00:00,43.51035140454769,16.37104616034776,162,2026-05-12T12:09:37.993274+00:00,811,1,2.669,1066.329,160.14,283.739,1,Start,Finish,245,43.5109103500155,16.363974050014804,574,276,284,8,,,False,
2026-05-12T12:04:40+00:00,43.51035710424185,16.371014015749097,162,2026-05-12T12:09:37.993274+00:00,811,1,2.669,1068.997,160.14,283.739,1,Start,Finish,245,43.5109103500155,16.363974050014804,571,276,285,9,,,False,
2026-05-12T12:04:41+00:00,43.510362803936005,16.370981871150434,163,2026-05-12T12:09:37.993274+00:00,811,1,2.669,1071.666,160.14,283.739,1,Start,Finish,245,43.5109103500155,16.363974050014804,568,276,286,10,,,False,
2026-05-12T12:04:42+00:00,43.51036850363016,16.37094972655177,163,2026-05-12T12:09:37.993274+00:00,811,1,2.669,1074.335,160.14,283.739,1,Start,Finish,245,43.5109103500155,16.363974050014804,566,276,287,11,,,False,
2026-05-12T12:04:43+00:00,43.51037973538041,16.370913768187165,162,2026-05-12T12:09:37.993274+00:00,811,1,3.157,1077.492,189.42,293.301,1,Start,Finish,245,43.5109103500155,16.363974050014804,563,276,287,11,,,False,
2026-05-12T12:04:44+00:00,43.51039096713066,16.37087780982256,160,2026-05-12T12:09:37.993274+00:00,811,1,3.157,1080.649,189.42,293.301,1,Start,Finish,245,43.5109103500155,16.363974050014804,560,276,287,11,,,False,
2026-05-12T12:04:45+00:00,43.510398301295936,16.370842871256173,160,2026-05-12T12:09:37.993274+00:00,811,1,2.933,1083.583,175.98,286.143,1,Start,Finish,245,43.5109103500155,16.363974050014804,557,276,288,12,,,False,
2026-05-12T12:04:46+00:00,43.51040563546121,16.370807932689786,161,2026-05-12T12:09:37.993274+00:00,811,1,2.933,1086.516,175.98,286.143,1,Start,Finish,245,43.5109103500155,16.363974050014804,554,276,288,12,,,False,
2026-05-12T12:04:47+00:00,43.510412969626486,16.3707729941234,161,2026-05-12T12:09:37.993274+00:00,811,1,2.933,1089.449,175.98,286.143,1,Start,Finish,245,43.5109103500155,16.363974050014804,551,276,287,11,,,False,
2026-05-12T12:04:48+00:00,43.51042030379176,16.370738055557013,161,2026-05-12T12:09:37.993274+00:00,811,1,2.933,1092.382,175.98,286.143,1,Start,Finish,245,43.5109103500155,16.363974050014804,548,276,286,10,,,False,
2026-05-12T12:04:49+00:00,43.51042763795704,16.370703116990626,162,2026-05-12T12:09:37.993274+00:00,811,1,2.933,1095.316,175.98,286.143,1,Start,Finish,245,43.5109103500155,16.363974050014804,545,276,285,9,,,False,
2026-05-12T12:04:50+00:00,43.51043497212231,16.37066817842424,162,2026-05-12T12:09:37.993274+00:00,811,1,2.933,1098.249,175.98,286.143,1,Start,Finish,245,43.5109103500155,16.363974050014804,542,276,284,8,,,False,
2026-05-12T12:04:51+00:00,43.5104395612143,16.370639386586845,161,2026-05-12T12:09:37.993274+00:00,811,1,2.377,1100.626,142.62,282.395,1,Start,Finish,245,43.5109103500155,16.363974050014804,540,276,284,8,,,False,
2026-05-12T12:04:52+00:00,43.51044415030629,16.37061059474945,160,2026-05-12T12:09:37.993274+00:00,811,1,2.377,1103.003,142.62,282.395,1,Start,Finish,245,43.5109103500155,16.363974050014804,538,276,284,8,,,False,
2026-05-12T12:04:53+00:00,43.51044873939827,16.370581802912056,160,2026-05-12T12:09:37.993274+00:00,811,1,2.377,1105.381,142.62,282.395,1,Start,Finish,245,43.5109103500155,16.363974050014804,535,276,283,7,,,False,
2026-05-12T12:04:54+00:00,43.51045332849026,16.370553011074662,159,2026-05-12T12:09:37.993274+00:00,811,1,2.377,1107.758,142.62,282.395,1,Start,Finish,245,43.5109103500155,16.363974050014804,533,275,283,8,,,False,
2026-05-12T12:04:55+00:00,43.510458106175065,16.37052623089403,158,2026-05-12T12:09:37.993274+00:00,811,1,2.224,1109.982,133.44,283.82,1,Start,Finish,245,43.5109103500155,16.363974050014804,531,275,282,7,,,False,
2026-05-12T12:04:56+00:00,43.51046288385987,16.370499450713396,157,2026-05-12T12:09:37.993274+00:00,811,1,2.224,1112.206,133.44,283.82,1,Start,Finish,245,43.5109103500155,16.363974050014804,529,275,282,7,,,False,
2026-05-12T12:04:57+00:00,43.51046641822904,16.370471944101155,157,2026-05-12T12:09:37.993274+00:00,811,1,2.253,1114.459,135.18,280.047,1,Start,Finish,245,43.5109103500155,16.363974050014804,526,275,281,6,,,False,
2026-05-12T12:04:58+00:00,43.510469952598214,16.370444437488914,157,2026-05-12T12:09:37.993274+00:00,811,1,2.253,1116.712,135.18,280.047,1,Start,Finish,245,43.5109103500155,16.363974050014804,524,275,281,6,,,False,
2026-05-12T12:04:59+00:00,43.510473486967385,16.370416930876672,157,2026-05-12T12:09:37.993274+00:00,811,1,2.253,1118.964,135.18,280.047,1,Start,Finish,245,43.5109103500155,16.363974050014804,522,275,281,6,,,False,
2026-05-12T12:05:00+00:00,43.510477021336555,16.37038942426443,157,2026-05-12T12:09:37.993274+00:00,811,1,2.253,1121.217,135.18,280.047,1,Start,Finish,245,43.5109103500155,16.363974050014804,520,275,282,7,,,False,
2026-05-12T12:05:01+00:00,43.510480555705726,16.37036191765219,157,2026-05-12T12:09:37.993274+00:00,811,1,2.253,1123.47,135.18,280.047,1,Start,Finish,245,43.5109103500155,16.363974050014804,517,275,281,6,,,False,
2026-05-12T12:05:02+00:00,43.5104840900749,16.37033441103995,157,2026-05-12T12:09:37.993274+00:00,811,1,2.253,1125.723,135.18,280.047,1,Start,Finish,245,43.5109103500155,16.363974050014804,515,275,281,6,,,False,
2026-05-12T12:05:03+00:00,43.510490166954696,16.370304194279015,158,2026-05-12T12:09:37.993274+00:00,811,1,2.529,1128.252,151.74,285.499,1,Start,Finish,245,43.5109103500155,16.363974050014804,513,275,281,6,,,False,
2026-05-12T12:05:04+00:00,43.510496243834496,16.37027397751808,159,2026-05-12T12:09:37.993274+00:00,811,1,2.529,1130.78,151.74,285.499,1,Start,Finish,245,43.5109103500155,16.363974050014804,510,275,282,7,,,False,
2026-05-12T12:05:05+00:00,43.51050016237423,16.370245416183025,160,2026-05-12T12:09:37.993274+00:00,811,1,2.344,1133.124,140.64,280.712,1,Start,Finish,245,43.5109103500155,16.363974050014804,508,275,283,8,,,False,
2026-05-12T12:05:06+00:00,43.51050408091396,16.370216854847968,160,2026-05-12T12:09:37.993274+00:00,811,1,2.344,1135.469,140.64,280.712,1,Start,Finish,245,43.5109103500155,16.363974050014804,505,275,284,9,,,False,
2026-05-12T12:05:07+00:00,43.510507999453694,16.37018829351291,161,2026-05-12T12:09:37.993274+00:00,811,1,2.344,1137.813,140.64,280.712,1,Start,Finish,245,43.5109103500155,16.363974050014804,503,275,284,9,,,False,
2026-05-12T12:05:08+00:00,43.510511917993426,16.370159732177854,162,2026-05-12T12:09:37.993274+00:00,811,1,2.344,1140.157,140.64,280.712,1,Start,Finish,245,43.5109103500155,16.363974050014804,501,275,285,10,,,False,
2026-05-12T12:05:09+00:00,43.51052036276087,16.370129159186035,162,2026-05-12T12:09:37.993274+00:00,811,1,2.638,1142.795,158.28,290.85,1,Start,Finish,245,43.5109103500155,16.363974050014804,498,275,286,11,,,False,
2026-05-12T12:05:10+00:00,43.51052880752832,16.370098586194217,162,2026-05-12T12:09:37.993274+00:00,811,1,2.638,1145.433,158.28,290.85,1,Start,Finish,245,43.5109103500155,16.363974050014804,496,275,287,12,,,False,
2026-05-12T12:05:11+00:00,43.51053725229576,16.3700680132024,161,2026-05-12T12:09:37.993274+00:00,811,1,2.638,1148.072,158.28,290.85,1,Start,Finish,245,43.5109103500155,16.363974050014804,493,275,290,15,,,False,
2026-05-12T12:05:12+00:00,43.51054569706321,16.37003744021058,161,2026-05-12T12:09:37.993274+00:00,811,1,2.638,1150.71,158.28,290.85,1,Start,Finish,245,43.5109103500155,16.363974050014804,491,275,292,17,,,False,
2026-05-12T12:05:13+00:00,43.51055609062314,16.37000537943095,161,2026-05-12T12:09:37.993274+00:00,811,1,2.832,1153.542,169.92,294.084,1,Start,Finish,245,43.5109103500155,16.363974050014804,488,275,293,18,,,False,
2026-05-12T12:05:14+00:00,43.51056648418307,16.36997331865132,161,2026-05-12T12:09:37.993274+00:00,811,1,2.832,1156.374,169.92,294.084,1,Start,Finish,245,43.5109103500155,16.363974050014804,485,275,293,18,,,False,
2026-05-12T12:05:15+00:00,43.510576877743006,16.369941257871687,160,2026-05-12T12:09:37.993274+00:00,811,1,2.832,1159.206,169.92,294.084,1,Start,Finish,245,43.5109103500155,16.363974050014804,483,274,294,20,,,False,
2026-05-12T12:05:16+00:00,43.51058727130294,16.369909197092056,160,2026-05-12T12:09:37.993274+00:00,811,1,2.832,1162.038,169.92,294.084,1,Start,Finish,245,43.5109103500155,16.363974050014804,480,274,293,19,,,False,
2026-05-12T12:05:17+00:00,43.51059766486287,16.369877136312425,160,2026-05-12T12:09:37.993274+00:00,811,1,2.832,1164.87,169.92,294.084,1,Start,Finish,245,43.5109103500155,16.363974050014804,477,274,290,16,,,False,
2026-05-12T12:05:18+00:00,43.5106080584228,16.369845075532794,160,2026-05-12T12:09:37.993274+00:00,811,1,2.832,1167.702,169.92,294.084,1,Start,Finish,245,43.5109103500155,16.363974050014804,475,274,289,15,,,False,
2026-05-12T12:05:19+00:00,43.51061501540243,16.369817834347486,161,2026-05-12T12:09:37.993274+00:00,811,1,2.329,1170.031,139.74,289.399,1,Start,Finish,245,43.5109103500155,16.363974050014804,472,274,287,13,,,False,
2026-05-12T12:05:20+00:00,43.51061902474612,16.36978886090219,161,2026-05-12T12:09:37.993274+00:00,811,1,2.379,1172.41,142.74,280.802,1,Start,Finish,245,43.5109103500155,16.363974050014804,470,274,285,11,,,False,
2026-05-12T12:05:21+00:00,43.51062303408981,16.369759887456894,161,2026-05-12T12:09:37.993274+00:00,811,1,2.379,1174.789,142.74,280.802,1,Start,Finish,245,43.5109103500155,16.363974050014804,468,274,285,11,,,False,
2026-05-12T12:05:22+00:00,43.51062704343349,16.369730914011598,162,2026-05-12T12:09:37.993274+00:00,811,1,2.379,1177.167,142.74,280.802,1,Start,Finish,245,43.5109103500155,16.363974050014804,465,274,284,10,,,False,
2026-05-12T12:05:23+00:00,43.51063105277717,16.3697019405663,162,2026-05-12T12:09:37.993274+00:00,811,1,2.379,1179.546,142.74,280.802,1,Start,Finish,245,43.5109103500155,16.363974050014804,463,274,284,10,,,False,
2026-05-12T12:05:24+00:00,43.510635062120855,16.369672967121005,162,2026-05-12T12:09:37.993274+00:00,811,1,2.379,1181.925,142.74,280.802,1,Start,Finish,245,43.5109103500155,16.363974050014804,461,274,284,10,,,False,
2026-05-12T12:05:25+00:00,43.51063907146454,16.36964399367571,162,2026-05-12T12:09:37.993274+00:00,811,1,2.379,1184.303,142.74,280.802,1,Start,Finish,245,43.5109103500155,16.363974050014804,458,274,285,11,,,False,
2026-05-12T12:05:26+00:00,43.510646782815456,16.369615599978715,161,2026-05-12T12:09:37.993274+00:00,811,1,2.445,1186.749,146.7,290.53,1,Start,Finish,245,43.5109103500155,16.363974050014804,456,274,287,13,,,False,
2026-05-12T12:05:27+00:00,43.510654494166374,16.36958720628172,160,2026-05-12T12:09:37.993274+00:00,811,1,2.445,1189.194,146.7,290.53,1,Start,Finish,245,43.5109103500155,16.363974050014804,454,274,287,13,,,False,
2026-05-12T12:05:28+00:00,43.51066220551729,16.369558812584728,160,2026-05-12T12:09:37.993274+00:00,811,1,2.445,1191.639,146.7,290.53,1,Start,Finish,245,43.5109103500155,16.363974050014804,451,274,288,14,,,False,
2026-05-12T12:05:29+00:00,43.51066991686821,16.369530418887734,159,2026-05-12T12:09:37.993274+00:00,811,1,2.445,1194.084,146.7,290.53,1,Start,Finish,245,43.5109103500155,16.363974050014804,449,273,288,15,,,False,
2026-05-12T12:05:30+00:00,43.51067980751395,16.369502088055015,159,2026-05-12T12:09:37.993274+00:00,811,1,2.536,1196.619,152.16,295.705,1,Start,Finish,245,43.5109103500155,16.363974050014804,447,273,287,14,,,False,
2026-05-12T12:05:31+00:00,43.51068517193198,16.36947522405535,160,2026-05-12T12:09:37.993274+00:00,811,1,2.247,1198.866,134.82,285.394,1,Start,Finish,245,43.5109103500155,16.363974050014804,444,273,286,13,,,False,
2026-05-12T12:05:32+00:00,43.51069053635001,16.369448360055685,162,2026-05-12T12:09:37.993274+00:00,811,1,2.247,1201.113,134.82,285.394,1,Start,Finish,245,43.5109103500155,16.363974050014804,442,273,285,12,,,False,
2026-05-12T12:05:33+00:00,43.510693442076445,16.36942340992391,162,2026-05-12T12:09:37.993274+00:00,811,1,2.038,1203.151,122.28,279.123,1,Start,Finish,245,43.5109103500155,16.363974050014804,440,273,283,10,,,False,
2026-05-12T12:05:34+00:00,43.51069634780288,16.369398459792137,163,2026-05-12T12:09:37.993274+00:00,811,1,2.038,1205.189,122.28,279.123,1,Start,Finish,245,43.5109103500155,16.363974050014804,438,273,282,9,,,False,
2026-05-12T12:05:35+00:00,43.51069925352931,16.369373509660363,163,2026-05-12T12:09:37.993274+00:00,811,1,2.038,1207.227,122.28,279.123,1,Start,Finish,245,43.5109103500155,16.363974050014804,436,273,280,7,,,False,
2026-05-12T12:05:36+00:00,43.51070185191929,16.369344941340387,163,2026-05-12T12:09:37.993274+00:00,811,1,2.322,1209.549,139.32,277.148,1,Start,Finish,245,43.5109103500155,16.363974050014804,434,273,279,6,,,False,
2026-05-12T12:05:37+00:00,43.51070445030928,16.36931637302041,163,2026-05-12T12:09:37.993274+00:00,811,1,2.322,1211.871,139.32,277.148,1,Start,Finish,245,43.5109103500155,16.363974050014804,431,273,278,5,,,False,
2026-05-12T12:05:38+00:00,43.51070704869926,16.369287804700434,162,2026-05-12T12:09:37.993274+00:00,811,1,2.322,1214.193,139.32,277.148,1,Start,Finish,245,43.5109103500155,16.363974050014804,429,273,278,5,,,False,
2026-05-12T12:05:39+00:00,43.51070964708924,16.369259236380458,162,2026-05-12T12:09:37.993274+00:00,811,1,2.322,1216.515,139.32,277.148,1,Start,Finish,245,43.5109103500155,16.363974050014804,427,273,278,5,,,False,
2026-05-12T12:05:40+00:00,43.510712245479226,16.36923066806048,162,2026-05-12T12:09:37.993274+00:00,811,1,2.322,1218.836,139.32,277.148,1,Start,Finish,245,43.5109103500155,16.363974050014804,424,273,279,6,,,False,
2026-05-12T12:05:41+00:00,43.51071484386921,16.369202099740505,162,2026-05-12T12:09:37.993274+00:00,811,1,2.322,1221.158,139.32,277.148,1,Start,Finish,245,43.5109103500155,16.363974050014804,422,273,280,7,,,False,
2026-05-12T12:05:42+00:00,43.51072066929191,16.369169410318136,162,2026-05-12T12:09:37.993274+00:00,811,1,2.715,1223.873,162.9,283.805,1,Start,Finish,245,43.5109103500155,16.363974050014804,420,273,280,7,,,False,
2026-05-12T12:05:43+00:00,43.51072649471462,16.369136720895767,162,2026-05-12T12:09:37.993274+00:00,811,1,2.715,1226.588,162.9,283.805,1,Start,Finish,245,43.5109103500155,16.363974050014804,417,273,282,9,,,False,
2026-05-12T12:05:44+00:00,43.51073232013732,16.369104031473398,161,2026-05-12T12:09:37.993274+00:00,811,1,2.715,1229.302,162.9,283.805,1,Start,Finish,245,43.5109103500155,16.363974050014804,414,273,283,10,,,False,
2026-05-12T12:05:45+00:00,43.510738145560026,16.36907134205103,161,2026-05-12T12:09:37.993274+00:00,811,1,2.715,1232.017,162.9,283.805,1,Start,Finish,245,43.5109103500155,16.363974050014804,412,273,284,11,,,False,
2026-05-12T12:05:46+00:00,43.5107437055558,16.369042829610407,161,2026-05-12T12:09:37.993274+00:00,811,1,2.381,1234.398,142.86,285.05,1,Start,Finish,245,43.5109103500155,16.363974050014804,409,273,285,12,,,False,
2026-05-12T12:05:47+00:00,43.51074926555157,16.369014317169785,161,2026-05-12T12:09:37.993274+00:00,811,1,2.381,1236.779,142.86,285.05,1,Start,Finish,245,43.5109103500155,16.363974050014804,407,273,285,12,,,False,
2026-05-12T12:05:48+00:00,43.51075482554734,16.368985804729164,161,2026-05-12T12:09:37.993274+00:00,811,1,2.381,1239.16,142.86,285.05,1,Start,Finish,245,43.5109103500155,16.363974050014804,405,272,285,13,,,False,
2026-05-12T12:05:49+00:00,43.51076038554311,16.368957292288542,161,2026-05-12T12:09:37.993274+00:00,811,1,2.381,1241.541,142.86,285.05,1,Start,Finish,245,43.5109103500155,16.363974050014804,402,272,284,12,,,False,
2026-05-12T12:05:50+00:00,43.51076594553888,16.36892877984792,161,2026-05-12T12:09:37.993274+00:00,811,1,2.381,1243.922,142.86,285.05,1,Start,Finish,245,43.5109103500155,16.363974050014804,400,272,284,12,,,False,
2026-05-12T12:05:51+00:00,43.51077150553465,16.368900267407298,161,2026-05-12T12:09:37.993274+00:00,811,1,2.381,1246.303,142.86,285.05,1,Start,Finish,245,43.5109103500155,16.363974050014804,398,272,283,11,,,False,
2026-05-12T12:05:52+00:00,43.510777205228806,16.36887160129845,161,2026-05-12T12:09:37.993274+00:00,811,1,2.397,1248.7,143.82,285.331,1,Start,Finish,245,43.5109103500155,16.363974050014804,395,272,282,10,,,False,
2026-05-12T12:05:53+00:00,43.51078032748774,16.368843920063227,160,2026-05-12T12:09:37.993274+00:00,811,1,2.259,1250.959,135.54,278.84,1,Start,Finish,245,43.5109103500155,16.363974050014804,393,272,282,10,,,False,
2026-05-12T12:05:54+00:00,43.51078344974667,16.368816238828003,159,2026-05-12T12:09:37.993274+00:00,811,1,2.259,1253.218,135.54,278.84,1,Start,Finish,245,43.5109103500155,16.363974050014804,391,272,282,10,,,False,
2026-05-12T12:05:55+00:00,43.5107865720056,16.36878855759278,158,2026-05-12T12:09:37.993274+00:00,811,1,2.259,1255.477,135.54,278.84,1,Start,Finish,245,43.5109103500155,16.363974050014804,389,272,281,9,,,False,
2026-05-12T12:05:56+00:00,43.51078969426453,16.368760876357555,157,2026-05-12T12:09:37.993274+00:00,811,1,2.259,1257.736,135.54,278.84,1,Start,Finish,245,43.5109103500155,16.363974050014804,386,272,281,9,,,False,
2026-05-12T12:05:57+00:00,43.510793801397085,16.368733970448375,157,2026-05-12T12:09:37.993274+00:00,811,1,2.217,1259.954,133.02,281.886,1,Start,Finish,245,43.5109103500155,16.363974050014804,384,272,280,8,,,False,
2026-05-12T12:05:58+00:00,43.5107986908406,16.36870315298438,157,2026-05-12T12:09:37.993274+00:00,811,1,2.544,1262.498,152.64,282.34,1,Start,Finish,245,43.5109103500155,16.363974050014804,382,272,280,8,,,False,
2026-05-12T12:05:59+00:00,43.51080358028412,16.368672335520387,157,2026-05-12T12:09:37.993274+00:00,811,1,2.544,1265.042,152.64,282.34,1,Start,Finish,245,43.5109103500155,16.363974050014804,379,272,280,8,,,False,
2026-05-12T12:06:00+00:00,43.510808469727635,16.368641518056393,157,2026-05-12T12:09:37.993274+00:00,811,1,2.544,1267.586,152.64,282.34,1,Start,Finish,245,43.5109103500155,16.363974050014804,377,272,280,8,,,False,
2026-05-12T12:06:01+00:00,43.51081116590649,16.36861462611705,156,2026-05-12T12:09:37.993274+00:00,811,1,2.189,1269.775,131.34,277.871,1,Start,Finish,245,43.5109103500155,16.363974050014804,374,272,280,8,,,False,
2026-05-12T12:06:02+00:00,43.51081386208534,16.36858773417771,156,2026-05-12T12:09:37.993274+00:00,811,1,2.189,1271.964,131.34,277.871,1,Start,Finish,245,43.5109103500155,16.363974050014804,372,272,279,7,,,False,
2026-05-12T12:06:03+00:00,43.51081655826419,16.368560842238367,156,2026-05-12T12:09:37.993274+00:00,811,1,2.189,1274.154,131.34,277.871,1,Start,Finish,245,43.5109103500155,16.363974050014804,370,272,280,8,,,False,
2026-05-12T12:06:04+00:00,43.51081925444305,16.368533950299025,155,2026-05-12T12:09:37.993274+00:00,811,1,2.189,1276.343,131.34,277.871,1,Start,Finish,245,43.5109103500155,16.363974050014804,368,272,281,9,,,False,
2026-05-12T12:06:05+00:00,43.5108219506219,16.368507058359683,154,2026-05-12T12:09:37.993274+00:00,811,1,2.189,1278.532,131.34,277.871,1,Start,Finish,245,43.5109103500155,16.363974050014804,366,272,282,10,,,False,
2026-05-12T12:06:06+00:00,43.51082464680076,16.36848016642034,154,2026-05-12T12:09:37.993274+00:00,811,1,2.189,1280.722,131.34,277.871,1,Start,Finish,245,43.5109103500155,16.363974050014804,364,272,283,11,,,False,
2026-05-12T12:06:07+00:00,43.51083017885685,16.368456780910492,151,2026-05-12T12:09:37.993274+00:00,811,1,1.984,1282.705,119.04,288.065,1,Start,Finish,245,43.5109103500155,16.363974050014804,362,271,284,13,,,False,
2026-05-12T12:06:08+00:00,43.510836912319064,16.368431383743882,150,2026-05-12T12:09:37.993274+00:00,811,1,2.181,1284.886,130.86,290.081,1,Start,Finish,245,43.5109103500155,16.363974050014804,360,271,286,15,,,False,
2026-05-12T12:06:09+00:00,43.51084364578128,16.368405986577272,149,2026-05-12T12:09:37.993274+00:00,811,1,2.181,1287.067,130.86,290.081,1,Start,Finish,245,43.5109103500155,16.363974050014804,357,271,287,16,,,False,
2026-05-12T12:06:10+00:00,43.51085037924349,16.368380589410663,148,2026-05-12T12:09:37.993274+00:00,811,1,2.181,1289.247,130.86,290.081,1,Start,Finish,245,43.5109103500155,16.363974050014804,355,271,288,17,,,False,
2026-05-12T12:06:11+00:00,43.510857140645385,16.36835359968245,147,2026-05-12T12:09:37.993274+00:00,811,1,2.303,1291.55,138.18,289.056,1,Start,Finish,245,43.5109103500155,16.363974050014804,353,271,289,18,,,False,
2026-05-12T12:06:12+00:00,43.51086390204728,16.368326609954238,146,2026-05-12T12:09:37.993274+00:00,811,1,2.303,1293.853,138.18,289.056,1,Start,Finish,245,43.5109103500155,16.363974050014804,351,271,289,18,,,False,
2026-05-12T12:06:13+00:00,43.51087066344917,16.368299620226026,145,2026-05-12T12:09:37.993274+00:00,811,1,2.303,1296.155,138.18,289.056,1,Start,Finish,245,43.5109103500155,16.363974050014804,349,271,289,18,,,False,
2026-05-12T12:06:14+00:00,43.510877075605094,16.368271289393306,146,2026-05-12T12:09:37.993274+00:00,811,1,2.393,1298.549,143.58,287.332,1,Start,Finish,245,43.5109103500155,16.363974050014804,347,271,289,18,,,False,
2026-05-12T12:06:15+00:00,43.51088348776102,16.368242958560586,146,2026-05-12T12:09:37.993274+00:00,811,1,2.393,1300.942,143.58,287.332,1,Start,Finish,245,43.5109103500155,16.363974050014804,344,270,289,19,,,False,
2026-05-12T12:06:16+00:00,43.51088998373598,16.368217351846397,148,2026-05-12T12:09:37.993274+00:00,811,1,2.188,1303.13,131.28,289.279,1,Start,Finish,245,43.5109103500155,16.363974050014804,342,270,289,19,,,False,
2026-05-12T12:06:17+00:00,43.51089647971094,16.368191745132208,151,2026-05-12T12:09:37.993274+00:00,811,1,2.188,1305.318,131.28,289.279,1,Start,Finish,245,43.5109103500155,16.363974050014804,340,270,289,19,,,False,
2026-05-12T12:06:18+00:00,43.51090322714299,16.368166306056082,152,2026-05-12T12:09:37.993274+00:00,811,1,2.184,1307.502,131.04,290.089,1,Start,Finish,245,43.5109103500155,16.363974050014804,338,270,289,19,,,False,
2026-05-12T12:06:19+00:00,43.51090997457504,16.368140866979957,152,2026-05-12T12:09:37.993274+00:00,811,1,2.184,1309.686,131.04,290.089,1,Start,Finish,245,43.5109103500155,16.363974050014804,336,270,290,20,,,False,
2026-05-12T12:06:20+00:00,43.510916722007096,16.36811542790383,152,2026-05-12T12:09:37.993274+00:00,811,1,2.184,1311.871,131.04,290.089,1,Start,Finish,245,43.5109103500155,16.363974050014804,334,270,289,19,,,False,
2026-05-12T12:06:21+00:00,43.51092346943915,16.368089988827705,153,2026-05-12T12:09:37.993274+00:00,811,1,2.184,1314.055,131.04,290.089,1,Start,Finish,245,43.5109103500155,16.363974050014804,332,270,289,19,,,False,
2026-05-12T12:06:22+00:00,43.5109302168712,16.36806454975158,154,2026-05-12T12:09:37.993274+00:00,811,1,2.184,1316.24,131.04,290.089,1,Start,Finish,245,43.5109103500155,16.363974050014804,330,270,289,19,,,False,
2026-05-12T12:06:23+00:00,43.510936964303255,16.368039110675454,154,2026-05-12T12:09:37.993274+00:00,811,1,2.184,1318.424,131.04,290.089,1,Start,Finish,245,43.5109103500155,16.363974050014804,328,269,289,20,,,False,
2026-05-12T12:06:24+00:00,43.51094174198806,16.36801404878497,153,2026-05-12T12:09:37.993274+00:00,811,1,2.09,1320.514,125.4,284.727,1,Start,Finish,245,43.5109103500155,16.363974050014804,326,269,289,20,,,False,
2026-05-12T12:06:25+00:00,43.51094792364165,16.367988546844572,152,2026-05-12T12:09:37.993274+00:00,811,1,2.168,1322.682,130.08,288.481,1,Start,Finish,245,43.5109103500155,16.363974050014804,324,269,289,20,,,False,
2026-05-12T12:06:26+00:00,43.51095410529524,16.367963044904172,152,2026-05-12T12:09:37.993274+00:00,811,1,2.168,1324.85,130.08,288.481,1,Start,Finish,245,43.5109103500155,16.363974050014804,322,269,289,20,,,False,
2026-05-12T12:06:27+00:00,43.51096028694883,16.367937542963773,151,2026-05-12T12:09:37.993274+00:00,811,1,2.168,1327.019,130.08,288.481,1,Start,Finish,245,43.5109103500155,16.363974050014804,320,269,289,20,,,False,
2026-05-12T12:06:28+00:00,43.51096646860242,16.367912041023374,150,2026-05-12T12:09:37.993274+00:00,811,1,2.168,1329.187,130.08,288.481,1,Start,Finish,245,43.5109103500155,16.363974050014804,318,269,289,20,,,False,
2026-05-12T12:06:29+00:00,43.51097300648689,16.367886811494827,151,2026-05-12T12:09:37.993274+00:00,811,1,2.161,1331.348,129.66,289.662,1,Start,Finish,245,43.5109103500155,16.363974050014804,316,269,289,20,,,False,
2026-05-12T12:06:30+00:00,43.51097954437137,16.36786158196628,152,2026-05-12T12:09:37.993274+00:00,811,1,2.161,1333.508,129.66,289.662,1,Start,Finish,245,43.5109103500155,16.363974050014804,314,269,289,20,,,False,
2026-05-12T12:06:31+00:00,43.51098608225584,16.367836352437735,152,2026-05-12T12:09:37.993274+00:00,811,1,2.161,1335.669,129.66,289.662,1,Start,Finish,245,43.5109103500155,16.363974050014804,312,268,289,21,,,False,
2026-05-12T12:06:32+00:00,43.510992620140314,16.36781112290919,153,2026-05-12T12:09:37.993274+00:00,811,1,2.161,1337.829,129.66,289.662,1,Start,Finish,245,43.5109103500155,16.363974050014804,310,268,288,20,,,False,
2026-05-12T12:06:33+00:00,43.510998571291566,16.367784831672907,153,2026-05-12T12:09:37.993274+00:00,811,1,2.221,1340.051,133.26,287.334,1,Start,Finish,245,43.5109103500155,16.363974050014804,307,268,288,20,,,False,
2026-05-12T12:06:34+00:00,43.51100452244282,16.367758540436625,153,2026-05-12T12:09:37.993274+00:00,811,1,2.221,1342.272,133.26,287.334,1,Start,Finish,245,43.5109103500155,16.363974050014804,305,268,288,20,,,False,
2026-05-12T12:06:35+00:00,43.51101047359407,16.367732249200344,154,2026-05-12T12:09:37.993274+00:00,811,1,2.221,1344.493,133.26,287.334,1,Start,Finish,245,43.5109103500155,16.363974050014804,303,268,287,19,,,False,
2026-05-12T12:06:36+00:00,43.51101642474532,16.367705957964063,154,2026-05-12T12:09:37.993274+00:00,811,1,2.221,1346.714,133.26,287.334,1,Start,Finish,245,43.5109103500155,16.363974050014804,301,268,287,19,,,False,
2026-05-12T12:06:37+00:00,43.51102237589657,16.36767966672778,154,2026-05-12T12:09:37.993274+00:00,811,1,2.221,1348.935,133.26,287.334,1,Start,Finish,245,43.5109103500155,16.363974050014804,299,268,286,18,,,False,
2026-05-12T12:06:38+00:00,43.511028327047825,16.3676533754915,154,2026-05-12T12:09:37.993274+00:00,811,1,2.221,1351.156,133.26,287.334,1,Start,Finish,245,43.5109103500155,16.363974050014804,297,267,286,19,,,False,
2026-05-12T12:06:39+00:00,43.51103283651173,16.36762724071741,153,2026-05-12T12:09:37.993274+00:00,811,1,2.166,1353.322,129.96,283.383,1,Start,Finish,245,43.5109103500155,16.363974050014804,295,267,285,18,,,False,
2026-05-12T12:06:40+00:00,43.51103734597564,16.367601105943322,153,2026-05-12T12:09:37.993274+00:00,811,1,2.166,1355.489,129.96,283.383,1,Start,Finish,245,43.5109103500155,16.363974050014804,293,267,285,18,,,False,
2026-05-12T12:06:41+00:00,43.511041855439544,16.367574971169233,152,2026-05-12T12:09:37.993274+00:00,811,1,2.166,1357.655,129.96,283.383,1,Start,Finish,245,43.5109103500155,16.363974050014804,291,267,285,18,,,False,
2026-05-12T12:06:42+00:00,43.51104636490345,16.367548836395144,152,2026-05-12T12:09:37.993274+00:00,811,1,2.166,1359.822,129.96,283.383,1,Start,Finish,245,43.5109103500155,16.363974050014804,289,267,286,19,,,False,
2026-05-12T12:06:43+00:00,43.51105087436736,16.367522701621056,151,2026-05-12T12:09:37.993274+00:00,811,1,2.166,1361.988,129.96,283.383,1,Start,Finish,245,43.5109103500155,16.363974050014804,287,267,285,18,,,False,
2026-05-12T12:06:44+00:00,43.51105724461377,16.367496801540256,150,2026-05-12T12:09:37.993274+00:00,811,1,2.206,1364.194,132.36,288.734,1,Start,Finish,245,43.5109103500155,16.363974050014804,285,267,285,18,,,False,
2026-05-12T12:06:45+00:00,43.51106361486018,16.367470901459455,150,2026-05-12T12:09:37.993274+00:00,811,1,2.206,1366.399,132.36,288.734,1,Start,Finish,245,43.5109103500155,16.363974050014804,283,267,285,18,,,False,
2026-05-12T12:06:46+00:00,43.51106998510659,16.367445001378655,149,2026-05-12T12:09:37.993274+00:00,811,1,2.206,1368.605,132.36,288.734,1,Start,Finish,245,43.5109103500155,16.363974050014804,280,266,285,19,,,False,
2026-05-12T12:06:47+00:00,43.51107523776591,16.3674149941653,149,2026-05-12T12:09:37.993274+00:00,811,1,2.489,1371.094,149.34,283.57,1,Start,Finish,245,43.5109103500155,16.363974050014804,278,266,285,19,,,False,
2026-05-12T12:06:48+00:00,43.51108049042523,16.367384986951947,150,2026-05-12T12:09:37.993274+00:00,811,1,2.489,1373.583,149.34,283.57,1,Start,Finish,245,43.5109103500155,16.363974050014804,276,266,285,19,,,False,
2026-05-12T12:06:49+00:00,43.51108574308455,16.367354979738593,150,2026-05-12T12:09:37.993274+00:00,811,1,2.489,1376.073,149.34,283.57,1,Start,Finish,245,43.5109103500155,16.363974050014804,273,266,285,19,,,False,
2026-05-12T12:06:50+00:00,43.51109099574387,16.36732497252524,150,2026-05-12T12:09:37.993274+00:00,811,1,2.489,1378.562,149.34,283.57,1,Start,Finish,245,43.5109103500155,16.363974050014804,271,266,284,18,,,False,
2026-05-12T12:06:51+00:00,43.51109624840319,16.367294965311885,151,2026-05-12T12:09:37.993274+00:00,811,1,2.489,1381.051,149.34,283.57,1,Start,Finish,245,43.5109103500155,16.363974050014804,269,266,283,17,,,False,
2026-05-12T12:06:52+00:00,43.51110150106251,16.36726495809853,151,2026-05-12T12:09:37.993274+00:00,811,1,2.489,1383.541,149.34,283.57,1,Start,Finish,245,43.5109103500155,16.363974050014804,266,265,283,18,,,False,
2026-05-12T12:06:53+00:00,43.51110594347119,16.3672321010381,151,2026-05-12T12:09:37.993274+00:00,811,1,2.695,1386.236,161.7,280.56,1,Start,Finish,245,43.5109103500155,16.363974050014804,264,265,283,18,,,False,
2026-05-12T12:06:54+00:00,43.51111136376858,16.367198573425412,152,2026-05-12T12:09:37.993274+00:00,811,1,2.77,1389.006,166.2,282.567,1,Start,Finish,245,43.5109103500155,16.363974050014804,261,265,283,18,,,False,
2026-05-12T12:06:55+00:00,43.51111678406596,16.367165045812726,152,2026-05-12T12:09:37.993274+00:00,811,1,2.77,1391.776,166.2,282.567,1,Start,Finish,245,43.5109103500155,16.363974050014804,258,265,282,17,,,False,
2026-05-12T12:06:56+00:00,43.511122204363346,16.36713151820004,153,2026-05-12T12:09:37.993274+00:00,811,1,2.77,1394.546,166.2,282.567,1,Start,Finish,245,43.5109103500155,16.363974050014804,256,265,282,17,,,False,
2026-05-12T12:06:57+00:00,43.51112762466073,16.367097990587354,154,2026-05-12T12:09:37.993274+00:00,811,1,2.77,1397.317,166.2,282.567,1,Start,Finish,245,43.5109103500155,16.363974050014804,253,265,282,17,,,False,
2026-05-12T12:06:58+00:00,43.511133044958115,16.367064462974668,154,2026-05-12T12:09:37.993274+00:00,811,1,2.77,1400.087,166.2,282.567,1,Start,Finish,245,43.5109103500155,16.363974050014804,250,264,284,20,,,False,
2026-05-12T12:06:59+00:00,43.5111384652555,16.36703093536198,155,2026-05-12T12:09:37.993274+00:00,811,1,2.77,1402.857,166.2,282.567,1,Start,Finish,245,43.5109103500155,16.363974050014804,248,264,284,20,,,False,
2026-05-12T12:07:00+00:00,43.51114299148321,16.3670005928725,159,2026-05-12T12:09:37.993274+00:00,811,1,2.498,1405.355,149.88,281.623,1,Start,Finish,245,43.5109103500155,16.363974050014804,245,264,284,20,,,False,
2026-05-12T12:07:01+00:00,43.51114986464381,16.366973100230098,160,2026-05-12T12:09:37.993274+00:00,811,1,2.345,1407.7,140.7,289.02,1,Start,Finish,245,43.5109103500155,16.363974050014804,243,264,284,20,,,False,
2026-05-12T12:07:02+00:00,43.511155089363456,16.366945998743176,161,2026-05-12T12:09:37.993274+00:00,811,1,2.261,1409.962,135.66,284.886,1,Start,Finish,245,43.5109103500155,16.363974050014804,241,264,284,20,,,False,
2026-05-12T12:07:03+00:00,43.5111603140831,16.366918897256255,162,2026-05-12T12:09:37.993274+00:00,811,1,2.261,1412.223,135.66,284.886,1,Start,Finish,245,43.5109103500155,16.363974050014804,239,263,285,22,,,False,
2026-05-12T12:07:04+00:00,43.51116553880274,16.366891795769334,163,2026-05-12T12:09:37.993274+00:00,811,1,2.261,1414.484,135.66,284.886,1,Start,Finish,245,43.5109103500155,16.363974050014804,237,263,285,22,,,False,
2026-05-12T12:07:05+00:00,43.51117100799456,16.366863276343793,163,2026-05-12T12:09:37.993274+00:00,811,1,2.379,1416.863,142.74,284.811,1,Start,Finish,245,43.5109103500155,16.363974050014804,235,263,285,22,,,False,
2026-05-12T12:07:06+00:00,43.51117647718638,16.36683475691825,163,2026-05-12T12:09:37.993274+00:00,811,1,2.379,1419.242,142.74,284.811,1,Start,Finish,245,43.5109103500155,16.363974050014804,233,263,284,21,,,False,
2026-05-12T12:07:07+00:00,43.5111819463782,16.36680623749271,163,2026-05-12T12:09:37.993274+00:00,811,1,2.379,1421.621,142.74,284.811,1,Start,Finish,245,43.5109103500155,16.363974050014804,230,262,284,22,,,False,
2026-05-12T12:07:08+00:00,43.51118741557002,16.36677771806717,163,2026-05-12T12:09:37.993274+00:00,811,1,2.379,1424.0,142.74,284.811,1,Start,Finish,245,43.5109103500155,16.363974050014804,228,262,283,21,,,False,
2026-05-12T12:07:09+00:00,43.51119175739586,16.366748984903097,163,2026-05-12T12:09:37.993274+00:00,811,1,2.367,1426.367,142.02,281.77,1,Start,Finish,245,43.5109103500155,16.363974050014804,226,262,283,21,,,False,
2026-05-12T12:07:10+00:00,43.511196099221706,16.366720251739025,163,2026-05-12T12:09:37.993274+00:00,811,1,2.367,1428.734,142.02,281.77,1,Start,Finish,245,43.5109103500155,16.363974050014804,224,262,283,21,,,False,
2026-05-12T12:07:11+00:00,43.51120044104755,16.366691518574953,163,2026-05-12T12:09:37.993274+00:00,811,1,2.367,1431.101,142.02,281.77,1,Start,Finish,245,43.5109103500155,16.363974050014804,222,262,282,20,,,False,
2026-05-12T12:07:12+00:00,43.51120478287339,16.36666278541088,163,2026-05-12T12:09:37.993274+00:00,811,1,2.367,1433.468,142.02,281.77,1,Start,Finish,245,43.5109103500155,16.363974050014804,219,261,282,21,,,False,
2026-05-12T12:07:13+00:00,43.511209124699235,16.36663405224681,163,2026-05-12T12:09:37.993274+00:00,811,1,2.367,1435.835,142.02,281.77,1,Start,Finish,245,43.5109103500155,16.363974050014804,217,261,282,21,,,False,
2026-05-12T12:07:14+00:00,43.51121292449534,16.366608222015202,163,2026-05-12T12:09:37.993274+00:00,811,1,2.125,1437.96,127.5,281.466,1,Start,Finish,245,43.5109103500155,16.363974050014804,215,261,282,21,,,False,
2026-05-12T12:07:15+00:00,43.51121672429144,16.366582391783595,163,2026-05-12T12:09:37.993274+00:00,811,1,2.125,1440.086,127.5,281.466,1,Start,Finish,245,43.5109103500155,16.363974050014804,213,261,282,21,,,False,
2026-05-12T12:07:16+00:00,43.51122052408755,16.366556561551988,163,2026-05-12T12:09:37.993274+00:00,811,1,2.125,1442.211,127.5,281.466,1,Start,Finish,245,43.5109103500155,16.363974050014804,211,261,281,20,,,False,
2026-05-12T12:07:17+00:00,43.51122432388365,16.36653073132038,163,2026-05-12T12:09:37.993274+00:00,811,1,2.125,1444.336,127.5,281.466,1,Start,Finish,245,43.5109103500155,16.363974050014804,209,260,282,22,,,False,
2026-05-12T12:07:18+00:00,43.51122812367976,16.366504901088774,163,2026-05-12T12:09:37.993274+00:00,811,1,2.125,1446.462,127.5,281.466,1,Start,Finish,245,43.5109103500155,16.363974050014804,207,260,283,23,,,False,
2026-05-12T12:07:19+00:00,43.51123192347586,16.366479070857167,163,2026-05-12T12:09:37.993274+00:00,811,1,2.125,1448.587,127.5,281.466,1,Start,Finish,245,43.5109103500155,16.363974050014804,205,260,283,23,,,False,
2026-05-12T12:07:20+00:00,43.51123510859907,16.3664566911757,164,2026-05-12T12:09:37.993274+00:00,811,1,1.839,1450.427,110.34,281.103,1,Start,Finish,245,43.5109103500155,16.363974050014804,203,260,284,24,,,False,
2026-05-12T12:07:21+00:00,43.51123941130936,16.36643512174487,165,2026-05-12T12:09:37.993274+00:00,811,1,1.804,1452.231,108.24,285.379,1,Start,Finish,245,43.5109103500155,16.363974050014804,202,260,284,24,,,False,
2026-05-12T12:07:22+00:00,43.511243714019656,16.366413552314043,166,2026-05-12T12:09:37.993274+00:00,811,1,1.804,1454.035,108.24,285.379,1,Start,Finish,245,43.5109103500155,16.363974050014804,200,259,284,25,,,False,
2026-05-12T12:07:23+00:00,43.51124801672995,16.366391982883215,167,2026-05-12T12:09:37.993274+00:00,811,1,1.804,1455.839,108.24,285.379,1,Start,Finish,245,43.5109103500155,16.363974050014804,199,259,284,25,,,False,
2026-05-12T12:07:24+00:00,43.51125341467559,16.366365948691964,167,2026-05-12T12:09:37.993274+00:00,811,1,2.184,1458.022,131.04,285.955,1,Start,Finish,245,43.5109103500155,16.363974050014804,197,259,285,26,,,False,
2026-05-12T12:07:25+00:00,43.51125881262123,16.366339914500713,167,2026-05-12T12:09:37.993274+00:00,811,1,2.184,1460.206,131.04,285.955,1,Start,Finish,245,43.5109103500155,16.363974050014804,195,259,286,27,,,False,
2026-05-12T12:07:26+00:00,43.51126421056688,16.366313880309463,166,2026-05-12T12:09:37.993274+00:00,811,1,2.184,1462.389,131.04,285.955,1,Start,Finish,245,43.5109103500155,16.363974050014804,193,258,287,29,,,False,
2026-05-12T12:07:27+00:00,43.51126960851252,16.36628784611821,166,2026-05-12T12:09:37.993274+00:00,811,1,2.184,1464.573,131.04,285.955,1,Start,Finish,245,43.5109103500155,16.363974050014804,191,258,288,30,,,False,
2026-05-12T12:07:28+00:00,43.51127500645816,16.36626181192696,166,2026-05-12T12:09:37.993274+00:00,811,1,2.184,1466.757,131.04,285.955,1,Start,Finish,245,43.5109103500155,16.363974050014804,189,258,289,31,,,False,
2026-05-12T12:07:29+00:00,43.511281348764896,16.366239907220006,166,2026-05-12T12:09:37.993274+00:00,811,1,1.902,1468.659,114.12,291.764,1,Start,Finish,245,43.5109103500155,16.363974050014804,187,257,289,32,,,False,
2026-05-12T12:07:30+00:00,43.51128769107163,16.36621800251305,165,2026-05-12T12:09:37.993274+00:00,811,1,1.902,1470.561,114.12,291.764,1,Start,Finish,245,43.5109103500155,16.363974050014804,186,257,289,32,,,False,
2026-05-12T12:07:31+00:00,43.51129403337836,16.366196097806096,164,2026-05-12T12:09:37.993274+00:00,811,1,1.902,1472.463,114.12,291.764,1,Start,Finish,245,43.5109103500155,16.363974050014804,184,257,289,32,,,False,
2026-05-12T12:07:32+00:00,43.511300375685096,16.36617419309914,164,2026-05-12T12:09:37.993274+00:00,811,1,1.902,1474.365,114.12,291.764,1,Start,Finish,245,43.5109103500155,16.363974050014804,183,256,289,33,,,False,
2026-05-12T12:07:33+00:00,43.51130671799183,16.366152288392186,164,2026-05-12T12:09:37.993274+00:00,811,1,1.902,1476.267,114.12,291.764,1,Start,Finish,245,43.5109103500155,16.363974050014804,181,256,289,33,,,False,
2026-05-12T12:07:34+00:00,43.51131306029856,16.36613038368523,163,2026-05-12T12:09:37.993274+00:00,811,1,1.902,1478.169,114.12,291.764,1,Start,Finish,245,43.5109103500155,16.363974050014804,180,256,289,33,,,False,
2026-05-12T12:07:35+00:00,43.51131800562143,16.366104672197253,163,2026-05-12T12:09:37.993274+00:00,811,1,2.145,1480.314,128.7,284.853,1,Start,Finish,245,43.5109103500155,16.363974050014804,178,255,287,32,,,False,
2026-05-12T12:07:36+00:00,43.511322950944304,16.366078960709274,163,2026-05-12T12:09:37.993274+00:00,811,1,2.145,1482.459,128.7,284.853,1,Start,Finish,245,43.5109103500155,16.363974050014804,176,255,285,30,,,False,
2026-05-12T12:07:37+00:00,43.511327896267176,16.366053249221295,163,2026-05-12T12:09:37.993274+00:00,811,1,2.145,1484.604,128.7,284.853,1,Start,Finish,245,43.5109103500155,16.363974050014804,174,255,284,29,,,False,
2026-05-12T12:07:38+00:00,43.51133284159005,16.366027537733316,163,2026-05-12T12:09:37.993274+00:00,811,1,2.145,1486.749,128.7,284.853,1,Start,Finish,245,43.5109103500155,16.363974050014804,172,254,283,29,,,False,
2026-05-12T12:07:39+00:00,43.51133393123746,16.365999961271882,163,2026-05-12T12:09:37.993274+00:00,811,1,2.227,1488.976,133.62,273.119,1,Start,Finish,245,43.5109103500155,16.363974050014804,170,254,282,28,,,False,
2026-05-12T12:07:40+00:00,43.51133502088487,16.365972384810448,163,2026-05-12T12:09:37.993274+00:00,811,1,2.227,1491.204,133.62,273.119,1,Start,Finish,245,43.5109103500155,16.363974050014804,168,254,282,28,,,False,
2026-05-12T12:07:41+00:00,43.51134032942355,16.365944291464984,163,2026-05-12T12:09:37.993274+00:00,811,1,2.341,1493.545,140.46,284.604,1,Start,Finish,245,43.5109103500155,16.363974050014804,166,253,282,29,,,False,
2026-05-12T12:07:42+00:00,43.51134563796222,16.36591619811952,162,2026-05-12T12:09:37.993274+00:00,811,1,2.341,1495.886,140.46,284.604,1,Start,Finish,245,43.5109103500155,16.363974050014804,164,253,282,29,,,False,
2026-05-12T12:07:43+00:00,43.5113509465009,16.365888104774058,162,2026-05-12T12:09:37.993274+00:00,811,1,2.341,1498.227,140.46,284.604,1,Start,Finish,245,43.5109103500155,16.363974050014804,162,252,281,29,,,False,
2026-05-12T12:07:44+00:00,43.51135625503957,16.365860011428595,162,2026-05-12T12:09:37.993274+00:00,811,1,2.341,1500.568,140.46,284.604,1,Start,Finish,245,43.5109103500155,16.363974050014804,160,252,281,29,,,False,
2026-05-12T12:07:45+00:00,43.51136156357825,16.36583191808313,161,2026-05-12T12:09:37.993274+00:00,811,1,2.341,1502.909,140.46,284.604,1,Start,Finish,245,43.5109103500155,16.363974050014804,158,251,281,30,,,False,
2026-05-12T12:07:46+00:00,43.51136687211692,16.365803824737668,161,2026-05-12T12:09:37.993274+00:00,811,1,2.341,1505.251,140.46,284.604,1,Start,Finish,245,43.5109103500155,16.363974050014804,156,251,280,29,,,False,
2026-05-12T12:07:47+00:00,43.51136896759272,16.365779181942344,162,2026-05-12T12:09:37.993274+00:00,811,1,2.001,1507.251,120.06,276.687,1,Start,Finish,245,43.5109103500155,16.363974050014804,154,251,279,28,,,False,
2026-05-12T12:07:48+00:00,43.511370078194886,16.36575351236388,163,2026-05-12T12:09:37.993274+00:00,811,1,2.074,1509.325,124.44,273.414,1,Start,Finish,245,43.5109103500155,16.363974050014804,152,250,277,27,,,False,
2026-05-12T12:07:49+00:00,43.51137118879706,16.365727842785418,164,2026-05-12T12:09:37.993274+00:00,811,1,2.074,1511.399,124.44,273.414,1,Start,Finish,245,43.5109103500155,16.363974050014804,150,250,275,25,,,False,
2026-05-12T12:07:50+00:00,43.51137229939923,16.365702173206955,165,2026-05-12T12:09:37.993274+00:00,811,1,2.074,1513.473,124.44,273.414,1,Start,Finish,245,43.5109103500155,16.363974050014804,149,250,274,24,,,False,
2026-05-12T12:07:51+00:00,43.5113734100014,16.365676503628492,166,2026-05-12T12:09:37.993274+00:00,811,1,2.074,1515.546,124.44,273.414,1,Start,Finish,245,43.5109103500155,16.363974050014804,147,249,274,25,,,False,
2026-05-12T12:07:52+00:00,43.5113737732172,16.36565264314413,166,2026-05-12T12:09:37.993274+00:00,811,1,1.925,1517.471,115.5,271.202,1,Start,Finish,245,43.5109103500155,16.363974050014804,145,249,274,25,,,False,
2026-05-12T12:07:53+00:00,43.511374136433005,16.36562878265977,167,2026-05-12T12:09:37.993274+00:00,811,1,1.925,1519.396,115.5,271.202,1,Start,Finish,245,43.5109103500155,16.363974050014804,143,249,275,26,,,False,
2026-05-12T12:07:54+00:00,43.51137449964881,16.365604922175407,167,2026-05-12T12:09:37.993274+00:00,811,1,1.925,1521.32,115.5,271.202,1,Start,Finish,245,43.5109103500155,16.363974050014804,141,249,276,27,,,False,
2026-05-12T12:07:55+00:00,43.51137840561569,16.365577530115843,167,2026-05-12T12:09:37.993274+00:00,811,1,2.251,1523.571,135.06,281.124,1,Start,Finish,245,43.5109103500155,16.363974050014804,139,248,277,29,,,False,
2026-05-12T12:07:56+00:00,43.511382311582565,16.36555013805628,167,2026-05-12T12:09:37.993274+00:00,811,1,2.251,1525.823,135.06,281.124,1,Start,Finish,245,43.5109103500155,16.363974050014804,138,248,278,30,,,False,
2026-05-12T12:07:57+00:00,43.51138621754944,16.365522745996714,167,2026-05-12T12:09:37.993274+00:00,811,1,2.251,1528.074,135.06,281.124,1,Start,Finish,245,43.5109103500155,16.363974050014804,136,247,279,32,,,False,
2026-05-12T12:07:58+00:00,43.51139012351632,16.36549535393715,167,2026-05-12T12:09:37.993274+00:00,811,1,2.251,1530.325,135.06,281.124,1,Start,Finish,245,43.5109103500155,16.363974050014804,134,246,281,35,,,False,
2026-05-12T12:07:59+00:00,43.5113940294832,16.365467961877584,167,2026-05-12T12:09:37.993274+00:00,811,1,2.251,1532.576,135.06,281.124,1,Start,Finish,245,43.5109103500155,16.363974050014804,132,246,282,36,,,False,
2026-05-12T12:08:00+00:00,43.5113986954093,16.36544098611921,167,2026-05-12T12:09:37.993274+00:00,811,1,2.236,1534.813,134.16,283.414,1,Start,Finish,245,43.5109103500155,16.363974050014804,130,245,282,37,,,False,
2026-05-12T12:08:01+00:00,43.5114033613354,16.365414010360837,167,2026-05-12T12:09:37.993274+00:00,811,1,2.236,1537.049,134.16,283.414,1,Start,Finish,245,43.5109103500155,16.363974050014804,128,245,283,38,,,False,
2026-05-12T12:08:02+00:00,43.511408027261496,16.365387034602463,166,2026-05-12T12:09:37.993274+00:00,811,1,2.236,1539.286,134.16,283.414,1,Start,Finish,245,43.5109103500155,16.363974050014804,127,244,283,39,,,False,
2026-05-12T12:08:03+00:00,43.511412693187594,16.36536005884409,166,2026-05-12T12:09:37.993274+00:00,811,1,2.236,1541.522,134.16,283.414,1,Start,Finish,245,43.5109103500155,16.363974050014804,125,243,282,39,,,False,
2026-05-12T12:08:04+00:00,43.51141735911369,16.365333083085716,166,2026-05-12T12:09:37.993274+00:00,811,1,2.236,1543.759,134.16,283.414,1,Start,Finish,245,43.5109103500155,16.363974050014804,123,243,282,39,,,False,
2026-05-12T12:08:05+00:00,43.51142202503979,16.365306107327342,166,2026-05-12T12:09:37.993274+00:00,811,1,2.236,1545.995,134.16,283.414,1,Start,Finish,245,43.5109103500155,16.363974050014804,122,242,282,40,,,False,
2026-05-12T12:08:06+00:00,43.511425028555095,16.365282121114433,166,2026-05-12T12:09:37.993274+00:00,811,1,1.963,1547.958,117.78,279.796,1,Start,Finish,245,43.5109103500155,16.363974050014804,120,242,281,39,,,False,
2026-05-12T12:08:07+00:00,43.5114280320704,16.365258134901524,165,2026-05-12T12:09:37.993274+00:00,811,1,1.963,1549.921,117.78,279.796,1,Start,Finish,245,43.5109103500155,16.363974050014804,118,241,281,40,,,False,
2026-05-12T12:08:08+00:00,43.5114310355857,16.365234148688614,165,2026-05-12T12:09:37.993274+00:00,811,1,1.963,1551.884,117.78,279.796,1,Start,Finish,245,43.5109103500155,16.363974050014804,117,240,281,41,,,False,
2026-05-12T12:08:09+00:00,43.511434039101005,16.365210162475705,165,2026-05-12T12:09:37.993274+00:00,811,1,1.963,1553.847,117.78,279.796,1,Start,Finish,245,43.5109103500155,16.363974050014804,115,240,280,40,,,False,
2026-05-12T12:08:10+00:00,43.51143704261631,16.365186176262796,164,2026-05-12T12:09:37.993274+00:00,811,1,1.963,1555.81,117.78,279.796,1,Start,Finish,245,43.5109103500155,16.363974050014804,114,239,280,41,,,False,
2026-05-12T12:08:11+00:00,43.51144004613161,16.365162190049887,164,2026-05-12T12:09:37.993274+00:00,811,1,1.963,1557.773,117.78,279.796,1,Start,Finish,245,43.5109103500155,16.363974050014804,112,238,280,42,,,False,
2026-05-12T12:08:12+00:00,43.511443329043686,16.36513686273247,164,2026-05-12T12:09:37.993274+00:00,811,1,2.075,1559.847,124.5,280.133,1,Start,Finish,245,43.5109103500155,16.363974050014804,111,238,280,42,,,False,
2026-05-12T12:08:13+00:00,43.51144661195576,16.365111535415053,163,2026-05-12T12:09:37.993274+00:00,811,1,2.075,1561.922,124.5,280.133,1,Start,Finish,245,43.5109103500155,16.363974050014804,109,237,279,42,,,False,
2026-05-12T12:08:14+00:00,43.51144989486784,16.365086208097637,163,2026-05-12T12:09:37.993274+00:00,811,1,2.075,1563.997,124.5,280.133,1,Start,Finish,245,43.5109103500155,16.363974050014804,108,236,279,43,,,False,
2026-05-12T12:08:15+00:00,43.51145317777991,16.36506088078022,163,2026-05-12T12:09:37.993274+00:00,811,1,2.075,1566.072,124.5,280.133,1,Start,Finish,245,43.5109103500155,16.363974050014804,106,235,279,44,,,False,
2026-05-12T12:08:16+00:00,43.51145646069199,16.365035553462803,162,2026-05-12T12:09:37.993274+00:00,811,1,2.075,1568.147,124.5,280.133,1,Start,Finish,245,43.5109103500155,16.363974050014804,105,235,278,43,,,False,
2026-05-12T12:08:17+00:00,43.511459743604064,16.365010226145387,162,2026-05-12T12:09:37.993274+00:00,811,1,2.075,1570.222,124.5,280.133,1,Start,Finish,245,43.5109103500155,16.363974050014804,104,234,278,44,,,False,
2026-05-12T12:08:18+00:00,43.51146058179438,16.364990947768092,161,2026-05-12T12:09:37.993274+00:00,811,1,1.557,1571.779,93.42,273.431,1,Start,Finish,245,43.5109103500155,16.363974050014804,102,233,279,46,,,False,
2026-05-12T12:08:19+00:00,43.51146253757179,16.364962784573436,160,2026-05-12T12:09:37.993274+00:00,811,1,2.282,1574.061,136.92,275.47,1,Start,Finish,245,43.5109103500155,16.363974050014804,101,232,279,47,,,False,
2026-05-12T12:08:20+00:00,43.511464493349195,16.36493462137878,159,2026-05-12T12:09:37.993274+00:00,811,1,2.282,1576.342,136.92,275.47,1,Start,Finish,245,43.5109103500155,16.363974050014804,99,231,279,48,,,False,
2026-05-12T12:08:21+00:00,43.5114664491266,16.364906458184123,158,2026-05-12T12:09:37.993274+00:00,811,1,2.282,1578.624,136.92,275.47,1,Start,Finish,245,43.5109103500155,16.363974050014804,97,231,278,47,,,False,
2026-05-12T12:08:22+00:00,43.51147153414786,16.364879859611392,157,2026-05-12T12:09:37.993274+00:00,811,1,2.218,1580.842,133.08,284.768,1,Start,Finish,245,43.5109103500155,16.363974050014804,96,229,278,49,,,False,
2026-05-12T12:08:23+00:00,43.51147661916912,16.36485326103866,156,2026-05-12T12:09:37.993274+00:00,811,1,2.218,1583.06,133.08,284.768,1,Start,Finish,245,43.5109103500155,16.363974050014804,95,228,277,49,,,False,
2026-05-12T12:08:24+00:00,43.51148170419037,16.36482666246593,155,2026-05-12T12:09:37.993274+00:00,811,1,2.218,1585.278,133.08,284.768,1,Start,Finish,245,43.5109103500155,16.363974050014804,94,227,277,50,,,False,
2026-05-12T12:08:25+00:00,43.51148236077279,16.36480077635497,155,2026-05-12T12:09:37.993274+00:00,811,1,2.089,1587.367,125.34,272.003,1,Start,Finish,245,43.5109103500155,16.363974050014804,92,226,277,51,,,False,
2026-05-12T12:08:26+00:00,43.5114830173552,16.364774890244007,156,2026-05-12T12:09:37.993274+00:00,811,1,2.089,1589.456,125.34,272.003,1,Start,Finish,245,43.5109103500155,16.363974050014804,91,225,276,51,,,False,
2026-05-12T12:08:27+00:00,43.51148367393762,16.364749004133046,156,2026-05-12T12:09:37.993274+00:00,811,1,2.089,1591.545,125.34,272.003,1,Start,Finish,245,43.5109103500155,16.363974050014804,89,224,274,50,,,False,
2026-05-12T12:08:28+00:00,43.511484330520034,16.364723118022084,156,2026-05-12T12:09:37.993274+00:00,811,1,2.089,1593.634,125.34,272.003,1,Start,Finish,245,43.5109103500155,16.363974050014804,88,223,272,49,,,False,
2026-05-12T12:08:29+00:00,43.51148498710245,16.364697231911123,157,2026-05-12T12:09:37.993274+00:00,811,1,2.089,1595.722,125.34,272.003,1,Start,Finish,245,43.5109103500155,16.363974050014804,87,222,270,48,,,False,
2026-05-12T12:08:30+00:00,43.511485643684864,16.36467134580016,157,2026-05-12T12:09:37.993274+00:00,811,1,2.089,1597.811,125.34,272.003,1,Start,Finish,245,43.5109103500155,16.363974050014804,85,221,269,48,,,False,
2026-05-12T12:08:31+00:00,43.51148413494229,16.364644607529044,157,2026-05-12T12:09:37.993274+00:00,811,1,2.163,1599.974,129.78,265.551,1,Start,Finish,245,43.5109103500155,16.363974050014804,84,220,269,49,,,False,
2026-05-12T12:08:32+00:00,43.51148254238069,16.364619880914688,156,2026-05-12T12:09:37.993274+00:00,811,1,2.002,1601.976,120.12,264.925,1,Start,Finish,245,43.5109103500155,16.363974050014804,82,219,269,50,,,False,
2026-05-12T12:08:33+00:00,43.51148094981909,16.364595154300332,155,2026-05-12T12:09:37.993274+00:00,811,1,2.002,1603.978,120.12,264.925,1,Start,Finish,245,43.5109103500155,16.363974050014804,81,218,268,50,,,False,
2026-05-12T12:08:34+00:00,43.511479357257485,16.364570427685976,154,2026-05-12T12:09:37.993274+00:00,811,1,2.002,1605.98,120.12,264.925,1,Start,Finish,245,43.5109103500155,16.363974050014804,79,217,267,50,,,False,
2026-05-12T12:08:35+00:00,43.51147986017168,16.36454549152404,152,2026-05-12T12:09:37.993274+00:00,811,1,2.012,1607.991,120.72,271.593,1,Start,Finish,245,43.5109103500155,16.363974050014804,78,216,267,51,,,False,
2026-05-12T12:08:36+00:00,43.511480363085866,16.364520555362105,151,2026-05-12T12:09:37.993274+00:00,811,1,2.012,1610.003,120.72,271.593,1,Start,Finish,245,43.5109103500155,16.363974050014804,77,215,267,52,,,False,
2026-05-12T12:08:37+00:00,43.51147872861475,16.364494529552758,151,2026-05-12T12:09:37.993274+00:00,811,1,2.107,1612.11,126.42,265.051,1,Start,Finish,245,43.5109103500155,16.363974050014804,76,214,268,54,,,False,
2026-05-12T12:08:38+00:00,43.51147709414363,16.36446850374341,151,2026-05-12T12:09:37.993274+00:00,811,1,2.107,1614.216,126.42,265.051,1,Start,Finish,245,43.5109103500155,16.363974050014804,75,212,268,56,,,False,
2026-05-12T12:08:39+00:00,43.511476842686534,16.36444189120084,152,2026-05-12T12:09:37.993274+00:00,811,1,2.146,1616.362,128.76,269.254,1,Start,Finish,245,43.5109103500155,16.363974050014804,73,211,269,58,,,False,
2026-05-12T12:08:40+00:00,43.51147659122944,16.36441527865827,154,2026-05-12T12:09:37.993274+00:00,811,1,2.146,1618.509,128.76,269.254,1,Start,Finish,245,43.5109103500155,16.363974050014804,72,209,268,59,,,False,
2026-05-12T12:08:41+00:00,43.51147624198347,16.36438795365393,154,2026-05-12T12:09:37.993274+00:00,811,1,2.204,1620.713,132.24,268.99,1,Start,Finish,245,43.5109103500155,16.363974050014804,71,208,268,60,,,False,
2026-05-12T12:08:42+00:00,43.51147589273751,16.364360628649592,154,2026-05-12T12:09:37.993274+00:00,811,1,2.204,1622.917,132.24,268.99,1,Start,Finish,245,43.5109103500155,16.363974050014804,70,206,269,63,,,False,
2026-05-12T12:08:43+00:00,43.51147554349154,16.364333303645253,154,2026-05-12T12:09:37.993274+00:00,811,1,2.204,1625.12,132.24,268.99,1,Start,Finish,245,43.5109103500155,16.363974050014804,69,205,269,64,,,False,
2026-05-12T12:08:44+00:00,43.51147519424558,16.364305978640914,153,2026-05-12T12:09:37.993274+00:00,811,1,2.204,1627.324,132.24,268.99,1,Start,Finish,245,43.5109103500155,16.363974050014804,68,203,269,66,,,False,
2026-05-12T12:08:45+00:00,43.51147484499961,16.364278653636575,153,2026-05-12T12:09:37.993274+00:00,811,1,2.204,1629.528,132.24,268.99,1,Start,Finish,245,43.5109103500155,16.363974050014804,67,201,269,68,,,False,
2026-05-12T12:08:46+00:00,43.511474495753646,16.364251328632236,153,2026-05-12T12:09:37.993274+00:00,811,1,2.204,1631.732,132.24,268.99,1,Start,Finish,245,43.5109103500155,16.363974050014804,67,200,269,69,,,False,
2026-05-12T12:08:47+00:00,43.51147474721074,16.36422002222389,152,2026-05-12T12:09:37.993274+00:00,811,1,2.525,1634.257,151.5,270.635,1,Start,Finish,245,43.5109103500155,16.363974050014804,66,198,268,70,,,False,
2026-05-12T12:08:48+00:00,43.51147499866784,16.364188715815544,152,2026-05-12T12:09:37.993274+00:00,811,1,2.525,1636.782,151.5,270.635,1,Start,Finish,245,43.5109103500155,16.363974050014804,65,195,268,73,,,False,
2026-05-12T12:08:49+00:00,43.511473797261715,16.364164729602635,152,2026-05-12T12:09:37.993274+00:00,811,1,1.939,1638.721,116.34,266.049,1,Start,Finish,245,43.5109103500155,16.363974050014804,65,194,268,74,,,False,
2026-05-12T12:08:50+00:00,43.511472595855594,16.364140743389726,152,2026-05-12T12:09:37.993274+00:00,811,1,1.939,1640.66,116.34,266.049,1,Start,Finish,245,43.5109103500155,16.363974050014804,64,192,264,72,,,False,
2026-05-12T12:08:51+00:00,43.51147139444947,16.364116757176816,152,2026-05-12T12:09:37.993274+00:00,811,1,1.939,1642.598,116.34,266.049,1,Start,Finish,245,43.5109103500155,16.363974050014804,63,190,250,60,,,False,
2026-05-12T12:08:52+00:00,43.51147019304335,16.364092770963907,153,2026-05-12T12:09:37.993274+00:00,811,1,1.939,1644.537,116.34,266.049,1,Start,Finish,245,43.5109103500155,16.363974050014804,63,189,240,51,,,False,
2026-05-12T12:08:53+00:00,43.51146899163723,16.364068784750998,153,2026-05-12T12:09:37.993274+00:00,811,1,1.939,1646.476,116.34,266.049,1,Start,Finish,245,43.5109103500155,16.363974050014804,63,187,233,46,,,False,
2026-05-12T12:08:54+00:00,43.51146779023111,16.36404479853809,153,2026-05-12T12:09:37.993274+00:00,811,1,1.939,1648.415,116.34,266.049,1,Start,Finish,245,43.5109103500155,16.363974050014804,62,185,229,44,,,False,
2026-05-12T12:08:55+00:00,43.51145991124213,16.36403256095946,153,2026-05-12T12:09:37.993274+00:00,811,1,1.32,1649.735,79.2,228.403,1,Start,Finish,245,43.5109103500155,16.363974050014804,61,184,216,32,,,False,
2026-05-12T12:08:56+00:00,43.511447589844465,16.36403658427298,154,2026-05-12T12:09:37.993274+00:00,811,1,1.408,1651.143,84.48,166.677,1,Start,Finish,245,43.5109103500155,16.363974050014804,60,185,209,24,,,False,
2026-05-12T12:08:57+00:00,43.5114352684468,16.364040607586503,154,2026-05-12T12:09:37.993274+00:00,811,1,1.408,1652.551,84.48,166.677,1,Start,Finish,245,43.5109103500155,16.363974050014804,59,185,202,17,,,False,
2026-05-12T12:08:58+00:00,43.51142294704914,16.364044630900025,155,2026-05-12T12:09:37.993274+00:00,811,1,1.408,1653.959,84.48,166.677,1,Start,Finish,245,43.5109103500155,16.363974050014804,57,186,189,3,,,False,
2026-05-12T12:08:59+00:00,43.51140405982733,16.364059187471867,156,2026-05-12T12:09:37.993274+00:00,811,1,2.406,1656.365,144.36,150.797,1,Start,Finish,245,43.5109103500155,16.363974050014804,55,187,178,9,,,False,
2026-05-12T12:09:00+00:00,43.511385172605515,16.364073744043708,157,2026-05-12T12:09:37.993274+00:00,811,1,2.406,1658.771,144.36,150.797,1,Start,Finish,245,43.5109103500155,16.363974050014804,53,189,163,26,,,False,
2026-05-12T12:09:01+00:00,43.5113662853837,16.36408830061555,158,2026-05-12T12:09:37.993274+00:00,811,1,2.406,1661.177,144.36,150.797,1,Start,Finish,245,43.5109103500155,16.363974050014804,52,190,156,34,,,False,
2026-05-12T12:09:02+00:00,43.51134868338704,16.36410062201321,159,2026-05-12T12:09:37.993274+00:00,811,1,2.195,1663.372,131.7,153.085,1,Start,Finish,245,43.5109103500155,16.363974050014804,50,192,156,36,,,False,
2026-05-12T12:09:03+00:00,43.51133108139038,16.364112943410873,159,2026-05-12T12:09:37.993274+00:00,811,1,2.195,1665.567,131.7,153.085,1,Start,Finish,245,43.5109103500155,16.363974050014804,48,193,155,38,,,False,
2026-05-12T12:09:04+00:00,43.51131347939372,16.364125264808536,160,2026-05-12T12:09:37.993274+00:00,811,1,2.195,1667.762,131.7,153.085,1,Start,Finish,245,43.5109103500155,16.363974050014804,46,195,156,39,,,False,
2026-05-12T12:09:05+00:00,43.51129353046417,16.364133981987834,162,2026-05-12T12:09:37.993274+00:00,811,1,2.327,1670.089,139.62,162.416,1,Start,Finish,245,43.5109103500155,16.363974050014804,45,197,157,40,,,False,
2026-05-12T12:09:06+00:00,43.511273581534624,16.364142699167132,165,2026-05-12T12:09:37.993274+00:00,811,1,2.327,1672.416,139.62,162.416,1,Start,Finish,245,43.5109103500155,16.363974050014804,43,199,159,40,,,False,
2026-05-12T12:09:07+00:00,43.51125402376056,16.3641521288082,165,2026-05-12T12:09:37.993274+00:00,811,1,2.304,1674.72,138.24,160.727,1,Start,Finish,245,43.5109103500155,16.363974050014804,41,201,159,42,,,False,
2026-05-12T12:09:08+00:00,43.51123446598649,16.36416155844927,165,2026-05-12T12:09:37.993274+00:00,811,1,2.304,1677.023,138.24,160.727,1,Start,Finish,245,43.5109103500155,16.363974050014804,39,203,160,43,,,False,
2026-05-12T12:09:09+00:00,43.51121490821242,16.364170988090336,166,2026-05-12T12:09:37.993274+00:00,811,1,2.304,1679.327,138.24,160.727,1,Start,Finish,245,43.5109103500155,16.363974050014804,37,205,160,45,,,False,
2026-05-12T12:09:10+00:00,43.51119535043835,16.364180417731404,166,2026-05-12T12:09:37.993274+00:00,811,1,2.304,1681.631,138.24,160.727,1,Start,Finish,245,43.5109103500155,16.363974050014804,36,208,160,48,,,False,
2026-05-12T12:09:11+00:00,43.51117579266429,16.364189847372472,166,2026-05-12T12:09:37.993274+00:00,811,1,2.304,1683.935,138.24,160.727,1,Start,Finish,245,43.5109103500155,16.363974050014804,34,211,160,51,,,False,
2026-05-12T12:09:12+00:00,43.51115623489022,16.36419927701354,166,2026-05-12T12:09:37.993274+00:00,811,1,2.304,1686.239,138.24,160.727,1,Start,Finish,245,43.5109103500155,16.363974050014804,33,214,160,54,,,False,
2026-05-12T12:09:13+00:00,43.51113737560809,16.364212771877646,164,2026-05-12T12:09:37.993274+00:00,811,1,2.363,1688.601,141.78,152.573,1,Start,Finish,245,43.5109103500155,16.363974050014804,32,217,163,54,,,False,
2026-05-12T12:09:14+00:00,43.51111960597336,16.364221572875977,164,2026-05-12T12:09:37.993274+00:00,811,1,2.099,1690.701,125.94,160.242,1,Start,Finish,245,43.5109103500155,16.363974050014804,31,221,169,52,,,False,
2026-05-12T12:09:15+00:00,43.51110183633864,16.364230373874307,163,2026-05-12T12:09:37.993274+00:00,811,1,2.099,1692.8,125.94,160.242,1,Start,Finish,245,43.5109103500155,16.363974050014804,30,224,177,47,,,False,
2026-05-12T12:09:16+00:00,43.51108406670392,16.364239174872637,162,2026-05-12T12:09:37.993274+00:00,811,1,2.099,1694.9,125.94,160.242,1,Start,Finish,245,43.5109103500155,16.363974050014804,29,228,187,41,,,False,
2026-05-12T12:09:17+00:00,43.51106629706919,16.364247975870967,162,2026-05-12T12:09:37.993274+00:00,811,1,2.099,1696.999,125.94,160.242,1,Start,Finish,245,43.5109103500155,16.363974050014804,28,232,203,29,,,False,
2026-05-12T12:09:18+00:00,43.51105288602412,16.364242779091,162,2026-05-12T12:09:37.993274+00:00,811,1,1.549,1698.548,92.94,195.697,1,Start,Finish,245,43.5109103500155,16.363974050014804,27,234,203,31,,,False,
2026-05-12T12:09:19+00:00,43.511047353968024,16.36423154734075,162,2026-05-12T12:09:37.993274+00:00,811,1,1.095,1699.643,65.7,235.818,1,Start,Finish,245,43.5109103500155,16.363974050014804,26,234,215,19,,,False,
2026-05-12T12:09:20+00:00,43.51104314206168,16.364210341125727,162,2026-05-12T12:09:37.993274+00:00,811,1,1.773,1701.416,106.38,254.684,1,Start,Finish,245,43.5109103500155,16.363974050014804,24,232,226,6,,,False,
2026-05-12T12:09:21+00:00,43.51103893015534,16.364189134910703,163,2026-05-12T12:09:37.993274+00:00,811,1,1.773,1703.189,106.38,254.684,1,Start,Finish,245,43.5109103500155,16.363974050014804,22,231,233,2,,,False,
2026-05-12T12:09:22+00:00,43.51103471824899,16.36416792869568,164,2026-05-12T12:09:37.993274+00:00,811,1,1.773,1704.963,106.38,254.684,1,Start,Finish,245,43.5109103500155,16.363974050014804,21,229,243,14,,,False,
2026-05-12T12:09:23+00:00,43.51103050634265,16.364146722480655,164,2026-05-12T12:09:37.993274+00:00,811,1,1.773,1706.736,106.38,254.684,1,Start,Finish,245,43.5109103500155,16.363974050014804,19,226,245,19,,,False,
2026-05-12T12:09:24+00:00,43.51102807559073,16.364119028672576,164,2026-05-12T12:09:37.993274+00:00,811,1,2.25,1708.985,135.0,263.099,1,Start,Finish,245,43.5109103500155,16.363974050014804,18,222,257,35,,,False,
2026-05-12T12:09:25+00:00,43.51102564483881,16.364091334864497,165,2026-05-12T12:09:37.993274+00:00,811,1,2.25,1711.235,135.0,263.099,1,Start,Finish,245,43.5109103500155,16.363974050014804,16,216,257,41,,,False,
2026-05-12T12:09:26+00:00,43.51102321408689,16.36406364105642,165,2026-05-12T12:09:37.993274+00:00,811,1,2.25,1713.485,135.0,263.099,1,Start,Finish,245,43.5109103500155,16.363974050014804,14,210,252,42,,,False,
2026-05-12T12:09:27+00:00,43.51102078333497,16.36403594724834,166,2026-05-12T12:09:37.993274+00:00,811,1,2.25,1715.734,135.0,263.099,1,Start,Finish,245,43.5109103500155,16.363974050014804,13,202,250,48,,,False,
2026-05-12T12:09:28+00:00,43.51101835258305,16.36400825344026,166,2026-05-12T12:09:37.993274+00:00,811,1,2.25,1717.984,135.0,263.099,1,Start,Finish,245,43.5109103500155,16.363974050014804,12,193,242,49,,,False,
2026-05-12T12:09:29+00:00,43.5110087133944,16.363990869373083,167,2026-05-12T12:09:37.993274+00:00,811,1,1.765,1719.748,105.9,232.6,1,Start,Finish,245,43.5109103500155,16.363974050014804,11,187,233,46,,,False,
2026-05-12T12:09:30+00:00,43.51099907420576,16.363973485305905,167,2026-05-12T12:09:37.993274+00:00,811,1,1.765,1721.513,105.9,232.6,1,Start,Finish,245,43.5109103500155,16.363974050014804,10,180,222,42,,,False,
2026-05-12T12:09:31+00:00,43.51098943501711,16.363956101238728,168,2026-05-12T12:09:37.993274+00:00,811,1,1.765,1723.278,105.9,232.6,1,Start,Finish,245,43.5109103500155,16.363974050014804,9,171,222,51,,,False,
2026-05-12T12:09:32+00:00,43.51097979582846,16.36393871717155,168,2026-05-12T12:09:37.993274+00:00,811,1,1.765,1725.043,105.9,232.6,1,Start,Finish,245,43.5109103500155,16.363974050014804,8,160,205,45,,,False,
2026-05-12T12:09:33+00:00,43.510970156639814,16.363921333104372,169,2026-05-12T12:09:37.993274+00:00,811,1,1.765,1726.807,105.9,232.6,1,Start,Finish,245,43.5109103500155,16.363974050014804,8,147,197,50,,,False,
2026-05-12T12:09:34+00:00,43.51096361875534,16.36392791289836,169,2026-05-12T12:09:37.993274+00:00,811,1,0.9,1727.707,54.0,143.875,1,Start,Finish,245,43.5109103500155,16.363974050014804,7,148,201,53,,,False,
2026-05-12T12:09:35+00:00,43.51095708087087,16.36393449269235,169,2026-05-12T12:09:37.993274+00:00,811,1,0.9,1728.607,54.0,143.875,1,Start,Finish,245,43.5109103500155,16.363974050014804,6,148,200,52,,,False,
2026-05-12T12:09:36+00:00,43.51094035897404,16.363952262327075,168,2026-05-12T12:09:37.993274+00:00,811,1,2.348,1730.955,140.88,142.379,1,Start,Finish,245,43.5109103500155,16.363974050014804,4,152,203,51,,,False,
2026-05-12T12:09:37+00:00,43.51092363707721,16.3639700319618,167,2026-05-12T12:09:37.993274+00:00,811,1,2.348,1733.302,140.88,142.379,1,Start,Finish,245,43.5109103500155,16.363974050014804,2,168,202,34,,,False,
2026-05-12T12:09:38+00:00,43.51091123186052,16.363970199599862,166,2026-05-12T12:09:37.993274+00:00,811,1,1.379,1734.682,82.74,179.438,1,Start,Finish,245,43.5109103500155,16.363974050014804,0,108,208,100,,,False,
2026-05-12T12:09:39+00:00,43.510898826643825,16.363970367237926,166,2026-05-12T12:09:37.993274+00:00,811,1,1.379,1736.061,82.74,179.438,1,Start,Finish,245,43.5109103500155,16.363974050014804,1,13,205,168,,,False,
2026-05-12T12:09:40+00:00,43.51089404895902,16.36395666282624,166,2026-05-12T12:09:37.993274+00:00,811,1,1.226,1737.287,73.56,244.326,1,Start,Finish,245,43.5109103500155,16.363974050014804,2,38,209,171,,,False,
2026-05-12T12:09:41+00:00,43.51088927127421,16.363942958414555,166,2026-05-12T12:09:37.993274+00:00,811,1,1.226,1738.514,73.56,244.326,1,Start,Finish,245,43.5109103500155,16.363974050014804,3,47,223,176,,,False,
2026-05-12T12:09:42+00:00,43.51088899187744,16.36391770094633,166,2026-05-12T12:09:37.993274+00:00,811,1,2.037,1740.551,122.22,269.126,1,Start,Finish,245,43.5109103500155,16.363974050014804,5,62,234,172,,,False,
2026-05-12T12:09:43+00:00,43.510888712480664,16.363892443478107,167,2026-05-12T12:09:37.993274+00:00,811,1,2.037,1742.588,122.22,269.126,1,Start,Finish,245,43.5109103500155,16.363974050014804,7,70,239,169,,,False,
2026-05-12T12:09:44+00:00,43.51088843308389,16.363867186009884,167,2026-05-12T12:09:37.993274+00:00,811,1,2.037,1744.625,122.22,269.126,1,Start,Finish,245,43.5109103500155,16.363974050014804,9,74,241,167,,,False,
2026-05-12T12:09:45+00:00,43.510887888260186,16.363845015875995,168,2026-05-12T12:09:37.993274+00:00,811,1,1.789,1746.414,107.34,268.059,1,Start,Finish,245,43.5109103500155,16.363974050014804,11,77,253,176,,,False,
2026-05-12T12:09:46+00:00,43.51088734343648,16.363822845742106,168,2026-05-12T12:09:37.993274+00:00,811,1,1.789,1748.203,107.34,268.059,1,Start,Finish,245,43.5109103500155,16.363974050014804,12,78,250,172,,,False,
2026-05-12T12:09:47+00:00,43.51088340394199,16.363802896812558,169,2026-05-12T12:09:37.993274+00:00,811,1,1.667,1749.87,100.02,254.768,1,Start,Finish,245,43.5109103500155,16.363974050014804,14,78,247,169,,,False,
2026-05-12T12:09:48+00:00,43.51087720133364,16.36378789320588,169,2026-05-12T12:09:37.993274+00:00,811,1,1.393,1751.263,83.58,240.316,1,Start,Finish,245,43.5109103500155,16.363974050014804,15,76,242,166,,,False,
2026-05-12T12:09:49+00:00,43.51087127812207,16.363780377432704,169,2026-05-12T12:09:37.993274+00:00,811,1,0.895,1752.158,53.7,222.621,1,Start,Finish,245,43.5109103500155,16.363974050014804,16,74,239,165,,,False,
2026-05-12T12:09:50+00:00,43.51086535491049,16.363772861659527,169,2026-05-12T12:09:37.993274+00:00,811,1,0.895,1753.053,53.7,222.621,1,Start,Finish,245,43.5109103500155,16.363974050014804,17,73,235,162,,,False,
2026-05-12T12:09:51+00:00,43.51085943169892,16.36376534588635,169,2026-05-12T12:09:37.993274+00:00,811,1,0.895,1753.948,53.7,222.621,1,Start,Finish,245,43.5109103500155,16.363974050014804,18,71,235,164,,,False,
2026-05-12T12:09:52+00:00,43.51086379028857,16.363751096650958,167,2026-05-12T12:09:37.993274+00:00,811,1,1.247,1755.195,74.82,292.868,1,Start,Finish,245,43.5109103500155,16.363974050014804,19,74,225,151,,,False,
2026-05-12T12:09:53+00:00,43.51086295209825,16.363746779970825,167,2026-05-12T12:09:37.993274+00:00,811,1,0.36,1755.556,21.6,255.011,1,Start,Finish,245,43.5109103500155,16.363974050014804,19,74,225,151,,,False,
2026-05-12T12:09:54+00:00,43.51086211390793,16.36374246329069,167,2026-05-12T12:09:37.993274+00:00,811,1,0.36,1755.916,21.6,255.011,1,Start,Finish,245,43.5109103500155,16.363974050014804,19,74,225,151,,,False,
2026-05-12T12:09:55+00:00,43.51085624657571,16.363750509917736,165,2026-05-12T12:09:37.993274+00:00,811,1,0.92,1756.836,55.2,135.155,1,Start,Finish,245,43.5109103500155,16.363974050014804,19,72,218,146,,,False,
2026-05-12T12:09:56+00:00,43.510850965976715,16.363768614828587,164,2026-05-12T12:09:37.993274+00:00,811,1,1.574,1758.41,94.44,111.908,1,Start,Finish,245,43.5109103500155,16.363974050014804,18,68,196,128,,,False,
2026-05-12T12:09:57+00:00,43.51085109170526,16.36378973722458,163,2026-05-12T12:09:37.993274+00:00,811,1,1.703,1760.113,102.18,89.53,1,Start,Finish,245,43.5109103500155,16.363974050014804,16,66,167,101,,,False,
2026-05-12T12:09:58+00:00,43.51085121743381,16.36381085962057,162,2026-05-12T12:09:37.993274+00:00,811,1,1.703,1761.817,102.18,89.53,1,Start,Finish,245,43.5109103500155,16.363974050014804,15,63,139,76,,,False,
2026-05-12T12:09:59+00:00,43.51085540838539,16.363843004219234,162,2026-05-12T12:09:37.993274+00:00,811,1,2.634,1764.45,158.04,79.809,1,Start,Finish,245,43.5109103500155,16.363974050014804,12,60,98,38,,,False,
2026-05-12T12:10:00+00:00,43.51085959933698,16.363875148817897,161,2026-05-12T12:09:37.993274+00:00,811,1,2.634,1767.084,158.04,79.809,1,Start,Finish,245,43.5109103500155,16.363974050014804,10,55,100,45,,,False,
2026-05-12T12:10:01+00:00,43.51085783913731,16.36390314437449,158,2026-05-12T12:09:37.993274+00:00,811,1,2.266,1769.35,135.96,94.955,1,Start,Finish,245,43.5109103500155,16.363974050014804,8,44,101,57,,,False,
2026-05-12T12:10:02+00:00,43.510858551599085,16.363921794109046,156,2026-05-12T12:09:37.993274+00:00,811,1,1.506,1770.856,90.36,86.985,1,Start,Finish,245,43.5109103500155,16.363974050014804,7,36,101,65,,,False,
2026-05-12T12:10:03+00:00,43.510859264060855,16.363940443843603,154,2026-05-12T12:09:37.993274+00:00,811,1,1.506,1772.363,90.36,86.985,1,Start,Finish,245,43.5109103500155,16.363974050014804,6,26,105,79,,,False,
2026-05-12T12:10:04+00:00,43.5108604375273,16.36395293287933,154,2026-05-12T12:09:37.993274+00:00,811,1,1.016,1773.378,60.96,82.618,1,Start,Finish,245,43.5109103500155,16.363974050014804,6,17,107,90,,,False,
2026-05-12T12:10:05+00:00,43.51085767149925,16.363960644230247,154,2026-05-12T12:09:37.993274+00:00,811,1,0.694,1774.072,41.64,116.316,1,Start,Finish,245,43.5109103500155,16.363974050014804,6,10,103,93,,,False,
2026-05-12T12:10:06+00:00,43.51085486356169,16.363969990052283,152,2026-05-12T12:09:37.993274+00:00,811,1,0.816,1774.888,48.96,112.503,1,Start,Finish,245,43.5109103500155,16.363974050014804,6,3,100,97,,,False,
2026-05-12T12:10:07+00:00,43.51085205562413,16.36397933587432,151,2026-05-12T12:09:37.993274+00:00,811,1,0.816,1775.703,48.96,112.503,1,Start,Finish,245,43.5109103500155,16.363974050014804,6,356,96,100,,,False,
2026-05-12T12:10:08+00:00,43.510849247686565,16.363984008785337,152,2026-05-12T12:09:37.993274+00:00,811,1,0.489,1776.193,29.34,129.643,1,Start,Finish,245,43.5109103500155,16.363974050014804,7,353,94,101,,,False,
2026-05-12T12:10:09+00:00,43.510846439749,16.363988681696355,152,2026-05-12T12:09:37.993274+00:00,811,1,0.489,1776.682,29.34,129.643,1,Start,Finish,245,43.5109103500155,16.363974050014804,7,351,92,101,,,False,
2026-05-12T12:10:10+00:00,43.51084363181144,16.363993354607373,152,2026-05-12T12:09:37.993274+00:00,811,1,0.489,1777.172,29.34,129.643,1,Start,Finish,245,43.5109103500155,16.363974050014804,8,348,92,104,,,False,
2026-05-12T12:10:11+00:00,43.51084082387388,16.36399802751839,153,2026-05-12T12:09:37.993274+00:00,811,1,0.489,1777.661,29.34,129.643,1,Start,Finish,245,43.5109103500155,16.363974050014804,8,346,91,105,,,False,
2026-05-12T12:10:12+00:00,43.51084124296904,16.364003936760128,155,2026-05-12T12:09:37.993274+00:00,811,1,0.479,1778.14,28.74,84.415,1,Start,Finish,245,43.5109103500155,16.363974050014804,8,343,90,107,,,False,
2026-05-12T12:10:13+00:00,43.510841662064195,16.364009846001863,157,2026-05-12T12:09:37.993274+00:00,811,1,0.479,1778.619,28.74,84.415,1,Start,Finish,245,43.5109103500155,16.363974050014804,8,339,90,111,,,False,
2026-05-12T12:10:14+00:00,43.5108410124667,16.364015587605536,157,2026-05-12T12:09:37.993274+00:00,811,1,0.469,1779.087,28.14,98.867,1,Start,Finish,245,43.5109103500155,16.363974050014804,8,337,89,112,,,False,
2026-05-12T12:10:15+00:00,43.5108403628692,16.36402132920921,157,2026-05-12T12:09:37.993274+00:00,811,1,0.469,1779.556,28.14,98.867,1,Start,Finish,245,43.5109103500155,16.363974050014804,9,334,88,114,,,False,
2026-05-12T12:10:16+00:00,43.51083971327171,16.36402707081288,157,2026-05-12T12:09:37.993274+00:00,811,1,0.469,1780.024,28.14,98.867,1,Start,Finish,245,43.5109103500155,16.363974050014804,9,331,87,116,,,False,
2026-05-12T12:10:17+00:00,43.51083906367421,16.364032812416553,157,2026-05-12T12:09:37.993274+00:00,811,1,0.469,1780.493,28.14,98.867,1,Start,Finish,245,43.5109103500155,16.363974050014804,9,329,86,117,,,False,
2026-05-12T12:10:18+00:00,43.510837169364095,16.36403713747859,156,2026-05-12T12:09:37.993274+00:00,811,1,0.407,1780.901,24.42,121.128,1,Start,Finish,245,43.5109103500155,16.363974050014804,10,328,85,117,,,False,
2026-05-12T12:10:19+00:00,43.51083527505398,16.364041462540627,155,2026-05-12T12:09:37.993274+00:00,811,1,0.407,1781.308,24.42,121.128,1,Start,Finish,245,43.5109103500155,16.363974050014804,10,327,84,117,,,False,
2026-05-12T12:10:20+00:00,43.51083338074386,16.364045787602663,155,2026-05-12T12:09:37.993274+00:00,811,1,0.407,1781.715,24.42,121.128,1,Start,Finish,245,43.5109103500155,16.363974050014804,10,326,83,117,,,False,
2026-05-12T12:10:21+00:00,43.510831486433744,16.3640501126647,154,2026-05-12T12:09:37.993274+00:00,811,1,0.407,1782.123,24.42,121.128,1,Start,Finish,245,43.5109103500155,16.363974050014804,11,325,83,118,,,False,
2026-05-12T12:10:22+00:00,43.51082959212363,16.364054437726736,153,2026-05-12T12:09:37.993274+00:00,811,1,0.407,1782.53,24.42,121.128,1,Start,Finish,245,43.5109103500155,16.363974050014804,11,324,82,118,,,False,
2026-05-12T12:10:23+00:00,43.510827999562025,16.364055275917053,153,2026-05-12T12:09:37.993274+00:00,811,1,0.19,1782.72,11.4,159.108,1,Start,Finish,245,43.5109103500155,16.363974050014804,11,324,82,118,,,False,
2026-05-12T12:10:24+00:00,43.51082797162235,16.364058209583163,152,2026-05-12T12:09:37.993274+00:00,811,1,0.237,1782.957,14.22,90.752,1,Start,Finish,245,43.5109103500155,16.363974050014804,11,323,81,118,,,False,
2026-05-12T12:10:25+00:00,43.51082794368267,16.364061143249273,151,2026-05-12T12:09:37.993274+00:00,811,1,0.237,1783.193,14.22,90.752,1,Start,Finish,245,43.5109103500155,16.363974050014804,12,323,81,118,,,False,
2026-05-12T12:10:26+00:00,43.51082791574299,16.364064076915383,150,2026-05-12T12:09:37.993274+00:00,811,1,0.237,1783.43,14.22,90.752,1,Start,Finish,245,43.5109103500155,16.363974050014804,12,322,81,119,,,False,
2026-05-12T12:10:27+00:00,43.510829228907824,16.364067401736975,150,2026-05-12T12:09:37.993274+00:00,811,1,0.305,1783.735,18.3,61.428,1,Start,Finish,245,43.5109103500155,16.363974050014804,12,320,81,121,,,False,
2026-05-12T12:10:28+00:00,43.510830542072654,16.364070726558566,149,2026-05-12T12:09:37.993274+00:00,811,1,0.305,1784.04,18.3,61.428,1,Start,Finish,245,43.5109103500155,16.363974050014804,12,319,81,122,,,False,
2026-05-12T12:10:29+00:00,43.51083185523749,16.364074051380157,149,2026-05-12T12:09:37.993274+00:00,811,1,0.305,1784.346,18.3,61.428,1,Start,Finish,245,43.5109103500155,16.363974050014804,12,317,79,122,,,False,
2026-05-12T12:10:30+00:00,43.51083531277254,16.364074198063463,148,2026-05-12T12:09:37.993274+00:00,811,1,0.385,1784.73,23.1,1.762,1,Start,Finish,245,43.5109103500155,16.363974050014804,12,316,79,123,,,False,
2026-05-12T12:10:31+00:00,43.5108387703076,16.36407434474677,148,2026-05-12T12:09:37.993274+00:00,811,1,0.385,1785.115,23.1,1.762,1,Start,Finish,245,43.5109103500155,16.363974050014804,11,315,77,122,,,False,
2026-05-12T12:10:32+00:00,43.51084222784266,16.364074491430074,147,2026-05-12T12:09:37.993274+00:00,811,1,0.385,1785.5,23.1,1.762,1,Start,Finish,245,43.5109103500155,16.363974050014804,11,313,77,124,,,False,
2026-05-12T12:10:33+00:00,43.51084568537772,16.36407463811338,146,2026-05-12T12:09:37.993274+00:00,811,1,0.385,1785.884,23.1,1.762,1,Start,Finish,245,43.5109103500155,16.363974050014804,11,312,75,123,,,False,
2026-05-12T12:10:34+00:00,43.510846216231585,16.364077432081103,146,2026-05-12T12:09:37.993274+00:00,811,1,0.233,1786.117,13.98,75.32,1,Start,Finish,245,43.5109103500155,16.363974050014804,11,311,75,124,,,False,
2026-05-12T12:10:35+00:00,43.51084674708545,16.364080226048827,145,2026-05-12T12:09:37.993274+00:00,811,1,0.233,1786.35,13.98,75.32,1,Start,Finish,245,43.5109103500155,16.363974050014804,11,310,73,123,,,False,
2026-05-12T12:10:36+00:00,43.51084727793932,16.36408302001655,145,2026-05-12T12:09:37.993274+00:00,811,1,0.233,1786.583,13.98,75.32,1,Start,Finish,245,43.5109103500155,16.363974050014804,11,309,73,124,,,False,
2026-05-12T12:10:37+00:00,43.51084959693253,16.364088524132967,145,2026-05-12T12:09:37.993274+00:00,811,1,0.513,1787.096,30.78,59.846,1,Start,Finish,245,43.5109103500155,16.363974050014804,11,306,71,125,,,False,
2026-05-12T12:10:38+00:00,43.51085191592574,16.364094028249383,145,2026-05-12T12:09:37.993274+00:00,811,1,0.513,1787.61,30.78,59.846,1,Start,Finish,245,43.5109103500155,16.363974050014804,12,304,70,126,,,False,
2026-05-12T12:10:39+00:00,43.51085423491895,16.3640995323658,146,2026-05-12T12:09:37.993274+00:00,811,1,0.513,1788.123,30.78,59.846,1,Start,Finish,245,43.5109103500155,16.363974050014804,12,302,69,127,,,False,
2026-05-12T12:10:40+00:00,43.51085655391216,16.364105036482215,146,2026-05-12T12:09:37.993274+00:00,811,1,0.513,1788.636,30.78,59.846,1,Start,Finish,245,43.5109103500155,16.363974050014804,12,300,68,128,,,False,
2026-05-12T12:10:41+00:00,43.510858872905374,16.36411054059863,146,2026-05-12T12:09:37.993274+00:00,811,1,0.513,1789.15,30.78,59.846,1,Start,Finish,245,43.5109103500155,16.363974050014804,12,297,67,130,,,False,
2026-05-12T12:10:42+00:00,43.510861191898584,16.364116044715047,146,2026-05-12T12:09:37.993274+00:00,811,1,0.513,1789.663,30.78,59.846,1,Start,Finish,245,43.5109103500155,16.363974050014804,13,296,64,128,,,False,
2026-05-12T12:10:43+00:00,43.510864628478885,16.3641219958663,146,2026-05-12T12:09:37.993274+00:00,811,1,0.613,1790.276,36.78,51.472,1,Start,Finish,245,43.5109103500155,16.363974050014804,13,293,61,128,,,False,
2026-05-12T12:10:44+00:00,43.5108673106879,16.36412601917982,108,2026-05-12T12:09:37.993274+00:00,811,1,0.441,1790.717,26.46,47.41,1,Start,Finish,245,43.5109103500155,16.363974050014804,13,291,58,127,,,False,
2026-05-12T12:10:45+00:00,43.510869992896914,16.364130042493343,70,2026-05-12T12:09:37.993274+00:00,811,1,0.441,1791.158,26.46,47.41,1,Start,Finish,245,43.5109103500155,16.363974050014804,13,290,57,127,,,False,
2026-05-12T12:10:46+00:00,43.51087183691561,16.364135155454278,71,2026-05-12T12:09:37.993274+00:00,811,1,0.46,1791.618,27.6,63.559,1,Start,Finish,245,43.5109103500155,16.363974050014804,14,288,55,127,,,False,
2026-05-12T12:10:47+00:00,43.51087272539735,16.364138139411807,71,2026-05-12T12:09:37.993274+00:00,811,1,0.26,1791.879,15.6,67.679,1,Start,Finish,245,43.5109103500155,16.363974050014804,14,288,53,125,,,False,
2026-05-12T12:10:48+00:00,43.510873613879085,16.364141123369336,72,2026-05-12T12:09:37.993274+00:00,811,1,0.26,1792.139,15.6,67.679,1,Start,Finish,245,43.5109103500155,16.363974050014804,14,287,52,125,,,False,
2026-05-12T12:10:49+00:00,43.51087450236082,16.364144107326865,72,2026-05-12T12:09:37.993274+00:00,811,1,0.26,1792.399,15.6,67.679,1,Start,Finish,245,43.5109103500155,16.363974050014804,14,286,52,126,,,False,
2026-05-12T12:10:50+00:00,43.51087539084256,16.364147091284394,73,2026-05-12T12:09:37.993274+00:00,811,1,0.26,1792.659,15.6,67.679,1,Start,Finish,245,43.5109103500155,16.363974050014804,14,286,50,124,,,False,
2026-05-12T12:10:51+00:00,43.51087627932429,16.364150075241923,73,2026-05-12T12:09:37.993274+00:00,811,1,0.26,1792.919,15.6,67.679,1,Start,Finish,245,43.5109103500155,16.363974050014804,15,285,49,124,,,False,
2026-05-12T12:10:52+00:00,43.51087812334299,16.36415485292673,70,2026-05-12T12:09:37.993274+00:00,811,1,0.436,1793.355,26.16,61.979,1,Start,Finish,245,43.5109103500155,16.363974050014804,15,284,46,122,,,False,
2026-05-12T12:10:53+00:00,43.51088388590142,16.36415879242122,86,2026-05-12T12:09:37.993274+00:00,811,1,0.715,1794.071,42.9,26.372,1,Start,Finish,245,43.5109103500155,16.363974050014804,15,281,44,123,,,False,
2026-05-12T12:10:54+00:00,43.51088964845985,16.364162731915712,103,2026-05-12T12:09:37.993274+00:00,811,1,0.715,1794.786,42.9,26.372,1,Start,Finish,245,43.5109103500155,16.363974050014804,15,279,44,125,,,False,
2026-05-12T12:10:55+00:00,43.51089541101828,16.364166671410203,120,2026-05-12T12:09:37.993274+00:00,811,1,0.715,1795.501,42.9,26.372,1,Start,Finish,245,43.5109103500155,16.363974050014804,16,276,47,131,,,False,
2026-05-12T12:10:56+00:00,43.51090117357671,16.364170610904694,136,2026-05-12T12:09:37.993274+00:00,811,1,0.715,1796.216,42.9,26.372,1,Start,Finish,245,43.5109103500155,16.363974050014804,16,274,48,134,,,False,
2026-05-12T12:10:57+00:00,43.51092950440943,16.36416214518249,136,2026-05-12T12:09:37.993274+00:00,811,1,3.223,1799.44,193.38,347.772,1,Start,Finish,245,43.5109103500155,16.363974050014804,15,262,41,139,,,False,
2026-05-12T12:10:58+00:00,43.51093309186399,16.36416256427765,136,2026-05-12T12:09:37.993274+00:00,811,1,0.4,1799.84,24.0,4.843,1,Start,Finish,245,43.5109103500155,16.363974050014804,15,261,40,139,,,False,
2026-05-12T12:10:59+00:00,43.51093667931855,16.364162983372808,137,2026-05-12T12:09:37.993274+00:00,811,1,0.4,1800.24,24.0,4.843,1,Start,Finish,245,43.5109103500155,16.363974050014804,16,259,40,141,,,False,
2026-05-12T12:11:00+00:00,43.510940266773105,16.364163402467966,137,2026-05-12T12:09:37.993274+00:00,811,1,0.4,1800.641,24.0,4.843,1,Start,Finish,245,43.5109103500155,16.363974050014804,16,258,40,142,,,False,
