timestamp_utc,latitude,longitude,heart_rate,finish_time_utc,elapsed_race_time_s,finished_flag,seg_dist_m,dist_from_start_m,SOG_raw_mpm,COG_raw_deg,geom_leg_id,geom_from_mark,geom_to_mark,geom_leg_bearing_deg,target_lat_deg,target_lon_deg,dist_to_target_m,bearing_to_target_deg,COG_deg,ATB_angle_deg,ATB_offset_deg,axis_angle_signed_deg,is_upwind,upwind_dist_remaining_m
2026-05-12T12:28:38+00:00,43.51618805900216,16.370788542553782,124,2026-05-12T12:36:49.060533+00:00,491,1,0.0,0.0,0.0,0.0,1,Start,Finish,222,43.51087825005148,16.363954599943668,808,223,187,36,,,False,
2026-05-12T12:28:39+00:00,43.51616620318964,16.370785713661462,123,2026-05-12T12:36:49.060533+00:00,491,1,2.441,2.441,146.46,185.362,1,Start,Finish,222,43.51087825005148,16.363954599943668,806,223,186,37,,,False,
2026-05-12T12:28:40+00:00,43.51614434737712,16.37078288476914,122,2026-05-12T12:36:49.060533+00:00,491,1,2.441,4.882,146.46,185.362,1,Start,Finish,222,43.51087825005148,16.363954599943668,804,223,186,37,,,False,
2026-05-12T12:28:41+00:00,43.5161224915646,16.37078005587682,122,2026-05-12T12:36:49.060533+00:00,491,1,2.441,7.323,146.46,185.362,1,Start,Finish,222,43.51087825005148,16.363954599943668,802,223,186,37,,,False,
2026-05-12T12:28:42+00:00,43.51610063575208,16.3707772269845,121,2026-05-12T12:36:49.060533+00:00,491,1,2.441,9.764,146.46,185.362,1,Start,Finish,222,43.51087825005148,16.363954599943668,800,223,186,37,,,False,
2026-05-12T12:28:43+00:00,43.51607729215175,16.370775173418224,120,2026-05-12T12:36:49.060533+00:00,491,1,2.601,12.365,156.06,183.65,1,Start,Finish,222,43.51087825005148,16.363954599943668,798,224,185,39,,,False,
2026-05-12T12:28:44+00:00,43.516053948551416,16.370773119851947,118,2026-05-12T12:36:49.060533+00:00,491,1,2.601,14.966,156.06,183.65,1,Start,Finish,222,43.51087825005148,16.363954599943668,796,224,186,38,,,False,
2026-05-12T12:28:45+00:00,43.516031267121434,16.370769230648875,119,2026-05-12T12:36:49.060533+00:00,491,1,2.541,17.507,152.46,187.088,1,Start,Finish,222,43.51087825005148,16.363954599943668,794,224,186,38,,,False,
2026-05-12T12:28:46+00:00,43.51600858569145,16.370765341445804,119,2026-05-12T12:36:49.060533+00:00,491,1,2.541,20.049,152.46,187.088,1,Start,Finish,222,43.51087825005148,16.363954599943668,792,224,186,38,,,False,
2026-05-12T12:28:47+00:00,43.51598590426147,16.370761452242732,120,2026-05-12T12:36:49.060533+00:00,491,1,2.541,22.59,152.46,187.088,1,Start,Finish,222,43.51087825005148,16.363954599943668,790,224,187,37,,,False,
2026-05-12T12:28:48+00:00,43.51596322283149,16.37075756303966,120,2026-05-12T12:36:49.060533+00:00,491,1,2.541,25.132,152.46,187.088,1,Start,Finish,222,43.51087825005148,16.363954599943668,788,224,187,37,,,False,
2026-05-12T12:28:49+00:00,43.515940541401505,16.37075367383659,121,2026-05-12T12:36:49.060533+00:00,491,1,2.541,27.673,152.46,187.088,1,Start,Finish,222,43.51087825005148,16.363954599943668,786,224,187,37,,,False,
2026-05-12T12:28:50+00:00,43.51591780548915,16.37074981816113,120,2026-05-12T12:36:49.060533+00:00,491,1,2.547,30.22,152.82,187.011,1,Start,Finish,222,43.51087825005148,16.363954599943668,784,224,187,37,,,False,
2026-05-12T12:28:51+00:00,43.5158950695768,16.37074596248567,120,2026-05-12T12:36:49.060533+00:00,491,1,2.547,32.767,152.82,187.011,1,Start,Finish,222,43.51087825005148,16.363954599943668,782,224,186,38,,,False,
2026-05-12T12:28:52+00:00,43.51587233366445,16.370742106810212,119,2026-05-12T12:36:49.060533+00:00,491,1,2.547,35.315,152.82,187.011,1,Start,Finish,222,43.51087825005148,16.363954599943668,780,225,185,40,,,False,
2026-05-12T12:28:53+00:00,43.515849597752094,16.370738251134753,118,2026-05-12T12:36:49.060533+00:00,491,1,2.547,37.862,152.82,187.011,1,Start,Finish,222,43.51087825005148,16.363954599943668,778,225,185,40,,,False,
2026-05-12T12:28:54+00:00,43.515826924704015,16.370737706311047,116,2026-05-12T12:36:49.060533+00:00,491,1,2.522,40.383,151.32,180.998,1,Start,Finish,222,43.51087825005148,16.363954599943668,776,225,185,40,,,False,
2026-05-12T12:28:55+00:00,43.515804251655936,16.37073716148734,115,2026-05-12T12:36:49.060533+00:00,491,1,2.522,42.905,151.32,180.998,1,Start,Finish,222,43.51087825005148,16.363954599943668,774,225,184,41,,,False,
2026-05-12T12:28:56+00:00,43.51578185101971,16.370734709780663,116,2026-05-12T12:36:49.060533+00:00,491,1,2.499,45.403,149.94,184.538,1,Start,Finish,222,43.51087825005148,16.363954599943668,772,225,184,41,,,False,
2026-05-12T12:28:57+00:00,43.51575945038349,16.370732258073986,116,2026-05-12T12:36:49.060533+00:00,491,1,2.499,47.902,149.94,184.538,1,Start,Finish,222,43.51087825005148,16.363954599943668,770,225,183,42,,,False,
2026-05-12T12:28:58+00:00,43.51573704974726,16.370729806367308,117,2026-05-12T12:36:49.060533+00:00,491,1,2.499,50.401,149.94,184.538,1,Start,Finish,222,43.51087825005148,16.363954599943668,768,225,183,42,,,False,
2026-05-12T12:28:59+00:00,43.51571464911103,16.37072735466063,118,2026-05-12T12:36:49.060533+00:00,491,1,2.499,52.899,149.94,184.538,1,Start,Finish,222,43.51087825005148,16.363954599943668,766,225,182,43,,,False,
2026-05-12T12:29:00+00:00,43.51569382008165,16.37072613928467,119,2026-05-12T12:36:49.060533+00:00,491,1,2.318,55.218,139.08,182.423,1,Start,Finish,222,43.51087825005148,16.363954599943668,765,226,182,44,,,False,
2026-05-12T12:29:01+00:00,43.51567299105227,16.37072492390871,120,2026-05-12T12:36:49.060533+00:00,491,1,2.318,57.536,139.08,182.423,1,Start,Finish,222,43.51087825005148,16.363954599943668,763,226,181,45,,,False,
2026-05-12T12:29:02+00:00,43.51565314880149,16.370725876397707,120,2026-05-12T12:36:49.060533+00:00,491,1,2.208,59.743,132.48,178.006,1,Start,Finish,222,43.51087825005148,16.363954599943668,762,226,180,46,,,False,
2026-05-12T12:29:03+00:00,43.51563330655071,16.370726828886703,120,2026-05-12T12:36:49.060533+00:00,491,1,2.208,61.951,132.48,178.006,1,Start,Finish,222,43.51087825005148,16.363954599943668,760,226,180,46,,,False,
2026-05-12T12:29:04+00:00,43.515613464299925,16.370727781375702,120,2026-05-12T12:36:49.060533+00:00,491,1,2.208,64.159,132.48,178.006,1,Start,Finish,222,43.51087825005148,16.363954599943668,759,226,179,47,,,False,
2026-05-12T12:29:05+00:00,43.515593622049145,16.3707287338647,120,2026-05-12T12:36:49.060533+00:00,491,1,2.208,66.367,132.48,178.006,1,Start,Finish,222,43.51087825005148,16.363954599943668,757,226,178,48,,,False,
2026-05-12T12:29:06+00:00,43.515573779798366,16.370729686353695,120,2026-05-12T12:36:49.060533+00:00,491,1,2.208,68.574,132.48,178.006,1,Start,Finish,222,43.51087825005148,16.363954599943668,756,226,178,48,,,False,
2026-05-12T12:29:07+00:00,43.51555393754759,16.37073063884269,121,2026-05-12T12:36:49.060533+00:00,491,1,2.208,70.782,132.48,178.006,1,Start,Finish,222,43.51087825005148,16.363954599943668,754,226,178,48,,,False,
2026-05-12T12:29:08+00:00,43.51553409529681,16.370731591331687,121,2026-05-12T12:36:49.060533+00:00,491,1,2.208,72.99,132.48,178.006,1,Start,Finish,222,43.51087825005148,16.363954599943668,753,227,178,49,,,False,
2026-05-12T12:29:09+00:00,43.51551425304603,16.370732543820683,121,2026-05-12T12:36:49.060533+00:00,491,1,2.208,75.197,132.48,178.006,1,Start,Finish,222,43.51087825005148,16.363954599943668,751,227,178,49,,,False,
2026-05-12T12:29:10+00:00,43.51549441079524,16.370733496309683,121,2026-05-12T12:36:49.060533+00:00,491,1,2.208,77.405,132.48,178.006,1,Start,Finish,222,43.51087825005148,16.363954599943668,750,227,179,48,,,False,
2026-05-12T12:29:11+00:00,43.51547456854446,16.37073444879868,121,2026-05-12T12:36:49.060533+00:00,491,1,2.208,79.613,132.48,178.006,1,Start,Finish,222,43.51087825005148,16.363954599943668,748,227,179,48,,,False,
2026-05-12T12:29:12+00:00,43.51545472629368,16.370735401287675,121,2026-05-12T12:36:49.060533+00:00,491,1,2.208,81.82,132.48,178.006,1,Start,Finish,222,43.51087825005148,16.363954599943668,747,227,179,48,,,False,
2026-05-12T12:29:13+00:00,43.51543476212431,16.370734829794277,121,2026-05-12T12:36:49.060533+00:00,491,1,2.22,84.041,133.2,181.189,1,Start,Finish,222,43.51087825005148,16.363954599943668,745,227,180,47,,,False,
2026-05-12T12:29:14+00:00,43.51541479795494,16.370734258300878,122,2026-05-12T12:36:49.060533+00:00,491,1,2.22,86.261,133.2,181.189,1,Start,Finish,222,43.51087825005148,16.363954599943668,744,227,180,47,,,False,
2026-05-12T12:29:15+00:00,43.51539483378557,16.37073368680748,122,2026-05-12T12:36:49.060533+00:00,491,1,2.22,88.482,133.2,181.189,1,Start,Finish,222,43.51087825005148,16.363954599943668,742,227,180,47,,,False,
2026-05-12T12:29:16+00:00,43.515374869616195,16.37073311531408,122,2026-05-12T12:36:49.060533+00:00,491,1,2.22,90.702,133.2,181.189,1,Start,Finish,222,43.51087825005148,16.363954599943668,741,228,181,47,,,False,
2026-05-12T12:29:17+00:00,43.51535490544682,16.370732543820683,123,2026-05-12T12:36:49.060533+00:00,491,1,2.22,92.922,133.2,181.189,1,Start,Finish,222,43.51087825005148,16.363954599943668,739,228,181,47,,,False,
2026-05-12T12:29:18+00:00,43.51533494127745,16.370731972327288,123,2026-05-12T12:36:49.060533+00:00,491,1,2.22,95.143,133.2,181.189,1,Start,Finish,222,43.51087825005148,16.363954599943668,738,228,181,47,,,False,
2026-05-12T12:29:19+00:00,43.51531497710808,16.37073140083389,124,2026-05-12T12:36:49.060533+00:00,491,1,2.22,97.363,133.2,181.189,1,Start,Finish,222,43.51087825005148,16.363954599943668,736,228,181,47,,,False,
2026-05-12T12:29:20+00:00,43.51529501293871,16.37073082934049,124,2026-05-12T12:36:49.060533+00:00,491,1,2.22,99.584,133.2,181.189,1,Start,Finish,222,43.51087825005148,16.363954599943668,735,228,182,46,,,False,
2026-05-12T12:29:21+00:00,43.51527504876933,16.370730257847093,124,2026-05-12T12:36:49.060533+00:00,491,1,2.22,101.804,133.2,181.189,1,Start,Finish,222,43.51087825005148,16.363954599943668,733,228,183,45,,,False,
2026-05-12T12:29:22+00:00,43.51525508459997,16.370729686353695,125,2026-05-12T12:36:49.060533+00:00,491,1,2.22,104.024,133.2,181.189,1,Start,Finish,222,43.51087825005148,16.363954599943668,732,228,183,45,,,False,
2026-05-12T12:29:23+00:00,43.51523512043059,16.370729114860296,125,2026-05-12T12:36:49.060533+00:00,491,1,2.22,106.245,133.2,181.189,1,Start,Finish,222,43.51087825005148,16.363954599943668,730,228,184,44,,,False,
2026-05-12T12:29:24+00:00,43.51521475240588,16.370724169537425,127,2026-05-12T12:36:49.060533+00:00,491,1,2.3,108.544,138.0,189.986,1,Start,Finish,222,43.51087825005148,16.363954599943668,728,229,185,44,,,False,
2026-05-12T12:29:25+00:00,43.51519254036248,16.370720816776156,128,2026-05-12T12:36:49.060533+00:00,491,1,2.485,111.029,149.1,186.247,1,Start,Finish,222,43.51087825005148,16.363954599943668,727,229,186,43,,,False,
2026-05-12T12:29:26+00:00,43.51517032831907,16.370717464014888,130,2026-05-12T12:36:49.060533+00:00,491,1,2.485,113.514,149.1,186.247,1,Start,Finish,222,43.51087825005148,16.363954599943668,725,229,187,42,,,False,
2026-05-12T12:29:27+00:00,43.51515115890652,16.37071323953569,130,2026-05-12T12:36:49.060533+00:00,491,1,2.159,115.672,129.54,189.08,1,Start,Finish,222,43.51087825005148,16.363954599943668,723,229,188,41,,,False,
2026-05-12T12:29:28+00:00,43.515131989493966,16.37070901505649,130,2026-05-12T12:36:49.060533+00:00,491,1,2.159,117.831,129.54,189.08,1,Start,Finish,222,43.51087825005148,16.363954599943668,721,229,189,40,,,False,
2026-05-12T12:29:29+00:00,43.51511282008141,16.370704790577292,130,2026-05-12T12:36:49.060533+00:00,491,1,2.159,119.989,129.54,189.08,1,Start,Finish,222,43.51087825005148,16.363954599943668,720,229,188,41,,,False,
2026-05-12T12:29:30+00:00,43.51509365066886,16.370700566098094,130,2026-05-12T12:36:49.060533+00:00,491,1,2.159,122.148,129.54,189.08,1,Start,Finish,222,43.51087825005148,16.363954599943668,718,229,189,40,,,False,
2026-05-12T12:29:31+00:00,43.515074481256306,16.370696341618896,130,2026-05-12T12:36:49.060533+00:00,491,1,2.159,124.307,129.54,189.08,1,Start,Finish,222,43.51087825005148,16.363954599943668,716,229,189,40,,,False,
2026-05-12T12:29:32+00:00,43.51505531184375,16.370692117139697,129,2026-05-12T12:36:49.060533+00:00,491,1,2.159,126.465,129.54,189.08,1,Start,Finish,222,43.51087825005148,16.363954599943668,715,229,189,40,,,False,
2026-05-12T12:29:33+00:00,43.5150361424312,16.3706878926605,129,2026-05-12T12:36:49.060533+00:00,491,1,2.159,128.624,129.54,189.08,1,Start,Finish,222,43.51087825005148,16.363954599943668,713,230,188,42,,,False,
2026-05-12T12:29:34+00:00,43.515016973018646,16.3706836681813,129,2026-05-12T12:36:49.060533+00:00,491,1,2.159,130.782,129.54,189.08,1,Start,Finish,222,43.51087825005148,16.363954599943668,712,230,188,42,,,False,
2026-05-12T12:29:35+00:00,43.51499780360609,16.3706794437021,129,2026-05-12T12:36:49.060533+00:00,491,1,2.159,132.941,129.54,189.08,1,Start,Finish,222,43.51087825005148,16.363954599943668,710,230,186,44,,,False,
2026-05-12T12:29:36+00:00,43.51497863419354,16.370675219222903,129,2026-05-12T12:36:49.060533+00:00,491,1,2.159,135.1,129.54,189.08,1,Start,Finish,222,43.51087825005148,16.363954599943668,708,230,185,45,,,False,
2026-05-12T12:29:37+00:00,43.51496019400656,16.37067392002791,128,2026-05-12T12:36:49.060533+00:00,491,1,2.053,137.153,123.18,182.925,1,Start,Finish,222,43.51087825005148,16.363954599943668,707,230,184,46,,,False,
2026-05-12T12:29:38+00:00,43.514941753819585,16.37067262083292,126,2026-05-12T12:36:49.060533+00:00,491,1,2.053,139.206,123.18,182.925,1,Start,Finish,222,43.51087825005148,16.363954599943668,705,230,182,48,,,False,
2026-05-12T12:29:39+00:00,43.51492169313133,16.370673961937428,125,2026-05-12T12:36:49.060533+00:00,491,1,2.233,141.439,133.98,177.224,1,Start,Finish,222,43.51087825005148,16.363954599943668,704,230,181,49,,,False,
2026-05-12T12:29:40+00:00,43.51490163244307,16.370675303041935,124,2026-05-12T12:36:49.060533+00:00,491,1,2.233,143.672,133.98,177.224,1,Start,Finish,222,43.51087825005148,16.363954599943668,703,230,180,50,,,False,
2026-05-12T12:29:41+00:00,43.51488157175481,16.370676644146442,123,2026-05-12T12:36:49.060533+00:00,491,1,2.233,145.906,133.98,177.224,1,Start,Finish,222,43.51087825005148,16.363954599943668,701,231,180,51,,,False,
2026-05-12T12:29:42+00:00,43.514861119911075,16.370679032988846,122,2026-05-12T12:36:49.060533+00:00,491,1,2.282,148.188,136.92,175.158,1,Start,Finish,222,43.51087825005148,16.363954599943668,700,231,180,51,,,False,
2026-05-12T12:29:43+00:00,43.514840668067336,16.37068142183125,120,2026-05-12T12:36:49.060533+00:00,491,1,2.282,150.47,136.92,175.158,1,Start,Finish,222,43.51087825005148,16.363954599943668,699,231,181,50,,,False,
2026-05-12T12:29:44+00:00,43.51481948979199,16.37067929841578,121,2026-05-12T12:36:49.060533+00:00,491,1,2.361,152.831,141.66,184.159,1,Start,Finish,222,43.51087825005148,16.363954599943668,697,231,182,49,,,False,
2026-05-12T12:29:45+00:00,43.51479831151664,16.37067717500031,123,2026-05-12T12:36:49.060533+00:00,491,1,2.361,155.192,141.66,184.159,1,Start,Finish,222,43.51087825005148,16.363954599943668,696,231,184,47,,,False,
2026-05-12T12:29:46+00:00,43.514777133241296,16.37067505158484,124,2026-05-12T12:36:49.060533+00:00,491,1,2.361,157.554,141.66,184.159,1,Start,Finish,222,43.51087825005148,16.363954599943668,694,231,185,46,,,False,
2026-05-12T12:29:47+00:00,43.51475592702627,16.37066977098584,126,2026-05-12T12:36:49.060533+00:00,491,1,2.396,159.95,143.76,190.236,1,Start,Finish,222,43.51087825005148,16.363954599943668,692,231,186,45,,,False,
2026-05-12T12:29:48+00:00,43.51473589427769,16.370664993301034,129,2026-05-12T12:36:49.060533+00:00,491,1,2.261,162.21,135.66,189.813,1,Start,Finish,222,43.51087825005148,16.363954599943668,691,232,188,44,,,False,
2026-05-12T12:29:49+00:00,43.51471569389105,16.370659042149782,129,2026-05-12T12:36:49.060533+00:00,491,1,2.297,164.507,137.82,192.06,1,Start,Finish,222,43.51087825005148,16.363954599943668,689,232,188,44,,,False,
2026-05-12T12:29:50+00:00,43.51469517918304,16.37065501883626,128,2026-05-12T12:36:49.060533+00:00,491,1,2.304,166.811,138.24,188.095,1,Start,Finish,222,43.51087825005148,16.363954599943668,687,232,189,43,,,False,
2026-05-12T12:29:51+00:00,43.514674664475024,16.370650995522738,127,2026-05-12T12:36:49.060533+00:00,491,1,2.304,169.115,138.24,188.095,1,Start,Finish,222,43.51087825005148,16.363954599943668,685,232,190,42,,,False,
2026-05-12T12:29:52+00:00,43.51465414976701,16.370646972209215,126,2026-05-12T12:36:49.060533+00:00,491,1,2.304,171.419,138.24,188.095,1,Start,Finish,222,43.51087825005148,16.363954599943668,684,232,190,42,,,False,
2026-05-12T12:29:53+00:00,43.514633635059,16.370642948895693,125,2026-05-12T12:36:49.060533+00:00,491,1,2.304,173.724,138.24,188.095,1,Start,Finish,222,43.51087825005148,16.363954599943668,682,232,190,42,,,False,
2026-05-12T12:29:54+00:00,43.51461594924331,16.370636536739767,123,2026-05-12T12:36:49.060533+00:00,491,1,2.033,175.757,121.98,194.731,1,Start,Finish,222,43.51087825005148,16.363954599943668,680,232,189,43,,,False,
2026-05-12T12:29:55+00:00,43.514598263427615,16.37063012458384,121,2026-05-12T12:36:49.060533+00:00,491,1,2.033,177.79,121.98,194.731,1,Start,Finish,222,43.51087825005148,16.363954599943668,679,232,189,43,,,False,
2026-05-12T12:29:56+00:00,43.5145791945979,16.370626646094024,122,2026-05-12T12:36:49.060533+00:00,491,1,2.139,179.929,128.34,187.536,1,Start,Finish,222,43.51087825005148,16.363954599943668,677,233,189,44,,,False,
2026-05-12T12:29:57+00:00,43.514560125768185,16.370623167604208,122,2026-05-12T12:36:49.060533+00:00,491,1,2.139,182.068,128.34,187.536,1,Start,Finish,222,43.51087825005148,16.363954599943668,676,233,189,44,,,False,
2026-05-12T12:29:58+00:00,43.51454105693847,16.370619689114392,123,2026-05-12T12:36:49.060533+00:00,491,1,2.139,184.207,128.34,187.536,1,Start,Finish,222,43.51087825005148,16.363954599943668,674,233,189,44,,,False,
2026-05-12T12:29:59+00:00,43.514521988108754,16.370616210624576,124,2026-05-12T12:36:49.060533+00:00,491,1,2.139,186.346,128.34,187.536,1,Start,Finish,222,43.51087825005148,16.363954599943668,673,233,188,45,,,False,
2026-05-12T12:30:00+00:00,43.51450212299824,16.370611935853958,121,2026-05-12T12:36:49.060533+00:00,491,1,2.236,188.581,134.16,188.87,1,Start,Finish,222,43.51087825005148,16.363954599943668,671,233,187,46,,,False,
2026-05-12T12:30:01+00:00,43.51448225788772,16.37060766108334,118,2026-05-12T12:36:49.060533+00:00,491,1,2.236,190.817,134.16,188.87,1,Start,Finish,222,43.51087825005148,16.363954599943668,670,233,187,46,,,False,
2026-05-12T12:30:02+00:00,43.51446214132011,16.37060372158885,113,2026-05-12T12:36:49.060533+00:00,491,1,2.259,193.076,135.54,188.083,1,Start,Finish,222,43.51087825005148,16.363954599943668,668,233,187,46,,,False,
2026-05-12T12:30:03+00:00,43.5144440154545,16.370601227972656,114,2026-05-12T12:36:49.060533+00:00,491,1,2.026,195.102,121.56,185.697,1,Start,Finish,222,43.51087825005148,16.363954599943668,667,234,187,47,,,False,
2026-05-12T12:30:04+00:00,43.51442588958889,16.370598734356463,114,2026-05-12T12:36:49.060533+00:00,491,1,2.026,197.127,121.56,185.697,1,Start,Finish,222,43.51087825005148,16.363954599943668,665,234,186,48,,,False,
2026-05-12T12:30:05+00:00,43.51440776372328,16.37059624074027,115,2026-05-12T12:36:49.060533+00:00,491,1,2.026,199.153,121.56,185.697,1,Start,Finish,222,43.51087825005148,16.363954599943668,664,234,186,48,,,False,
2026-05-12T12:30:06+00:00,43.51438963785768,16.370593747124076,116,2026-05-12T12:36:49.060533+00:00,491,1,2.026,201.178,121.56,185.697,1,Start,Finish,222,43.51087825005148,16.363954599943668,663,234,185,49,,,False,
2026-05-12T12:30:07+00:00,43.514370317570865,16.37059148401022,118,2026-05-12T12:36:49.060533+00:00,491,1,2.156,203.334,129.36,184.855,1,Start,Finish,222,43.51087825005148,16.363954599943668,661,234,184,50,,,False,
2026-05-12T12:30:08+00:00,43.514350997284055,16.370589220896363,119,2026-05-12T12:36:49.060533+00:00,491,1,2.156,205.49,129.36,184.855,1,Start,Finish,222,43.51087825005148,16.363954599943668,660,234,183,51,,,False,
2026-05-12T12:30:09+00:00,43.514330042526126,16.370588885620236,120,2026-05-12T12:36:49.060533+00:00,491,1,2.33,207.821,139.8,180.665,1,Start,Finish,222,43.51087825005148,16.363954599943668,658,234,183,51,,,False,
2026-05-12T12:30:10+00:00,43.5143090877682,16.37058855034411,122,2026-05-12T12:36:49.060533+00:00,491,1,2.33,210.151,139.8,180.665,1,Start,Finish,222,43.51087825005148,16.363954599943668,657,235,183,52,,,False,
2026-05-12T12:30:11+00:00,43.51428670808673,16.370588969439268,120,2026-05-12T12:36:49.060533+00:00,491,1,2.489,212.64,149.34,179.222,1,Start,Finish,222,43.51087825005148,16.363954599943668,656,235,183,52,,,False,
2026-05-12T12:30:12+00:00,43.51426432840526,16.370589388534427,119,2026-05-12T12:36:49.060533+00:00,491,1,2.489,215.128,149.34,179.222,1,Start,Finish,222,43.51087825005148,16.363954599943668,654,235,183,52,,,False,
2026-05-12T12:30:13+00:00,43.51424320600927,16.370587795972824,116,2026-05-12T12:36:49.060533+00:00,491,1,2.352,217.481,141.12,183.13,1,Start,Finish,222,43.51087825005148,16.363954599943668,653,235,184,51,,,False,
2026-05-12T12:30:14+00:00,43.514219569042325,16.370585365220904,113,2026-05-12T12:36:49.060533+00:00,491,1,2.636,220.116,158.16,184.265,1,Start,Finish,222,43.51087825005148,16.363954599943668,651,235,184,51,,,False,
2026-05-12T12:30:15+00:00,43.51419769227505,16.370580587536097,113,2026-05-12T12:36:49.060533+00:00,491,1,2.463,222.579,147.78,189.0,1,Start,Finish,222,43.51087825005148,16.363954599943668,649,235,183,52,,,False,
2026-05-12T12:30:16+00:00,43.51417816244066,16.370576648041606,114,2026-05-12T12:36:49.060533+00:00,491,1,2.195,224.774,131.7,188.323,1,Start,Finish,222,43.51087825005148,16.363954599943668,648,236,183,53,,,False,
2026-05-12T12:30:17+00:00,43.51415863260627,16.370572708547115,116,2026-05-12T12:36:49.060533+00:00,491,1,2.195,226.969,131.7,188.323,1,Start,Finish,222,43.51087825005148,16.363954599943668,646,236,183,53,,,False,
2026-05-12T12:30:18+00:00,43.51414027623832,16.370572540909052,119,2026-05-12T12:36:49.060533+00:00,491,1,2.041,229.01,122.46,180.379,1,Start,Finish,222,43.51087825005148,16.363954599943668,645,236,182,54,,,False,
2026-05-12T12:30:19+00:00,43.51412175223231,16.370573043823242,121,2026-05-12T12:36:49.060533+00:00,491,1,2.06,231.07,123.6,178.872,1,Start,Finish,222,43.51087825005148,16.363954599943668,644,236,182,54,,,False,
2026-05-12T12:30:20+00:00,43.514103228226304,16.370573546737432,123,2026-05-12T12:36:49.060533+00:00,491,1,2.06,233.13,123.6,178.872,1,Start,Finish,222,43.51087825005148,16.363954599943668,643,236,180,56,,,False,
2026-05-12T12:30:21+00:00,43.514084295602515,16.370574824977666,122,2026-05-12T12:36:49.060533+00:00,491,1,2.108,235.238,126.48,177.197,1,Start,Finish,222,43.51087825005148,16.363954599943668,642,236,179,57,,,False,
2026-05-12T12:30:22+00:00,43.51406536297873,16.3705761032179,122,2026-05-12T12:36:49.060533+00:00,491,1,2.108,237.346,126.48,177.197,1,Start,Finish,222,43.51087825005148,16.363954599943668,641,236,178,58,,,False,
2026-05-12T12:30:23+00:00,43.51404643035494,16.370577381458133,122,2026-05-12T12:36:49.060533+00:00,491,1,2.108,239.453,126.48,177.197,1,Start,Finish,222,43.51087825005148,16.363954599943668,640,237,178,59,,,False,
2026-05-12T12:30:24+00:00,43.51402749773115,16.370578659698367,121,2026-05-12T12:36:49.060533+00:00,491,1,2.108,241.561,126.48,177.197,1,Start,Finish,222,43.51087825005148,16.363954599943668,639,237,177,60,,,False,
2026-05-12T12:30:25+00:00,43.51400856510736,16.3705799379386,120,2026-05-12T12:36:49.060533+00:00,491,1,2.108,243.669,126.48,177.197,1,Start,Finish,222,43.51087825005148,16.363954599943668,638,237,177,60,,,False,
2026-05-12T12:30:26+00:00,43.51398963248357,16.370581216178834,120,2026-05-12T12:36:49.060533+00:00,491,1,2.108,245.776,126.48,177.197,1,Start,Finish,222,43.51087825005148,16.363954599943668,637,237,178,59,,,False,
2026-05-12T12:30:27+00:00,43.51397069985978,16.370582494419068,120,2026-05-12T12:36:49.060533+00:00,491,1,2.108,247.884,126.48,177.197,1,Start,Finish,222,43.51087825005148,16.363954599943668,636,237,178,59,,,False,
2026-05-12T12:30:28+00:00,43.513951767235994,16.3705837726593,119,2026-05-12T12:36:49.060533+00:00,491,1,2.108,249.992,126.48,177.197,1,Start,Finish,222,43.51087825005148,16.363954599943668,634,237,178,59,,,False,
2026-05-12T12:30:29+00:00,43.513933557551354,16.370584317483008,119,2026-05-12T12:36:49.060533+00:00,491,1,2.025,252.017,121.5,178.757,1,Start,Finish,222,43.51087825005148,16.363954599943668,633,238,178,60,,,False,
2026-05-12T12:30:30+00:00,43.513915347866714,16.370584862306714,118,2026-05-12T12:36:49.060533+00:00,491,1,2.025,254.043,121.5,178.757,1,Start,Finish,222,43.51087825005148,16.363954599943668,632,238,179,59,,,False,
2026-05-12T12:30:31+00:00,43.513897138182074,16.37058540713042,118,2026-05-12T12:36:49.060533+00:00,491,1,2.025,256.068,121.5,178.757,1,Start,Finish,222,43.51087825005148,16.363954599943668,631,238,179,59,,,False,
2026-05-12T12:30:32+00:00,43.513878928497434,16.370585951954126,118,2026-05-12T12:36:49.060533+00:00,491,1,2.025,258.093,121.5,178.757,1,Start,Finish,222,43.51087825005148,16.363954599943668,630,238,179,59,,,False,
2026-05-12T12:30:33+00:00,43.51386057212949,16.37058539316058,119,2026-05-12T12:36:49.060533+00:00,491,1,2.042,260.135,122.52,181.265,1,Start,Finish,222,43.51087825005148,16.363954599943668,629,238,179,59,,,False,
2026-05-12T12:30:34+00:00,43.51384221576154,16.370584834367037,120,2026-05-12T12:36:49.060533+00:00,491,1,2.042,262.176,122.52,181.265,1,Start,Finish,222,43.51087825005148,16.363954599943668,628,238,179,59,,,False,
2026-05-12T12:30:35+00:00,43.5138238593936,16.370584275573492,121,2026-05-12T12:36:49.060533+00:00,491,1,2.042,264.218,122.52,181.265,1,Start,Finish,222,43.51087825005148,16.363954599943668,627,239,179,60,,,False,
2026-05-12T12:30:36+00:00,43.51380340754986,16.370586098637432,120,2026-05-12T12:36:49.060533+00:00,491,1,2.279,266.497,136.74,176.301,1,Start,Finish,222,43.51087825005148,16.363954599943668,626,239,178,61,,,False,
2026-05-12T12:30:37+00:00,43.51378295570612,16.37058792170137,120,2026-05-12T12:36:49.060533+00:00,491,1,2.279,268.776,136.74,176.301,1,Start,Finish,222,43.51087825005148,16.363954599943668,625,239,177,62,,,False,
2026-05-12T12:30:38+00:00,43.51376250386238,16.37058974476531,119,2026-05-12T12:36:49.060533+00:00,491,1,2.279,271.055,136.74,176.301,1,Start,Finish,222,43.51087825005148,16.363954599943668,624,239,175,64,,,False,
2026-05-12T12:30:39+00:00,43.51374205201864,16.37059156782925,118,2026-05-12T12:36:49.060533+00:00,491,1,2.279,273.334,136.74,176.301,1,Start,Finish,222,43.51087825005148,16.363954599943668,623,239,174,65,,,False,
2026-05-12T12:30:40+00:00,43.51372231263667,16.370595884509385,115,2026-05-12T12:36:49.060533+00:00,491,1,2.222,275.556,133.32,170.988,1,Start,Finish,222,43.51087825005148,16.363954599943668,622,239,173,66,,,False,
2026-05-12T12:30:41+00:00,43.513702573254704,16.370600201189518,112,2026-05-12T12:36:49.060533+00:00,491,1,2.222,277.778,133.32,170.988,1,Start,Finish,222,43.51087825005148,16.363954599943668,621,240,172,68,,,False,
2026-05-12T12:30:42+00:00,43.51368228904903,16.37060715816915,109,2026-05-12T12:36:49.060533+00:00,491,1,2.324,280.103,139.44,166.032,1,Start,Finish,222,43.51087825005148,16.363954599943668,620,240,172,68,,,False,
2026-05-12T12:30:43+00:00,43.5136613342911,16.3706123130396,108,2026-05-12T12:36:49.060533+00:00,491,1,2.367,282.469,142.02,169.885,1,Start,Finish,222,43.51087825005148,16.363954599943668,620,240,173,67,,,False,
2026-05-12T12:30:44+00:00,43.51364037953317,16.37061746791005,108,2026-05-12T12:36:49.060533+00:00,491,1,2.367,284.836,142.02,169.885,1,Start,Finish,222,43.51087825005148,16.363954599943668,619,240,175,65,,,False,
2026-05-12T12:30:45+00:00,43.51362017914653,16.370620150119066,110,2026-05-12T12:36:49.060533+00:00,491,1,2.257,287.093,135.42,174.5,1,Start,Finish,222,43.51087825005148,16.363954599943668,618,240,176,64,,,False,
2026-05-12T12:30:46+00:00,43.513599978759885,16.37062283232808,111,2026-05-12T12:36:49.060533+00:00,491,1,2.257,289.349,135.42,174.5,1,Start,Finish,222,43.51087825005148,16.363954599943668,617,241,178,63,,,False,
2026-05-12T12:30:47+00:00,43.51357935927808,16.37061931192875,114,2026-05-12T12:36:49.060533+00:00,491,1,2.31,291.66,138.6,187.058,1,Start,Finish,222,43.51087825005148,16.363954599943668,616,241,179,62,,,False,
2026-05-12T12:30:48+00:00,43.513561841100454,16.37061587534845,117,2026-05-12T12:36:49.060533+00:00,491,1,1.968,293.627,118.08,188.097,1,Start,Finish,222,43.51087825005148,16.363954599943668,614,241,179,62,,,False,
2026-05-12T12:30:49+00:00,43.51354348473251,16.370613696053624,119,2026-05-12T12:36:49.060533+00:00,491,1,2.049,295.676,122.94,184.921,1,Start,Finish,222,43.51087825005148,16.363954599943668,613,241,180,61,,,False,
2026-05-12T12:30:50+00:00,43.51352512836456,16.3706115167588,121,2026-05-12T12:36:49.060533+00:00,491,1,2.049,297.725,122.94,184.921,1,Start,Finish,222,43.51087825005148,16.363954599943668,612,241,180,61,,,False,
2026-05-12T12:30:51+00:00,43.5135059338063,16.370613472536206,119,2026-05-12T12:36:49.060533+00:00,491,1,2.14,299.865,128.4,175.774,1,Start,Finish,222,43.51087825005148,16.363954599943668,611,241,180,61,,,False,
2026-05-12T12:30:52+00:00,43.51348673924804,16.370615428313613,118,2026-05-12T12:36:49.060533+00:00,491,1,2.14,302.005,128.4,175.774,1,Start,Finish,222,43.51087825005148,16.363954599943668,610,242,178,64,,,False,
2026-05-12T12:30:53+00:00,43.513467544689775,16.37061738409102,116,2026-05-12T12:36:49.060533+00:00,491,1,2.14,304.145,128.4,175.774,1,Start,Finish,222,43.51087825005148,16.363954599943668,610,242,177,65,,,False,
2026-05-12T12:30:54+00:00,43.51344826631248,16.370622077956796,113,2026-05-12T12:36:49.060533+00:00,491,1,2.177,306.322,130.62,169.986,1,Start,Finish,222,43.51087825005148,16.363954599943668,609,242,176,66,,,False,
2026-05-12T12:30:55+00:00,43.51342814974487,16.370624089613557,112,2026-05-12T12:36:49.060533+00:00,491,1,2.243,308.565,134.58,175.852,1,Start,Finish,222,43.51087825005148,16.363954599943668,608,242,174,68,,,False,
2026-05-12T12:30:56+00:00,43.51340792540993,16.37062690353819,112,2026-05-12T12:36:49.060533+00:00,491,1,2.26,310.825,135.6,174.238,1,Start,Finish,222,43.51087825005148,16.363954599943668,607,242,174,68,,,False,
2026-05-12T12:30:57+00:00,43.51338770107499,16.37062971746283,113,2026-05-12T12:36:49.060533+00:00,491,1,2.26,313.085,135.6,174.238,1,Start,Finish,222,43.51087825005148,16.363954599943668,606,243,174,69,,,False,
2026-05-12T12:30:58+00:00,43.51336747674005,16.370632531387464,113,2026-05-12T12:36:49.060533+00:00,491,1,2.26,315.345,135.6,174.238,1,Start,Finish,222,43.51087825005148,16.363954599943668,605,243,174,69,,,False,
2026-05-12T12:30:59+00:00,43.51334725240512,16.370635345312103,114,2026-05-12T12:36:49.060533+00:00,491,1,2.26,317.606,135.6,174.238,1,Start,Finish,222,43.51087825005148,16.363954599943668,605,243,174,69,,,False,
2026-05-12T12:31:00+00:00,43.51332702807018,16.370638159236737,114,2026-05-12T12:36:49.060533+00:00,491,1,2.26,319.866,135.6,174.238,1,Start,Finish,222,43.51087825005148,16.363954599943668,604,243,173,70,,,False,
2026-05-12T12:31:01+00:00,43.51330680373524,16.370640973161375,115,2026-05-12T12:36:49.060533+00:00,491,1,2.26,322.126,135.6,174.238,1,Start,Finish,222,43.51087825005148,16.363954599943668,603,243,172,71,,,False,
2026-05-12T12:31:02+00:00,43.5132865794003,16.37064378708601,115,2026-05-12T12:36:49.060533+00:00,491,1,2.26,324.386,135.6,174.238,1,Start,Finish,222,43.51087825005148,16.363954599943668,602,244,171,73,,,False,
2026-05-12T12:31:03+00:00,43.51326658856124,16.3706495705992,117,2026-05-12T12:36:49.060533+00:00,491,1,2.271,326.658,136.26,168.151,1,Start,Finish,222,43.51087825005148,16.363954599943668,602,244,170,74,,,False,
2026-05-12T12:31:04+00:00,43.51324659772217,16.370655354112387,119,2026-05-12T12:36:49.060533+00:00,491,1,2.271,328.929,136.26,168.151,1,Start,Finish,222,43.51087825005148,16.363954599943668,601,244,170,74,,,False,
2026-05-12T12:31:05+00:00,43.51322547532618,16.370662478730083,121,2026-05-12T12:36:49.060533+00:00,491,1,2.418,331.347,145.08,166.254,1,Start,Finish,222,43.51087825005148,16.363954599943668,601,244,169,75,,,False,
2026-05-12T12:31:06+00:00,43.51320573594421,16.370669058524072,122,2026-05-12T12:36:49.060533+00:00,491,1,2.258,333.605,135.48,166.41,1,Start,Finish,222,43.51087825005148,16.363954599943668,600,244,169,75,,,False,
2026-05-12T12:31:07+00:00,43.51318599656224,16.370675638318062,124,2026-05-12T12:36:49.060533+00:00,491,1,2.258,335.863,135.48,166.41,1,Start,Finish,222,43.51087825005148,16.363954599943668,600,245,168,77,,,False,
2026-05-12T12:31:08+00:00,43.51316537708044,16.37068112846464,122,2026-05-12T12:36:49.060533+00:00,491,1,2.335,338.198,140.1,169.071,1,Start,Finish,222,43.51087825005148,16.363954599943668,599,245,168,77,,,False,
2026-05-12T12:31:09+00:00,43.51314475759864,16.370686618611217,121,2026-05-12T12:36:49.060533+00:00,491,1,2.335,340.533,140.1,169.071,1,Start,Finish,222,43.51087825005148,16.363954599943668,599,245,168,77,,,False,
2026-05-12T12:31:10+00:00,43.51312413811684,16.370692108757794,120,2026-05-12T12:36:49.060533+00:00,491,1,2.335,342.869,140.1,169.071,1,Start,Finish,222,43.51087825005148,16.363954599943668,598,245,167,78,,,False,
2026-05-12T12:31:11+00:00,43.513103518635035,16.37069759890437,118,2026-05-12T12:36:49.060533+00:00,491,1,2.335,345.204,140.1,169.071,1,Start,Finish,222,43.51087825005148,16.363954599943668,597,246,167,79,,,False,
2026-05-12T12:31:12+00:00,43.51308214478195,16.370704472064972,113,2026-05-12T12:36:49.060533+00:00,491,1,2.44,347.644,146.4,166.873,1,Start,Finish,222,43.51087825005148,16.363954599943668,597,246,167,79,,,False,
2026-05-12T12:31:13+00:00,43.51306286640465,16.370711303316057,113,2026-05-12T12:36:49.060533+00:00,491,1,2.213,349.857,132.78,165.588,1,Start,Finish,222,43.51087825005148,16.363954599943668,597,246,168,78,,,False,
2026-05-12T12:31:14+00:00,43.51304358802736,16.37071813456714,112,2026-05-12T12:36:49.060533+00:00,491,1,2.213,352.071,132.78,165.588,1,Start,Finish,222,43.51087825005148,16.363954599943668,596,246,176,70,,,False,
2026-05-12T12:31:15+00:00,43.51302430965006,16.370724965818226,112,2026-05-12T12:36:49.060533+00:00,491,1,2.213,354.284,132.78,165.588,1,Start,Finish,222,43.51087825005148,16.363954599943668,596,246,188,58,,,False,
2026-05-12T12:31:16+00:00,43.51300503127277,16.37073179706931,112,2026-05-12T12:36:49.060533+00:00,491,1,2.213,356.497,132.78,165.588,1,Start,Finish,222,43.51087825005148,16.363954599943668,595,247,197,50,,,False,
2026-05-12T12:31:17+00:00,43.512989399023354,16.370731964707375,114,2026-05-12T12:36:49.060533+00:00,491,1,1.738,358.236,104.28,179.554,1,Start,Finish,222,43.51087825005148,16.363954599943668,595,247,208,39,,,False,
2026-05-12T12:31:18+00:00,43.51297376677394,16.370732132345438,115,2026-05-12T12:36:49.060533+00:00,491,1,1.738,359.974,104.28,179.554,1,Start,Finish,222,43.51087825005148,16.363954599943668,594,247,219,28,,,False,
2026-05-12T12:31:19+00:00,43.51296873763203,16.370718386024237,116,2026-05-12T12:36:49.060533+00:00,491,1,1.242,361.216,74.52,243.23,1,Start,Finish,222,43.51087825005148,16.363954599943668,593,247,219,28,,,False,
2026-05-12T12:31:20+00:00,43.512962367385626,16.370706483721733,119,2026-05-12T12:36:49.060533+00:00,491,1,1.193,362.408,71.58,233.573,1,Start,Finish,222,43.51087825005148,16.363954599943668,592,247,231,16,,,False,
2026-05-12T12:31:21+00:00,43.512960355728865,16.37068687006831,118,2026-05-12T12:36:49.060533+00:00,491,1,1.597,364.006,95.82,261.95,1,Start,Finish,222,43.51087825005148,16.363954599943668,590,247,235,12,,,False,
2026-05-12T12:31:22+00:00,43.51296071894467,16.370662981644273,120,2026-05-12T12:36:49.060533+00:00,491,1,1.927,365.933,115.62,271.201,1,Start,Finish,222,43.51087825005148,16.363954599943668,588,247,241,6,,,False,
2026-05-12T12:31:23+00:00,43.51296108216047,16.370639093220234,123,2026-05-12T12:36:49.060533+00:00,491,1,1.927,367.859,115.62,271.201,1,Start,Finish,222,43.51087825005148,16.363954599943668,587,247,250,3,,,False,
2026-05-12T12:31:24+00:00,43.51296144537628,16.370615204796195,125,2026-05-12T12:36:49.060533+00:00,491,1,1.927,369.786,115.62,271.201,1,Start,Finish,222,43.51087825005148,16.363954599943668,585,247,257,10,,,False,
2026-05-12T12:31:25+00:00,43.512961668893695,16.370589723810554,126,2026-05-12T12:36:49.060533+00:00,491,1,2.055,371.841,123.3,270.693,1,Start,Finish,222,43.51087825005148,16.363954599943668,583,247,266,19,,,False,
2026-05-12T12:31:26+00:00,43.51296189241111,16.370564242824912,127,2026-05-12T12:36:49.060533+00:00,491,1,2.055,373.896,123.3,270.693,1,Start,Finish,222,43.51087825005148,16.363954599943668,581,247,269,22,,,False,
2026-05-12T12:31:27+00:00,43.51296211592853,16.37053876183927,128,2026-05-12T12:36:49.060533+00:00,491,1,2.055,375.951,123.3,270.693,1,Start,Finish,222,43.51087825005148,16.363954599943668,579,246,270,24,,,False,
2026-05-12T12:31:28+00:00,43.51296102628112,16.370514119043946,128,2026-05-12T12:36:49.060533+00:00,491,1,1.991,377.942,119.46,266.511,1,Start,Finish,222,43.51087825005148,16.363954599943668,577,246,269,23,,,False,
2026-05-12T12:31:29+00:00,43.51296083070338,16.370489615947008,129,2026-05-12T12:36:49.060533+00:00,491,1,1.976,379.918,118.56,269.369,1,Start,Finish,222,43.51087825005148,16.363954599943668,576,246,268,22,,,False,
2026-05-12T12:31:30+00:00,43.51296063512564,16.37046511285007,130,2026-05-12T12:36:49.060533+00:00,491,1,1.976,381.894,118.56,269.369,1,Start,Finish,222,43.51087825005148,16.363954599943668,574,246,268,22,,,False,
2026-05-12T12:31:31+00:00,43.512960439547896,16.370440609753132,131,2026-05-12T12:36:49.060533+00:00,491,1,1.976,383.87,118.56,269.369,1,Start,Finish,222,43.51087825005148,16.363954599943668,572,246,269,23,,,False,
2026-05-12T12:31:32+00:00,43.51295920321718,16.370416407007724,130,2026-05-12T12:36:49.060533+00:00,491,1,1.957,385.827,117.42,265.971,1,Start,Finish,222,43.51087825005148,16.363954599943668,570,246,269,23,,,False,
2026-05-12T12:31:33+00:00,43.51295796688646,16.370392204262316,130,2026-05-12T12:36:49.060533+00:00,491,1,1.957,387.783,117.42,265.971,1,Start,Finish,222,43.51087825005148,16.363954599943668,568,246,269,23,,,False,
2026-05-12T12:31:34+00:00,43.51295673055574,16.37036800151691,129,2026-05-12T12:36:49.060533+00:00,491,1,1.957,389.74,117.42,265.971,1,Start,Finish,222,43.51087825005148,16.363954599943668,566,246,269,23,,,False,
2026-05-12T12:31:35+00:00,43.512955494225025,16.3703437987715,128,2026-05-12T12:36:49.060533+00:00,491,1,1.957,391.696,117.42,265.971,1,Start,Finish,222,43.51087825005148,16.363954599943668,565,246,270,24,,,False,
2026-05-12T12:31:36+00:00,43.51295663975179,16.370319183915854,127,2026-05-12T12:36:49.060533+00:00,491,1,1.989,393.685,119.34,273.672,1,Start,Finish,222,43.51087825005148,16.363954599943668,563,246,270,24,,,False,
2026-05-12T12:31:37+00:00,43.51295778527856,16.370294569060206,126,2026-05-12T12:36:49.060533+00:00,491,1,1.989,395.675,119.34,273.672,1,Start,Finish,222,43.51087825005148,16.363954599943668,561,246,270,24,,,False,
2026-05-12T12:31:38+00:00,43.512958930805326,16.37026995420456,125,2026-05-12T12:36:49.060533+00:00,491,1,1.989,397.664,119.34,273.672,1,Start,Finish,222,43.51087825005148,16.363954599943668,559,246,271,25,,,False,
2026-05-12T12:31:39+00:00,43.51295918226242,16.370245227590203,126,2026-05-12T12:36:49.060533+00:00,491,1,1.994,399.658,119.64,270.803,1,Start,Finish,222,43.51087825005148,16.363954599943668,558,245,271,26,,,False,
2026-05-12T12:31:40+00:00,43.51295943371952,16.370220500975847,126,2026-05-12T12:36:49.060533+00:00,491,1,1.994,401.652,119.64,270.803,1,Start,Finish,222,43.51087825005148,16.363954599943668,556,245,272,27,,,False,
2026-05-12T12:31:41+00:00,43.51296037249267,16.37019495293498,125,2026-05-12T12:36:49.060533+00:00,491,1,2.063,403.715,123.78,272.901,1,Start,Finish,222,43.51087825005148,16.363954599943668,554,245,273,28,,,False,
2026-05-12T12:31:42+00:00,43.512961311265826,16.370169404894114,124,2026-05-12T12:36:49.060533+00:00,491,1,2.063,405.778,123.78,272.901,1,Start,Finish,222,43.51087825005148,16.363954599943668,552,245,273,28,,,False,
2026-05-12T12:31:43+00:00,43.51296225003898,16.370143856853247,124,2026-05-12T12:36:49.060533+00:00,491,1,2.063,407.84,123.78,272.901,1,Start,Finish,222,43.51087825005148,16.363954599943668,550,245,273,28,,,False,
2026-05-12T12:31:44+00:00,43.51296318881214,16.37011830881238,123,2026-05-12T12:36:49.060533+00:00,491,1,2.063,409.903,123.78,272.901,1,Start,Finish,222,43.51087825005148,16.363954599943668,548,245,274,29,,,False,
2026-05-12T12:31:45+00:00,43.51296412758529,16.370092760771513,122,2026-05-12T12:36:49.060533+00:00,491,1,2.063,411.966,123.78,272.901,1,Start,Finish,222,43.51087825005148,16.363954599943668,547,245,274,29,,,False,
2026-05-12T12:31:46+00:00,43.51296650804579,16.37006275355816,121,2026-05-12T12:36:49.060533+00:00,491,1,2.434,414.4,146.04,276.243,1,Start,Finish,222,43.51087825005148,16.363954599943668,545,245,275,30,,,False,
2026-05-12T12:31:47+00:00,43.51296888850629,16.370032746344805,121,2026-05-12T12:36:49.060533+00:00,491,1,2.434,416.835,146.04,276.243,1,Start,Finish,222,43.51087825005148,16.363954599943668,542,245,275,30,,,False,
2026-05-12T12:31:48+00:00,43.512971268966794,16.37000273913145,120,2026-05-12T12:36:49.060533+00:00,491,1,2.434,419.269,146.04,276.243,1,Start,Finish,222,43.51087825005148,16.363954599943668,540,244,275,31,,,False,
2026-05-12T12:31:49+00:00,43.512973649427295,16.369972731918097,120,2026-05-12T12:36:49.060533+00:00,491,1,2.434,421.703,146.04,276.243,1,Start,Finish,222,43.51087825005148,16.363954599943668,538,244,275,31,,,False,
2026-05-12T12:31:50+00:00,43.512976029887795,16.369942724704742,119,2026-05-12T12:36:49.060533+00:00,491,1,2.434,424.137,146.04,276.243,1,Start,Finish,222,43.51087825005148,16.363954599943668,536,244,274,30,,,False,
2026-05-12T12:31:51+00:00,43.512978460639715,16.369911124929786,119,2026-05-12T12:36:49.060533+00:00,491,1,2.563,426.7,153.78,276.055,1,Start,Finish,222,43.51087825005148,16.363954599943668,534,244,274,30,,,False,
2026-05-12T12:31:52+00:00,43.51297904737294,16.369880950078368,116,2026-05-12T12:36:49.060533+00:00,491,1,2.434,429.134,146.04,271.536,1,Start,Finish,222,43.51087825005148,16.363954599943668,532,244,273,29,,,False,
2026-05-12T12:31:53+00:00,43.512979075312614,16.36985158547759,117,2026-05-12T12:36:49.060533+00:00,491,1,2.368,431.502,142.08,270.075,1,Start,Finish,222,43.51087825005148,16.363954599943668,530,244,272,28,,,False,
2026-05-12T12:31:54+00:00,43.51297910325229,16.369822220876813,118,2026-05-12T12:36:49.060533+00:00,491,1,2.368,433.87,142.08,270.075,1,Start,Finish,222,43.51087825005148,16.363954599943668,528,244,271,27,,,False,
2026-05-12T12:31:55+00:00,43.51297913119197,16.369792856276035,119,2026-05-12T12:36:49.060533+00:00,491,1,2.368,436.238,142.08,270.075,1,Start,Finish,222,43.51087825005148,16.363954599943668,526,244,270,26,,,False,
2026-05-12T12:31:56+00:00,43.51297832094133,16.36976326815784,120,2026-05-12T12:36:49.060533+00:00,491,1,2.388,438.626,143.28,267.838,1,Start,Finish,222,43.51087825005148,16.363954599943668,523,244,270,26,,,False,
2026-05-12T12:31:57+00:00,43.51297751069069,16.369733680039644,121,2026-05-12T12:36:49.060533+00:00,491,1,2.388,441.013,143.28,267.838,1,Start,Finish,222,43.51087825005148,16.363954599943668,521,243,270,27,,,False,
2026-05-12T12:31:58+00:00,43.51297670044005,16.36970409192145,122,2026-05-12T12:36:49.060533+00:00,491,1,2.388,443.401,143.28,267.838,1,Start,Finish,222,43.51087825005148,16.363954599943668,519,243,270,27,,,False,
2026-05-12T12:31:59+00:00,43.512977762147784,16.36967657133937,122,2026-05-12T12:36:49.060533+00:00,491,1,2.222,445.624,133.32,273.045,1,Start,Finish,222,43.51087825005148,16.363954599943668,517,243,270,27,,,False,
2026-05-12T12:32:00+00:00,43.51297882385552,16.36964905075729,121,2026-05-12T12:36:49.060533+00:00,491,1,2.222,447.846,133.32,273.045,1,Start,Finish,222,43.51087825005148,16.363954599943668,515,243,269,26,,,False,
2026-05-12T12:32:01+00:00,43.512979885563254,16.36962153017521,121,2026-05-12T12:36:49.060533+00:00,491,1,2.222,450.068,133.32,273.045,1,Start,Finish,222,43.51087825005148,16.363954599943668,513,243,269,26,,,False,
2026-05-12T12:32:02+00:00,43.5129790159408,16.36959470808506,121,2026-05-12T12:36:49.060533+00:00,491,1,2.165,452.233,129.9,267.44,1,Start,Finish,222,43.51087825005148,16.363954599943668,511,243,269,26,,,False,
2026-05-12T12:32:03+00:00,43.512978146318346,16.36956788599491,120,2026-05-12T12:36:49.060533+00:00,491,1,2.165,454.399,129.9,267.44,1,Start,Finish,222,43.51087825005148,16.363954599943668,509,243,269,26,,,False,
2026-05-12T12:32:04+00:00,43.51297727669589,16.369541063904762,120,2026-05-12T12:36:49.060533+00:00,491,1,2.165,456.564,129.9,267.44,1,Start,Finish,222,43.51087825005148,16.363954599943668,507,243,269,26,,,False,
2026-05-12T12:32:05+00:00,43.51297640707344,16.369514241814613,120,2026-05-12T12:36:49.060533+00:00,491,1,2.165,458.729,129.9,267.44,1,Start,Finish,222,43.51087825005148,16.363954599943668,505,243,268,25,,,False,
2026-05-12T12:32:06+00:00,43.512975537450984,16.369487419724464,119,2026-05-12T12:36:49.060533+00:00,491,1,2.165,460.894,129.9,267.44,1,Start,Finish,222,43.51087825005148,16.363954599943668,503,242,268,26,,,False,
2026-05-12T12:32:07+00:00,43.51297466782853,16.369460597634315,119,2026-05-12T12:36:49.060533+00:00,491,1,2.165,463.059,129.9,267.44,1,Start,Finish,222,43.51087825005148,16.363954599943668,501,242,268,26,,,False,
2026-05-12T12:32:08+00:00,43.51297379820608,16.369433775544167,118,2026-05-12T12:36:49.060533+00:00,491,1,2.165,465.224,129.9,267.44,1,Start,Finish,222,43.51087825005148,16.363954599943668,500,242,268,26,,,False,
2026-05-12T12:32:09+00:00,43.51297292858362,16.369406953454018,118,2026-05-12T12:36:49.060533+00:00,491,1,2.165,467.389,129.9,267.44,1,Start,Finish,222,43.51087825005148,16.363954599943668,498,242,268,26,,,False,
2026-05-12T12:32:10+00:00,43.51297262124717,16.369379376992583,117,2026-05-12T12:36:49.060533+00:00,491,1,2.224,469.613,133.44,269.12,1,Start,Finish,222,43.51087825005148,16.363954599943668,496,242,267,25,,,False,
2026-05-12T12:32:11+00:00,43.51297231391072,16.36935180053115,117,2026-05-12T12:36:49.060533+00:00,491,1,2.224,471.837,133.44,269.12,1,Start,Finish,222,43.51087825005148,16.363954599943668,494,242,267,25,,,False,
2026-05-12T12:32:12+00:00,43.51297200657427,16.369324224069715,116,2026-05-12T12:36:49.060533+00:00,491,1,2.224,474.061,133.44,269.12,1,Start,Finish,222,43.51087825005148,16.363954599943668,492,242,267,25,,,False,
2026-05-12T12:32:13+00:00,43.51297004520893,16.36929619498551,117,2026-05-12T12:36:49.060533+00:00,491,1,2.271,476.332,136.26,264.489,1,Start,Finish,222,43.51087825005148,16.363954599943668,490,242,266,24,,,False,
2026-05-12T12:32:14+00:00,43.51296808384359,16.369268165901303,118,2026-05-12T12:36:49.060533+00:00,491,1,2.271,478.603,136.26,264.489,1,Start,Finish,222,43.51087825005148,16.363954599943668,487,242,266,24,,,False,
2026-05-12T12:32:15+00:00,43.51296612247825,16.369240136817098,118,2026-05-12T12:36:49.060533+00:00,491,1,2.271,480.874,136.26,264.489,1,Start,Finish,222,43.51087825005148,16.363954599943668,485,241,265,24,,,False,
2026-05-12T12:32:16+00:00,43.512964161112905,16.369212107732892,119,2026-05-12T12:36:49.060533+00:00,491,1,2.271,483.144,136.26,264.489,1,Start,Finish,222,43.51087825005148,16.363954599943668,483,241,265,24,,,False,
2026-05-12T12:32:17+00:00,43.51296219974756,16.369184078648686,120,2026-05-12T12:36:49.060533+00:00,491,1,2.271,485.415,136.26,264.489,1,Start,Finish,222,43.51087825005148,16.363954599943668,481,241,264,23,,,False,
2026-05-12T12:32:18+00:00,43.51295989472419,16.369154462590814,120,2026-05-12T12:36:49.060533+00:00,491,1,2.402,487.817,144.12,263.874,1,Start,Finish,222,43.51087825005148,16.363954599943668,479,241,264,23,,,False,
2026-05-12T12:32:19+00:00,43.51295758970082,16.36912484653294,120,2026-05-12T12:36:49.060533+00:00,491,1,2.402,490.219,144.12,263.874,1,Start,Finish,222,43.51087825005148,16.363954599943668,477,241,264,23,,,False,
2026-05-12T12:32:20+00:00,43.512955284677446,16.369095230475068,120,2026-05-12T12:36:49.060533+00:00,491,1,2.402,492.621,144.12,263.874,1,Start,Finish,222,43.51087825005148,16.363954599943668,475,241,264,23,,,False,
2026-05-12T12:32:21+00:00,43.512952979654074,16.369065614417195,119,2026-05-12T12:36:49.060533+00:00,491,1,2.402,495.023,144.12,263.874,1,Start,Finish,222,43.51087825005148,16.363954599943668,472,241,263,22,,,False,
2026-05-12T12:32:22+00:00,43.5129506746307,16.369035998359323,119,2026-05-12T12:36:49.060533+00:00,491,1,2.402,497.425,144.12,263.874,1,Start,Finish,222,43.51087825005148,16.363954599943668,470,241,263,22,,,False,
2026-05-12T12:32:23+00:00,43.51294836960733,16.36900638230145,119,2026-05-12T12:36:49.060533+00:00,491,1,2.402,499.827,144.12,263.874,1,Start,Finish,222,43.51087825005148,16.363954599943668,468,241,263,22,,,False,
2026-05-12T12:32:24+00:00,43.51294490508735,16.368977604433894,120,2026-05-12T12:36:49.060533+00:00,491,1,2.352,502.18,141.12,260.575,1,Start,Finish,222,43.51087825005148,16.363954599943668,466,240,263,23,,,False,
2026-05-12T12:32:25+00:00,43.512941440567374,16.36894882656634,121,2026-05-12T12:36:49.060533+00:00,491,1,2.352,504.532,141.12,260.575,1,Start,Finish,222,43.51087825005148,16.363954599943668,464,240,263,23,,,False,
2026-05-12T12:32:26+00:00,43.5129379760474,16.368920048698783,122,2026-05-12T12:36:49.060533+00:00,491,1,2.352,506.884,141.12,260.575,1,Start,Finish,222,43.51087825005148,16.363954599943668,461,240,264,24,,,False,
2026-05-12T12:32:27+00:00,43.51293632062152,16.36888984241523,122,2026-05-12T12:36:49.060533+00:00,491,1,2.443,509.327,146.58,265.678,1,Start,Finish,222,43.51087825005148,16.363954599943668,459,240,264,24,,,False,
2026-05-12T12:32:28+00:00,43.51293466519565,16.368859636131674,122,2026-05-12T12:36:49.060533+00:00,491,1,2.443,511.77,146.58,265.678,1,Start,Finish,222,43.51087825005148,16.363954599943668,457,240,264,24,,,False,
2026-05-12T12:32:29+00:00,43.51293300976977,16.36882942984812,122,2026-05-12T12:36:49.060533+00:00,491,1,2.443,514.213,146.58,265.678,1,Start,Finish,222,43.51087825005148,16.363954599943668,455,240,265,25,,,False,
2026-05-12T12:32:30+00:00,43.51293135434389,16.368799223564565,122,2026-05-12T12:36:49.060533+00:00,491,1,2.443,516.656,146.58,265.678,1,Start,Finish,222,43.51087825005148,16.363954599943668,452,240,265,25,,,False,
2026-05-12T12:32:31+00:00,43.512929698918015,16.36876901728101,121,2026-05-12T12:36:49.060533+00:00,491,1,2.443,519.098,146.58,265.678,1,Start,Finish,222,43.51087825005148,16.363954599943668,450,240,266,26,,,False,
2026-05-12T12:32:32+00:00,43.51292804349214,16.368738810997456,121,2026-05-12T12:36:49.060533+00:00,491,1,2.443,521.541,146.58,265.678,1,Start,Finish,222,43.51087825005148,16.363954599943668,448,239,266,27,,,False,
2026-05-12T12:32:33+00:00,43.51292638806626,16.368708604713902,121,2026-05-12T12:36:49.060533+00:00,491,1,2.443,523.984,146.58,265.678,1,Start,Finish,222,43.51087825005148,16.363954599943668,446,239,267,28,,,False,
2026-05-12T12:32:34+00:00,43.512924732640386,16.368678398430347,121,2026-05-12T12:36:49.060533+00:00,491,1,2.443,526.427,146.58,265.678,1,Start,Finish,222,43.51087825005148,16.363954599943668,444,239,267,28,,,False,
2026-05-12T12:32:35+00:00,43.51292467676103,16.3686462957412,120,2026-05-12T12:36:49.060533+00:00,491,1,2.589,529.016,155.34,269.862,1,Start,Finish,222,43.51087825005148,16.363954599943668,442,239,268,29,,,False,
2026-05-12T12:32:36+00:00,43.51292462088168,16.368614193052053,120,2026-05-12T12:36:49.060533+00:00,491,1,2.589,531.604,155.34,269.862,1,Start,Finish,222,43.51087825005148,16.363954599943668,439,239,269,30,,,False,
2026-05-12T12:32:37+00:00,43.51292456500232,16.368582090362906,119,2026-05-12T12:36:49.060533+00:00,491,1,2.589,534.193,155.34,269.862,1,Start,Finish,222,43.51087825005148,16.363954599943668,437,239,269,30,,,False,
2026-05-12T12:32:38+00:00,43.51292450912297,16.36854998767376,118,2026-05-12T12:36:49.060533+00:00,491,1,2.589,536.782,155.34,269.862,1,Start,Finish,222,43.51087825005148,16.363954599943668,435,238,269,31,,,False,
2026-05-12T12:32:39+00:00,43.51292445324361,16.368517884984612,118,2026-05-12T12:36:49.060533+00:00,491,1,2.589,539.371,155.34,269.862,1,Start,Finish,222,43.51087825005148,16.363954599943668,433,238,269,31,,,False,
2026-05-12T12:32:40+00:00,43.51292439736426,16.368485782295465,117,2026-05-12T12:36:49.060533+00:00,491,1,2.589,541.96,155.34,269.862,1,Start,Finish,222,43.51087825005148,16.363954599943668,430,238,269,31,,,False,
2026-05-12T12:32:41+00:00,43.51292381063104,16.36845952598378,118,2026-05-12T12:36:49.060533+00:00,491,1,2.118,544.078,127.08,268.235,1,Start,Finish,222,43.51087825005148,16.363954599943668,429,238,269,31,,,False,
2026-05-12T12:32:42+00:00,43.512923223897815,16.368433269672096,118,2026-05-12T12:36:49.060533+00:00,491,1,2.118,546.196,127.08,268.235,1,Start,Finish,222,43.51087825005148,16.363954599943668,427,238,269,31,,,False,
2026-05-12T12:32:43+00:00,43.51292263716459,16.36840701336041,119,2026-05-12T12:36:49.060533+00:00,491,1,2.118,548.315,127.08,268.235,1,Start,Finish,222,43.51087825005148,16.363954599943668,425,238,269,31,,,False,
2026-05-12T12:32:44+00:00,43.51292205043137,16.368380757048726,120,2026-05-12T12:36:49.060533+00:00,491,1,2.118,550.433,127.08,268.235,1,Start,Finish,222,43.51087825005148,16.363954599943668,423,238,269,31,,,False,
2026-05-12T12:32:45+00:00,43.51292227794017,16.368352941104344,120,2026-05-12T12:36:49.060533+00:00,491,1,2.243,552.676,134.58,270.646,1,Start,Finish,222,43.51087825005148,16.363954599943668,421,237,270,33,,,False,
2026-05-12T12:32:46+00:00,43.51292250544897,16.368325125159963,119,2026-05-12T12:36:49.060533+00:00,491,1,2.243,554.919,134.58,270.646,1,Start,Finish,222,43.51087825005148,16.363954599943668,419,237,270,33,,,False,
2026-05-12T12:32:47+00:00,43.51292273295777,16.36829730921558,119,2026-05-12T12:36:49.060533+00:00,491,1,2.243,557.163,134.58,270.646,1,Start,Finish,222,43.51087825005148,16.363954599943668,418,237,270,33,,,False,
2026-05-12T12:32:48+00:00,43.512922960466575,16.368269493271196,118,2026-05-12T12:36:49.060533+00:00,491,1,2.243,559.406,134.58,270.646,1,Start,Finish,222,43.51087825005148,16.363954599943668,416,237,270,33,,,False,
2026-05-12T12:32:49+00:00,43.512923187975375,16.368241677326814,118,2026-05-12T12:36:49.060533+00:00,491,1,2.243,561.649,134.58,270.646,1,Start,Finish,222,43.51087825005148,16.363954599943668,414,237,271,34,,,False,
2026-05-12T12:32:50+00:00,43.512923415484174,16.368213861382433,117,2026-05-12T12:36:49.060533+00:00,491,1,2.243,563.892,134.58,270.646,1,Start,Finish,222,43.51087825005148,16.363954599943668,412,236,271,35,,,False,
2026-05-12T12:32:51+00:00,43.51292364299297,16.36818604543805,117,2026-05-12T12:36:49.060533+00:00,491,1,2.243,566.136,134.58,270.646,1,Start,Finish,222,43.51087825005148,16.363954599943668,410,236,270,34,,,False,
2026-05-12T12:32:52+00:00,43.51292374776676,16.368157484102994,117,2026-05-12T12:36:49.060533+00:00,491,1,2.303,568.439,138.18,270.29,1,Start,Finish,222,43.51087825005148,16.363954599943668,408,236,271,35,,,False,
2026-05-12T12:32:53+00:00,43.51292385254055,16.368128922767937,118,2026-05-12T12:36:49.060533+00:00,491,1,2.303,570.742,138.18,270.29,1,Start,Finish,222,43.51087825005148,16.363954599943668,406,236,271,35,,,False,
2026-05-12T12:32:54+00:00,43.51292395731434,16.36810036143288,118,2026-05-12T12:36:49.060533+00:00,491,1,2.303,573.045,138.18,270.29,1,Start,Finish,222,43.51087825005148,16.363954599943668,404,236,271,35,,,False,
2026-05-12T12:32:55+00:00,43.51292406208813,16.368071800097823,118,2026-05-12T12:36:49.060533+00:00,491,1,2.303,575.348,138.18,270.29,1,Start,Finish,222,43.51087825005148,16.363954599943668,402,236,271,35,,,False,
2026-05-12T12:32:56+00:00,43.51292529143393,16.368044642731547,119,2026-05-12T12:36:49.060533+00:00,491,1,2.194,577.543,131.64,273.572,1,Start,Finish,222,43.51087825005148,16.363954599943668,401,235,270,35,,,False,
2026-05-12T12:32:57+00:00,43.51292652077973,16.36801748536527,121,2026-05-12T12:36:49.060533+00:00,491,1,2.194,579.737,131.64,273.572,1,Start,Finish,222,43.51087825005148,16.363954599943668,399,235,270,35,,,False,
2026-05-12T12:32:58+00:00,43.51292775012553,16.367990327998996,122,2026-05-12T12:36:49.060533+00:00,491,1,2.194,581.931,131.64,273.572,1,Start,Finish,222,43.51087825005148,16.363954599943668,397,235,269,34,,,False,
2026-05-12T12:32:59+00:00,43.51292551495135,16.36795772239566,122,2026-05-12T12:36:49.060533+00:00,491,1,2.641,584.572,158.46,264.6,1,Start,Finish,222,43.51087825005148,16.363954599943668,395,235,269,34,,,False,
2026-05-12T12:33:00+00:00,43.51292327977717,16.36792511679232,123,2026-05-12T12:36:49.060533+00:00,491,1,2.641,587.213,158.46,264.6,1,Start,Finish,222,43.51087825005148,16.363954599943668,393,235,268,33,,,False,
2026-05-12T12:33:01+00:00,43.51292104460299,16.367892511188984,123,2026-05-12T12:36:49.060533+00:00,491,1,2.641,589.854,158.46,264.6,1,Start,Finish,222,43.51087825005148,16.363954599943668,390,234,266,32,,,False,
2026-05-12T12:33:02+00:00,43.51291880942881,16.367859905585647,123,2026-05-12T12:36:49.060533+00:00,491,1,2.641,592.495,158.46,264.6,1,Start,Finish,222,43.51087825005148,16.363954599943668,388,234,264,30,,,False,
2026-05-12T12:33:03+00:00,43.51291657425463,16.36782729998231,124,2026-05-12T12:36:49.060533+00:00,491,1,2.641,595.137,158.46,264.6,1,Start,Finish,222,43.51087825005148,16.363954599943668,386,234,264,30,,,False,
2026-05-12T12:33:04+00:00,43.51291433908045,16.367794694378972,124,2026-05-12T12:36:49.060533+00:00,491,1,2.641,597.778,158.46,264.6,1,Start,Finish,222,43.51087825005148,16.363954599943668,384,234,263,29,,,False,
2026-05-12T12:33:05+00:00,43.51291080820374,16.367763576563448,124,2026-05-12T12:36:49.060533+00:00,491,1,2.54,600.317,152.4,261.108,1,Start,Finish,222,43.51087825005148,16.363954599943668,381,234,263,29,,,False,
2026-05-12T12:33:06+00:00,43.51290727732703,16.367732458747923,123,2026-05-12T12:36:49.060533+00:00,491,1,2.54,602.857,152.4,261.108,1,Start,Finish,222,43.51087825005148,16.363954599943668,379,233,262,29,,,False,
2026-05-12T12:33:07+00:00,43.51290374645032,16.3677013409324,123,2026-05-12T12:36:49.060533+00:00,491,1,2.54,605.397,152.4,261.108,1,Start,Finish,222,43.51087825005148,16.363954599943668,377,233,262,29,,,False,
2026-05-12T12:33:08+00:00,43.51290021557361,16.367670223116875,122,2026-05-12T12:36:49.060533+00:00,491,1,2.54,607.937,152.4,261.108,1,Start,Finish,222,43.51087825005148,16.363954599943668,375,233,261,28,,,False,
2026-05-12T12:33:09+00:00,43.5128966846969,16.36763910530135,122,2026-05-12T12:36:49.060533+00:00,491,1,2.54,610.477,152.4,261.108,1,Start,Finish,222,43.51087825005148,16.363954599943668,372,233,261,28,,,False,
2026-05-12T12:33:10+00:00,43.51289315382019,16.367607987485826,122,2026-05-12T12:36:49.060533+00:00,491,1,2.54,613.017,152.4,261.108,1,Start,Finish,222,43.51087825005148,16.363954599943668,370,233,262,29,,,False,
2026-05-12T12:33:11+00:00,43.51288962294347,16.3675768696703,121,2026-05-12T12:36:49.060533+00:00,491,1,2.54,615.557,152.4,261.108,1,Start,Finish,222,43.51087825005148,16.363954599943668,368,233,262,29,,,False,
2026-05-12T12:33:12+00:00,43.512886092066765,16.367545751854777,121,2026-05-12T12:36:49.060533+00:00,491,1,2.54,618.097,152.4,261.108,1,Start,Finish,222,43.51087825005148,16.363954599943668,366,232,262,30,,,False,
2026-05-12T12:33:13+00:00,43.512883968651295,16.367518473416567,121,2026-05-12T12:36:49.060533+00:00,491,1,2.212,620.309,132.72,263.874,1,Start,Finish,222,43.51087825005148,16.363954599943668,364,232,263,31,,,False,
2026-05-12T12:33:14+00:00,43.512881845235825,16.367491194978356,122,2026-05-12T12:36:49.060533+00:00,491,1,2.212,622.521,132.72,263.874,1,Start,Finish,222,43.51087825005148,16.363954599943668,362,232,263,31,,,False,
2026-05-12T12:33:15+00:00,43.512879721820354,16.367463916540146,122,2026-05-12T12:36:49.060533+00:00,491,1,2.212,624.734,132.72,263.874,1,Start,Finish,222,43.51087825005148,16.363954599943668,360,232,263,31,,,False,
2026-05-12T12:33:16+00:00,43.51287759840488,16.367436638101935,122,2026-05-12T12:36:49.060533+00:00,491,1,2.212,626.946,132.72,263.874,1,Start,Finish,222,43.51087825005148,16.363954599943668,358,232,264,32,,,False,
2026-05-12T12:33:17+00:00,43.512875474989414,16.367409359663725,123,2026-05-12T12:36:49.060533+00:00,491,1,2.212,629.159,132.72,263.874,1,Start,Finish,222,43.51087825005148,16.363954599943668,356,231,264,33,,,False,
2026-05-12T12:33:18+00:00,43.512873351573944,16.367382081225514,123,2026-05-12T12:36:49.060533+00:00,491,1,2.212,631.371,132.72,263.874,1,Start,Finish,222,43.51087825005148,16.363954599943668,354,231,264,33,,,False,
2026-05-12T12:33:19+00:00,43.512871228158474,16.367354802787304,123,2026-05-12T12:36:49.060533+00:00,491,1,2.212,633.583,132.72,263.874,1,Start,Finish,222,43.51087825005148,16.363954599943668,353,231,264,33,,,False,
2026-05-12T12:33:20+00:00,43.51286910474301,16.367327524349093,124,2026-05-12T12:36:49.060533+00:00,491,1,2.212,635.796,132.72,263.874,1,Start,Finish,222,43.51087825005148,16.363954599943668,351,231,264,33,,,False,
2026-05-12T12:33:21+00:00,43.512866981327534,16.367300245910883,124,2026-05-12T12:36:49.060533+00:00,491,1,2.212,638.008,132.72,263.874,1,Start,Finish,222,43.51087825005148,16.363954599943668,349,231,264,33,,,False,
2026-05-12T12:33:22+00:00,43.512864843942225,16.367272208444774,124,2026-05-12T12:36:49.060533+00:00,491,1,2.273,640.282,136.38,263.999,1,Start,Finish,222,43.51087825005148,16.363954599943668,347,230,264,34,,,False,
2026-05-12T12:33:23+00:00,43.51286270655691,16.367244170978665,124,2026-05-12T12:36:49.060533+00:00,491,1,2.273,642.555,136.38,263.999,1,Start,Finish,222,43.51087825005148,16.363954599943668,345,230,264,34,,,False,
2026-05-12T12:33:24+00:00,43.512860387563705,16.367215532809496,123,2026-05-12T12:36:49.060533+00:00,491,1,2.324,644.879,139.44,263.629,1,Start,Finish,222,43.51087825005148,16.363954599943668,343,230,265,35,,,False,
2026-05-12T12:33:25+00:00,43.512858068570495,16.367186894640326,122,2026-05-12T12:36:49.060533+00:00,491,1,2.324,647.203,139.44,263.629,1,Start,Finish,222,43.51087825005148,16.363954599943668,341,230,264,34,,,False,
2026-05-12T12:33:26+00:00,43.51285574957728,16.367158256471157,121,2026-05-12T12:36:49.060533+00:00,491,1,2.324,649.526,139.44,263.629,1,Start,Finish,222,43.51087825005148,16.363954599943668,339,230,263,33,,,False,
2026-05-12T12:33:27+00:00,43.51285495329648,16.367131979204714,120,2026-05-12T12:36:49.060533+00:00,491,1,2.121,651.647,127.26,267.607,1,Start,Finish,222,43.51087825005148,16.363954599943668,338,229,263,34,,,False,
2026-05-12T12:33:28+00:00,43.51285415701568,16.36710570193827,118,2026-05-12T12:36:49.060533+00:00,491,1,2.121,653.768,127.26,267.607,1,Start,Finish,222,43.51087825005148,16.363954599943668,336,229,258,29,,,False,
2026-05-12T12:33:29+00:00,43.51285055279732,16.367081352509558,118,2026-05-12T12:36:49.060533+00:00,491,1,2.004,655.772,120.24,258.464,1,Start,Finish,222,43.51087825005148,16.363954599943668,334,229,252,23,,,False,
2026-05-12T12:33:30+00:00,43.512846948578954,16.367057003080845,118,2026-05-12T12:36:49.060533+00:00,491,1,2.004,657.776,120.24,258.464,1,Start,Finish,222,43.51087825005148,16.363954599943668,332,229,244,15,,,False,
2026-05-12T12:33:31+00:00,43.51284334436059,16.36703265365213,119,2026-05-12T12:36:49.060533+00:00,491,1,2.004,659.78,120.24,258.464,1,Start,Finish,222,43.51087825005148,16.363954599943668,331,229,235,6,,,False,
2026-05-12T12:33:32+00:00,43.512839740142226,16.36700830422342,119,2026-05-12T12:36:49.060533+00:00,491,1,2.004,661.784,120.24,258.464,1,Start,Finish,222,43.51087825005148,16.363954599943668,329,228,224,4,,,False,
2026-05-12T12:33:33+00:00,43.51283005904406,16.3670005928725,121,2026-05-12T12:36:49.060533+00:00,491,1,1.243,663.027,74.58,210.014,1,Start,Finish,222,43.51087825005148,16.363954599943668,328,229,219,10,,,False,
2026-05-12T12:33:34+00:00,43.5128203779459,16.366992881521583,123,2026-05-12T12:36:49.060533+00:00,491,1,1.243,664.271,74.58,210.014,1,Start,Finish,222,43.51087825005148,16.363954599943668,327,229,213,16,,,False,
2026-05-12T12:33:35+00:00,43.51280420087278,16.366997533477843,125,2026-05-12T12:36:49.060533+00:00,491,1,1.838,666.108,110.28,168.22,1,Start,Finish,222,43.51087825005148,16.363954599943668,326,229,204,25,,,False,
2026-05-12T12:33:36+00:00,43.51278802379966,16.367002185434103,127,2026-05-12T12:36:49.060533+00:00,491,1,1.838,667.946,110.28,168.22,1,Start,Finish,222,43.51087825005148,16.363954599943668,325,229,197,32,,,False,
2026-05-12T12:33:37+00:00,43.51276723667979,16.36700796894729,129,2026-05-12T12:36:49.060533+00:00,491,1,2.358,670.304,141.48,168.592,1,Start,Finish,222,43.51087825005148,16.363954599943668,324,230,188,42,,,False,
2026-05-12T12:33:38+00:00,43.512745066545904,16.367010441608727,132,2026-05-12T12:36:49.060533+00:00,491,1,2.473,672.777,148.38,175.376,1,Start,Finish,222,43.51087825005148,16.363954599943668,322,230,180,50,,,False,
2026-05-12T12:33:39+00:00,43.512722896412015,16.367012914270163,134,2026-05-12T12:36:49.060533+00:00,491,1,2.473,675.25,148.38,175.376,1,Start,Finish,222,43.51087825005148,16.363954599943668,321,230,172,58,,,False,
2026-05-12T12:33:40+00:00,43.512698277564986,16.367016566385114,134,2026-05-12T12:36:49.060533+00:00,491,1,2.753,678.003,165.18,173.86,1,Start,Finish,222,43.51087825005148,16.363954599943668,319,231,174,57,,,False,
2026-05-12T12:33:41+00:00,43.51267365871796,16.36702021850007,134,2026-05-12T12:36:49.060533+00:00,491,1,2.753,680.757,165.18,173.86,1,Start,Finish,222,43.51087825005148,16.363954599943668,318,231,174,57,,,False,
2026-05-12T12:33:42+00:00,43.51264903987093,16.36702387061502,134,2026-05-12T12:36:49.060533+00:00,491,1,2.753,683.51,165.18,173.86,1,Start,Finish,222,43.51087825005148,16.363954599943668,316,231,174,57,,,False,
2026-05-12T12:33:43+00:00,43.512624421023894,16.367027522729977,135,2026-05-12T12:36:49.060533+00:00,491,1,2.753,686.263,165.18,173.86,1,Start,Finish,222,43.51087825005148,16.363954599943668,315,232,174,58,,,False,
2026-05-12T12:33:44+00:00,43.512599802176865,16.36703117484493,135,2026-05-12T12:36:49.060533+00:00,491,1,2.753,689.017,165.18,173.86,1,Start,Finish,222,43.51087825005148,16.363954599943668,313,232,174,58,,,False,
2026-05-12T12:33:45+00:00,43.51257518332984,16.367034826959884,135,2026-05-12T12:36:49.060533+00:00,491,1,2.753,691.77,165.18,173.859,1,Start,Finish,222,43.51087825005148,16.363954599943668,312,233,173,60,,,False,
2026-05-12T12:33:46+00:00,43.51255056448281,16.367038479074836,135,2026-05-12T12:36:49.060533+00:00,491,1,2.753,694.523,165.18,173.859,1,Start,Finish,222,43.51087825005148,16.363954599943668,311,233,173,60,,,False,
2026-05-12T12:33:47+00:00,43.51252799620852,16.367042722413316,135,2026-05-12T12:36:49.060533+00:00,491,1,2.533,697.056,151.98,172.235,1,Start,Finish,222,43.51087825005148,16.363954599943668,309,234,173,61,,,False,
2026-05-12T12:33:48+00:00,43.51250542793423,16.367046965751797,134,2026-05-12T12:36:49.060533+00:00,491,1,2.533,699.589,151.98,172.235,1,Start,Finish,222,43.51087825005148,16.363954599943668,308,234,173,61,,,False,
2026-05-12T12:33:49+00:00,43.51248285965994,16.367051209090278,134,2026-05-12T12:36:49.060533+00:00,491,1,2.533,702.121,151.98,172.235,1,Start,Finish,222,43.51087825005148,16.363954599943668,307,234,172,62,,,False,
2026-05-12T12:33:50+00:00,43.51246029138565,16.367055452428758,134,2026-05-12T12:36:49.060533+00:00,491,1,2.533,704.654,151.98,172.235,1,Start,Finish,222,43.51087825005148,16.363954599943668,306,235,172,63,,,False,
2026-05-12T12:33:51+00:00,43.51243772311136,16.36705969576724,134,2026-05-12T12:36:49.060533+00:00,491,1,2.533,707.187,151.98,172.235,1,Start,Finish,222,43.51087825005148,16.363954599943668,305,235,172,63,,,False,
2026-05-12T12:33:52+00:00,43.51241515483707,16.36706393910572,134,2026-05-12T12:36:49.060533+00:00,491,1,2.533,709.719,151.98,172.235,1,Start,Finish,222,43.51087825005148,16.363954599943668,303,236,171,65,,,False,
2026-05-12T12:33:53+00:00,43.51239258656278,16.3670681824442,133,2026-05-12T12:36:49.060533+00:00,491,1,2.533,712.252,151.98,172.235,1,Start,Finish,222,43.51087825005148,16.363954599943668,302,236,170,66,,,False,
2026-05-12T12:33:54+00:00,43.51237001828849,16.36707242578268,133,2026-05-12T12:36:49.060533+00:00,491,1,2.533,714.785,151.98,172.235,1,Start,Finish,222,43.51087825005148,16.363954599943668,301,237,169,68,,,False,
2026-05-12T12:33:55+00:00,43.51234806701541,16.36708015576005,133,2026-05-12T12:36:49.060533+00:00,491,1,2.519,717.304,151.14,165.674,1,Start,Finish,222,43.51087825005148,16.363954599943668,300,237,168,69,,,False,
2026-05-12T12:33:56+00:00,43.512326115742326,16.36708788573742,133,2026-05-12T12:36:49.060533+00:00,491,1,2.519,719.823,151.14,165.674,1,Start,Finish,222,43.51087825005148,16.363954599943668,300,237,168,69,,,False,
2026-05-12T12:33:57+00:00,43.51230416446924,16.36709561571479,133,2026-05-12T12:36:49.060533+00:00,491,1,2.519,722.342,151.14,165.674,1,Start,Finish,222,43.51087825005148,16.363954599943668,299,238,167,71,,,False,
2026-05-12T12:33:58+00:00,43.51228221319616,16.367103345692158,133,2026-05-12T12:36:49.060533+00:00,491,1,2.519,724.862,151.14,165.674,1,Start,Finish,222,43.51087825005148,16.363954599943668,298,238,166,72,,,False,
2026-05-12T12:33:59+00:00,43.512260261923075,16.367111075669527,132,2026-05-12T12:36:49.060533+00:00,491,1,2.519,727.381,151.14,165.674,1,Start,Finish,222,43.51087825005148,16.363954599943668,297,239,166,73,,,False,
2026-05-12T12:34:00+00:00,43.51223831064999,16.367118805646896,132,2026-05-12T12:36:49.060533+00:00,491,1,2.519,729.9,151.14,165.674,1,Start,Finish,222,43.51087825005148,16.363954599943668,297,239,171,68,,,False,
2026-05-12T12:34:01+00:00,43.51221635937691,16.367126535624266,132,2026-05-12T12:36:49.060533+00:00,491,1,2.519,732.419,151.14,165.674,1,Start,Finish,222,43.51087825005148,16.363954599943668,296,240,180,60,,,False,
2026-05-12T12:34:02+00:00,43.512194408103824,16.367134265601635,132,2026-05-12T12:36:49.060533+00:00,491,1,2.519,734.938,151.14,165.674,1,Start,Finish,222,43.51087825005148,16.363954599943668,295,240,189,51,,,False,
2026-05-12T12:34:03+00:00,43.51217245683074,16.367141995579004,132,2026-05-12T12:36:49.060533+00:00,491,1,2.519,737.458,151.14,165.674,1,Start,Finish,222,43.51087825005148,16.363954599943668,295,241,206,35,,,False,
2026-05-12T12:34:04+00:00,43.5121613368392,16.367132803425193,132,2026-05-12T12:36:49.060533+00:00,491,1,1.442,738.899,86.52,210.943,1,Start,Finish,222,43.51087825005148,16.363954599943668,293,241,206,35,,,False,
2026-05-12T12:34:05+00:00,43.51215021684766,16.36712361127138,131,2026-05-12T12:36:49.060533+00:00,491,1,1.442,740.341,86.52,210.943,1,Start,Finish,222,43.51087825005148,16.363954599943668,292,241,216,25,,,False,
2026-05-12T12:34:06+00:00,43.51213909685612,16.36711441911757,131,2026-05-12T12:36:49.060533+00:00,491,1,1.442,741.783,86.52,210.943,1,Start,Finish,222,43.51087825005148,16.363954599943668,291,241,216,25,,,False,
2026-05-12T12:34:07+00:00,43.51213440299034,16.3670946797356,132,2026-05-12T12:36:49.060533+00:00,491,1,1.675,743.458,100.5,251.846,1,Start,Finish,222,43.51087825005148,16.363954599943668,289,241,227,14,,,False,
2026-05-12T12:34:08+00:00,43.512129709124565,16.367074940353632,132,2026-05-12T12:36:49.060533+00:00,491,1,1.675,745.133,100.5,251.846,1,Start,Finish,222,43.51087825005148,16.363954599943668,288,241,236,5,,,False,
2026-05-12T12:34:09+00:00,43.5121267545037,16.36704723816365,133,2026-05-12T12:36:49.060533+00:00,491,1,2.258,747.391,135.48,261.634,1,Start,Finish,222,43.51087825005148,16.363954599943668,285,241,239,2,,,False,
2026-05-12T12:34:10+00:00,43.51212379988283,16.367019535973668,134,2026-05-12T12:36:49.060533+00:00,491,1,2.258,749.649,135.48,261.634,1,Start,Finish,222,43.51087825005148,16.363954599943668,283,241,250,9,,,False,
2026-05-12T12:34:11+00:00,43.51212084526196,16.366991833783686,134,2026-05-12T12:36:49.060533+00:00,491,1,2.258,751.907,135.48,261.634,1,Start,Finish,222,43.51087825005148,16.363954599943668,281,241,259,18,,,False,
2026-05-12T12:34:12+00:00,43.51211789064109,16.366964131593704,135,2026-05-12T12:36:49.060533+00:00,491,1,2.258,754.165,135.48,261.634,1,Start,Finish,222,43.51087825005148,16.363954599943668,279,240,260,20,,,False,
2026-05-12T12:34:13+00:00,43.512114537879825,16.366935800760984,136,2026-05-12T12:36:49.060533+00:00,491,1,2.315,756.48,138.9,260.732,1,Start,Finish,222,43.51087825005148,16.363954599943668,277,240,260,20,,,False,
2026-05-12T12:34:14+00:00,43.51211118511856,16.366907469928265,136,2026-05-12T12:36:49.060533+00:00,491,1,2.315,758.795,138.9,260.732,1,Start,Finish,222,43.51087825005148,16.363954599943668,275,240,259,19,,,False,
2026-05-12T12:34:15+00:00,43.51210783235729,16.366879139095545,137,2026-05-12T12:36:49.060533+00:00,491,1,2.315,761.11,138.9,260.732,1,Start,Finish,222,43.51087825005148,16.363954599943668,273,240,259,19,,,False,
2026-05-12T12:34:16+00:00,43.51210224696181,16.36684986339374,137,2026-05-12T12:36:49.060533+00:00,491,1,2.441,763.551,146.46,255.261,1,Start,Finish,222,43.51087825005148,16.363954599943668,270,240,258,18,,,False,
2026-05-12T12:34:17+00:00,43.51209666156633,16.366820587691937,137,2026-05-12T12:36:49.060533+00:00,491,1,2.441,765.992,146.46,255.261,1,Start,Finish,222,43.51087825005148,16.363954599943668,268,240,257,17,,,False,
2026-05-12T12:34:18+00:00,43.512091076170854,16.36679131199013,136,2026-05-12T12:36:49.060533+00:00,491,1,2.441,768.433,146.46,255.261,1,Start,Finish,222,43.51087825005148,16.363954599943668,266,239,256,17,,,False,
2026-05-12T12:34:19+00:00,43.51208549077538,16.366762036288325,136,2026-05-12T12:36:49.060533+00:00,491,1,2.441,770.874,146.46,255.261,1,Start,Finish,222,43.51087825005148,16.363954599943668,263,239,256,17,,,False,
2026-05-12T12:34:20+00:00,43.5120799053799,16.366732760586522,136,2026-05-12T12:36:49.060533+00:00,491,1,2.441,773.315,146.46,255.261,1,Start,Finish,222,43.51087825005148,16.363954599943668,261,239,255,16,,,False,
2026-05-12T12:34:21+00:00,43.51207431998443,16.366703484884717,136,2026-05-12T12:36:49.060533+00:00,491,1,2.441,775.757,146.46,255.261,1,Start,Finish,222,43.51087825005148,16.363954599943668,259,239,255,16,,,False,
2026-05-12T12:34:22+00:00,43.51206873458895,16.366674209182914,136,2026-05-12T12:36:49.060533+00:00,491,1,2.441,778.198,146.46,255.261,1,Start,Finish,222,43.51087825005148,16.363954599943668,256,239,255,16,,,False,
2026-05-12T12:34:23+00:00,43.51206314919347,16.36664493348111,136,2026-05-12T12:36:49.060533+00:00,491,1,2.441,780.639,146.46,255.261,1,Start,Finish,222,43.51087825005148,16.363954599943668,254,239,255,16,,,False,
2026-05-12T12:34:24+00:00,43.512057563797995,16.366615657779302,135,2026-05-12T12:36:49.060533+00:00,491,1,2.441,783.08,146.46,255.261,1,Start,Finish,222,43.51087825005148,16.363954599943668,251,239,255,16,,,False,
2026-05-12T12:34:25+00:00,43.51205197840252,16.3665863820775,135,2026-05-12T12:36:49.060533+00:00,491,1,2.441,785.521,146.46,255.261,1,Start,Finish,222,43.51087825005148,16.363954599943668,249,238,255,17,,,False,
2026-05-12T12:34:26+00:00,43.51204639300704,16.366557106375694,135,2026-05-12T12:36:49.060533+00:00,491,1,2.441,787.962,146.46,255.261,1,Start,Finish,222,43.51087825005148,16.363954599943668,247,238,254,16,,,False,
2026-05-12T12:34:27+00:00,43.51204013451934,16.36652883142233,134,2026-05-12T12:36:49.060533+00:00,491,1,2.384,790.346,143.04,253.028,1,Start,Finish,222,43.51087825005148,16.363954599943668,245,238,254,16,,,False,
2026-05-12T12:34:28+00:00,43.51203387603164,16.366500556468964,134,2026-05-12T12:36:49.060533+00:00,491,1,2.384,792.73,143.04,253.028,1,Start,Finish,222,43.51087825005148,16.363954599943668,242,238,254,16,,,False,
2026-05-12T12:34:29+00:00,43.512027617543936,16.3664722815156,133,2026-05-12T12:36:49.060533+00:00,491,1,2.384,795.114,143.04,253.028,1,Start,Finish,222,43.51087825005148,16.363954599943668,240,238,254,16,,,False,
2026-05-12T12:34:30+00:00,43.512021359056234,16.366444006562233,132,2026-05-12T12:36:49.060533+00:00,491,1,2.384,797.498,143.04,253.028,1,Start,Finish,222,43.51087825005148,16.363954599943668,238,238,254,16,,,False,
2026-05-12T12:34:31+00:00,43.51201510056853,16.366415731608868,132,2026-05-12T12:36:49.060533+00:00,491,1,2.384,799.882,143.04,253.028,1,Start,Finish,222,43.51087825005148,16.363954599943668,235,238,253,15,,,False,
2026-05-12T12:34:32+00:00,43.51200884208083,16.366387456655502,131,2026-05-12T12:36:49.060533+00:00,491,1,2.384,802.266,143.04,253.028,1,Start,Finish,222,43.51087825005148,16.363954599943668,233,237,252,15,,,False,
2026-05-12T12:34:33+00:00,43.51200419012457,16.366362520493567,130,2026-05-12T12:36:49.060533+00:00,491,1,2.076,804.343,124.56,255.574,1,Start,Finish,222,43.51087825005148,16.363954599943668,231,237,251,14,,,False,
2026-05-12T12:34:34+00:00,43.51199953816831,16.36633758433163,129,2026-05-12T12:36:49.060533+00:00,491,1,2.076,806.419,124.56,255.574,1,Start,Finish,222,43.51087825005148,16.363954599943668,229,237,251,14,,,False,
2026-05-12T12:34:35+00:00,43.51199168711901,16.366313276812434,130,2026-05-12T12:36:49.060533+00:00,491,1,2.146,808.565,128.76,245.994,1,Start,Finish,222,43.51087825005148,16.363954599943668,227,237,250,13,,,False,
2026-05-12T12:34:36+00:00,43.5119838360697,16.366288969293237,131,2026-05-12T12:36:49.060533+00:00,491,1,2.146,810.711,128.76,245.994,1,Start,Finish,222,43.51087825005148,16.363954599943668,225,237,250,13,,,False,
2026-05-12T12:34:37+00:00,43.5119759850204,16.36626466177404,132,2026-05-12T12:36:49.060533+00:00,491,1,2.146,812.856,128.76,245.994,1,Start,Finish,222,43.51087825005148,16.363954599943668,223,237,249,12,,,False,
2026-05-12T12:34:38+00:00,43.51196906396321,16.366240007004567,132,2026-05-12T12:36:49.060533+00:00,491,1,2.132,814.988,127.92,248.84,1,Start,Finish,222,43.51087825005148,16.363954599943668,221,237,249,12,,,False,
2026-05-12T12:34:39+00:00,43.51196214290602,16.366215352235095,133,2026-05-12T12:36:49.060533+00:00,491,1,2.132,817.12,127.92,248.84,1,Start,Finish,222,43.51087825005148,16.363954599943668,219,237,248,11,,,False,
2026-05-12T12:34:40+00:00,43.51195522184883,16.366190697465623,133,2026-05-12T12:36:49.060533+00:00,491,1,2.132,819.252,127.92,248.84,1,Start,Finish,222,43.51087825005148,16.363954599943668,216,236,248,12,,,False,
2026-05-12T12:34:41+00:00,43.51194830079164,16.366166042696154,133,2026-05-12T12:36:49.060533+00:00,491,1,2.132,821.384,127.92,248.84,1,Start,Finish,222,43.51087825005148,16.363954599943668,214,236,249,13,,,False,
2026-05-12T12:34:42+00:00,43.511941379734445,16.36614138792668,133,2026-05-12T12:36:49.060533+00:00,491,1,2.132,823.516,127.92,248.84,1,Start,Finish,222,43.51087825005148,16.363954599943668,212,236,250,14,,,False,
2026-05-12T12:34:43+00:00,43.51193445867726,16.36611673315721,134,2026-05-12T12:36:49.060533+00:00,491,1,2.132,825.648,127.92,248.84,1,Start,Finish,222,43.51087825005148,16.363954599943668,210,236,251,15,,,False,
2026-05-12T12:34:44+00:00,43.51192753762007,16.366092078387737,134,2026-05-12T12:36:49.060533+00:00,491,1,2.132,827.78,127.92,248.84,1,Start,Finish,222,43.51087825005148,16.363954599943668,208,236,251,15,,,False,
2026-05-12T12:34:45+00:00,43.5119215445593,16.36606220738031,134,2026-05-12T12:36:49.060533+00:00,491,1,2.499,830.28,149.94,254.536,1,Start,Finish,222,43.51087825005148,16.363954599943668,206,236,252,16,,,False,
2026-05-12T12:34:46+00:00,43.51191555149853,16.366032336372882,135,2026-05-12T12:36:49.060533+00:00,491,1,2.499,832.779,149.94,254.536,1,Start,Finish,222,43.51087825005148,16.363954599943668,203,235,253,18,,,False,
2026-05-12T12:34:47+00:00,43.511909558437765,16.366002465365455,136,2026-05-12T12:36:49.060533+00:00,491,1,2.499,835.278,149.94,254.536,1,Start,Finish,222,43.51087825005148,16.363954599943668,201,235,253,18,,,False,
2026-05-12T12:34:48+00:00,43.511903565377,16.365972594358027,136,2026-05-12T12:36:49.060533+00:00,491,1,2.499,837.778,149.94,254.536,1,Start,Finish,222,43.51087825005148,16.363954599943668,199,235,254,19,,,False,
2026-05-12T12:34:49+00:00,43.51189757231623,16.3659427233506,136,2026-05-12T12:36:49.060533+00:00,491,1,2.499,840.277,149.94,254.536,1,Start,Finish,222,43.51087825005148,16.363954599943668,196,235,254,19,,,False,
2026-05-12T12:34:50+00:00,43.51189157925546,16.365912852343172,137,2026-05-12T12:36:49.060533+00:00,491,1,2.499,842.776,149.94,254.536,1,Start,Finish,222,43.51087825005148,16.363954599943668,194,234,255,21,,,False,
2026-05-12T12:34:51+00:00,43.511885586194694,16.365882981335744,138,2026-05-12T12:36:49.060533+00:00,491,1,2.499,845.276,149.94,254.536,1,Start,Finish,222,43.51087825005148,16.363954599943668,192,234,255,21,,,False,
2026-05-12T12:34:52+00:00,43.511879593133926,16.365853110328317,138,2026-05-12T12:36:49.060533+00:00,491,1,2.499,847.775,149.94,254.536,1,Start,Finish,222,43.51087825005148,16.363954599943668,189,234,255,21,,,False,
2026-05-12T12:34:53+00:00,43.51187347434461,16.36582494713366,138,2026-05-12T12:36:49.060533+00:00,491,1,2.371,850.146,142.26,253.323,1,Start,Finish,222,43.51087825005148,16.363954599943668,187,234,256,22,,,False,
2026-05-12T12:34:54+00:00,43.511869073845446,16.36579774785787,134,2026-05-12T12:36:49.060533+00:00,491,1,2.247,852.393,134.82,257.424,1,Start,Finish,222,43.51087825005148,16.363954599943668,185,233,256,23,,,False,
2026-05-12T12:34:55+00:00,43.51186467334628,16.365770548582077,130,2026-05-12T12:36:49.060533+00:00,491,1,2.247,854.64,134.82,257.424,1,Start,Finish,222,43.51087825005148,16.363954599943668,183,233,257,24,,,False,
2026-05-12T12:34:56+00:00,43.51186065003276,16.36574481613934,128,2026-05-12T12:36:49.060533+00:00,491,1,2.123,856.763,127.38,257.834,1,Start,Finish,222,43.51087825005148,16.363954599943668,181,233,258,25,,,False,
2026-05-12T12:34:57+00:00,43.51185662671923,16.365719083696604,127,2026-05-12T12:36:49.060533+00:00,491,1,2.123,858.886,127.38,257.834,1,Start,Finish,222,43.51087825005148,16.363954599943668,179,233,259,26,,,False,
2026-05-12T12:34:58+00:00,43.51185344159603,16.365691227838397,127,2026-05-12T12:36:49.060533+00:00,491,1,2.274,861.16,136.44,261.04,1,Start,Finish,222,43.51087825005148,16.363954599943668,177,232,260,28,,,False,
2026-05-12T12:34:59+00:00,43.511850256472826,16.36566337198019,128,2026-05-12T12:36:49.060533+00:00,491,1,2.274,863.434,136.44,261.04,1,Start,Finish,222,43.51087825005148,16.363954599943668,175,232,260,28,,,False,
2026-05-12T12:35:00+00:00,43.51184707134962,16.365635516121984,128,2026-05-12T12:36:49.060533+00:00,491,1,2.274,865.708,136.44,261.04,1,Start,Finish,222,43.51087825005148,16.363954599943668,173,232,260,28,,,False,
2026-05-12T12:35:01+00:00,43.511843886226416,16.365607660263777,128,2026-05-12T12:36:49.060533+00:00,491,1,2.274,867.982,136.44,261.04,1,Start,Finish,222,43.51087825005148,16.363954599943668,171,231,261,30,,,False,
2026-05-12T12:35:02+00:00,43.51184070110321,16.36557980440557,129,2026-05-12T12:36:49.060533+00:00,491,1,2.274,870.256,136.44,261.04,1,Start,Finish,222,43.51087825005148,16.363954599943668,169,231,261,30,,,False,
2026-05-12T12:35:03+00:00,43.511837515980005,16.365551948547363,129,2026-05-12T12:36:49.060533+00:00,491,1,2.274,872.531,136.44,261.04,1,Start,Finish,222,43.51087825005148,16.363954599943668,167,230,261,31,,,False,
2026-05-12T12:35:04+00:00,43.51183469008122,16.36552446787911,128,2026-05-12T12:36:49.060533+00:00,491,1,2.238,874.769,134.28,261.93,1,Start,Finish,222,43.51087825005148,16.363954599943668,165,230,262,32,,,False,
2026-05-12T12:35:05+00:00,43.51183186418244,16.365496987210854,128,2026-05-12T12:36:49.060533+00:00,491,1,2.238,877.007,134.28,261.93,1,Start,Finish,222,43.51087825005148,16.363954599943668,163,230,262,32,,,False,
2026-05-12T12:35:06+00:00,43.51182903828366,16.3654695065426,127,2026-05-12T12:36:49.060533+00:00,491,1,2.238,879.245,134.28,261.93,1,Start,Finish,222,43.51087825005148,16.363954599943668,162,229,262,33,,,False,
2026-05-12T12:35:07+00:00,43.51182621238487,16.36544202587434,127,2026-05-12T12:36:49.060533+00:00,491,1,2.238,881.484,134.28,261.93,1,Start,Finish,222,43.51087825005148,16.363954599943668,160,229,262,33,,,False,
2026-05-12T12:35:08+00:00,43.511823386486085,16.365414545206086,126,2026-05-12T12:36:49.060533+00:00,491,1,2.238,883.722,134.28,261.93,1,Start,Finish,222,43.51087825005148,16.363954599943668,158,228,262,34,,,False,
2026-05-12T12:35:09+00:00,43.5118205605873,16.36538706453783,126,2026-05-12T12:36:49.060533+00:00,491,1,2.238,885.96,134.28,261.93,1,Start,Finish,222,43.51087825005148,16.363954599943668,156,228,262,34,,,False,
2026-05-12T12:35:10+00:00,43.51181773468852,16.365359583869576,125,2026-05-12T12:36:49.060533+00:00,491,1,2.238,888.198,134.28,261.93,1,Start,Finish,222,43.51087825005148,16.363954599943668,154,227,262,35,,,False,
2026-05-12T12:35:11+00:00,43.51181471720338,16.36533010052517,126,2026-05-12T12:36:49.060533+00:00,491,1,2.401,890.6,144.06,261.967,1,Start,Finish,222,43.51087825005148,16.363954599943668,152,227,261,34,,,False,
2026-05-12T12:35:12+00:00,43.51181169971824,16.365300617180765,127,2026-05-12T12:36:49.060533+00:00,491,1,2.401,893.001,144.06,261.967,1,Start,Finish,222,43.51087825005148,16.363954599943668,150,226,261,35,,,False,
2026-05-12T12:35:13+00:00,43.511808682233095,16.36527113383636,128,2026-05-12T12:36:49.060533+00:00,491,1,2.401,895.402,144.06,261.967,1,Start,Finish,222,43.51087825005148,16.363954599943668,148,226,260,34,,,False,
2026-05-12T12:35:14+00:00,43.51180566474795,16.365241650491953,129,2026-05-12T12:36:49.060533+00:00,491,1,2.401,897.803,144.06,261.967,1,Start,Finish,222,43.51087825005148,16.363954599943668,146,225,260,35,,,False,
2026-05-12T12:35:15+00:00,43.51180134806782,16.365216714330018,130,2026-05-12T12:36:49.060533+00:00,491,1,2.067,899.87,124.02,256.575,1,Start,Finish,222,43.51087825005148,16.363954599943668,145,225,259,34,,,False,
2026-05-12T12:35:16+00:00,43.51179703138769,16.365191778168082,130,2026-05-12T12:36:49.060533+00:00,491,1,2.067,901.938,124.02,256.575,1,Start,Finish,222,43.51087825005148,16.363954599943668,143,224,259,35,,,False,
2026-05-12T12:35:17+00:00,43.51179271470755,16.365166842006147,131,2026-05-12T12:36:49.060533+00:00,491,1,2.067,904.005,124.02,256.575,1,Start,Finish,222,43.51087825005148,16.363954599943668,141,224,259,35,,,False,
2026-05-12T12:35:18+00:00,43.51178839802742,16.36514190584421,132,2026-05-12T12:36:49.060533+00:00,491,1,2.067,906.073,124.02,256.575,1,Start,Finish,222,43.51087825005148,16.363954599943668,139,223,259,36,,,False,
2026-05-12T12:35:19+00:00,43.51178469801588,16.365112401545048,132,2026-05-12T12:36:49.060533+00:00,491,1,2.415,908.487,144.9,260.19,1,Start,Finish,222,43.51087825005148,16.363954599943668,137,223,259,36,,,False,
2026-05-12T12:35:20+00:00,43.51178099800433,16.365082897245884,132,2026-05-12T12:36:49.060533+00:00,491,1,2.415,910.902,144.9,260.19,1,Start,Finish,222,43.51087825005148,16.363954599943668,135,222,259,37,,,False,
2026-05-12T12:35:21+00:00,43.51177729799279,16.36505339294672,132,2026-05-12T12:36:49.060533+00:00,491,1,2.415,913.316,144.9,260.19,1,Start,Finish,222,43.51087825005148,16.363954599943668,134,222,259,37,,,False,
2026-05-12T12:35:22+00:00,43.51177359798125,16.365023888647556,131,2026-05-12T12:36:49.060533+00:00,491,1,2.415,915.731,144.9,260.19,1,Start,Finish,222,43.51087825005148,16.363954599943668,132,221,260,39,,,False,
2026-05-12T12:35:23+00:00,43.51176989796971,16.364994384348392,131,2026-05-12T12:36:49.060533+00:00,491,1,2.415,918.146,144.9,260.19,1,Start,Finish,222,43.51087825005148,16.363954599943668,130,220,261,41,,,False,
2026-05-12T12:35:24+00:00,43.51176619795816,16.36496488004923,131,2026-05-12T12:36:49.060533+00:00,491,1,2.415,920.56,144.9,260.19,1,Start,Finish,222,43.51087825005148,16.363954599943668,128,220,261,41,,,False,
2026-05-12T12:35:25+00:00,43.51176249794662,16.364935375750065,131,2026-05-12T12:36:49.060533+00:00,491,1,2.415,922.975,144.9,260.19,1,Start,Finish,222,43.51087825005148,16.363954599943668,126,219,261,42,,,False,
2026-05-12T12:35:26+00:00,43.51176015101373,16.364907338283956,129,2026-05-12T12:36:49.060533+00:00,491,1,2.276,925.251,136.56,263.416,1,Start,Finish,222,43.51087825005148,16.363954599943668,125,218,261,43,,,False,
2026-05-12T12:35:27+00:00,43.51175780408085,16.364879300817847,127,2026-05-12T12:36:49.060533+00:00,491,1,2.276,927.527,136.56,263.416,1,Start,Finish,222,43.51087825005148,16.363954599943668,123,217,260,43,,,False,
2026-05-12T12:35:28+00:00,43.511754870414734,16.364851179532707,126,2026-05-12T12:36:49.060533+00:00,491,1,2.291,929.818,137.46,261.814,1,Start,Finish,222,43.51087825005148,16.363954599943668,121,217,260,43,,,False,
2026-05-12T12:35:29+00:00,43.511751936748624,16.364823058247566,124,2026-05-12T12:36:49.060533+00:00,491,1,2.291,932.109,137.46,261.814,1,Start,Finish,222,43.51087825005148,16.363954599943668,120,216,259,43,,,False,
2026-05-12T12:35:30+00:00,43.51174701238051,16.364796780981123,125,2026-05-12T12:36:49.060533+00:00,491,1,2.189,934.298,131.34,255.512,1,Start,Finish,222,43.51087825005148,16.363954599943668,118,215,258,43,,,False,
2026-05-12T12:35:31+00:00,43.5117420880124,16.36477050371468,126,2026-05-12T12:36:49.060533+00:00,491,1,2.189,936.486,131.34,255.512,1,Start,Finish,222,43.51087825005148,16.363954599943668,116,214,257,43,,,False,
2026-05-12T12:35:32+00:00,43.51173716364429,16.364744226448238,126,2026-05-12T12:36:49.060533+00:00,491,1,2.189,938.675,131.34,255.512,1,Start,Finish,222,43.51087825005148,16.363954599943668,115,214,256,42,,,False,
2026-05-12T12:35:33+00:00,43.51173223927617,16.364717949181795,127,2026-05-12T12:36:49.060533+00:00,491,1,2.189,940.864,131.34,255.512,1,Start,Finish,222,43.51087825005148,16.363954599943668,113,213,255,42,,,False,
2026-05-12T12:35:34+00:00,43.51172659546137,16.36469140648842,127,2026-05-12T12:36:49.060533+00:00,491,1,2.231,943.094,133.86,253.659,1,Start,Finish,222,43.51087825005148,16.363954599943668,111,212,253,41,,,False,
2026-05-12T12:35:35+00:00,43.511720951646566,16.364664863795042,128,2026-05-12T12:36:49.060533+00:00,491,1,2.231,945.325,133.86,253.659,1,Start,Finish,222,43.51087825005148,16.363954599943668,110,211,253,42,,,False,
2026-05-12T12:35:36+00:00,43.51171530783176,16.364638321101665,128,2026-05-12T12:36:49.060533+00:00,491,1,2.231,947.555,133.86,253.659,1,Start,Finish,222,43.51087825005148,16.363954599943668,108,211,252,41,,,False,
2026-05-12T12:35:37+00:00,43.511706297285855,16.364607454743236,127,2026-05-12T12:36:49.060533+00:00,491,1,2.683,950.239,160.98,248.074,1,Start,Finish,222,43.51087825005148,16.363954599943668,106,210,251,41,,,False,
2026-05-12T12:35:38+00:00,43.511697286739945,16.364576588384807,126,2026-05-12T12:36:49.060533+00:00,491,1,2.683,952.922,160.98,248.074,1,Start,Finish,222,43.51087825005148,16.363954599943668,104,209,248,39,,,False,
2026-05-12T12:35:39+00:00,43.51168827619403,16.364545722026378,125,2026-05-12T12:36:49.060533+00:00,491,1,2.683,955.605,160.98,248.074,1,Start,Finish,222,43.51087825005148,16.363954599943668,102,208,246,38,,,False,
2026-05-12T12:35:40+00:00,43.51167926564813,16.36451485566795,124,2026-05-12T12:36:49.060533+00:00,491,1,2.683,958.288,160.98,248.074,1,Start,Finish,222,43.51087825005148,16.363954599943668,100,207,244,37,,,False,
2026-05-12T12:35:41+00:00,43.51166890561581,16.364490212872624,124,2026-05-12T12:36:49.060533+00:00,491,1,2.297,960.585,137.82,239.9,1,Start,Finish,222,43.51087825005148,16.363954599943668,98,206,243,37,,,False,
2026-05-12T12:35:42+00:00,43.51165854558349,16.3644655700773,124,2026-05-12T12:36:49.060533+00:00,491,1,2.297,962.882,137.82,239.9,1,Start,Finish,222,43.51087825005148,16.363954599943668,96,205,243,38,,,False,
2026-05-12T12:35:43+00:00,43.51164818555117,16.364440927281976,123,2026-05-12T12:36:49.060533+00:00,491,1,2.297,965.179,137.82,239.9,1,Start,Finish,222,43.51087825005148,16.363954599943668,94,205,242,37,,,False,
2026-05-12T12:35:44+00:00,43.51163782551885,16.36441628448665,123,2026-05-12T12:36:49.060533+00:00,491,1,2.297,967.476,137.82,239.9,1,Start,Finish,222,43.51087825005148,16.363954599943668,92,204,241,37,,,False,
2026-05-12T12:35:45+00:00,43.51162746548653,16.364391641691327,123,2026-05-12T12:36:49.060533+00:00,491,1,2.297,969.773,137.82,239.9,1,Start,Finish,222,43.51087825005148,16.363954599943668,90,203,240,37,,,False,
2026-05-12T12:35:46+00:00,43.51161728985608,16.3643680466339,123,2026-05-12T12:36:49.060533+00:00,491,1,2.214,971.987,132.84,239.262,1,Start,Finish,222,43.51087825005148,16.363954599943668,89,202,240,38,,,False,
2026-05-12T12:35:47+00:00,43.511607114225626,16.36434445157647,123,2026-05-12T12:36:49.060533+00:00,491,1,2.214,974.201,132.84,239.262,1,Start,Finish,222,43.51087825005148,16.363954599943668,87,201,239,38,,,False,
2026-05-12T12:35:48+00:00,43.511596938595176,16.364320856519043,123,2026-05-12T12:36:49.060533+00:00,491,1,2.214,976.415,132.84,239.262,1,Start,Finish,222,43.51087825005148,16.363954599943668,85,200,239,39,,,False,
2026-05-12T12:35:49+00:00,43.511586762964725,16.364297261461616,123,2026-05-12T12:36:49.060533+00:00,491,1,2.214,978.628,132.84,239.262,1,Start,Finish,222,43.51087825005148,16.363954599943668,83,199,239,40,,,False,
2026-05-12T12:35:50+00:00,43.511576587334275,16.364273666404188,122,2026-05-12T12:36:49.060533+00:00,491,1,2.214,980.842,132.84,239.262,1,Start,Finish,222,43.51087825005148,16.363954599943668,82,198,239,41,,,False,
2026-05-12T12:35:51+00:00,43.511566411703825,16.36425007134676,122,2026-05-12T12:36:49.060533+00:00,491,1,2.214,983.056,132.84,239.262,1,Start,Finish,222,43.51087825005148,16.363954599943668,80,197,239,42,,,False,
2026-05-12T12:35:52+00:00,43.511556236073375,16.364226476289332,122,2026-05-12T12:36:49.060533+00:00,491,1,2.214,985.27,132.84,239.262,1,Start,Finish,222,43.51087825005148,16.363954599943668,79,196,239,43,,,False,
2026-05-12T12:35:53+00:00,43.511546060442924,16.364202881231904,122,2026-05-12T12:36:49.060533+00:00,491,1,2.214,987.483,132.84,239.262,1,Start,Finish,222,43.51087825005148,16.363954599943668,77,195,238,43,,,False,
2026-05-12T12:35:54+00:00,43.511535884812474,16.364179286174476,122,2026-05-12T12:36:49.060533+00:00,491,1,2.214,989.697,132.84,239.262,1,Start,Finish,222,43.51087825005148,16.363954599943668,75,194,237,43,,,False,
2026-05-12T12:35:55+00:00,43.511525709182024,16.36415569111705,122,2026-05-12T12:36:49.060533+00:00,491,1,2.214,991.911,132.84,239.262,1,Start,Finish,222,43.51087825005148,16.363954599943668,74,193,237,44,,,False,
2026-05-12T12:35:56+00:00,43.511513866750256,16.364133431177056,122,2026-05-12T12:36:49.060533+00:00,491,1,2.226,994.137,133.56,233.738,1,Start,Finish,222,43.51087825005148,16.363954599943668,72,192,236,44,,,False,
2026-05-12T12:35:57+00:00,43.51150202431849,16.36411117123706,122,2026-05-12T12:36:49.060533+00:00,491,1,2.226,996.364,133.56,233.738,1,Start,Finish,222,43.51087825005148,16.363954599943668,71,190,236,46,,,False,
2026-05-12T12:35:58+00:00,43.51149018188672,16.364088911297067,122,2026-05-12T12:36:49.060533+00:00,491,1,2.226,998.59,133.56,233.738,1,Start,Finish,222,43.51087825005148,16.363954599943668,69,189,235,46,,,False,
2026-05-12T12:35:59+00:00,43.51147833945496,16.36406665135707,121,2026-05-12T12:36:49.060533+00:00,491,1,2.226,1000.816,133.56,233.738,1,Start,Finish,222,43.51087825005148,16.363954599943668,67,188,235,47,,,False,
2026-05-12T12:36:00+00:00,43.51146649702319,16.364044391417078,121,2026-05-12T12:36:49.060533+00:00,491,1,2.226,1003.043,133.56,233.738,1,Start,Finish,222,43.51087825005148,16.363954599943668,66,186,234,48,,,False,
2026-05-12T12:36:01+00:00,43.511454654591425,16.364022131477082,121,2026-05-12T12:36:49.060533+00:00,491,1,2.226,1005.269,133.56,233.738,1,Start,Finish,222,43.51087825005148,16.363954599943668,64,185,234,49,,,False,
2026-05-12T12:36:02+00:00,43.51144281215966,16.36399987153709,121,2026-05-12T12:36:49.060533+00:00,491,1,2.226,1007.495,133.56,233.738,1,Start,Finish,222,43.51087825005148,16.363954599943668,63,183,235,52,,,False,
2026-05-12T12:36:03+00:00,43.51143174804747,16.363977743312716,119,2026-05-12T12:36:49.060533+00:00,491,1,2.167,1009.663,130.02,235.416,1,Start,Finish,222,43.51087825005148,16.363954599943668,62,182,236,54,,,False,
2026-05-12T12:36:04+00:00,43.511420683935285,16.363955615088344,117,2026-05-12T12:36:49.060533+00:00,491,1,2.167,1011.83,130.02,235.416,1,Start,Finish,222,43.51087825005148,16.363954599943668,60,180,236,56,,,False,
2026-05-12T12:36:05+00:00,43.51140710525215,16.363930804654956,114,2026-05-12T12:36:49.060533+00:00,491,1,2.507,1014.337,150.42,232.96,1,Start,Finish,222,43.51087825005148,16.363954599943668,59,178,237,59,,,False,
2026-05-12T12:36:06+00:00,43.51139805279672,16.36390819447115,115,2026-05-12T12:36:49.060533+00:00,491,1,2.083,1016.419,124.98,241.099,1,Start,Finish,222,43.51087825005148,16.363954599943668,58,176,238,62,,,False,
2026-05-12T12:36:07+00:00,43.511389000341296,16.363885584287345,116,2026-05-12T12:36:49.060533+00:00,491,1,2.083,1018.502,124.98,241.099,1,Start,Finish,222,43.51087825005148,16.363954599943668,57,174,239,65,,,False,
2026-05-12T12:36:08+00:00,43.51137994788587,16.36386297410354,116,2026-05-12T12:36:49.060533+00:00,491,1,2.083,1020.585,124.98,241.099,1,Start,Finish,222,43.51087825005148,16.363954599943668,56,172,232,60,,,False,
2026-05-12T12:36:09+00:00,43.511370895430446,16.363840363919735,117,2026-05-12T12:36:49.060533+00:00,491,1,2.083,1022.668,124.98,241.099,1,Start,Finish,222,43.51087825005148,16.363954599943668,56,170,228,58,,,False,
2026-05-12T12:36:10+00:00,43.51136171724647,16.363816978409886,119,2026-05-12T12:36:49.060533+00:00,491,1,2.144,1024.812,128.64,241.579,1,Start,Finish,222,43.51087825005148,16.363954599943668,55,168,221,53,,,False,
2026-05-12T12:36:11+00:00,43.5113525390625,16.363793592900038,121,2026-05-12T12:36:49.060533+00:00,491,1,2.144,1026.956,128.64,241.579,1,Start,Finish,222,43.51087825005148,16.363954599943668,54,166,207,41,,,False,
2026-05-12T12:36:12+00:00,43.51134080439806,16.363781858235598,123,2026-05-12T12:36:49.060533+00:00,491,1,1.612,1028.568,96.72,215.951,1,Start,Finish,222,43.51087825005148,16.363954599943668,53,165,203,38,,,False,
2026-05-12T12:36:13+00:00,43.51132994983345,16.3637800142169,124,2026-05-12T12:36:49.060533+00:00,491,1,1.216,1029.784,72.96,187.024,1,Start,Finish,222,43.51087825005148,16.363954599943668,52,164,197,33,,,False,
2026-05-12T12:36:14+00:00,43.511319095268846,16.363778170198202,126,2026-05-12T12:36:49.060533+00:00,491,1,1.216,1031.0,72.96,187.024,1,Start,Finish,222,43.51087825005148,16.363954599943668,51,164,192,28,,,False,
2026-05-12T12:36:15+00:00,43.51130316965282,16.363787557929754,127,2026-05-12T12:36:49.060533+00:00,491,1,1.926,1032.926,115.56,156.853,1,Start,Finish,222,43.51087825005148,16.363954599943668,49,164,181,17,,,False,
2026-05-12T12:36:16+00:00,43.511287244036794,16.363796945661306,128,2026-05-12T12:36:49.060533+00:00,491,1,1.926,1034.852,115.56,156.853,1,Start,Finish,222,43.51087825005148,16.363954599943668,47,164,171,7,,,False,
2026-05-12T12:36:17+00:00,43.51127131842077,16.36380633339286,129,2026-05-12T12:36:49.060533+00:00,491,1,1.926,1036.778,115.56,156.853,1,Start,Finish,222,43.51087825005148,16.363954599943668,45,165,169,4,,,False,
2026-05-12T12:36:18+00:00,43.5112546174787,16.363823694409803,129,2026-05-12T12:36:49.060533+00:00,491,1,2.326,1039.104,139.56,142.987,1,Start,Finish,222,43.51087825005148,16.363954599943668,43,166,156,10,,,False,
2026-05-12T12:36:19+00:00,43.51123791653663,16.363841055426747,129,2026-05-12T12:36:49.060533+00:00,491,1,2.326,1041.429,139.56,142.987,1,Start,Finish,222,43.51087825005148,16.363954599943668,41,167,148,19,,,False,
2026-05-12T12:36:20+00:00,43.51122121559456,16.36385841644369,129,2026-05-12T12:36:49.060533+00:00,491,1,2.326,1043.755,139.56,142.987,1,Start,Finish,222,43.51087825005148,16.363954599943668,39,169,146,23,,,False,
2026-05-12T12:36:21+00:00,43.51120451465249,16.363875777460635,128,2026-05-12T12:36:49.060533+00:00,491,1,2.326,1046.081,139.56,142.987,1,Start,Finish,222,43.51087825005148,16.363954599943668,37,170,145,25,,,False,
2026-05-12T12:36:22+00:00,43.51118781371042,16.36389313847758,128,2026-05-12T12:36:49.060533+00:00,491,1,2.326,1048.406,139.56,142.987,1,Start,Finish,222,43.51087825005148,16.363954599943668,35,172,144,28,,,False,
2026-05-12T12:36:23+00:00,43.51117111276835,16.363910499494523,128,2026-05-12T12:36:49.060533+00:00,491,1,2.326,1050.732,139.56,142.987,1,Start,Finish,222,43.51087825005148,16.363954599943668,33,174,146,28,,,False,
2026-05-12T12:36:24+00:00,43.51115441182628,16.363927860511467,128,2026-05-12T12:36:49.060533+00:00,491,1,2.326,1053.058,139.56,142.987,1,Start,Finish,222,43.51087825005148,16.363954599943668,31,176,147,29,,,False,
2026-05-12T12:36:25+00:00,43.51113771088421,16.36394522152841,128,2026-05-12T12:36:49.060533+00:00,491,1,2.326,1055.383,139.56,142.987,1,Start,Finish,222,43.51087825005148,16.363954599943668,29,178,148,30,,,False,
2026-05-12T12:36:26+00:00,43.51112358737737,16.363955405540764,128,2026-05-12T12:36:49.060533+00:00,491,1,1.772,1057.156,106.32,152.393,1,Start,Finish,222,43.51087825005148,16.363954599943668,27,180,149,31,,,False,
2026-05-12T12:36:27+00:00,43.511109463870525,16.363965589553118,128,2026-05-12T12:36:49.060533+00:00,491,1,1.772,1058.928,106.32,152.393,1,Start,Finish,222,43.51087825005148,16.363954599943668,26,182,150,32,,,False,
2026-05-12T12:36:28+00:00,43.51109534036368,16.36397577356547,128,2026-05-12T12:36:49.060533+00:00,491,1,1.772,1060.7,106.32,152.393,1,Start,Finish,222,43.51087825005148,16.363954599943668,24,184,150,34,,,False,
2026-05-12T12:36:29+00:00,43.51108121685684,16.363985957577825,128,2026-05-12T12:36:49.060533+00:00,491,1,1.772,1062.472,106.32,152.393,1,Start,Finish,222,43.51087825005148,16.363954599943668,23,186,151,35,,,False,
2026-05-12T12:36:30+00:00,43.51106709334999,16.363996141590178,128,2026-05-12T12:36:49.060533+00:00,491,1,1.772,1064.245,106.32,152.393,1,Start,Finish,222,43.51087825005148,16.363954599943668,21,189,156,33,,,False,
2026-05-12T12:36:31+00:00,43.51105296984315,16.36400632560253,127,2026-05-12T12:36:49.060533+00:00,491,1,1.772,1066.017,106.32,152.393,1,Start,Finish,222,43.51087825005148,16.363954599943668,20,192,163,29,,,False,
2026-05-12T12:36:32+00:00,43.511038846336305,16.364016509614885,127,2026-05-12T12:36:49.060533+00:00,491,1,1.772,1067.789,106.32,152.393,1,Start,Finish,222,43.51087825005148,16.363954599943668,19,196,169,27,,,False,
2026-05-12T12:36:33+00:00,43.51102472282946,16.36402669362724,127,2026-05-12T12:36:49.060533+00:00,491,1,1.772,1069.561,106.32,152.393,1,Start,Finish,222,43.51087825005148,16.363954599943668,17,200,182,18,,,False,
2026-05-12T12:36:34+00:00,43.51101059932262,16.36403687763959,127,2026-05-12T12:36:49.060533+00:00,491,1,1.772,1071.334,106.32,152.393,1,Start,Finish,222,43.51087825005148,16.363954599943668,16,204,189,15,,,False,
2026-05-12T12:36:35+00:00,43.51099647581577,16.364047061651945,127,2026-05-12T12:36:49.060533+00:00,491,1,1.772,1073.106,106.32,152.393,1,Start,Finish,222,43.51087825005148,16.363954599943668,15,210,196,14,,,False,
2026-05-12T12:36:36+00:00,43.51098963059485,16.36403739452362,127,2026-05-12T12:36:49.060533+00:00,491,1,1.09,1074.195,65.4,225.686,1,Start,Finish,222,43.51087825005148,16.363954599943668,14,208,199,9,,,False,
2026-05-12T12:36:37+00:00,43.510982785373926,16.364027727395296,127,2026-05-12T12:36:49.060533+00:00,491,1,1.09,1075.285,65.4,225.686,1,Start,Finish,222,43.51087825005148,16.363954599943668,13,207,203,4,,,False,
2026-05-12T12:36:38+00:00,43.510975940153,16.36401806026697,127,2026-05-12T12:36:49.060533+00:00,491,1,1.09,1076.374,65.4,225.686,1,Start,Finish,222,43.51087825005148,16.363954599943668,12,205,210,5,,,False,
2026-05-12T12:36:39+00:00,43.510971162468195,16.36400129646063,127,2026-05-12T12:36:49.060533+00:00,491,1,1.453,1077.827,87.18,248.547,1,Start,Finish,222,43.51087825005148,16.363954599943668,11,200,208,8,,,False,
2026-05-12T12:36:40+00:00,43.51096638478339,16.363984532654285,127,2026-05-12T12:36:49.060533+00:00,491,1,1.453,1079.279,87.18,248.547,1,Start,Finish,222,43.51087825005148,16.363954599943668,10,194,205,11,,,False,
2026-05-12T12:36:41+00:00,43.5109573113732,16.363970094826072,127,2026-05-12T12:36:49.060533+00:00,491,1,1.541,1080.82,92.46,229.09,1,Start,Finish,222,43.51087825005148,16.363954599943668,9,188,205,17,,,False,
2026-05-12T12:36:42+00:00,43.51094823796302,16.36395565699786,127,2026-05-12T12:36:49.060533+00:00,491,1,1.541,1082.361,92.46,229.09,1,Start,Finish,222,43.51087825005148,16.363954599943668,8,181,205,24,,,False,
2026-05-12T12:36:43+00:00,43.51093916455284,16.363941219169647,127,2026-05-12T12:36:49.060533+00:00,491,1,1.541,1083.901,92.46,229.09,1,Start,Finish,222,43.51087825005148,16.363954599943668,7,171,206,35,,,False,
2026-05-12T12:36:44+00:00,43.510930091142654,16.363926781341434,127,2026-05-12T12:36:49.060533+00:00,491,1,1.541,1085.442,92.46,229.09,1,Start,Finish,222,43.51087825005148,16.363954599943668,6,159,198,39,,,False,
2026-05-12T12:36:45+00:00,43.51091994903982,16.363928457722068,127,2026-05-12T12:36:49.060533+00:00,491,1,1.136,1086.578,68.16,173.164,1,Start,Finish,222,43.51087825005148,16.363954599943668,5,156,189,33,,,False,
2026-05-12T12:36:46+00:00,43.51090980693698,16.363930134102702,127,2026-05-12T12:36:49.060533+00:00,491,1,1.136,1087.714,68.16,173.164,1,Start,Finish,222,43.51087825005148,16.363954599943668,4,151,181,30,,,False,
2026-05-12T12:36:47+00:00,43.51089886855334,16.363935945555568,126,2026-05-12T12:36:49.060533+00:00,491,1,1.303,1089.017,78.18,158.928,1,Start,Finish,222,43.51087825005148,16.363954599943668,3,147,172,25,,,False,
2026-05-12T12:36:48+00:00,43.5108879301697,16.363941757008433,126,2026-05-12T12:36:49.060533+00:00,491,1,1.303,1090.321,78.18,158.928,1,Start,Finish,222,43.51087825005148,16.363954599943668,1,136,164,28,,,False,
2026-05-12T12:36:49+00:00,43.51087699178606,16.3639475684613,125,2026-05-12T12:36:49.060533+00:00,491,1,1.303,1091.624,78.18,158.928,1,Start,Finish,222,43.51087825005148,16.363954599943668,1,76,157,81,,,False,
2026-05-12T12:36:50+00:00,43.510866053402424,16.363953379914165,124,2026-05-12T12:36:49.060533+00:00,491,1,1.303,1092.927,78.18,158.928,1,Start,Finish,222,43.51087825005148,16.363954599943668,1,4,152,148,,,False,
2026-05-12T12:36:51+00:00,43.510855115018785,16.36395919136703,124,2026-05-12T12:36:49.060533+00:00,491,1,1.303,1094.231,78.18,158.928,1,Start,Finish,222,43.51087825005148,16.363954599943668,3,352,148,156,,,False,
2026-05-12T12:36:52+00:00,43.510844176635146,16.363965002819896,123,2026-05-12T12:36:49.060533+00:00,491,1,1.303,1095.534,78.18,158.928,1,Start,Finish,222,43.51087825005148,16.363954599943668,4,348,144,156,,,False,
2026-05-12T12:36:53+00:00,43.51084025576711,16.363970590755343,123,2026-05-12T12:36:49.060533+00:00,491,1,0.627,1096.161,37.62,134.053,1,Start,Finish,222,43.51087825005148,16.363954599943668,4,343,143,160,,,False,
2026-05-12T12:36:54+00:00,43.51083633489907,16.36397617869079,123,2026-05-12T12:36:49.060533+00:00,491,1,0.627,1096.788,37.62,134.053,1,Start,Finish,222,43.51087825005148,16.363954599943668,5,340,142,162,,,False,
2026-05-12T12:36:55+00:00,43.51083241403103,16.36398176662624,123,2026-05-12T12:36:49.060533+00:00,491,1,0.627,1097.415,37.62,134.053,1,Start,Finish,222,43.51087825005148,16.363954599943668,6,337,142,165,,,False,
2026-05-12T12:36:56+00:00,43.51082849316299,16.363987354561687,123,2026-05-12T12:36:49.060533+00:00,491,1,0.627,1098.042,37.62,134.053,1,Start,Finish,222,43.51087825005148,16.363954599943668,6,334,140,166,,,False,
2026-05-12T12:36:57+00:00,43.51082457229495,16.363992942497134,124,2026-05-12T12:36:49.060533+00:00,491,1,0.627,1098.669,37.62,134.053,1,Start,Finish,222,43.51087825005148,16.363954599943668,7,333,139,166,,,False,
2026-05-12T12:36:58+00:00,43.51082065142691,16.363998530432582,124,2026-05-12T12:36:49.060533+00:00,491,1,0.627,1099.296,37.62,134.053,1,Start,Finish,222,43.51087825005148,16.363954599943668,7,331,138,167,,,False,
2026-05-12T12:36:59+00:00,43.51081673055887,16.36400411836803,124,2026-05-12T12:36:49.060533+00:00,491,1,0.627,1099.924,37.62,134.053,1,Start,Finish,222,43.51087825005148,16.363954599943668,8,330,138,168,,,False,
2026-05-12T12:37:00+00:00,43.51081280969083,16.364009706303477,124,2026-05-12T12:36:49.060533+00:00,491,1,0.627,1100.551,37.62,134.053,1,Start,Finish,222,43.51087825005148,16.363954599943668,9,329,137,168,,,False,
2026-05-12T12:37:01+00:00,43.510808888822794,16.364015294238925,124,2026-05-12T12:36:49.060533+00:00,491,1,0.627,1101.178,37.62,134.053,1,Start,Finish,222,43.51087825005148,16.363954599943668,9,328,137,169,,,False,
2026-05-12T12:37:02+00:00,43.51080486550927,16.364022167399526,122,2026-05-12T12:36:49.060533+00:00,491,1,0.712,1101.89,42.72,128.908,1,Start,Finish,222,43.51087825005148,16.363954599943668,10,326,135,169,,,False,
2026-05-12T12:37:03+00:00,43.51080084219575,16.364029040560126,119,2026-05-12T12:36:49.060533+00:00,491,1,0.712,1102.602,42.72,128.908,1,Start,Finish,222,43.51087825005148,16.363954599943668,10,325,134,169,,,False,
2026-05-12T12:37:04+00:00,43.510794723406434,16.36403658427298,118,2026-05-12T12:36:49.060533+00:00,491,1,0.913,1103.515,54.78,138.199,1,Start,Finish,222,43.51087825005148,16.363954599943668,11,325,131,166,,,False,
2026-05-12T12:37:05+00:00,43.51078860461712,16.364044127985835,116,2026-05-12T12:36:49.060533+00:00,491,1,0.913,1104.428,54.78,138.199,1,Start,Finish,222,43.51087825005148,16.363954599943668,12,324,126,162,,,False,
2026-05-12T12:37:06+00:00,43.51078382693231,16.36405185610056,116,2026-05-12T12:36:49.060533+00:00,491,1,0.819,1105.246,49.14,130.445,1,Start,Finish,222,43.51087825005148,16.363954599943668,13,323,122,159,,,False,
2026-05-12T12:37:07+00:00,43.5107790492475,16.364059584215283,116,2026-05-12T12:36:49.060533+00:00,491,1,0.819,1106.065,49.14,130.445,1,Start,Finish,222,43.51087825005148,16.363954599943668,14,322,118,156,,,False,
2026-05-12T12:37:08+00:00,43.510774271562696,16.364067312330008,115,2026-05-12T12:36:49.060533+00:00,491,1,0.819,1106.884,49.14,130.445,1,Start,Finish,222,43.51087825005148,16.363954599943668,15,322,116,154,,,False,
2026-05-12T12:37:09+00:00,43.51076949387789,16.36407504044473,115,2026-05-12T12:36:49.060533+00:00,491,1,0.819,1107.703,49.14,130.445,1,Start,Finish,222,43.51087825005148,16.363954599943668,16,321,113,152,,,False,
2026-05-12T12:37:10+00:00,43.51076471619308,16.364082768559456,115,2026-05-12T12:36:49.060533+00:00,491,1,0.819,1108.522,49.14,130.445,1,Start,Finish,222,43.51087825005148,16.363954599943668,16,321,112,151,,,False,
2026-05-12T12:37:11+00:00,43.510760609060526,16.364089683629572,116,2026-05-12T12:36:49.060533+00:00,491,1,0.721,1109.243,43.26,129.316,1,Start,Finish,222,43.51087825005148,16.363954599943668,17,320,110,150,,,False,
2026-05-12T12:37:12+00:00,43.51075650192797,16.36409659869969,116,2026-05-12T12:36:49.060533+00:00,491,1,0.721,1109.964,43.26,129.316,1,Start,Finish,222,43.51087825005148,16.363954599943668,18,320,108,148,,,False,
2026-05-12T12:37:13+00:00,43.51075239479542,16.364103513769805,117,2026-05-12T12:36:49.060533+00:00,491,1,0.721,1110.685,43.26,129.316,1,Start,Finish,222,43.51087825005148,16.363954599943668,18,319,107,148,,,False,
2026-05-12T12:37:14+00:00,43.510748287662864,16.364110428839922,118,2026-05-12T12:36:49.060533+00:00,491,1,0.721,1111.405,43.26,129.316,1,Start,Finish,222,43.51087825005148,16.363954599943668,19,319,107,148,,,False,
2026-05-12T12:37:15+00:00,43.510746150277555,16.364114829339087,116,2026-05-12T12:36:49.060533+00:00,491,1,0.427,1111.832,25.62,123.811,1,Start,Finish,222,43.51087825005148,16.363954599943668,20,319,107,148,,,False,
2026-05-12T12:37:16+00:00,43.510744012892246,16.364119229838252,115,2026-05-12T12:36:49.060533+00:00,491,1,0.427,1112.26,25.62,123.811,1,Start,Finish,222,43.51087825005148,16.363954599943668,20,318,107,149,,,False,
2026-05-12T12:37:17+00:00,43.51074313279241,16.364123253151774,113,2026-05-12T12:36:49.060533+00:00,491,1,0.339,1112.598,20.34,106.784,1,Start,Finish,222,43.51087825005148,16.363954599943668,20,318,107,149,,,False,
2026-05-12T12:37:18+00:00,43.51074225269258,16.364127276465297,111,2026-05-12T12:36:49.060533+00:00,491,1,0.339,1112.937,20.34,106.784,1,Start,Finish,222,43.51087825005148,16.363954599943668,21,317,107,150,,,False,
2026-05-12T12:37:19+00:00,43.51074183359742,16.364131635054946,110,2026-05-12T12:36:49.060533+00:00,491,1,0.355,1113.292,21.3,97.552,1,Start,Finish,222,43.51087825005148,16.363954599943668,21,317,107,150,,,False,
2026-05-12T12:37:20+00:00,43.51074185455218,16.364135595504194,109,2026-05-12T12:36:49.060533+00:00,491,1,0.319,1113.611,19.14,89.582,1,Start,Finish,222,43.51087825005148,16.363954599943668,21,316,107,151,,,False,
2026-05-12T12:37:21+00:00,43.51074187550694,16.364139555953443,108,2026-05-12T12:36:49.060533+00:00,491,1,0.319,1113.931,19.14,89.582,1,Start,Finish,222,43.51087825005148,16.363954599943668,21,315,107,152,,,False,
2026-05-12T12:37:22+00:00,43.510741896461695,16.36414351640269,108,2026-05-12T12:36:49.060533+00:00,491,1,0.319,1114.25,19.14,89.582,1,Start,Finish,222,43.51087825005148,16.363954599943668,21,315,107,152,,,False,
2026-05-12T12:37:23+00:00,43.51074191741645,16.36414747685194,107,2026-05-12T12:36:49.060533+00:00,491,1,0.319,1114.569,19.14,89.582,1,Start,Finish,222,43.51087825005148,16.363954599943668,22,314,106,152,,,False,
2026-05-12T12:37:24+00:00,43.510742615908384,16.364151472225785,106,2026-05-12T12:36:49.060533+00:00,491,1,0.331,1114.901,19.86,76.447,1,Start,Finish,222,43.51087825005148,16.363954599943668,22,314,107,153,,,False,
2026-05-12T12:37:25+00:00,43.510743314400315,16.36415546759963,105,2026-05-12T12:36:49.060533+00:00,491,1,0.331,1115.232,19.86,76.447,1,Start,Finish,222,43.51087825005148,16.363954599943668,22,313,107,154,,,False,
2026-05-12T12:37:26+00:00,43.510744012892246,16.364159462973475,104,2026-05-12T12:36:49.060533+00:00,491,1,0.331,1115.564,19.86,76.447,1,Start,Finish,222,43.51087825005148,16.363954599943668,22,312,107,155,,,False,
2026-05-12T12:37:27+00:00,43.510745856910944,16.36416449211538,98,2026-05-12T12:36:49.060533+00:00,491,1,0.454,1116.018,27.24,63.18,1,Start,Finish,222,43.51087825005148,16.363954599943668,22,311,107,156,,,False,
2026-05-12T12:37:28+00:00,43.51074711419642,16.36416994035244,94,2026-05-12T12:36:49.060533+00:00,491,1,0.461,1116.479,27.66,72.349,1,Start,Finish,222,43.51087825005148,16.363954599943668,23,310,107,157,,,False,
2026-05-12T12:37:29+00:00,43.51074770092964,16.364176897332072,90,2026-05-12T12:36:49.060533+00:00,491,1,0.565,1117.044,33.9,83.367,1,Start,Finish,222,43.51087825005148,16.363954599943668,23,309,108,159,,,False,
2026-05-12T12:37:30+00:00,43.51074904203415,16.364183351397514,90,2026-05-12T12:36:49.060533+00:00,491,1,0.541,1117.586,32.46,74.012,1,Start,Finish,222,43.51087825005148,16.363954599943668,23,308,108,160,,,False,
2026-05-12T12:37:31+00:00,43.51074967067689,16.364192026667297,92,2026-05-12T12:36:49.060533+00:00,491,1,0.703,1118.289,42.18,84.294,1,Start,Finish,222,43.51087825005148,16.363954599943668,24,307,108,161,,,False,
2026-05-12T12:37:32+00:00,43.510750299319625,16.36420070193708,94,2026-05-12T12:36:49.060533+00:00,491,1,0.703,1118.992,42.18,84.294,1,Start,Finish,222,43.51087825005148,16.363954599943668,24,306,108,162,,,False,
2026-05-12T12:37:33+00:00,43.51075004786253,16.364209838211536,97,2026-05-12T12:36:49.060533+00:00,491,1,0.737,1119.729,44.22,92.173,1,Start,Finish,222,43.51087825005148,16.363954599943668,25,305,108,163,,,False,
2026-05-12T12:37:34+00:00,43.51074895821512,16.3642203155905,97,2026-05-12T12:36:49.060533+00:00,491,1,0.854,1120.583,51.24,98.161,1,Start,Finish,222,43.51087825005148,16.363954599943668,26,304,108,164,,,False,
2026-05-12T12:37:35+00:00,43.510745090565514,16.36422687742327,97,2026-05-12T12:36:49.060533+00:00,491,1,0.682,1121.264,40.92,129.101,1,Start,Finish,222,43.51087825005148,16.363954599943668,26,304,108,164,,,False,
2026-05-12T12:37:36+00:00,43.510741222915904,16.364233439256036,97,2026-05-12T12:36:49.060533+00:00,491,1,0.682,1121.946,40.92,129.101,1,Start,Finish,222,43.51087825005148,16.363954599943668,27,304,107,163,,,False,
2026-05-12T12:37:37+00:00,43.5107373552663,16.364240001088806,97,2026-05-12T12:36:49.060533+00:00,491,1,0.682,1122.628,40.92,129.101,1,Start,Finish,222,43.51087825005148,16.363954599943668,28,304,107,163,,,False,
2026-05-12T12:37:38+00:00,43.51073348761669,16.364246562921576,97,2026-05-12T12:36:49.060533+00:00,491,1,0.682,1123.31,40.92,129.101,1,Start,Finish,222,43.51087825005148,16.363954599943668,29,304,108,164,,,False,
2026-05-12T12:37:39+00:00,43.51072961996709,16.364253124754345,97,2026-05-12T12:36:49.060533+00:00,491,1,0.682,1123.992,40.92,129.101,1,Start,Finish,222,43.51087825005148,16.363954599943668,29,304,110,166,,,False,
2026-05-12T12:37:40+00:00,43.51072575231748,16.36425968658711,97,2026-05-12T12:36:49.060533+00:00,491,1,0.682,1124.674,40.92,129.101,1,Start,Finish,222,43.51087825005148,16.363954599943668,30,305,113,168,,,False,
2026-05-12T12:37:41+00:00,43.51072188466787,16.36426624841988,97,2026-05-12T12:36:49.060533+00:00,491,1,0.682,1125.356,40.92,129.101,1,Start,Finish,222,43.51087825005148,16.363954599943668,31,305,116,171,,,False,
2026-05-12T12:37:42+00:00,43.51071654818952,16.364272283390164,96,2026-05-12T12:36:49.060533+00:00,491,1,0.767,1126.123,46.02,140.642,1,Start,Finish,222,43.51087825005148,16.363954599943668,31,305,122,177,,,False,
2026-05-12T12:37:43+00:00,43.51071121171117,16.364278318360448,95,2026-05-12T12:36:49.060533+00:00,491,1,0.767,1126.891,46.02,140.642,1,Start,Finish,222,43.51087825005148,16.363954599943668,32,305,124,179,,,False,
2026-05-12T12:37:44+00:00,43.510705875232816,16.36428435333073,94,2026-05-12T12:36:49.060533+00:00,491,1,0.767,1127.658,46.02,140.642,1,Start,Finish,222,43.51087825005148,16.363954599943668,33,306,129,177,,,False,
2026-05-12T12:37:45+00:00,43.51069837342948,16.364292986690998,92,2026-05-12T12:36:49.060533+00:00,491,1,1.087,1128.745,65.22,140.15,1,Start,Finish,222,43.51087825005148,16.363954599943668,34,306,133,173,,,False,
2026-05-12T12:37:46+00:00,43.51069087162614,16.364301620051265,91,2026-05-12T12:36:49.060533+00:00,491,1,1.087,1129.831,65.22,140.15,1,Start,Finish,222,43.51087825005148,16.363954599943668,35,307,137,170,,,False,
2026-05-12T12:37:47+00:00,43.51068012183532,16.36431088205427,92,2026-05-12T12:36:49.060533+00:00,491,1,1.409,1131.241,84.54,148.0,1,Start,Finish,222,43.51087825005148,16.363954599943668,36,307,140,167,,,False,
2026-05-12T12:37:48+00:00,43.510669372044504,16.364320144057274,92,2026-05-12T12:36:49.060533+00:00,491,1,1.409,1132.65,84.54,148.0,1,Start,Finish,222,43.51087825005148,16.363954599943668,38,308,142,166,,,False,
2026-05-12T12:37:49+00:00,43.510658622253686,16.36432940606028,93,2026-05-12T12:36:49.060533+00:00,491,1,1.409,1134.06,84.54,148.0,1,Start,Finish,222,43.51087825005148,16.363954599943668,39,309,143,166,,,False,
2026-05-12T12:37:50+00:00,43.51064787246287,16.364338668063283,94,2026-05-12T12:36:49.060533+00:00,491,1,1.409,1135.469,84.54,148.0,1,Start,Finish,222,43.51087825005148,16.363954599943668,40,310,145,165,,,False,
2026-05-12T12:37:51+00:00,43.51063622161746,16.364347552880645,92,2026-05-12T12:36:49.060533+00:00,491,1,1.48,1136.95,88.8,151.055,1,Start,Finish,222,43.51087825005148,16.363954599943668,42,310,146,164,,,False,
2026-05-12T12:37:52+00:00,43.51062457077205,16.364356437698007,91,2026-05-12T12:36:49.060533+00:00,491,1,1.48,1138.43,88.8,151.055,1,Start,Finish,222,43.51087825005148,16.363954599943668,43,311,146,165,,,False,
2026-05-12T12:37:53+00:00,43.51061484776437,16.364365364424884,90,2026-05-12T12:36:49.060533+00:00,491,1,1.299,1139.729,77.94,146.342,1,Start,Finish,222,43.51087825005148,16.363954599943668,44,311,147,164,,,False,
2026-05-12T12:37:54+00:00,43.510605124756694,16.364374291151762,88,2026-05-12T12:36:49.060533+00:00,491,1,1.299,1141.028,77.94,146.342,1,Start,Finish,222,43.51087825005148,16.363954599943668,45,312,147,165,,,False,
2026-05-12T12:37:55+00:00,43.51059609325603,16.364383071195334,89,2026-05-12T12:36:49.060533+00:00,491,1,1.229,1142.257,73.74,144.814,1,Start,Finish,222,43.51087825005148,16.363954599943668,47,312,147,165,,,False,
2026-05-12T12:37:56+00:00,43.51058706175536,16.364391851238906,90,2026-05-12T12:36:49.060533+00:00,491,1,1.229,1143.485,73.74,144.814,1,Start,Finish,222,43.51087825005148,16.363954599943668,48,313,147,166,,,False,
2026-05-12T12:37:57+00:00,43.51057803025469,16.36440063128248,90,2026-05-12T12:36:49.060533+00:00,491,1,1.229,1144.714,73.74,144.814,1,Start,Finish,222,43.51087825005148,16.363954599943668,49,313,147,166,,,False,
2026-05-12T12:37:58+00:00,43.510568998754025,16.36440941132605,91,2026-05-12T12:36:49.060533+00:00,491,1,1.229,1145.943,73.74,144.814,1,Start,Finish,222,43.51087825005148,16.363954599943668,50,313,146,167,,,False,
2026-05-12T12:37:59+00:00,43.51055719424039,16.364420475438237,90,2026-05-12T12:36:49.060533+00:00,491,1,1.587,1147.53,95.22,145.794,1,Start,Finish,222,43.51087825005148,16.363954599943668,52,314,146,168,,,False,
2026-05-12T12:38:00+00:00,43.51054538972676,16.364431539550424,90,2026-05-12T12:36:49.060533+00:00,491,1,1.587,1149.117,95.22,145.794,1,Start,Finish,222,43.51087825005148,16.363954599943668,53,314,146,168,,,False,
2026-05-12T12:38:01+00:00,43.510533585213125,16.36444260366261,90,2026-05-12T12:36:49.060533+00:00,491,1,1.587,1150.704,95.22,145.794,1,Start,Finish,222,43.51087825005148,16.363954599943668,55,314,147,167,,,False,
2026-05-12T12:38:02+00:00,43.51052178069949,16.364453667774796,89,2026-05-12T12:36:49.060533+00:00,491,1,1.587,1152.292,95.22,145.794,1,Start,Finish,222,43.51087825005148,16.363954599943668,56,315,147,168,,,False,
2026-05-12T12:38:03+00:00,43.51050997618586,16.364464731886983,88,2026-05-12T12:36:49.060533+00:00,491,1,1.587,1153.879,95.22,145.794,1,Start,Finish,222,43.51087825005148,16.363954599943668,58,315,148,167,,,False,
2026-05-12T12:38:04+00:00,43.510498171672225,16.36447579599917,88,2026-05-12T12:36:49.060533+00:00,491,1,1.587,1155.466,95.22,145.794,1,Start,Finish,222,43.51087825005148,16.363954599943668,60,315,149,166,,,False,
2026-05-12T12:38:05+00:00,43.51048526354134,16.364486273378134,88,2026-05-12T12:36:49.060533+00:00,491,1,1.666,1157.131,99.96,149.516,1,Start,Finish,222,43.51087825005148,16.363954599943668,61,316,149,167,,,False,
2026-05-12T12:38:06+00:00,43.51047302596271,16.364495744928718,90,2026-05-12T12:36:49.060533+00:00,491,1,1.56,1158.692,93.6,150.694,1,Start,Finish,222,43.51087825005148,16.363954599943668,63,316,150,166,,,False,
2026-05-12T12:38:07+00:00,43.51046078838408,16.3645052164793,91,2026-05-12T12:36:49.060533+00:00,491,1,1.56,1160.252,93.6,150.694,1,Start,Finish,222,43.51087825005148,16.363954599943668,64,316,151,165,,,False,
2026-05-12T12:38:08+00:00,43.51044745068066,16.364514289889485,91,2026-05-12T12:36:49.060533+00:00,491,1,1.654,1161.906,99.24,153.739,1,Start,Finish,222,43.51087825005148,16.363954599943668,66,317,151,166,,,False,
2026-05-12T12:38:09+00:00,43.51043411297724,16.364523363299668,90,2026-05-12T12:36:49.060533+00:00,491,1,1.654,1163.56,99.24,153.739,1,Start,Finish,222,43.51087825005148,16.363954599943668,67,317,152,165,,,False,
2026-05-12T12:38:10+00:00,43.510420775273815,16.36453243670985,90,2026-05-12T12:36:49.060533+00:00,491,1,1.654,1165.214,99.24,153.739,1,Start,Finish,222,43.51087825005148,16.363954599943668,69,318,152,166,,,False,
2026-05-12T12:38:11+00:00,43.51040743757039,16.364541510120034,90,2026-05-12T12:36:49.060533+00:00,491,1,1.654,1166.867,99.24,153.739,1,Start,Finish,222,43.51087825005148,16.363954599943668,71,318,154,164,,,False,
2026-05-12T12:38:12+00:00,43.51039409986697,16.364550583530217,89,2026-05-12T12:36:49.060533+00:00,491,1,1.654,1168.521,99.24,153.739,1,Start,Finish,222,43.51087825005148,16.363954599943668,72,318,153,165,,,False,
2026-05-12T12:38:13+00:00,43.51038076216355,16.3645596569404,89,2026-05-12T12:36:49.060533+00:00,491,1,1.654,1170.175,99.24,153.739,1,Start,Finish,222,43.51087825005148,16.363954599943668,74,319,153,166,,,False,
2026-05-12T12:38:14+00:00,43.51036742446013,16.364568730350584,88,2026-05-12T12:36:49.060533+00:00,491,1,1.654,1171.829,99.24,153.739,1,Start,Finish,222,43.51087825005148,16.363954599943668,75,319,153,166,,,False,
2026-05-12T12:38:15+00:00,43.510354086756706,16.364577803760767,88,2026-05-12T12:36:49.060533+00:00,491,1,1.654,1173.483,99.24,153.739,1,Start,Finish,222,43.51087825005148,16.363954599943668,77,319,149,170,,,False,
2026-05-12T12:38:16+00:00,43.51033698767424,16.36458568274975,88,2026-05-12T12:36:49.060533+00:00,491,1,2.005,1175.487,120.3,161.521,1,Start,Finish,222,43.51087825005148,16.363954599943668,79,320,143,177,,,False,
2026-05-12T12:38:17+00:00,43.51032139733434,16.364599806256592,90,2026-05-12T12:36:49.060533+00:00,491,1,2.074,1177.561,124.44,146.695,1,Start,Finish,222,43.51087825005148,16.363954599943668,81,320,135,175,,,False,
2026-05-12T12:38:18+00:00,43.51030580699444,16.364613929763436,91,2026-05-12T12:36:49.060533+00:00,491,1,2.074,1179.636,124.44,146.695,1,Start,Finish,222,43.51087825005148,16.363954599943668,83,320,126,166,,,False,
2026-05-12T12:38:19+00:00,43.51029809564352,16.364643182605505,92,2026-05-12T12:36:49.060533+00:00,491,1,2.51,1182.146,150.6,109.975,1,Start,Finish,222,43.51087825005148,16.363954599943668,85,319,106,147,,,False,
2026-05-12T12:38:20+00:00,43.51030216086656,16.36467084288597,94,2026-05-12T12:36:49.060533+00:00,491,1,2.276,1184.422,136.56,78.544,1,Start,Finish,222,43.51087825005148,16.363954599943668,86,318,87,129,,,False,
2026-05-12T12:38:21+00:00,43.5103062260896,16.364698503166437,95,2026-05-12T12:36:49.060533+00:00,491,1,2.276,1186.698,136.56,78.544,1,Start,Finish,222,43.51087825005148,16.363954599943668,87,317,67,110,,,False,
2026-05-12T12:38:22+00:00,43.510326040908694,16.364706616848707,95,2026-05-12T12:36:49.060533+00:00,491,1,2.298,1188.996,137.88,16.54,1,Start,Finish,222,43.51087825005148,16.363954599943668,86,315,51,96,,,False,
2026-05-12T12:38:23+00:00,43.51034585572779,16.364714730530977,96,2026-05-12T12:36:49.060533+00:00,491,1,2.298,1191.295,137.88,16.54,1,Start,Finish,222,43.51087825005148,16.363954599943668,85,314,38,84,,,False,
2026-05-12T12:38:24+00:00,43.51036567054689,16.364722844213247,96,2026-05-12T12:36:49.060533+00:00,491,1,2.298,1193.593,137.88,16.54,1,Start,Finish,222,43.51087825005148,16.363954599943668,84,313,28,75,,,False,
2026-05-12T12:38:25+00:00,43.51038548536599,16.364730957895517,97,2026-05-12T12:36:49.060533+00:00,491,1,2.298,1195.891,137.88,16.54,1,Start,Finish,222,43.51087825005148,16.363954599943668,83,311,20,69,,,False,
2026-05-12T12:38:26+00:00,43.51040530018509,16.364739071577787,97,2026-05-12T12:36:49.060533+00:00,491,1,2.298,1198.19,137.88,16.54,1,Start,Finish,222,43.51087825005148,16.363954599943668,82,310,14,64,,,False,
2026-05-12T12:38:27+00:00,43.510427296693834,16.36474487903927,97,2026-05-12T12:36:49.060533+00:00,491,1,2.49,1200.68,149.4,10.84,1,Start,Finish,222,43.51087825005148,16.363954599943668,81,308,13,65,,,False,
2026-05-12T12:38:28+00:00,43.51044929320259,16.364750686500752,97,2026-05-12T12:36:49.060533+00:00,491,1,2.49,1203.17,149.4,10.84,1,Start,Finish,222,43.51087825005148,16.363954599943668,80,307,13,66,,,False,
2026-05-12T12:38:29+00:00,43.51047128971134,16.364756493962236,97,2026-05-12T12:36:49.060533+00:00,491,1,2.49,1205.661,149.4,10.84,1,Start,Finish,222,43.51087825005148,16.363954599943668,79,305,12,67,,,False,
2026-05-12T12:38:30+00:00,43.51049328622009,16.36476230142372,98,2026-05-12T12:36:49.060533+00:00,491,1,2.49,1208.151,149.4,10.84,1,Start,Finish,222,43.51087825005148,16.363954599943668,78,303,11,68,,,False,
2026-05-12T12:38:31+00:00,43.51051528272884,16.364768108885205,98,2026-05-12T12:36:49.060533+00:00,491,1,2.49,1210.641,149.4,10.84,1,Start,Finish,222,43.51087825005148,16.363954599943668,77,302,9,67,,,False,
2026-05-12T12:38:32+00:00,43.5105372792376,16.364773916346685,98,2026-05-12T12:36:49.060533+00:00,491,1,2.49,1213.132,149.4,10.84,1,Start,Finish,222,43.51087825005148,16.363954599943668,76,300,8,68,,,False,
2026-05-12T12:38:33+00:00,43.510559275746346,16.36477972380817,98,2026-05-12T12:36:49.060533+00:00,491,1,2.49,1215.622,149.4,10.84,1,Start,Finish,222,43.51087825005148,16.363954599943668,75,298,7,69,,,False,
2026-05-12T12:38:34+00:00,43.51058165542781,16.364780981093645,96,2026-05-12T12:36:49.060533+00:00,491,1,2.491,1218.113,149.46,2.333,1,Start,Finish,222,43.51087825005148,16.363954599943668,74,296,6,70,,,False,
2026-05-12T12:38:35+00:00,43.51060403510928,16.36478223837912,95,2026-05-12T12:36:49.060533+00:00,491,1,2.491,1220.603,149.46,2.333,1,Start,Finish,222,43.51087825005148,16.363954599943668,73,295,6,71,,,False,
2026-05-12T12:38:36+00:00,43.51062641479075,16.36478173546493,91,2026-05-12T12:36:49.060533+00:00,491,1,2.489,1223.092,149.34,359.066,1,Start,Finish,222,43.51087825005148,16.363954599943668,72,293,5,72,,,False,
2026-05-12T12:38:37+00:00,43.51064699236304,16.364784305915236,91,2026-05-12T12:36:49.060533+00:00,491,1,2.297,1225.39,137.82,5.177,1,Start,Finish,222,43.51087825005148,16.363954599943668,72,291,4,73,,,False,
2026-05-12T12:38:38+00:00,43.51066756993532,16.364786876365542,91,2026-05-12T12:36:49.060533+00:00,491,1,2.297,1227.687,137.82,5.177,1,Start,Finish,222,43.51087825005148,16.363954599943668,71,289,4,75,,,False,
2026-05-12T12:38:39+00:00,43.51068814750761,16.36478944681585,90,2026-05-12T12:36:49.060533+00:00,491,1,2.297,1229.985,137.82,5.177,1,Start,Finish,222,43.51087825005148,16.363954599943668,71,287,4,77,,,False,
2026-05-12T12:38:40+00:00,43.510708725079894,16.364792017266154,90,2026-05-12T12:36:49.060533+00:00,491,1,2.297,1232.282,137.82,5.177,1,Start,Finish,222,43.51087825005148,16.363954599943668,70,286,4,78,,,False,
2026-05-12T12:38:41+00:00,43.51072930265218,16.36479458771646,90,2026-05-12T12:36:49.060533+00:00,491,1,2.297,1234.58,137.82,5.177,1,Start,Finish,222,43.51087825005148,16.363954599943668,70,284,5,81,,,False,
2026-05-12T12:38:42+00:00,43.510749880224466,16.364797158166766,90,2026-05-12T12:36:49.060533+00:00,491,1,2.297,1236.877,137.82,5.177,1,Start,Finish,222,43.51087825005148,16.363954599943668,69,282,6,84,,,False,
2026-05-12T12:38:43+00:00,43.510769410058856,16.364799295552075,92,2026-05-12T12:36:49.060533+00:00,491,1,2.178,1239.056,130.68,4.538,1,Start,Finish,222,43.51087825005148,16.363954599943668,69,280,6,86,,,False,
2026-05-12T12:38:44+00:00,43.510788939893246,16.364801432937384,93,2026-05-12T12:36:49.060533+00:00,491,1,2.178,1241.234,130.68,4.538,1,Start,Finish,222,43.51087825005148,16.363954599943668,69,278,6,88,,,False,
2026-05-12T12:38:45+00:00,43.51081062108278,16.364805274643004,94,2026-05-12T12:36:49.060533+00:00,491,1,2.431,1243.665,145.86,7.323,1,Start,Finish,222,43.51087825005148,16.363954599943668,69,276,6,90,,,False,
2026-05-12T12:38:46+00:00,43.51083230227232,16.364809116348624,94,2026-05-12T12:36:49.060533+00:00,491,1,2.431,1246.095,145.86,7.323,1,Start,Finish,222,43.51087825005148,16.363954599943668,69,274,6,92,,,False,
2026-05-12T12:38:47+00:00,43.51085398346186,16.364812958054245,94,2026-05-12T12:36:49.060533+00:00,491,1,2.431,1248.526,145.86,7.323,1,Start,Finish,222,43.51087825005148,16.363954599943668,69,272,7,95,,,False,
2026-05-12T12:38:48+00:00,43.510875664651394,16.364816799759865,95,2026-05-12T12:36:49.060533+00:00,491,1,2.431,1250.957,145.86,7.323,1,Start,Finish,222,43.51087825005148,16.363954599943668,70,270,6,96,,,False,
2026-05-12T12:38:49+00:00,43.51089734584093,16.364820641465485,96,2026-05-12T12:36:49.060533+00:00,491,1,2.431,1253.387,145.86,7.323,1,Start,Finish,222,43.51087825005148,16.363954599943668,70,268,6,98,,,False,
2026-05-12T12:38:50+00:00,43.51091902703047,16.364824483171105,96,2026-05-12T12:36:49.060533+00:00,491,1,2.431,1255.818,145.86,7.323,1,Start,Finish,222,43.51087825005148,16.363954599943668,70,266,4,98,,,False,
2026-05-12T12:38:51+00:00,43.51094065234065,16.364830182865262,96,2026-05-12T12:36:49.060533+00:00,491,1,2.448,1258.266,146.88,10.822,1,Start,Finish,222,43.51087825005148,16.363954599943668,71,264,3,99,,,False,
2026-05-12T12:38:52+00:00,43.51095625665039,16.364829470403492,96,2026-05-12T12:36:49.060533+00:00,491,1,1.736,1260.002,104.16,358.103,1,Start,Finish,222,43.51087825005148,16.363954599943668,71,263,356,93,,,False,
2026-05-12T12:38:53+00:00,43.510971860960126,16.364828757941723,96,2026-05-12T12:36:49.060533+00:00,491,1,1.736,1261.738,104.16,358.103,1,Start,Finish,222,43.51087825005148,16.363954599943668,71,262,321,59,,,False,
2026-05-12T12:38:54+00:00,43.510987465269864,16.364828045479953,96,2026-05-12T12:36:49.060533+00:00,491,1,1.736,1263.474,104.16,358.103,1,Start,Finish,222,43.51087825005148,16.363954599943668,71,260,336,76,,,False,
2026-05-12T12:38:55+00:00,43.5110030695796,16.364827333018184,97,2026-05-12T12:36:49.060533+00:00,491,1,1.736,1265.21,104.16,358.103,1,Start,Finish,222,43.51087825005148,16.363954599943668,72,259,4,105,,,False,
2026-05-12T12:38:56+00:00,43.51101867388934,16.364826620556414,97,2026-05-12T12:36:49.060533+00:00,491,1,1.736,1266.946,104.16,358.103,1,Start,Finish,222,43.51087825005148,16.363954599943668,72,257,14,117,,,False,
2026-05-12T12:38:57+00:00,43.51103427819908,16.364825908094645,97,2026-05-12T12:36:49.060533+00:00,491,1,1.736,1268.683,104.16,358.103,1,Start,Finish,222,43.51087825005148,16.363954599943668,72,256,28,132,,,False,
2026-05-12T12:38:58+00:00,43.51103184744716,16.364812245592475,97,2026-05-12T12:36:49.060533+00:00,491,1,1.134,1269.817,68.04,256.217,1,Start,Finish,222,43.51087825005148,16.363954599943668,71,256,36,140,,,False,
2026-05-12T12:38:59+00:00,43.5110292211175,16.3648075517267,96,2026-05-12T12:36:49.060533+00:00,491,1,0.478,1270.295,28.68,232.35,1,Start,Finish,222,43.51087825005148,16.363954599943668,71,256,42,146,,,False,
2026-05-12T12:39:00+00:00,43.51102659478784,16.364802857860923,95,2026-05-12T12:36:49.060533+00:00,491,1,0.478,1270.773,28.68,232.35,1,Start,Finish,222,43.51087825005148,16.363954599943668,70,256,42,146,,,False,
2026-05-12T12:39:01+00:00,43.511023968458176,16.364798163995147,94,2026-05-12T12:36:49.060533+00:00,491,1,0.478,1271.251,28.68,232.35,1,Start,Finish,222,43.51087825005148,16.363954599943668,70,257,51,154,,,False,
2026-05-12T12:39:02+00:00,43.51102233398706,16.364796445704997,92,2026-05-12T12:36:49.060533+00:00,491,1,0.229,1271.48,13.74,217.323,1,Start,Finish,222,43.51087825005148,16.363954599943668,70,257,51,154,,,False,
2026-05-12T12:39:03+00:00,43.51102069951594,16.364794727414846,91,2026-05-12T12:36:49.060533+00:00,491,1,0.229,1271.708,13.74,217.323,1,Start,Finish,222,43.51087825005148,16.363954599943668,70,257,51,154,,,False,
2026-05-12T12:39:04+00:00,43.51102472282946,16.364794643595815,91,2026-05-12T12:36:49.060533+00:00,491,1,0.447,1272.156,26.82,359.134,1,Start,Finish,222,43.51087825005148,16.363954599943668,70,256,72,176,,,False,
2026-05-12T12:39:05+00:00,43.51102847373113,16.364799924194813,92,2026-05-12T12:36:49.060533+00:00,491,1,0.596,1272.752,35.76,45.596,1,Start,Finish,222,43.51087825005148,16.363954599943668,70,256,72,176,,,False,
2026-05-12T12:39:06+00:00,43.5110322246328,16.36480520479381,93,2026-05-12T12:36:49.060533+00:00,491,1,0.596,1273.348,35.76,45.596,1,Start,Finish,222,43.51087825005148,16.363954599943668,71,256,72,176,,,False,
2026-05-12T12:39:07+00:00,43.51103597553447,16.36481048539281,94,2026-05-12T12:36:49.060533+00:00,491,1,0.596,1273.944,35.76,45.596,1,Start,Finish,222,43.51087825005148,16.363954599943668,71,256,94,162,,,False,
2026-05-12T12:39:08+00:00,43.51103972643614,16.364815765991807,95,2026-05-12T12:36:49.060533+00:00,491,1,0.596,1274.54,35.76,45.596,1,Start,Finish,222,43.51087825005148,16.363954599943668,72,256,103,153,,,False,
2026-05-12T12:39:09+00:00,43.511040564626455,16.36481685563922,99,2026-05-12T12:36:49.060533+00:00,491,1,0.128,1274.668,7.68,43.314,1,Start,Finish,222,43.51087825005148,16.363954599943668,72,255,111,144,,,False,
2026-05-12T12:39:10+00:00,43.51104165427387,16.36481828056276,102,2026-05-12T12:36:49.060533+00:00,491,1,0.167,1274.835,10.02,43.483,1,Start,Finish,222,43.51087825005148,16.363954599943668,72,255,111,144,,,False,
2026-05-12T12:39:11+00:00,43.51104282774031,16.36482180096209,104,2026-05-12T12:36:49.060533+00:00,491,1,0.312,1275.148,18.72,65.316,1,Start,Finish,222,43.51087825005148,16.363954599943668,72,255,111,144,,,False,
2026-05-12T12:39:12+00:00,43.51104400120675,16.364825321361423,105,2026-05-12T12:36:49.060533+00:00,491,1,0.312,1275.46,18.72,65.316,1,Start,Finish,222,43.51087825005148,16.363954599943668,73,255,124,131,,,False,
2026-05-12T12:39:13+00:00,43.51103721186519,16.364833619445562,106,2026-05-12T12:36:49.060533+00:00,491,1,1.009,1276.469,60.54,138.446,1,Start,Finish,222,43.51087825005148,16.363954599943668,73,256,121,135,,,False,
2026-05-12T12:39:14+00:00,43.51103042252362,16.364841917529702,106,2026-05-12T12:36:49.060533+00:00,491,1,1.009,1277.478,60.54,138.446,1,Start,Finish,222,43.51087825005148,16.363954599943668,74,257,111,146,,,False,
2026-05-12T12:39:15+00:00,43.51102363318205,16.364850215613842,106,2026-05-12T12:36:49.060533+00:00,491,1,1.009,1278.487,60.54,138.446,1,Start,Finish,222,43.51087825005148,16.363954599943668,74,257,100,157,,,False,
2026-05-12T12:39:16+00:00,43.51101684384048,16.364858513697982,107,2026-05-12T12:36:49.060533+00:00,491,1,1.009,1279.495,60.54,138.446,1,Start,Finish,222,43.51087825005148,16.363954599943668,75,258,98,160,,,False,
2026-05-12T12:39:17+00:00,43.511006059125066,16.364864325150847,106,2026-05-12T12:36:49.060533+00:00,491,1,1.288,1280.783,77.28,158.654,1,Start,Finish,222,43.51087825005148,16.363954599943668,75,259,89,170,,,False,
2026-05-12T12:39:18+00:00,43.51099527440965,16.364870136603713,105,2026-05-12T12:36:49.060533+00:00,491,1,1.288,1282.07,77.28,158.654,1,Start,Finish,222,43.51087825005148,16.363954599943668,75,260,83,177,,,False,
2026-05-12T12:39:19+00:00,43.51098448969424,16.36487594805658,104,2026-05-12T12:36:49.060533+00:00,491,1,1.288,1283.358,77.28,158.654,1,Start,Finish,222,43.51087825005148,16.363954599943668,75,261,87,174,,,False,
2026-05-12T12:39:20+00:00,43.51097912527621,16.364878818858415,104,2026-05-12T12:36:49.060533+00:00,491,1,0.64,1283.998,38.4,158.788,1,Start,Finish,222,43.51087825005148,16.363954599943668,75,261,88,173,,,False,
2026-05-12T12:39:21+00:00,43.51097376085818,16.36488168966025,103,2026-05-12T12:36:49.060533+00:00,491,1,0.64,1284.638,38.4,158.788,1,Start,Finish,222,43.51087825005148,16.363954599943668,76,262,88,174,,,False,
2026-05-12T12:39:22+00:00,43.51096839644015,16.364884560462087,102,2026-05-12T12:36:49.060533+00:00,491,1,0.64,1285.277,38.4,158.788,1,Start,Finish,222,43.51087825005148,16.363954599943668,76,262,91,171,,,False,
2026-05-12T12:39:23+00:00,43.51096303202212,16.364887431263924,102,2026-05-12T12:36:49.060533+00:00,491,1,0.64,1285.917,38.4,158.788,1,Start,Finish,222,43.51087825005148,16.363954599943668,76,263,91,172,,,False,
2026-05-12T12:39:24+00:00,43.51096470840275,16.364890807973488,103,2026-05-12T12:36:49.060533+00:00,491,1,0.33,1286.247,19.8,55.607,1,Start,Finish,222,43.51087825005148,16.363954599943668,76,263,91,172,,,False,
2026-05-12T12:39:25+00:00,43.51096638478339,16.36489418468305,103,2026-05-12T12:36:49.060533+00:00,491,1,0.33,1286.577,19.8,55.607,1,Start,Finish,222,43.51087825005148,16.363954599943668,76,263,89,174,,,False,
2026-05-12T12:39:26+00:00,43.51096806116402,16.364897561392613,104,2026-05-12T12:36:49.060533+00:00,491,1,0.33,1286.907,19.8,55.607,1,Start,Finish,222,43.51087825005148,16.363954599943668,77,263,88,175,,,False,
2026-05-12T12:39:27+00:00,43.510969737544656,16.364900938102178,105,2026-05-12T12:36:49.060533+00:00,491,1,0.33,1287.237,19.8,55.607,1,Start,Finish,222,43.51087825005148,16.363954599943668,77,262,88,174,,,False,
2026-05-12T12:39:28+00:00,43.51097141392529,16.364904314811742,106,2026-05-12T12:36:49.060533+00:00,491,1,0.33,1287.567,19.8,55.607,1,Start,Finish,222,43.51087825005148,16.363954599943668,77,262,86,176,,,False,
2026-05-12T12:39:29+00:00,43.51097309030592,16.364907691521303,106,2026-05-12T12:36:49.060533+00:00,491,1,0.33,1287.897,19.8,55.607,1,Start,Finish,222,43.51087825005148,16.363954599943668,78,262,85,177,,,False,
2026-05-12T12:39:30+00:00,43.51097476668656,16.364911068230867,107,2026-05-12T12:36:49.060533+00:00,491,1,0.33,1288.227,19.8,55.607,1,Start,Finish,222,43.51087825005148,16.363954599943668,78,262,85,177,,,False,
2026-05-12T12:39:31+00:00,43.51097547914833,16.364914253354073,108,2026-05-12T12:36:49.060533+00:00,491,1,0.269,1288.496,16.14,72.859,1,Start,Finish,222,43.51087825005148,16.363954599943668,78,262,82,180,,,False,
2026-05-12T12:39:32+00:00,43.5109761916101,16.364917438477278,109,2026-05-12T12:36:49.060533+00:00,491,1,0.269,1288.765,16.14,72.859,1,Start,Finish,222,43.51087825005148,16.363954599943668,78,262,82,180,,,False,
2026-05-12T12:39:33+00:00,43.51097749080509,16.36492167133838,108,2026-05-12T12:36:49.060533+00:00,491,1,0.371,1289.136,22.26,67.061,1,Start,Finish,222,43.51087825005148,16.363954599943668,79,262,82,180,,,False,
2026-05-12T12:39:34+00:00,43.51097879000008,16.36492590419948,106,2026-05-12T12:36:49.060533+00:00,491,1,0.371,1289.506,22.26,67.061,1,Start,Finish,222,43.51087825005148,16.363954599943668,79,262,79,177,,,False,
2026-05-12T12:39:35+00:00,43.51098008919507,16.36493248399347,106,2026-05-12T12:36:49.060533+00:00,491,1,0.55,1290.056,33.0,74.77,1,Start,Finish,222,43.51087825005148,16.363954599943668,80,262,78,176,,,False,
2026-05-12T12:39:36+00:00,43.510981388390064,16.36493906378746,107,2026-05-12T12:36:49.060533+00:00,491,1,0.55,1290.606,33.0,74.77,1,Start,Finish,222,43.51087825005148,16.363954599943668,80,262,78,176,,,False,
2026-05-12T12:39:37+00:00,43.510982687585056,16.36494564358145,107,2026-05-12T12:36:49.060533+00:00,491,1,0.55,1291.156,33.0,74.77,1,Start,Finish,222,43.51087825005148,16.363954599943668,81,262,75,173,,,False,
2026-05-12T12:39:38+00:00,43.51098398678005,16.36495222337544,107,2026-05-12T12:36:49.060533+00:00,491,1,0.55,1291.706,33.0,74.77,1,Start,Finish,222,43.51087825005148,16.363954599943668,81,262,75,173,,,False,
2026-05-12T12:39:39+00:00,43.51098528597504,16.36495880316943,108,2026-05-12T12:36:49.060533+00:00,491,1,0.55,1292.256,33.0,74.77,1,Start,Finish,222,43.51087825005148,16.363954599943668,82,262,73,171,,,False,
2026-05-12T12:39:40+00:00,43.51098658517003,16.36496538296342,108,2026-05-12T12:36:49.060533+00:00,491,1,0.55,1292.806,33.0,74.77,1,Start,Finish,222,43.51087825005148,16.363954599943668,82,262,72,170,,,False,
2026-05-12T12:39:41+00:00,43.51098780054599,16.364970554597676,108,2026-05-12T12:36:49.060533+00:00,491,1,0.438,1293.244,26.28,72.046,1,Start,Finish,222,43.51087825005148,16.363954599943668,83,262,72,170,,,False,
2026-05-12T12:39:42+00:00,43.51098901592195,16.364975726231933,108,2026-05-12T12:36:49.060533+00:00,491,1,0.438,1293.683,26.28,72.046,1,Start,Finish,222,43.51087825005148,16.363954599943668,83,261,70,169,,,False,
2026-05-12T12:39:43+00:00,43.51099023129791,16.36498089786619,108,2026-05-12T12:36:49.060533+00:00,491,1,0.438,1294.121,26.28,72.046,1,Start,Finish,222,43.51087825005148,16.363954599943668,84,261,69,168,,,False,
2026-05-12T12:39:44+00:00,43.51099144667387,16.364986069500446,108,2026-05-12T12:36:49.060533+00:00,491,1,0.438,1294.559,26.28,72.046,1,Start,Finish,222,43.51087825005148,16.363954599943668,84,261,69,168,,,False,
2026-05-12T12:39:45+00:00,43.51099266204983,16.364991241134703,108,2026-05-12T12:36:49.060533+00:00,491,1,0.438,1294.998,26.28,72.046,1,Start,Finish,222,43.51087825005148,16.363954599943668,85,261,67,166,,,False,
2026-05-12T12:39:46+00:00,43.51099387742579,16.36499641276896,108,2026-05-12T12:36:49.060533+00:00,491,1,0.438,1295.436,26.28,72.046,1,Start,Finish,222,43.51087825005148,16.363954599943668,85,261,65,164,,,False,
2026-05-12T12:39:47+00:00,43.51099509280175,16.365001584403217,108,2026-05-12T12:36:49.060533+00:00,491,1,0.438,1295.875,26.28,72.046,1,Start,Finish,222,43.51087825005148,16.363954599943668,85,261,65,164,,,False,
2026-05-12T12:39:48+00:00,43.51099630817771,16.365006756037474,108,2026-05-12T12:36:49.060533+00:00,491,1,0.438,1296.313,26.28,72.046,1,Start,Finish,222,43.51087825005148,16.363954599943668,86,261,64,163,,,False,
2026-05-12T12:39:49+00:00,43.51099752355367,16.36501192767173,108,2026-05-12T12:36:49.060533+00:00,491,1,0.438,1296.751,26.28,72.046,1,Start,Finish,222,43.51087825005148,16.363954599943668,86,261,64,163,,,False,
2026-05-12T12:39:50+00:00,43.51099873892963,16.365017099305987,108,2026-05-12T12:36:49.060533+00:00,491,1,0.438,1297.19,26.28,72.046,1,Start,Finish,222,43.51087825005148,16.363954599943668,87,261,65,164,,,False,
2026-05-12T12:39:51+00:00,43.511001819279045,16.365022659301758,108,2026-05-12T12:36:49.060533+00:00,491,1,0.564,1297.754,33.84,52.623,1,Start,Finish,222,43.51087825005148,16.363954599943668,87,261,65,164,,,False,
2026-05-12T12:39:52+00:00,43.51100489962846,16.36502821929753,108,2026-05-12T12:36:49.060533+00:00,491,1,0.564,1298.318,33.84,52.623,1,Start,Finish,222,43.51087825005148,16.363954599943668,88,261,66,165,,,False,
2026-05-12T12:39:53+00:00,43.51100797997787,16.3650337792933,108,2026-05-12T12:36:49.060533+00:00,491,1,0.564,1298.883,33.84,52.623,1,Start,Finish,222,43.51087825005148,16.363954599943668,88,261,65,164,,,False,
2026-05-12T12:39:54+00:00,43.51101106032729,16.36503933928907,108,2026-05-12T12:36:49.060533+00:00,491,1,0.564,1299.447,33.84,52.623,1,Start,Finish,222,43.51087825005148,16.363954599943668,89,260,65,165,,,False,
2026-05-12T12:39:55+00:00,43.51101414067671,16.36504489928484,108,2026-05-12T12:36:49.060533+00:00,491,1,0.564,1300.011,33.84,52.623,1,Start,Finish,222,43.51087825005148,16.363954599943668,89,260,65,165,,,False,
2026-05-12T12:39:56+00:00,43.51101722102612,16.36505045928061,108,2026-05-12T12:36:49.060533+00:00,491,1,0.564,1300.575,33.84,52.623,1,Start,Finish,222,43.51087825005148,16.363954599943668,90,260,65,165,,,False,
2026-05-12T12:39:57+00:00,43.51102030137554,16.36505601927638,109,2026-05-12T12:36:49.060533+00:00,491,1,0.564,1301.14,33.84,52.623,1,Start,Finish,222,43.51087825005148,16.363954599943668,90,260,64,164,,,False,
2026-05-12T12:39:58+00:00,43.511023381724954,16.36506157927215,109,2026-05-12T12:36:49.060533+00:00,491,1,0.564,1301.704,33.84,52.623,1,Start,Finish,222,43.51087825005148,16.363954599943668,91,260,64,164,,,False,
2026-05-12T12:39:59+00:00,43.51102646207437,16.36506713926792,109,2026-05-12T12:36:49.060533+00:00,491,1,0.564,1302.268,33.84,52.623,1,Start,Finish,222,43.51087825005148,16.363954599943668,91,260,63,163,,,False,
2026-05-12T12:40:00+00:00,43.511029542423785,16.365072699263692,109,2026-05-12T12:36:49.060533+00:00,491,1,0.564,1302.832,33.84,52.623,1,Start,Finish,222,43.51087825005148,16.363954599943668,92,259,62,163,,,False,
