timestamp_utc,latitude,longitude,heart_rate,finish_time_utc,elapsed_race_time_s,finished_flag,seg_dist_m,dist_from_start_m,SOG_raw_mpm,COG_raw_deg,geom_leg_id,geom_from_mark,geom_to_mark,geom_leg_bearing_deg,target_lat_deg,target_lon_deg,dist_to_target_m,bearing_to_target_deg,COG_deg,ATB_angle_deg,ATB_offset_deg,axis_angle_signed_deg,is_upwind,upwind_dist_remaining_m
2026-05-12T11:56:07+00:00,43.51538322865963,16.3774792291224,132,2026-05-12T12:09:53.993848+00:00,827,1,0.0,0.0,0.0,0.0,1,Start,Finish,245,43.5109103500155,16.363974050014804,1197,245,195,50,,,False,
2026-05-12T11:56:08+00:00,43.51536705158651,16.377474619075656,133,2026-05-12T12:09:53.993848+00:00,827,1,1.837,1.837,110.22,191.676,1,Start,Finish,245,43.5109103500155,16.363974050014804,1196,246,194,52,,,False,
2026-05-12T11:56:09+00:00,43.51534774926092,16.3774691468903,133,2026-05-12T12:09:53.993848+00:00,827,1,2.191,4.028,131.46,191.618,1,Start,Finish,245,43.5109103500155,16.363974050014804,1195,246,194,52,,,False,
2026-05-12T11:56:10+00:00,43.51532844693533,16.377463674704945,133,2026-05-12T12:09:53.993848+00:00,827,1,2.191,6.219,131.46,191.618,1,Start,Finish,245,43.5109103500155,16.363974050014804,1194,246,194,52,,,False,
2026-05-12T11:56:11+00:00,43.51530914460974,16.377458202519588,133,2026-05-12T12:09:53.993848+00:00,827,1,2.191,8.41,131.46,191.618,1,Start,Finish,245,43.5109103500155,16.363974050014804,1192,246,193,53,,,False,
2026-05-12T11:56:12+00:00,43.515289842284155,16.37745273033423,132,2026-05-12T12:09:53.993848+00:00,827,1,2.191,10.602,131.46,191.618,1,Start,Finish,245,43.5109103500155,16.363974050014804,1191,246,192,54,,,False,
2026-05-12T11:56:13+00:00,43.51527053995856,16.377447258148873,132,2026-05-12T12:09:53.993848+00:00,827,1,2.191,12.793,131.46,191.618,1,Start,Finish,245,43.5109103500155,16.363974050014804,1190,246,193,53,,,False,
2026-05-12T11:56:14+00:00,43.515251237632974,16.37744178596352,132,2026-05-12T12:09:53.993848+00:00,827,1,2.191,14.984,131.46,191.618,1,Start,Finish,245,43.5109103500155,16.363974050014804,1188,246,193,53,,,False,
2026-05-12T11:56:15+00:00,43.51523193530738,16.377436313778162,132,2026-05-12T12:09:53.993848+00:00,827,1,2.191,17.175,131.46,191.618,1,Start,Finish,245,43.5109103500155,16.363974050014804,1187,246,193,53,,,False,
2026-05-12T11:56:16+00:00,43.51521278265864,16.377428183332086,130,2026-05-12T12:09:53.993848+00:00,827,1,2.228,19.404,133.68,197.111,1,Start,Finish,245,43.5109103500155,16.363974050014804,1186,246,193,53,,,False,
2026-05-12T11:56:17+00:00,43.51519363000989,16.37742005288601,128,2026-05-12T12:09:53.993848+00:00,827,1,2.228,21.632,133.68,197.111,1,Start,Finish,245,43.5109103500155,16.363974050014804,1184,246,193,53,,,False,
2026-05-12T11:56:18+00:00,43.5151750955265,16.377414939925075,128,2026-05-12T12:09:53.993848+00:00,827,1,2.102,23.734,126.12,191.313,1,Start,Finish,245,43.5109103500155,16.363974050014804,1183,246,193,53,,,False,
2026-05-12T11:56:19+00:00,43.51515656104311,16.37740982696414,128,2026-05-12T12:09:53.993848+00:00,827,1,2.102,25.835,126.12,191.313,1,Start,Finish,245,43.5109103500155,16.363974050014804,1182,246,193,53,,,False,
2026-05-12T11:56:20+00:00,43.515138026559725,16.377404714003205,128,2026-05-12T12:09:53.993848+00:00,827,1,2.102,27.937,126.12,191.313,1,Start,Finish,245,43.5109103500155,16.363974050014804,1181,247,193,54,,,False,
2026-05-12T11:56:21+00:00,43.51511949207634,16.37739960104227,128,2026-05-12T12:09:53.993848+00:00,827,1,2.102,30.039,126.12,191.313,1,Start,Finish,245,43.5109103500155,16.363974050014804,1179,247,192,55,,,False,
2026-05-12T11:56:22+00:00,43.51510095759295,16.377394488081336,129,2026-05-12T12:09:53.993848+00:00,827,1,2.102,32.141,126.12,191.313,1,Start,Finish,245,43.5109103500155,16.363974050014804,1178,247,192,55,,,False,
2026-05-12T11:56:23+00:00,43.51508242310956,16.3773893751204,129,2026-05-12T12:09:53.993848+00:00,827,1,2.102,34.243,126.12,191.313,1,Start,Finish,245,43.5109103500155,16.363974050014804,1177,247,193,54,,,False,
2026-05-12T11:56:24+00:00,43.51506388862617,16.377384262159467,129,2026-05-12T12:09:53.993848+00:00,827,1,2.102,36.344,126.12,191.313,1,Start,Finish,245,43.5109103500155,16.363974050014804,1176,247,193,54,,,False,
2026-05-12T11:56:25+00:00,43.515045354142785,16.377379149198532,129,2026-05-12T12:09:53.993848+00:00,827,1,2.102,38.446,126.12,191.313,1,Start,Finish,245,43.5109103500155,16.363974050014804,1175,247,194,53,,,False,
2026-05-12T11:56:26+00:00,43.515027314424515,16.377371326088905,129,2026-05-12T12:09:53.993848+00:00,827,1,2.103,40.549,126.18,197.458,1,Start,Finish,245,43.5109103500155,16.363974050014804,1173,247,195,52,,,False,
2026-05-12T11:56:27+00:00,43.51500927470624,16.37736350297928,129,2026-05-12T12:09:53.993848+00:00,827,1,2.103,42.652,126.18,197.458,1,Start,Finish,245,43.5109103500155,16.363974050014804,1172,247,195,52,,,False,
2026-05-12T11:56:28+00:00,43.514991234987974,16.377355679869652,129,2026-05-12T12:09:53.993848+00:00,827,1,2.103,44.754,126.18,197.458,1,Start,Finish,245,43.5109103500155,16.363974050014804,1171,247,196,51,,,False,
2026-05-12T11:56:29+00:00,43.514973195269704,16.377347856760025,129,2026-05-12T12:09:53.993848+00:00,827,1,2.103,46.857,126.18,197.458,1,Start,Finish,245,43.5109103500155,16.363974050014804,1169,247,197,50,,,False,
2026-05-12T11:56:30+00:00,43.514955155551434,16.3773400336504,128,2026-05-12T12:09:53.993848+00:00,827,1,2.103,48.96,126.18,197.458,1,Start,Finish,245,43.5109103500155,16.363974050014804,1168,247,197,50,,,False,
2026-05-12T11:56:31+00:00,43.51493711583316,16.37733221054077,128,2026-05-12T12:09:53.993848+00:00,827,1,2.103,51.063,126.18,197.458,1,Start,Finish,245,43.5109103500155,16.363974050014804,1167,247,197,50,,,False,
2026-05-12T11:56:32+00:00,43.51491907611489,16.377324387431145,128,2026-05-12T12:09:53.993848+00:00,827,1,2.103,53.166,126.18,197.458,1,Start,Finish,245,43.5109103500155,16.363974050014804,1165,248,197,51,,,False,
2026-05-12T11:56:33+00:00,43.51490103639662,16.377316564321518,128,2026-05-12T12:09:53.993848+00:00,827,1,2.103,55.268,126.18,197.458,1,Start,Finish,245,43.5109103500155,16.363974050014804,1164,248,196,52,,,False,
2026-05-12T11:56:34+00:00,43.51488299667835,16.37730874121189,128,2026-05-12T12:09:53.993848+00:00,827,1,2.103,57.371,126.18,197.458,1,Start,Finish,245,43.5109103500155,16.363974050014804,1163,248,196,52,,,False,
2026-05-12T11:56:35+00:00,43.51486338302493,16.377302301116288,128,2026-05-12T12:09:53.993848+00:00,827,1,2.242,59.613,134.52,193.394,1,Start,Finish,245,43.5109103500155,16.363974050014804,1161,248,195,53,,,False,
2026-05-12T11:56:36+00:00,43.51484376937151,16.377295861020684,127,2026-05-12T12:09:53.993848+00:00,827,1,2.242,61.855,134.52,193.394,1,Start,Finish,245,43.5109103500155,16.363974050014804,1160,248,195,53,,,False,
2026-05-12T11:56:37+00:00,43.51482415571809,16.37728942092508,126,2026-05-12T12:09:53.993848+00:00,827,1,2.242,64.097,134.52,193.394,1,Start,Finish,245,43.5109103500155,16.363974050014804,1159,248,195,53,,,False,
2026-05-12T11:56:38+00:00,43.51480454206467,16.377282980829477,126,2026-05-12T12:09:53.993848+00:00,827,1,2.242,66.339,134.52,193.394,1,Start,Finish,245,43.5109103500155,16.363974050014804,1157,248,194,54,,,False,
2026-05-12T11:56:39+00:00,43.514784928411245,16.377276540733874,126,2026-05-12T12:09:53.993848+00:00,827,1,2.242,68.581,134.52,193.394,1,Start,Finish,245,43.5109103500155,16.363974050014804,1156,248,194,54,,,False,
2026-05-12T11:56:40+00:00,43.514765314757824,16.37727010063827,125,2026-05-12T12:09:53.993848+00:00,827,1,2.242,70.823,134.52,193.394,1,Start,Finish,245,43.5109103500155,16.363974050014804,1155,248,194,54,,,False,
2026-05-12T11:56:41+00:00,43.51474542869255,16.377262389287353,125,2026-05-12T12:09:53.993848+00:00,827,1,2.297,73.12,137.82,195.707,1,Start,Finish,245,43.5109103500155,16.363974050014804,1153,248,195,53,,,False,
2026-05-12T11:56:42+00:00,43.514725542627275,16.377254677936435,126,2026-05-12T12:09:53.993848+00:00,827,1,2.297,75.417,137.82,195.707,1,Start,Finish,245,43.5109103500155,16.363974050014804,1152,248,196,52,,,False,
2026-05-12T11:56:43+00:00,43.514705656562,16.377246966585517,126,2026-05-12T12:09:53.993848+00:00,827,1,2.297,77.714,137.82,195.707,1,Start,Finish,245,43.5109103500155,16.363974050014804,1151,248,197,51,,,False,
2026-05-12T11:56:44+00:00,43.514685770496726,16.3772392552346,126,2026-05-12T12:09:53.993848+00:00,827,1,2.297,80.011,137.82,195.707,1,Start,Finish,245,43.5109103500155,16.363974050014804,1149,249,197,52,,,False,
2026-05-12T11:56:45+00:00,43.514670649543405,16.377231812104583,127,2026-05-12T12:09:53.993848+00:00,827,1,1.785,81.796,107.1,199.645,1,Start,Finish,245,43.5109103500155,16.363974050014804,1148,249,198,51,,,False,
2026-05-12T11:56:46+00:00,43.51465552859008,16.377224368974566,127,2026-05-12T12:09:53.993848+00:00,827,1,1.785,83.581,107.1,199.645,1,Start,Finish,245,43.5109103500155,16.363974050014804,1147,249,197,52,,,False,
2026-05-12T11:56:47+00:00,43.51464040763676,16.37721692584455,128,2026-05-12T12:09:53.993848+00:00,827,1,1.785,85.367,107.1,199.645,1,Start,Finish,245,43.5109103500155,16.363974050014804,1146,249,197,52,,,False,
2026-05-12T11:56:48+00:00,43.51462528668344,16.377209482714534,128,2026-05-12T12:09:53.993848+00:00,827,1,1.785,87.152,107.1,199.645,1,Start,Finish,245,43.5109103500155,16.363974050014804,1144,249,197,52,,,False,
2026-05-12T11:56:49+00:00,43.51461016573012,16.377202039584517,129,2026-05-12T12:09:53.993848+00:00,827,1,1.785,88.937,107.1,199.645,1,Start,Finish,245,43.5109103500155,16.363974050014804,1143,249,197,52,,,False,
2026-05-12T11:56:50+00:00,43.5145919630304,16.377195571549237,130,2026-05-12T12:09:53.993848+00:00,827,1,2.09,91.027,125.4,194.45,1,Start,Finish,245,43.5109103500155,16.363974050014804,1142,249,197,52,,,False,
2026-05-12T11:56:51+00:00,43.51457376033068,16.377189103513956,130,2026-05-12T12:09:53.993848+00:00,827,1,2.09,93.117,125.4,194.45,1,Start,Finish,245,43.5109103500155,16.363974050014804,1141,249,197,52,,,False,
2026-05-12T11:56:52+00:00,43.51455555763096,16.377182635478675,130,2026-05-12T12:09:53.993848+00:00,827,1,2.09,95.208,125.4,194.45,1,Start,Finish,245,43.5109103500155,16.363974050014804,1140,249,196,53,,,False,
2026-05-12T11:56:53+00:00,43.514537354931235,16.377176167443395,131,2026-05-12T12:09:53.993848+00:00,827,1,2.09,97.298,125.4,194.45,1,Start,Finish,245,43.5109103500155,16.363974050014804,1138,249,196,53,,,False,
2026-05-12T11:56:54+00:00,43.514519152231514,16.377169699408114,132,2026-05-12T12:09:53.993848+00:00,827,1,2.09,99.388,125.4,194.45,1,Start,Finish,245,43.5109103500155,16.363974050014804,1137,249,195,54,,,False,
2026-05-12T11:56:55+00:00,43.514500949531794,16.377163231372833,132,2026-05-12T12:09:53.993848+00:00,827,1,2.09,101.478,125.4,194.45,1,Start,Finish,245,43.5109103500155,16.363974050014804,1136,249,195,54,,,False,
2026-05-12T11:56:56+00:00,43.514483431354165,16.37715526856482,132,2026-05-12T12:09:53.993848+00:00,827,1,2.051,103.529,123.06,198.244,1,Start,Finish,245,43.5109103500155,16.363974050014804,1135,250,196,54,,,False,
2026-05-12T11:56:57+00:00,43.51446618749337,16.377148540182546,132,2026-05-12T12:09:53.993848+00:00,827,1,1.993,105.522,119.58,195.8,1,Start,Finish,245,43.5109103500155,16.363974050014804,1134,250,196,54,,,False,
2026-05-12T11:56:58+00:00,43.51444894363257,16.377141811800275,132,2026-05-12T12:09:53.993848+00:00,827,1,1.993,107.515,119.58,195.8,1,Start,Finish,245,43.5109103500155,16.363974050014804,1132,250,196,54,,,False,
2026-05-12T11:56:59+00:00,43.51443169977177,16.377135083418,132,2026-05-12T12:09:53.993848+00:00,827,1,1.993,109.507,119.58,195.8,1,Start,Finish,245,43.5109103500155,16.363974050014804,1131,250,196,54,,,False,
2026-05-12T11:57:00+00:00,43.51441445591097,16.377128355035726,132,2026-05-12T12:09:53.993848+00:00,827,1,1.993,111.5,119.58,195.8,1,Start,Finish,245,43.5109103500155,16.363974050014804,1130,250,196,54,,,False,
2026-05-12T11:57:01+00:00,43.51439721205018,16.377121626653455,132,2026-05-12T12:09:53.993848+00:00,827,1,1.993,113.493,119.58,195.8,1,Start,Finish,245,43.5109103500155,16.363974050014804,1129,250,196,54,,,False,
2026-05-12T11:57:02+00:00,43.51437996818938,16.37711489827118,133,2026-05-12T12:09:53.993848+00:00,827,1,1.993,115.485,119.58,195.8,1,Start,Finish,245,43.5109103500155,16.363974050014804,1128,250,196,54,,,False,
2026-05-12T11:57:03+00:00,43.514362724328585,16.37710816988891,133,2026-05-12T12:09:53.993848+00:00,827,1,1.993,117.478,119.58,195.8,1,Start,Finish,245,43.5109103500155,16.363974050014804,1127,250,196,54,,,False,
2026-05-12T11:57:04+00:00,43.51434548046779,16.377101441506635,133,2026-05-12T12:09:53.993848+00:00,827,1,1.993,119.471,119.58,195.8,1,Start,Finish,245,43.5109103500155,16.363974050014804,1125,250,197,53,,,False,
2026-05-12T11:57:05+00:00,43.514328236606985,16.37709471312436,133,2026-05-12T12:09:53.993848+00:00,827,1,1.993,121.464,119.58,195.8,1,Start,Finish,245,43.5109103500155,16.363974050014804,1124,250,198,52,,,False,
2026-05-12T11:57:06+00:00,43.51431099274619,16.37708798474209,133,2026-05-12T12:09:53.993848+00:00,827,1,1.993,123.456,119.58,195.8,1,Start,Finish,245,43.5109103500155,16.363974050014804,1123,250,198,52,,,False,
2026-05-12T11:57:07+00:00,43.51429374888539,16.377081256359816,133,2026-05-12T12:09:53.993848+00:00,827,1,1.993,125.449,119.58,195.8,1,Start,Finish,245,43.5109103500155,16.363974050014804,1122,250,198,52,,,False,
2026-05-12T11:57:08+00:00,43.51427706889808,16.377071826718748,132,2026-05-12T12:09:53.993848+00:00,827,1,2.005,127.454,120.3,202.292,1,Start,Finish,245,43.5109103500155,16.363974050014804,1121,250,199,51,,,False,
2026-05-12T11:57:09+00:00,43.51426038891077,16.37706239707768,132,2026-05-12T12:09:53.993848+00:00,827,1,2.005,129.458,120.3,202.292,1,Start,Finish,245,43.5109103500155,16.363974050014804,1119,251,199,52,,,False,
2026-05-12T11:57:10+00:00,43.51424370892346,16.37705296743661,131,2026-05-12T12:09:53.993848+00:00,827,1,2.005,131.463,120.3,202.292,1,Start,Finish,245,43.5109103500155,16.363974050014804,1118,251,199,52,,,False,
2026-05-12T11:57:11+00:00,43.51422702893615,16.377043537795544,130,2026-05-12T12:09:53.993848+00:00,827,1,2.005,133.467,120.3,202.292,1,Start,Finish,245,43.5109103500155,16.363974050014804,1117,251,199,52,,,False,
2026-05-12T11:57:12+00:00,43.51421056687832,16.377036295831203,129,2026-05-12T12:09:53.993848+00:00,827,1,1.921,135.389,115.26,197.694,1,Start,Finish,245,43.5109103500155,16.363974050014804,1115,251,199,52,,,False,
2026-05-12T11:57:13+00:00,43.51419410482049,16.377029053866863,128,2026-05-12T12:09:53.993848+00:00,827,1,1.921,137.31,115.26,197.694,1,Start,Finish,245,43.5109103500155,16.363974050014804,1114,251,199,52,,,False,
2026-05-12T11:57:14+00:00,43.51417764276266,16.377021811902523,128,2026-05-12T12:09:53.993848+00:00,827,1,1.921,139.231,115.26,197.694,1,Start,Finish,245,43.5109103500155,16.363974050014804,1113,251,198,53,,,False,
2026-05-12T11:57:15+00:00,43.51416118070483,16.377014569938183,127,2026-05-12T12:09:53.993848+00:00,827,1,1.921,141.153,115.26,197.694,1,Start,Finish,245,43.5109103500155,16.363974050014804,1112,251,197,54,,,False,
2026-05-12T11:57:16+00:00,43.514144718647,16.377007327973843,126,2026-05-12T12:09:53.993848+00:00,827,1,1.921,143.074,115.26,197.694,1,Start,Finish,245,43.5109103500155,16.363974050014804,1111,251,196,55,,,False,
2026-05-12T11:57:17+00:00,43.51412736810744,16.37700187973678,124,2026-05-12T12:09:53.993848+00:00,827,1,1.979,145.053,118.74,192.829,1,Start,Finish,245,43.5109103500155,16.363974050014804,1110,251,195,56,,,False,
2026-05-12T11:57:18+00:00,43.51411077193916,16.37699592858553,121,2026-05-12T12:09:53.993848+00:00,827,1,1.907,146.96,114.42,194.577,1,Start,Finish,245,43.5109103500155,16.363974050014804,1109,251,195,56,,,False,
2026-05-12T11:57:19+00:00,43.51409394526854,16.37699066894129,121,2026-05-12T12:09:53.993848+00:00,827,1,1.919,148.878,115.14,192.772,1,Start,Finish,245,43.5109103500155,16.363974050014804,1108,251,194,57,,,False,
2026-05-12T11:57:20+00:00,43.514077118597925,16.37698540929705,120,2026-05-12T12:09:53.993848+00:00,827,1,1.919,150.797,115.14,192.772,1,Start,Finish,245,43.5109103500155,16.363974050014804,1107,251,194,57,,,False,
2026-05-12T11:57:21+00:00,43.51406029192731,16.37698014965281,120,2026-05-12T12:09:53.993848+00:00,827,1,1.919,152.715,115.14,192.772,1,Start,Finish,245,43.5109103500155,16.363974050014804,1106,252,193,59,,,False,
2026-05-12T11:57:22+00:00,43.51404346525669,16.37697489000857,120,2026-05-12T12:09:53.993848+00:00,827,1,1.919,154.634,115.14,192.772,1,Start,Finish,245,43.5109103500155,16.363974050014804,1105,252,193,59,,,False,
2026-05-12T11:57:23+00:00,43.514026638586074,16.37696963036433,119,2026-05-12T12:09:53.993848+00:00,827,1,1.919,156.552,115.14,192.772,1,Start,Finish,245,43.5109103500155,16.363974050014804,1104,252,192,60,,,False,
2026-05-12T11:57:24+00:00,43.51400981191546,16.37696437072009,119,2026-05-12T12:09:53.993848+00:00,827,1,1.919,158.471,115.14,192.772,1,Start,Finish,245,43.5109103500155,16.363974050014804,1103,252,192,60,,,False,
2026-05-12T11:57:25+00:00,43.51399298524484,16.37695911107585,118,2026-05-12T12:09:53.993848+00:00,827,1,1.919,160.389,115.14,192.772,1,Start,Finish,245,43.5109103500155,16.363974050014804,1102,252,191,61,,,False,
2026-05-12T11:57:26+00:00,43.51397615857422,16.376953851431608,118,2026-05-12T12:09:53.993848+00:00,827,1,1.919,162.308,115.14,192.772,1,Start,Finish,245,43.5109103500155,16.363974050014804,1101,252,190,62,,,False,
2026-05-12T11:57:27+00:00,43.51395947858691,16.376949911937118,114,2026-05-12T12:09:53.993848+00:00,827,1,1.882,164.19,112.92,189.719,1,Start,Finish,245,43.5109103500155,16.363974050014804,1100,252,190,62,,,False,
2026-05-12T11:57:28+00:00,43.51394263096154,16.376946098171175,112,2026-05-12T12:09:53.993848+00:00,827,1,1.898,166.088,113.88,189.323,1,Start,Finish,245,43.5109103500155,16.363974050014804,1099,252,190,62,,,False,
2026-05-12T11:57:29+00:00,43.51392578333616,16.37694228440523,111,2026-05-12T12:09:53.993848+00:00,827,1,1.898,167.986,113.88,189.323,1,Start,Finish,245,43.5109103500155,16.363974050014804,1098,252,190,62,,,False,
2026-05-12T11:57:30+00:00,43.513907049782574,16.376941236667335,109,2026-05-12T12:09:53.993848+00:00,827,1,2.085,170.071,125.1,182.323,1,Start,Finish,245,43.5109103500155,16.363974050014804,1097,252,190,62,,,False,
2026-05-12T11:57:31+00:00,43.513888316228986,16.37694018892944,107,2026-05-12T12:09:53.993848+00:00,827,1,2.085,172.156,125.1,182.323,1,Start,Finish,245,43.5109103500155,16.363974050014804,1097,252,190,62,,,False,
2026-05-12T11:57:32+00:00,43.51387104950845,16.376934552099556,108,2026-05-12T12:09:53.993848+00:00,827,1,1.973,174.129,118.38,193.319,1,Start,Finish,245,43.5109103500155,16.363974050014804,1096,253,190,63,,,False,
2026-05-12T11:57:33+00:00,43.51385378278792,16.376928915269673,109,2026-05-12T12:09:53.993848+00:00,827,1,1.973,176.102,118.38,193.319,1,Start,Finish,245,43.5109103500155,16.363974050014804,1095,253,191,62,,,False,
2026-05-12T11:57:34+00:00,43.513836516067386,16.37692327843979,110,2026-05-12T12:09:53.993848+00:00,827,1,1.973,178.075,118.38,193.319,1,Start,Finish,245,43.5109103500155,16.363974050014804,1094,253,192,61,,,False,
2026-05-12T11:57:35+00:00,43.51381924934685,16.376917641609907,111,2026-05-12T12:09:53.993848+00:00,827,1,1.973,180.048,118.38,193.319,1,Start,Finish,245,43.5109103500155,16.363974050014804,1093,253,192,61,,,False,
2026-05-12T11:57:36+00:00,43.51380047388375,16.37691043317318,114,2026-05-12T12:09:53.993848+00:00,827,1,2.167,182.215,130.02,195.559,1,Start,Finish,245,43.5109103500155,16.363974050014804,1092,253,194,59,,,False,
2026-05-12T11:57:37+00:00,43.51378017291427,16.376902721822262,112,2026-05-12T12:09:53.993848+00:00,827,1,2.341,184.557,140.46,195.401,1,Start,Finish,245,43.5109103500155,16.363974050014804,1090,253,195,58,,,False,
2026-05-12T11:57:38+00:00,43.513759871944785,16.376895010471344,110,2026-05-12T12:09:53.993848+00:00,827,1,2.341,186.898,140.46,195.401,1,Start,Finish,245,43.5109103500155,16.363974050014804,1089,253,195,58,,,False,
2026-05-12T11:57:39+00:00,43.513739570975304,16.376887299120426,108,2026-05-12T12:09:53.993848+00:00,827,1,2.341,189.24,140.46,195.401,1,Start,Finish,245,43.5109103500155,16.363974050014804,1088,253,195,58,,,False,
2026-05-12T11:57:40+00:00,43.51371927000582,16.37687958776951,106,2026-05-12T12:09:53.993848+00:00,827,1,2.341,191.581,140.46,195.401,1,Start,Finish,245,43.5109103500155,16.363974050014804,1087,253,195,58,,,False,
2026-05-12T11:57:41+00:00,43.51369896903634,16.37687187641859,104,2026-05-12T12:09:53.993848+00:00,827,1,2.341,193.923,140.46,195.401,1,Start,Finish,245,43.5109103500155,16.363974050014804,1085,253,194,59,,,False,
2026-05-12T11:57:42+00:00,43.513679606840014,16.37686399742961,100,2026-05-12T12:09:53.993848+00:00,827,1,2.245,196.167,134.7,196.442,1,Start,Finish,245,43.5109103500155,16.363974050014804,1084,254,193,61,,,False,
2026-05-12T11:57:43+00:00,43.5136597417295,16.376857543364167,100,2026-05-12T12:09:53.993848+00:00,827,1,2.269,198.437,136.14,193.258,1,Start,Finish,245,43.5109103500155,16.363974050014804,1083,254,191,63,,,False,
2026-05-12T11:57:44+00:00,43.51364142727107,16.376853813417256,102,2026-05-12T12:09:53.993848+00:00,827,1,2.059,200.495,123.54,188.402,1,Start,Finish,245,43.5109103500155,16.363974050014804,1082,254,190,64,,,False,
2026-05-12T11:57:45+00:00,43.51362311281264,16.376850083470345,103,2026-05-12T12:09:53.993848+00:00,827,1,2.059,202.554,123.54,188.402,1,Start,Finish,245,43.5109103500155,16.363974050014804,1081,254,189,65,,,False,
2026-05-12T11:57:46+00:00,43.51360333152115,16.376847317442298,106,2026-05-12T12:09:53.993848+00:00,827,1,2.211,204.765,132.66,185.79,1,Start,Finish,245,43.5109103500155,16.363974050014804,1080,254,188,66,,,False,
2026-05-12T11:57:47+00:00,43.513582879677415,16.376845431514084,108,2026-05-12T12:09:53.993848+00:00,827,1,2.279,207.044,136.74,183.826,1,Start,Finish,245,43.5109103500155,16.363974050014804,1080,254,187,67,,,False,
2026-05-12T11:57:48+00:00,43.51356242783368,16.37684354558587,110,2026-05-12T12:09:53.993848+00:00,827,1,2.279,209.323,136.74,183.826,1,Start,Finish,245,43.5109103500155,16.363974050014804,1079,254,185,69,,,False,
2026-05-12T11:57:49+00:00,43.51354147307575,16.376839648000896,112,2026-05-12T12:09:53.993848+00:00,827,1,2.351,211.674,141.06,187.682,1,Start,Finish,245,43.5109103500155,16.363974050014804,1078,254,186,68,,,False,
2026-05-12T11:57:50+00:00,43.51352051831782,16.37683575041592,114,2026-05-12T12:09:53.993848+00:00,827,1,2.351,214.025,141.06,187.682,1,Start,Finish,245,43.5109103500155,16.363974050014804,1077,254,186,68,,,False,
2026-05-12T11:57:51+00:00,43.51350006647408,16.376835079863667,114,2026-05-12T12:09:53.993848+00:00,827,1,2.275,216.3,136.5,181.362,1,Start,Finish,245,43.5109103500155,16.363974050014804,1076,254,187,67,,,False,
2026-05-12T11:57:52+00:00,43.51347961463034,16.376834409311414,113,2026-05-12T12:09:53.993848+00:00,827,1,2.275,218.575,136.5,181.362,1,Start,Finish,245,43.5109103500155,16.363974050014804,1076,255,188,67,,,False,
2026-05-12T11:57:53+00:00,43.513461872935295,16.376829044893384,114,2026-05-12T12:09:53.993848+00:00,827,1,2.02,220.595,121.2,192.368,1,Start,Finish,245,43.5109103500155,16.363974050014804,1075,255,189,66,,,False,
2026-05-12T11:57:54+00:00,43.51344413124025,16.376823680475354,114,2026-05-12T12:09:53.993848+00:00,827,1,2.02,222.614,121.2,192.368,1,Start,Finish,245,43.5109103500155,16.363974050014804,1074,255,189,66,,,False,
2026-05-12T11:57:55+00:00,43.5134263895452,16.376818316057324,115,2026-05-12T12:09:53.993848+00:00,827,1,2.02,224.634,121.2,192.368,1,Start,Finish,245,43.5109103500155,16.363974050014804,1073,255,190,65,,,False,
2026-05-12T11:57:56+00:00,43.51340864785016,16.376812951639295,116,2026-05-12T12:09:53.993848+00:00,827,1,2.02,226.654,121.2,192.368,1,Start,Finish,245,43.5109103500155,16.363974050014804,1072,255,190,65,,,False,
2026-05-12T11:57:57+00:00,43.51339090615511,16.376807587221265,116,2026-05-12T12:09:53.993848+00:00,827,1,2.02,228.673,121.2,192.368,1,Start,Finish,245,43.5109103500155,16.363974050014804,1071,255,192,63,,,False,
2026-05-12T11:57:58+00:00,43.51337316446006,16.376802222803235,117,2026-05-12T12:09:53.993848+00:00,827,1,2.02,230.693,121.2,192.368,1,Start,Finish,245,43.5109103500155,16.363974050014804,1070,255,191,64,,,False,
2026-05-12T11:57:59+00:00,43.51335233543068,16.376797696575522,119,2026-05-12T12:09:53.993848+00:00,827,1,2.345,233.038,140.7,188.956,1,Start,Finish,245,43.5109103500155,16.363974050014804,1069,255,191,64,,,False,
2026-05-12T11:58:00+00:00,43.5133315064013,16.37679317034781,121,2026-05-12T12:09:53.993848+00:00,827,1,2.345,235.382,140.7,188.956,1,Start,Finish,245,43.5109103500155,16.363974050014804,1068,255,190,65,,,False,
2026-05-12T11:58:01+00:00,43.51331130601466,16.37678738683462,121,2026-05-12T12:09:53.993848+00:00,827,1,2.294,237.676,137.64,191.73,1,Start,Finish,245,43.5109103500155,16.363974050014804,1067,256,190,66,,,False,
2026-05-12T11:58:02+00:00,43.5132900159806,16.3767833635211,118,2026-05-12T12:09:53.993848+00:00,827,1,2.389,240.066,143.34,187.804,1,Start,Finish,245,43.5109103500155,16.363974050014804,1066,256,190,66,,,False,
2026-05-12T11:58:03+00:00,43.513268725946546,16.376779340207577,114,2026-05-12T12:09:53.993848+00:00,827,1,2.389,242.455,143.34,187.804,1,Start,Finish,245,43.5109103500155,16.363974050014804,1065,256,190,66,,,False,
2026-05-12T11:58:04+00:00,43.5132503695786,16.376774394884706,110,2026-05-12T12:09:53.993848+00:00,827,1,2.08,244.535,124.8,191.055,1,Start,Finish,245,43.5109103500155,16.363974050014804,1065,256,190,66,,,False,
2026-05-12T11:58:05+00:00,43.51323125883937,16.376769952476025,110,2026-05-12T12:09:53.993848+00:00,827,1,2.155,246.69,129.3,189.569,1,Start,Finish,245,43.5109103500155,16.363974050014804,1064,256,190,66,,,False,
2026-05-12T11:58:06+00:00,43.51321332156658,16.376765090972185,112,2026-05-12T12:09:53.993848+00:00,827,1,2.033,248.723,121.98,191.12,1,Start,Finish,245,43.5109103500155,16.363974050014804,1063,256,190,66,,,False,
2026-05-12T11:58:07+00:00,43.513195384293795,16.376760229468346,114,2026-05-12T12:09:53.993848+00:00,827,1,2.033,250.755,121.98,191.12,1,Start,Finish,245,43.5109103500155,16.363974050014804,1062,256,190,66,,,False,
2026-05-12T11:58:08+00:00,43.51317723747343,16.376755158416927,116,2026-05-12T12:09:53.993848+00:00,827,1,2.059,252.814,123.54,191.456,1,Start,Finish,245,43.5109103500155,16.363974050014804,1061,256,190,66,,,False,
2026-05-12T11:58:09+00:00,43.51315909065306,16.376750087365508,117,2026-05-12T12:09:53.993848+00:00,827,1,2.059,254.873,123.54,191.456,1,Start,Finish,245,43.5109103500155,16.363974050014804,1060,256,190,66,,,False,
2026-05-12T11:58:10+00:00,43.51313977036625,16.376745183952153,116,2026-05-12T12:09:53.993848+00:00,827,1,2.184,257.058,131.04,190.429,1,Start,Finish,245,43.5109103500155,16.363974050014804,1059,256,189,67,,,False,
2026-05-12T11:58:11+00:00,43.51312045007944,16.376740280538797,115,2026-05-12T12:09:53.993848+00:00,827,1,2.184,259.242,131.04,190.429,1,Start,Finish,245,43.5109103500155,16.363974050014804,1058,257,189,68,,,False,
2026-05-12T11:58:12+00:00,43.51310092024505,16.37673752498813,115,2026-05-12T12:09:53.993848+00:00,827,1,2.183,261.425,130.98,185.842,1,Start,Finish,245,43.5109103500155,16.363974050014804,1058,257,188,69,,,False,
2026-05-12T11:58:13+00:00,43.51308139041066,16.376734769437462,116,2026-05-12T12:09:53.993848+00:00,827,1,2.183,263.608,130.98,185.842,1,Start,Finish,245,43.5109103500155,16.363974050014804,1057,257,187,70,,,False,
2026-05-12T11:58:14+00:00,43.51306186057627,16.376732013886794,116,2026-05-12T12:09:53.993848+00:00,827,1,2.183,265.791,130.98,185.842,1,Start,Finish,245,43.5109103500155,16.363974050014804,1056,257,187,70,,,False,
2026-05-12T11:58:15+00:00,43.51304233074188,16.376729258336127,116,2026-05-12T12:09:53.993848+00:00,827,1,2.183,267.974,130.98,185.842,1,Start,Finish,245,43.5109103500155,16.363974050014804,1056,257,186,71,,,False,
2026-05-12T11:58:16+00:00,43.51302280090749,16.37672650278546,117,2026-05-12T12:09:53.993848+00:00,827,1,2.183,270.157,130.98,185.842,1,Start,Finish,245,43.5109103500155,16.363974050014804,1055,257,186,71,,,False,
2026-05-12T11:58:17+00:00,43.5130032710731,16.37672374723479,117,2026-05-12T12:09:53.993848+00:00,827,1,2.183,272.34,130.98,185.842,1,Start,Finish,245,43.5109103500155,16.363974050014804,1054,257,187,70,,,False,
2026-05-12T11:58:18+00:00,43.51298374123871,16.376720991684124,118,2026-05-12T12:09:53.993848+00:00,827,1,2.183,274.523,130.98,185.842,1,Start,Finish,245,43.5109103500155,16.363974050014804,1053,257,187,70,,,False,
2026-05-12T11:58:19+00:00,43.51296421140432,16.376718236133456,118,2026-05-12T12:09:53.993848+00:00,827,1,2.183,276.706,130.98,185.842,1,Start,Finish,245,43.5109103500155,16.363974050014804,1053,257,188,69,,,False,
2026-05-12T11:58:20+00:00,43.51294329855591,16.376713416539133,118,2026-05-12T12:09:53.993848+00:00,827,1,2.358,279.063,141.48,189.488,1,Start,Finish,245,43.5109103500155,16.363974050014804,1052,258,188,70,,,False,
2026-05-12T11:58:21+00:00,43.5129223857075,16.37670859694481,119,2026-05-12T12:09:53.993848+00:00,827,1,2.358,281.421,141.48,189.488,1,Start,Finish,245,43.5109103500155,16.363974050014804,1051,258,188,70,,,False,
2026-05-12T11:58:22+00:00,43.51290092803538,16.376703372225165,117,2026-05-12T12:09:53.993848+00:00,827,1,2.423,283.844,145.38,190.014,1,Start,Finish,245,43.5109103500155,16.363974050014804,1050,258,189,69,,,False,
2026-05-12T11:58:23+00:00,43.51287947036326,16.37669814750552,116,2026-05-12T12:09:53.993848+00:00,827,1,2.423,286.267,145.38,190.014,1,Start,Finish,245,43.5109103500155,16.363974050014804,1049,258,189,69,,,False,
2026-05-12T11:58:24+00:00,43.51285801269114,16.376692922785878,114,2026-05-12T12:09:53.993848+00:00,827,1,2.423,288.69,145.38,190.014,1,Start,Finish,245,43.5109103500155,16.363974050014804,1048,258,189,69,,,False,
2026-05-12T11:58:25+00:00,43.51283810567111,16.37668864801526,112,2026-05-12T12:09:53.993848+00:00,827,1,2.24,290.93,134.4,188.852,1,Start,Finish,245,43.5109103500155,16.363974050014804,1047,258,188,70,,,False,
2026-05-12T11:58:26+00:00,43.512818198651075,16.376684373244643,110,2026-05-12T12:09:53.993848+00:00,827,1,2.24,293.17,134.4,188.852,1,Start,Finish,245,43.5109103500155,16.363974050014804,1047,258,188,70,,,False,
2026-05-12T11:58:27+00:00,43.512798864394426,16.3766819704324,111,2026-05-12T12:09:53.993848+00:00,827,1,2.159,295.329,129.54,185.15,1,Start,Finish,245,43.5109103500155,16.363974050014804,1046,258,188,70,,,False,
2026-05-12T11:58:28+00:00,43.51277953013778,16.376679567620158,112,2026-05-12T12:09:53.993848+00:00,827,1,2.159,297.487,129.54,185.15,1,Start,Finish,245,43.5109103500155,16.363974050014804,1045,259,187,72,,,False,
2026-05-12T11:58:29+00:00,43.51276019588113,16.376677164807916,113,2026-05-12T12:09:53.993848+00:00,827,1,2.159,299.646,129.54,185.15,1,Start,Finish,245,43.5109103500155,16.363974050014804,1045,259,187,72,,,False,
2026-05-12T11:58:30+00:00,43.5127410851419,16.37667377013713,115,2026-05-12T12:09:53.993848+00:00,827,1,2.143,301.788,128.58,187.341,1,Start,Finish,245,43.5109103500155,16.363974050014804,1044,259,186,73,,,False,
2026-05-12T11:58:31+00:00,43.512721974402666,16.376670375466347,117,2026-05-12T12:09:53.993848+00:00,827,1,2.143,303.931,128.58,187.341,1,Start,Finish,245,43.5109103500155,16.363974050014804,1043,259,186,73,,,False,
2026-05-12T11:58:32+00:00,43.512700432911515,16.376666855067015,118,2026-05-12T12:09:53.993848+00:00,827,1,2.412,306.343,144.72,186.759,1,Start,Finish,245,43.5109103500155,16.363974050014804,1043,259,186,73,,,False,
2026-05-12T11:58:33+00:00,43.51267889142037,16.376663334667683,118,2026-05-12T12:09:53.993848+00:00,827,1,2.412,308.755,144.72,186.759,1,Start,Finish,245,43.5109103500155,16.363974050014804,1042,259,186,73,,,False,
2026-05-12T11:58:34+00:00,43.51265789475292,16.37666074675508,118,2026-05-12T12:09:53.993848+00:00,827,1,2.344,311.099,140.64,185.108,1,Start,Finish,245,43.5109103500155,16.363974050014804,1041,259,186,73,,,False,
2026-05-12T11:58:35+00:00,43.512636898085475,16.376658158842474,117,2026-05-12T12:09:53.993848+00:00,827,1,2.344,313.443,140.64,185.108,1,Start,Finish,245,43.5109103500155,16.363974050014804,1041,259,186,73,,,False,
2026-05-12T11:58:36+00:00,43.51261590141803,16.37665557092987,116,2026-05-12T12:09:53.993848+00:00,827,1,2.344,315.787,140.64,185.108,1,Start,Finish,245,43.5109103500155,16.363974050014804,1040,259,185,74,,,False,
2026-05-12T11:58:37+00:00,43.512594904750586,16.376652983017266,116,2026-05-12T12:09:53.993848+00:00,827,1,2.344,318.131,140.64,185.108,1,Start,Finish,245,43.5109103500155,16.363974050014804,1039,260,185,75,,,False,
2026-05-12T11:58:38+00:00,43.51257390808314,16.37665039510466,116,2026-05-12T12:09:53.993848+00:00,827,1,2.344,320.475,140.64,185.108,1,Start,Finish,245,43.5109103500155,16.363974050014804,1039,260,186,74,,,False,
2026-05-12T11:58:39+00:00,43.512552911415696,16.376647807192057,115,2026-05-12T12:09:53.993848+00:00,827,1,2.344,322.819,140.64,185.108,1,Start,Finish,245,43.5109103500155,16.363974050014804,1038,260,186,74,,,False,
2026-05-12T11:58:40+00:00,43.51253191474825,16.376645219279453,114,2026-05-12T12:09:53.993848+00:00,827,1,2.344,325.163,140.64,185.108,1,Start,Finish,245,43.5109103500155,16.363974050014804,1038,260,186,74,,,False,
2026-05-12T11:58:41+00:00,43.51251091808081,16.37664263136685,114,2026-05-12T12:09:53.993848+00:00,827,1,2.344,327.507,140.64,185.108,1,Start,Finish,245,43.5109103500155,16.363974050014804,1037,260,188,72,,,False,
2026-05-12T11:58:42+00:00,43.51248904131353,16.376638021320105,111,2026-05-12T12:09:53.993848+00:00,827,1,2.461,329.968,147.66,188.689,1,Start,Finish,245,43.5109103500155,16.363974050014804,1036,260,189,71,,,False,
2026-05-12T11:58:43+00:00,43.51246599107981,16.3766329921782,111,2026-05-12T12:09:53.993848+00:00,827,1,2.595,332.563,155.7,188.991,1,Start,Finish,245,43.5109103500155,16.363974050014804,1035,260,190,70,,,False,
2026-05-12T11:58:44+00:00,43.51244319230318,16.376628298312426,113,2026-05-12T12:09:53.993848+00:00,827,1,2.563,335.126,153.78,188.492,1,Start,Finish,245,43.5109103500155,16.363974050014804,1035,261,191,70,,,False,
2026-05-12T11:58:45+00:00,43.51242479402572,16.376620628871024,115,2026-05-12T12:09:53.993848+00:00,827,1,2.137,337.264,128.22,196.821,1,Start,Finish,245,43.5109103500155,16.363974050014804,1034,261,192,69,,,False,
2026-05-12T11:58:46+00:00,43.51240639574826,16.37661295942962,117,2026-05-12T12:09:53.993848+00:00,827,1,2.137,339.401,128.22,196.821,1,Start,Finish,245,43.5109103500155,16.363974050014804,1033,261,193,68,,,False,
2026-05-12T11:58:47+00:00,43.51238674018532,16.376605038531125,119,2026-05-12T12:09:53.993848+00:00,827,1,2.277,341.678,136.62,196.291,1,Start,Finish,245,43.5109103500155,16.363974050014804,1032,261,193,68,,,False,
2026-05-12T11:58:48+00:00,43.51236708462238,16.376597117632627,121,2026-05-12T12:09:53.993848+00:00,827,1,2.277,343.955,136.62,196.291,1,Start,Finish,245,43.5109103500155,16.363974050014804,1031,261,193,68,,,False,
2026-05-12T11:58:49+00:00,43.512346423231065,16.376591767184436,121,2026-05-12T12:09:53.993848+00:00,827,1,2.338,346.293,140.28,190.636,1,Start,Finish,245,43.5109103500155,16.363974050014804,1030,261,193,68,,,False,
2026-05-12T11:58:50+00:00,43.51232576183975,16.376586416736245,120,2026-05-12T12:09:53.993848+00:00,827,1,2.338,348.63,140.28,190.636,1,Start,Finish,245,43.5109103500155,16.363974050014804,1029,261,193,68,,,False,
2026-05-12T11:58:51+00:00,43.51230510044843,16.376581066288054,120,2026-05-12T12:09:53.993848+00:00,827,1,2.338,350.968,140.28,190.636,1,Start,Finish,245,43.5109103500155,16.363974050014804,1028,261,192,69,,,False,
2026-05-12T11:58:52+00:00,43.51228443905711,16.376575715839863,120,2026-05-12T12:09:53.993848+00:00,827,1,2.338,353.305,140.28,190.636,1,Start,Finish,245,43.5109103500155,16.363974050014804,1028,261,192,69,,,False,
2026-05-12T11:58:53+00:00,43.512263777665794,16.37657036539167,119,2026-05-12T12:09:53.993848+00:00,827,1,2.338,355.643,140.28,190.636,1,Start,Finish,245,43.5109103500155,16.363974050014804,1027,262,192,70,,,False,
2026-05-12T11:58:54+00:00,43.51224311627448,16.37656501494348,119,2026-05-12T12:09:53.993848+00:00,827,1,2.338,357.981,140.28,190.636,1,Start,Finish,245,43.5109103500155,16.363974050014804,1026,262,193,69,,,False,
2026-05-12T11:58:55+00:00,43.51222295779735,16.376558099873364,117,2026-05-12T12:09:53.993848+00:00,827,1,2.31,360.29,138.6,193.97,1,Start,Finish,245,43.5109103500155,16.363974050014804,1025,262,194,68,,,False,
2026-05-12T11:58:56+00:00,43.51220279932022,16.376551184803247,115,2026-05-12T12:09:53.993848+00:00,827,1,2.31,362.6,138.6,193.97,1,Start,Finish,245,43.5109103500155,16.363974050014804,1024,262,195,67,,,False,
2026-05-12T11:58:57+00:00,43.51218356883952,16.37654256341713,115,2026-05-12T12:09:53.993848+00:00,827,1,2.249,364.849,134.94,198.011,1,Start,Finish,245,43.5109103500155,16.363974050014804,1023,262,195,67,,,False,
2026-05-12T11:58:58+00:00,43.51216433835881,16.37653394203101,116,2026-05-12T12:09:53.993848+00:00,827,1,2.249,367.097,134.94,198.011,1,Start,Finish,245,43.5109103500155,16.363974050014804,1022,262,196,66,,,False,
2026-05-12T11:58:59+00:00,43.512145107878105,16.37652532064489,116,2026-05-12T12:09:53.993848+00:00,827,1,2.249,369.346,134.94,198.011,1,Start,Finish,245,43.5109103500155,16.363974050014804,1021,262,197,65,,,False,
2026-05-12T11:59:00+00:00,43.5121258773974,16.37651669925877,117,2026-05-12T12:09:53.993848+00:00,827,1,2.249,371.594,134.94,198.011,1,Start,Finish,245,43.5109103500155,16.363974050014804,1020,262,198,64,,,False,
2026-05-12T11:59:01+00:00,43.5121066469167,16.37650807787265,117,2026-05-12T12:09:53.993848+00:00,827,1,2.249,373.843,134.94,198.011,1,Start,Finish,245,43.5109103500155,16.363974050014804,1019,263,199,64,,,False,
2026-05-12T11:59:02+00:00,43.51208741643599,16.37649945648653,118,2026-05-12T12:09:53.993848+00:00,827,1,2.249,376.091,134.94,198.011,1,Start,Finish,245,43.5109103500155,16.363974050014804,1019,263,199,64,,,False,
2026-05-12T11:59:03+00:00,43.512068185955286,16.376490835100412,118,2026-05-12T12:09:53.993848+00:00,827,1,2.249,378.34,134.94,198.011,1,Start,Finish,245,43.5109103500155,16.363974050014804,1018,263,199,64,,,False,
2026-05-12T11:59:04+00:00,43.51204832084477,16.37648002244532,120,2026-05-12T12:09:53.993848+00:00,827,1,2.375,380.715,142.5,201.541,1,Start,Finish,245,43.5109103500155,16.363974050014804,1016,263,199,64,,,False,
2026-05-12T11:59:05+00:00,43.51202845573425,16.37646920979023,121,2026-05-12T12:09:53.993848+00:00,827,1,2.375,383.089,142.5,201.541,1,Start,Finish,245,43.5109103500155,16.363974050014804,1015,263,199,64,,,False,
2026-05-12T11:59:06+00:00,43.512008590623736,16.37645998969674,121,2026-05-12T12:09:53.993848+00:00,827,1,2.331,385.42,139.86,198.603,1,Start,Finish,245,43.5109103500155,16.363974050014804,1014,263,199,64,,,False,
2026-05-12T11:59:07+00:00,43.51199093274772,16.376451859250665,120,2026-05-12T12:09:53.993848+00:00,827,1,2.07,387.49,124.2,198.466,1,Start,Finish,245,43.5109103500155,16.363974050014804,1013,263,199,64,,,False,
2026-05-12T11:59:08+00:00,43.51197327487171,16.37644372880459,119,2026-05-12T12:09:53.993848+00:00,827,1,2.07,389.56,124.2,198.466,1,Start,Finish,245,43.5109103500155,16.363974050014804,1013,263,199,64,,,False,
2026-05-12T11:59:09+00:00,43.51195561699569,16.376435598358512,118,2026-05-12T12:09:53.993848+00:00,827,1,2.07,391.63,124.2,198.466,1,Start,Finish,245,43.5109103500155,16.363974050014804,1012,263,198,65,,,False,
2026-05-12T11:59:10+00:00,43.51193776354194,16.376427467912436,115,2026-05-12T12:09:53.993848+00:00,827,1,2.091,393.721,125.46,198.277,1,Start,Finish,245,43.5109103500155,16.363974050014804,1011,264,198,66,,,False,
2026-05-12T11:59:11+00:00,43.5119195189327,16.376420077867806,115,2026-05-12T12:09:53.993848+00:00,827,1,2.114,395.835,126.84,196.371,1,Start,Finish,245,43.5109103500155,16.363974050014804,1010,264,197,67,,,False,
2026-05-12T11:59:12+00:00,43.51190127432346,16.376412687823176,115,2026-05-12T12:09:53.993848+00:00,827,1,2.114,397.95,126.84,196.371,1,Start,Finish,245,43.5109103500155,16.363974050014804,1009,264,197,67,,,False,
2026-05-12T11:59:13+00:00,43.51188302971423,16.376405297778547,114,2026-05-12T12:09:53.993848+00:00,827,1,2.114,400.064,126.84,196.371,1,Start,Finish,245,43.5109103500155,16.363974050014804,1008,264,197,67,,,False,
2026-05-12T11:59:14+00:00,43.51186478510499,16.376397907733917,114,2026-05-12T12:09:53.993848+00:00,827,1,2.114,402.179,126.84,196.371,1,Start,Finish,245,43.5109103500155,16.363974050014804,1007,264,196,68,,,False,
2026-05-12T11:59:15+00:00,43.51184654049575,16.376390517689288,114,2026-05-12T12:09:53.993848+00:00,827,1,2.114,404.293,126.84,196.371,1,Start,Finish,245,43.5109103500155,16.363974050014804,1007,264,195,69,,,False,
2026-05-12T11:59:16+00:00,43.51182829588652,16.376383127644658,114,2026-05-12T12:09:53.993848+00:00,827,1,2.114,406.408,126.84,196.371,1,Start,Finish,245,43.5109103500155,16.363974050014804,1006,264,195,69,,,False,
2026-05-12T11:59:17+00:00,43.51180792786181,16.376376350277237,113,2026-05-12T12:09:53.993848+00:00,827,1,2.33,408.737,139.8,193.567,1,Start,Finish,245,43.5109103500155,16.363974050014804,1005,264,195,69,,,False,
2026-05-12T11:59:18+00:00,43.5117875598371,16.376369572909816,113,2026-05-12T12:09:53.993848+00:00,827,1,2.33,411.067,139.8,193.567,1,Start,Finish,245,43.5109103500155,16.363974050014804,1004,264,195,69,,,False,
2026-05-12T11:59:19+00:00,43.5117671918124,16.376362795542395,112,2026-05-12T12:09:53.993848+00:00,827,1,2.33,413.397,139.8,193.567,1,Start,Finish,245,43.5109103500155,16.363974050014804,1004,265,194,71,,,False,
2026-05-12T11:59:20+00:00,43.51174682378769,16.37635601817497,111,2026-05-12T12:09:53.993848+00:00,827,1,2.33,415.727,139.8,193.567,1,Start,Finish,245,43.5109103500155,16.363974050014804,1003,265,194,71,,,False,
2026-05-12T11:59:21+00:00,43.51172645576298,16.37634924080755,110,2026-05-12T12:09:53.993848+00:00,827,1,2.33,418.057,139.8,193.567,1,Start,Finish,245,43.5109103500155,16.363974050014804,1002,265,194,71,,,False,
2026-05-12T11:59:22+00:00,43.511706087738276,16.37634246344013,110,2026-05-12T12:09:53.993848+00:00,827,1,2.33,420.387,139.8,193.567,1,Start,Finish,245,43.5109103500155,16.363974050014804,1001,265,195,70,,,False,
2026-05-12T11:59:23+00:00,43.51168571971357,16.376335686072707,109,2026-05-12T12:09:53.993848+00:00,827,1,2.33,422.716,139.8,193.567,1,Start,Finish,245,43.5109103500155,16.363974050014804,1001,265,195,70,,,False,
2026-05-12T11:59:24+00:00,43.51166734658182,16.37632768973708,110,2026-05-12T12:09:53.993848+00:00,827,1,2.142,424.859,128.52,197.518,1,Start,Finish,245,43.5109103500155,16.363974050014804,1000,265,196,69,,,False,
2026-05-12T11:59:25+00:00,43.511648973450065,16.376319693401456,111,2026-05-12T12:09:53.993848+00:00,827,1,2.142,427.001,128.52,197.518,1,Start,Finish,245,43.5109103500155,16.363974050014804,999,265,196,69,,,False,
2026-05-12T11:59:26+00:00,43.51163060031831,16.37631169706583,111,2026-05-12T12:09:53.993848+00:00,827,1,2.142,429.143,128.52,197.518,1,Start,Finish,245,43.5109103500155,16.363974050014804,998,265,196,69,,,False,
2026-05-12T11:59:27+00:00,43.51161222718656,16.376303700730205,112,2026-05-12T12:09:53.993848+00:00,827,1,2.142,431.286,128.52,197.518,1,Start,Finish,245,43.5109103500155,16.363974050014804,997,266,196,70,,,False,
2026-05-12T11:59:28+00:00,43.51159385405481,16.37629570439458,113,2026-05-12T12:09:53.993848+00:00,827,1,2.142,433.428,128.52,197.518,1,Start,Finish,245,43.5109103500155,16.363974050014804,997,266,196,70,,,False,
2026-05-12T11:59:29+00:00,43.51157683879137,16.37628799304366,117,2026-05-12T12:09:53.993848+00:00,827,1,1.992,435.42,119.52,198.195,1,Start,Finish,245,43.5109103500155,16.363974050014804,996,266,195,71,,,False,
2026-05-12T11:59:30+00:00,43.51155803538859,16.37628212571144,119,2026-05-12T12:09:53.993848+00:00,827,1,2.144,437.563,128.64,192.751,1,Start,Finish,245,43.5109103500155,16.363974050014804,995,266,194,72,,,False,
2026-05-12T11:59:31+00:00,43.51153923198581,16.37627625837922,120,2026-05-12T12:09:53.993848+00:00,827,1,2.144,439.707,128.64,192.751,1,Start,Finish,245,43.5109103500155,16.363974050014804,995,266,193,73,,,False,
2026-05-12T11:59:32+00:00,43.511520428583026,16.376270391047,122,2026-05-12T12:09:53.993848+00:00,827,1,2.144,441.851,128.64,192.751,1,Start,Finish,245,43.5109103500155,16.363974050014804,994,266,192,74,,,False,
2026-05-12T11:59:33+00:00,43.51150178723037,16.376266325823963,122,2026-05-12T12:09:53.993848+00:00,827,1,2.099,443.949,125.94,188.987,1,Start,Finish,245,43.5109103500155,16.363974050014804,993,266,191,75,,,False,
2026-05-12T11:59:34+00:00,43.51148314587772,16.376262260600924,122,2026-05-12T12:09:53.993848+00:00,827,1,2.099,446.048,125.94,188.987,1,Start,Finish,245,43.5109103500155,16.363974050014804,993,266,190,76,,,False,
2026-05-12T11:59:35+00:00,43.511464504525065,16.376258195377886,122,2026-05-12T12:09:53.993848+00:00,827,1,2.099,448.147,125.94,188.987,1,Start,Finish,245,43.5109103500155,16.363974050014804,993,266,190,76,,,False,
2026-05-12T11:59:36+00:00,43.51144586317241,16.376254130154848,122,2026-05-12T12:09:53.993848+00:00,827,1,2.099,450.245,125.94,188.987,1,Start,Finish,245,43.5109103500155,16.363974050014804,992,267,189,78,,,False,
2026-05-12T11:59:37+00:00,43.51142722181976,16.37625006493181,122,2026-05-12T12:09:53.993848+00:00,827,1,2.099,452.344,125.94,188.987,1,Start,Finish,245,43.5109103500155,16.363974050014804,992,267,189,78,,,False,
2026-05-12T11:59:38+00:00,43.511408580467105,16.37624599970877,121,2026-05-12T12:09:53.993848+00:00,827,1,2.099,454.442,125.94,188.987,1,Start,Finish,245,43.5109103500155,16.363974050014804,991,267,189,78,,,False,
2026-05-12T11:59:39+00:00,43.51138993911445,16.376241934485734,121,2026-05-12T12:09:53.993848+00:00,827,1,2.099,456.541,125.94,188.987,1,Start,Finish,245,43.5109103500155,16.363974050014804,991,267,189,78,,,False,
2026-05-12T11:59:40+00:00,43.5113712977618,16.376237869262695,121,2026-05-12T12:09:53.993848+00:00,827,1,2.099,458.64,125.94,188.987,1,Start,Finish,245,43.5109103500155,16.363974050014804,990,267,189,78,,,False,
2026-05-12T11:59:41+00:00,43.511352656409144,16.376233804039657,121,2026-05-12T12:09:53.993848+00:00,827,1,2.099,460.738,125.94,188.987,1,Start,Finish,245,43.5109103500155,16.363974050014804,990,267,189,78,,,False,
2026-05-12T11:59:42+00:00,43.51133401505649,16.37622973881662,121,2026-05-12T12:09:53.993848+00:00,827,1,2.099,462.837,125.94,188.987,1,Start,Finish,245,43.5109103500155,16.363974050014804,989,267,189,78,,,False,
2026-05-12T11:59:43+00:00,43.511313950875774,16.376225118292496,121,2026-05-12T12:09:53.993848+00:00,827,1,2.262,465.099,135.72,189.482,1,Start,Finish,245,43.5109103500155,16.363974050014804,989,267,189,78,,,False,
2026-05-12T11:59:44+00:00,43.51129388669506,16.376220497768372,120,2026-05-12T12:09:53.993848+00:00,827,1,2.262,467.361,135.72,189.482,1,Start,Finish,245,43.5109103500155,16.363974050014804,989,268,189,79,,,False,
2026-05-12T11:59:45+00:00,43.51127382251434,16.37621587724425,120,2026-05-12T12:09:53.993848+00:00,827,1,2.262,469.623,135.72,189.482,1,Start,Finish,245,43.5109103500155,16.363974050014804,988,268,189,79,,,False,
2026-05-12T11:59:46+00:00,43.51125375833362,16.376211256720126,120,2026-05-12T12:09:53.993848+00:00,827,1,2.262,471.884,135.72,189.482,1,Start,Finish,245,43.5109103500155,16.363974050014804,988,268,189,79,,,False,
2026-05-12T11:59:47+00:00,43.51123369415291,16.376206636196002,119,2026-05-12T12:09:53.993848+00:00,827,1,2.262,474.146,135.72,189.482,1,Start,Finish,245,43.5109103500155,16.363974050014804,987,268,190,78,,,False,
2026-05-12T11:59:48+00:00,43.51121362997219,16.37620201567188,119,2026-05-12T12:09:53.993848+00:00,827,1,2.262,476.408,135.72,189.482,1,Start,Finish,245,43.5109103500155,16.363974050014804,987,268,191,77,,,False,
2026-05-12T11:59:49+00:00,43.51119356579147,16.376197395147756,118,2026-05-12T12:09:53.993848+00:00,827,1,2.262,478.67,135.72,189.482,1,Start,Finish,245,43.5109103500155,16.363974050014804,986,268,192,76,,,False,
2026-05-12T11:59:50+00:00,43.51117350161075,16.376192774623632,118,2026-05-12T12:09:53.993848+00:00,827,1,2.262,480.932,135.72,189.482,1,Start,Finish,245,43.5109103500155,16.363974050014804,986,268,192,76,,,False,
2026-05-12T11:59:51+00:00,43.51115705212578,16.376186802517623,118,2026-05-12T12:09:53.993848+00:00,827,1,1.891,482.824,113.46,194.751,1,Start,Finish,245,43.5109103500155,16.363974050014804,985,268,192,76,,,False,
2026-05-12T11:59:52+00:00,43.51114060264081,16.376180830411613,117,2026-05-12T12:09:53.993848+00:00,827,1,1.891,484.715,113.46,194.751,1,Start,Finish,245,43.5109103500155,16.363974050014804,985,269,192,77,,,False,
2026-05-12T11:59:53+00:00,43.51112415315583,16.376174858305603,116,2026-05-12T12:09:53.993848+00:00,827,1,1.891,486.607,113.46,194.751,1,Start,Finish,245,43.5109103500155,16.363974050014804,984,269,192,77,,,False,
2026-05-12T11:59:54+00:00,43.51110770367086,16.376168886199594,116,2026-05-12T12:09:53.993848+00:00,827,1,1.891,488.498,113.46,194.751,1,Start,Finish,245,43.5109103500155,16.363974050014804,984,269,191,78,,,False,
2026-05-12T11:59:55+00:00,43.51109130308032,16.376164834946394,117,2026-05-12T12:09:53.993848+00:00,827,1,1.853,490.351,111.18,190.157,1,Start,Finish,245,43.5109103500155,16.363974050014804,983,269,191,78,,,False,
2026-05-12T11:59:56+00:00,43.51107490248978,16.376160783693194,118,2026-05-12T12:09:53.993848+00:00,827,1,1.853,492.203,111.18,190.157,1,Start,Finish,245,43.5109103500155,16.363974050014804,983,269,191,78,,,False,
2026-05-12T11:59:57+00:00,43.51105850189924,16.376156732439995,119,2026-05-12T12:09:53.993848+00:00,827,1,1.853,494.056,111.18,190.157,1,Start,Finish,245,43.5109103500155,16.363974050014804,983,269,190,79,,,False,
2026-05-12T11:59:58+00:00,43.5110390977934,16.376153505407274,118,2026-05-12T12:09:53.993848+00:00,827,1,2.173,496.229,130.38,186.877,1,Start,Finish,245,43.5109103500155,16.363974050014804,982,269,190,79,,,False,
2026-05-12T11:59:59+00:00,43.51101969368756,16.376150278374553,118,2026-05-12T12:09:53.993848+00:00,827,1,2.173,498.403,130.38,186.877,1,Start,Finish,245,43.5109103500155,16.363974050014804,982,269,189,80,,,False,
2026-05-12T12:00:00+00:00,43.51100028958171,16.37614705134183,117,2026-05-12T12:09:53.993848+00:00,827,1,2.173,500.576,130.38,186.877,1,Start,Finish,245,43.5109103500155,16.363974050014804,982,269,188,81,,,False,
2026-05-12T12:00:01+00:00,43.510980885475874,16.37614382430911,116,2026-05-12T12:09:53.993848+00:00,827,1,2.173,502.749,130.38,186.877,1,Start,Finish,245,43.5109103500155,16.363974050014804,981,270,188,82,,,False,
2026-05-12T12:00:02+00:00,43.510960433632135,16.376139163970947,117,2026-05-12T12:09:53.993848+00:00,827,1,2.305,505.054,138.3,189.384,1,Start,Finish,245,43.5109103500155,16.363974050014804,981,270,188,82,,,False,
2026-05-12T12:00:03+00:00,43.5109399817884,16.376134503632784,117,2026-05-12T12:09:53.993848+00:00,827,1,2.305,507.359,138.3,189.384,1,Start,Finish,245,43.5109103500155,16.363974050014804,981,270,189,81,,,False,
2026-05-12T12:00:04+00:00,43.51091952994466,16.37612984329462,118,2026-05-12T12:09:53.993848+00:00,827,1,2.305,509.664,138.3,189.384,1,Start,Finish,245,43.5109103500155,16.363974050014804,980,270,190,80,,,False,
2026-05-12T12:00:05+00:00,43.51089907810092,16.376125182956457,118,2026-05-12T12:09:53.993848+00:00,827,1,2.305,511.969,138.3,189.384,1,Start,Finish,245,43.5109103500155,16.363974050014804,980,270,191,79,,,False,
2026-05-12T12:00:06+00:00,43.51087862625718,16.376120522618294,119,2026-05-12T12:09:53.993848+00:00,827,1,2.305,514.274,138.3,189.384,1,Start,Finish,245,43.5109103500155,16.363974050014804,980,270,192,78,,,False,
2026-05-12T12:00:07+00:00,43.51086140144616,16.376114864833653,118,2026-05-12T12:09:53.993848+00:00,827,1,1.969,516.243,118.14,193.399,1,Start,Finish,245,43.5109103500155,16.363974050014804,979,270,192,78,,,False,
2026-05-12T12:00:08+00:00,43.510844176635146,16.376109207049012,118,2026-05-12T12:09:53.993848+00:00,827,1,1.969,518.212,118.14,193.399,1,Start,Finish,245,43.5109103500155,16.363974050014804,979,270,191,79,,,False,
2026-05-12T12:00:09+00:00,43.51082665845752,16.376102585345507,116,2026-05-12T12:09:53.993848+00:00,827,1,2.02,520.232,121.2,195.33,1,Start,Finish,245,43.5109103500155,16.363974050014804,978,271,191,80,,,False,
2026-05-12T12:00:10+00:00,43.51080914027989,16.376095963642,114,2026-05-12T12:09:53.993848+00:00,827,1,2.02,522.252,121.2,195.33,1,Start,Finish,245,43.5109103500155,16.363974050014804,978,271,192,79,,,False,
2026-05-12T12:00:11+00:00,43.51078902371228,16.376091353595257,111,2026-05-12T12:09:53.993848+00:00,827,1,2.268,524.519,136.08,189.436,1,Start,Finish,245,43.5109103500155,16.363974050014804,977,271,192,79,,,False,
2026-05-12T12:00:12+00:00,43.51076970342547,16.376087707467377,109,2026-05-12T12:09:53.993848+00:00,827,1,2.168,526.687,130.08,187.794,1,Start,Finish,245,43.5109103500155,16.363974050014804,977,271,192,79,,,False,
2026-05-12T12:00:13+00:00,43.51075038313866,16.376084061339498,107,2026-05-12T12:09:53.993848+00:00,827,1,2.168,528.856,130.08,187.794,1,Start,Finish,245,43.5109103500155,16.363974050014804,977,271,191,80,,,False,
2026-05-12T12:00:14+00:00,43.51073378697038,16.376079053152353,108,2026-05-12T12:09:53.993848+00:00,827,1,1.889,530.745,113.34,192.345,1,Start,Finish,245,43.5109103500155,16.363974050014804,976,271,190,81,,,False,
2026-05-12T12:00:15+00:00,43.5107171908021,16.376074044965208,109,2026-05-12T12:09:53.993848+00:00,827,1,1.889,532.634,113.34,192.345,1,Start,Finish,245,43.5109103500155,16.363974050014804,976,271,189,82,,,False,
2026-05-12T12:00:16+00:00,43.51070059463382,16.376069036778063,110,2026-05-12T12:09:53.993848+00:00,827,1,1.889,534.523,113.34,192.345,1,Start,Finish,245,43.5109103500155,16.363974050014804,976,271,188,83,,,False,
2026-05-12T12:00:17+00:00,43.51068399846554,16.376064028590918,111,2026-05-12T12:09:53.993848+00:00,827,1,1.889,536.412,113.34,192.345,1,Start,Finish,245,43.5109103500155,16.363974050014804,975,271,188,83,,,False,
2026-05-12T12:00:18+00:00,43.51066505536437,16.37606218457222,114,2026-05-12T12:09:53.993848+00:00,827,1,2.112,538.524,126.72,184.038,1,Start,Finish,245,43.5109103500155,16.363974050014804,975,272,187,85,,,False,
2026-05-12T12:00:19+00:00,43.51064577698707,16.376061220653355,116,2026-05-12T12:09:53.993848+00:00,827,1,2.145,540.669,128.7,182.077,1,Start,Finish,245,43.5109103500155,16.363974050014804,975,272,187,85,,,False,
2026-05-12T12:00:20+00:00,43.51062649860978,16.37606025673449,118,2026-05-12T12:09:53.993848+00:00,827,1,2.145,542.814,128.7,182.077,1,Start,Finish,245,43.5109103500155,16.363974050014804,975,272,185,87,,,False,
2026-05-12T12:00:21+00:00,43.51060814224184,16.37605856359005,117,2026-05-12T12:09:53.993848+00:00,827,1,2.046,544.86,122.76,183.827,1,Start,Finish,245,43.5109103500155,16.363974050014804,975,272,185,87,,,False,
2026-05-12T12:00:22+00:00,43.51058978587389,16.37605687044561,116,2026-05-12T12:09:53.993848+00:00,827,1,2.046,546.905,122.76,183.827,1,Start,Finish,245,43.5109103500155,16.363974050014804,975,272,190,82,,,False,
2026-05-12T12:00:23+00:00,43.510571429505944,16.37605517730117,116,2026-05-12T12:09:53.993848+00:00,827,1,2.046,548.951,122.76,183.827,1,Start,Finish,245,43.5109103500155,16.363974050014804,975,272,199,73,,,False,
2026-05-12T12:00:24+00:00,43.510553073138,16.376053484156728,115,2026-05-12T12:09:53.993848+00:00,827,1,2.046,550.997,122.76,183.827,1,Start,Finish,245,43.5109103500155,16.363974050014804,975,272,207,65,,,False,
2026-05-12T12:00:25+00:00,43.51053471677005,16.376051791012287,114,2026-05-12T12:09:53.993848+00:00,827,1,2.046,553.042,122.76,183.827,1,Start,Finish,245,43.5109103500155,16.363974050014804,975,272,216,56,,,False,
2026-05-12T12:00:26+00:00,43.510519629344344,16.376046426594257,108,2026-05-12T12:09:53.993848+00:00,827,1,1.733,554.775,103.98,194.46,1,Start,Finish,245,43.5109103500155,16.363974050014804,975,273,222,51,,,False,
2026-05-12T12:00:27+00:00,43.51051454432309,16.376033630222082,108,2026-05-12T12:09:53.993848+00:00,827,1,1.177,555.952,70.62,241.281,1,Start,Finish,245,43.5109103500155,16.363974050014804,974,273,226,47,,,False,
2026-05-12T12:00:28+00:00,43.51050945930183,16.376020833849907,108,2026-05-12T12:09:53.993848+00:00,827,1,1.177,557.128,70.62,241.281,1,Start,Finish,245,43.5109103500155,16.363974050014804,973,273,236,37,,,False,
2026-05-12T12:00:29+00:00,43.51050437428057,16.37600803747773,108,2026-05-12T12:09:53.993848+00:00,827,1,1.177,558.305,70.62,241.281,1,Start,Finish,245,43.5109103500155,16.363974050014804,972,273,242,31,,,False,
2026-05-12T12:00:30+00:00,43.51050613448024,16.37598540633917,110,2026-05-12T12:09:53.993848+00:00,827,1,1.836,560.141,110.16,276.121,1,Start,Finish,245,43.5109103500155,16.363974050014804,970,273,252,21,,,False,
2026-05-12T12:00:31+00:00,43.510507894679904,16.375962775200605,113,2026-05-12T12:09:53.993848+00:00,827,1,1.836,561.976,110.16,276.121,1,Start,Finish,245,43.5109103500155,16.363974050014804,968,273,258,15,,,False,
2026-05-12T12:00:32+00:00,43.510513049550354,16.375938509590924,114,2026-05-12T12:09:53.993848+00:00,827,1,2.039,564.015,122.34,286.326,1,Start,Finish,245,43.5109103500155,16.363974050014804,966,273,267,6,,,False,
2026-05-12T12:00:33+00:00,43.510518204420805,16.375914243981242,116,2026-05-12T12:09:53.993848+00:00,827,1,2.039,566.054,122.34,286.326,1,Start,Finish,245,43.5109103500155,16.363974050014804,964,273,277,4,,,False,
2026-05-12T12:00:34+00:00,43.51052382029593,16.375893708318472,119,2026-05-12T12:09:53.993848+00:00,827,1,1.77,567.824,106.2,290.66,1,Start,Finish,245,43.5109103500155,16.363974050014804,962,273,282,9,,,False,
2026-05-12T12:00:35+00:00,43.51053077727556,16.375871999189258,122,2026-05-12T12:09:53.993848+00:00,827,1,1.914,569.738,114.84,293.839,1,Start,Finish,245,43.5109103500155,16.363974050014804,960,273,286,13,,,False,
2026-05-12T12:00:36+00:00,43.51053728722036,16.37584364041686,123,2026-05-12T12:09:53.993848+00:00,827,1,2.399,572.137,143.94,287.564,1,Start,Finish,245,43.5109103500155,16.363974050014804,958,272,288,16,,,False,
2026-05-12T12:00:37+00:00,43.510543797165155,16.375815281644464,125,2026-05-12T12:09:53.993848+00:00,827,1,2.399,574.536,143.94,287.564,1,Start,Finish,245,43.5109103500155,16.363974050014804,956,272,288,16,,,False,
2026-05-12T12:00:38+00:00,43.51055030710995,16.375786922872066,126,2026-05-12T12:09:53.993848+00:00,827,1,2.399,576.934,143.94,287.564,1,Start,Finish,245,43.5109103500155,16.363974050014804,953,272,288,16,,,False,
2026-05-12T12:00:39+00:00,43.51055575534701,16.37576248124242,125,2026-05-12T12:09:53.993848+00:00,827,1,2.062,578.997,123.72,287.085,1,Start,Finish,245,43.5109103500155,16.363974050014804,951,272,288,16,,,False,
2026-05-12T12:00:40+00:00,43.510561203584075,16.37573803961277,124,2026-05-12T12:09:53.993848+00:00,827,1,2.062,581.059,123.72,287.085,1,Start,Finish,245,43.5109103500155,16.363974050014804,949,272,288,16,,,False,
2026-05-12T12:00:41+00:00,43.51056665182114,16.375713597983122,124,2026-05-12T12:09:53.993848+00:00,827,1,2.062,583.121,123.72,287.085,1,Start,Finish,245,43.5109103500155,16.363974050014804,947,272,288,16,,,False,
2026-05-12T12:00:42+00:00,43.5105721000582,16.375689156353474,123,2026-05-12T12:09:53.993848+00:00,827,1,2.062,585.183,123.72,287.085,1,Start,Finish,245,43.5109103500155,16.363974050014804,945,272,290,18,,,False,
2026-05-12T12:00:43+00:00,43.51057754829526,16.375664714723825,122,2026-05-12T12:09:53.993848+00:00,827,1,2.062,587.245,123.72,287.085,1,Start,Finish,245,43.5109103500155,16.363974050014804,944,272,291,19,,,False,
2026-05-12T12:00:44+00:00,43.510585092008114,16.37563885655254,120,2026-05-12T12:09:53.993848+00:00,827,1,2.248,589.493,134.88,291.913,1,Start,Finish,245,43.5109103500155,16.363974050014804,941,272,293,21,,,False,
2026-05-12T12:00:45+00:00,43.51059263572097,16.375612998381257,118,2026-05-12T12:09:53.993848+00:00,827,1,2.248,591.74,134.88,291.913,1,Start,Finish,245,43.5109103500155,16.363974050014804,939,272,295,23,,,False,
2026-05-12T12:00:46+00:00,43.5106011852622,16.375592378899455,117,2026-05-12T12:09:53.993848+00:00,827,1,1.915,593.656,114.9,299.757,1,Start,Finish,245,43.5109103500155,16.363974050014804,938,272,296,24,,,False,
2026-05-12T12:00:47+00:00,43.51060973480344,16.375571759417653,115,2026-05-12T12:09:53.993848+00:00,827,1,1.915,595.571,114.9,299.757,1,Start,Finish,245,43.5109103500155,16.363974050014804,936,272,298,26,,,False,
2026-05-12T12:00:48+00:00,43.51061828434467,16.37555113993585,114,2026-05-12T12:09:53.993848+00:00,827,1,1.915,597.486,114.9,299.757,1,Start,Finish,245,43.5109103500155,16.363974050014804,934,272,299,27,,,False,
2026-05-12T12:00:49+00:00,43.51062721107155,16.37553202919662,114,2026-05-12T12:09:53.993848+00:00,827,1,1.833,599.32,109.98,302.784,1,Start,Finish,245,43.5109103500155,16.363974050014804,933,272,299,27,,,False,
2026-05-12T12:00:50+00:00,43.51063613779843,16.37551291845739,114,2026-05-12T12:09:53.993848+00:00,827,1,1.833,601.153,109.98,302.784,1,Start,Finish,245,43.5109103500155,16.363974050014804,931,272,300,28,,,False,
2026-05-12T12:00:51+00:00,43.51064525883306,16.375490790233016,114,2026-05-12T12:09:53.993848+00:00,827,1,2.053,603.205,123.18,299.612,1,Start,Finish,245,43.5109103500155,16.363974050014804,929,272,300,28,,,False,
2026-05-12T12:00:52+00:00,43.510654379867695,16.375468662008643,115,2026-05-12T12:09:53.993848+00:00,827,1,2.053,605.258,123.18,299.612,1,Start,Finish,245,43.5109103500155,16.363974050014804,927,272,300,28,,,False,
2026-05-12T12:00:53+00:00,43.510663500902325,16.37544653378427,115,2026-05-12T12:09:53.993848+00:00,827,1,2.053,607.31,123.18,299.612,1,Start,Finish,245,43.5109103500155,16.363974050014804,926,272,300,28,,,False,
2026-05-12T12:00:54+00:00,43.51067262193696,16.375424405559897,115,2026-05-12T12:09:53.993848+00:00,827,1,2.053,609.363,123.18,299.612,1,Start,Finish,245,43.5109103500155,16.363974050014804,924,272,300,28,,,False,
2026-05-12T12:00:55+00:00,43.51068174297159,16.375402277335525,115,2026-05-12T12:09:53.993848+00:00,827,1,2.053,611.416,123.18,299.612,1,Start,Finish,245,43.5109103500155,16.363974050014804,922,272,300,28,,,False,
2026-05-12T12:00:56+00:00,43.51069086400623,16.37538014911115,116,2026-05-12T12:09:53.993848+00:00,827,1,2.053,613.468,123.18,299.612,1,Start,Finish,245,43.5109103500155,16.363974050014804,920,272,300,28,,,False,
2026-05-12T12:00:57+00:00,43.51069998504086,16.37535802088678,116,2026-05-12T12:09:53.993848+00:00,827,1,2.053,615.521,123.18,299.612,1,Start,Finish,245,43.5109103500155,16.363974050014804,918,271,300,29,,,False,
2026-05-12T12:00:58+00:00,43.510709106075495,16.375335892662406,116,2026-05-12T12:09:53.993848+00:00,827,1,2.053,617.573,123.18,299.612,1,Start,Finish,245,43.5109103500155,16.363974050014804,917,271,299,28,,,False,
2026-05-12T12:00:59+00:00,43.510718227110125,16.375313764438033,116,2026-05-12T12:09:53.993848+00:00,827,1,2.053,619.626,123.18,299.612,1,Start,Finish,245,43.5109103500155,16.363974050014804,915,271,299,28,,,False,
2026-05-12T12:01:00+00:00,43.51072734814476,16.37529163621366,117,2026-05-12T12:09:53.993848+00:00,827,1,2.053,621.678,123.18,299.612,1,Start,Finish,245,43.5109103500155,16.363974050014804,913,271,298,27,,,False,
2026-05-12T12:01:01+00:00,43.51073646917939,16.375269507989287,117,2026-05-12T12:09:53.993848+00:00,827,1,2.053,623.731,123.18,299.612,1,Start,Finish,245,43.5109103500155,16.363974050014804,911,271,298,27,,,False,
2026-05-12T12:01:02+00:00,43.51074386620894,16.375248762778938,118,2026-05-12T12:09:53.993848+00:00,827,1,1.864,625.595,111.84,296.181,1,Start,Finish,245,43.5109103500155,16.363974050014804,909,271,298,27,,,False,
2026-05-12T12:01:03+00:00,43.51075126323849,16.37522801756859,118,2026-05-12T12:09:53.993848+00:00,827,1,1.864,627.46,111.84,296.181,1,Start,Finish,245,43.5109103500155,16.363974050014804,908,271,298,27,,,False,
2026-05-12T12:01:04+00:00,43.51075866026804,16.37520727235824,119,2026-05-12T12:09:53.993848+00:00,827,1,1.864,629.324,111.84,296.181,1,Start,Finish,245,43.5109103500155,16.363974050014804,906,271,297,26,,,False,
2026-05-12T12:01:05+00:00,43.51076605729759,16.37518652714789,120,2026-05-12T12:09:53.993848+00:00,827,1,1.864,631.188,111.84,296.181,1,Start,Finish,245,43.5109103500155,16.363974050014804,904,271,297,26,,,False,
2026-05-12T12:01:06+00:00,43.51077332859859,16.375166641082615,121,2026-05-12T12:09:53.993848+00:00,827,1,1.796,632.984,107.76,296.756,1,Start,Finish,245,43.5109103500155,16.363974050014804,903,271,296,25,,,False,
2026-05-12T12:01:07+00:00,43.51078059989959,16.37514675501734,122,2026-05-12T12:09:53.993848+00:00,827,1,1.796,634.78,107.76,296.756,1,Start,Finish,245,43.5109103500155,16.363974050014804,901,271,296,25,,,False,
2026-05-12T12:01:08+00:00,43.51078787120059,16.375126868952066,122,2026-05-12T12:09:53.993848+00:00,827,1,1.796,636.576,107.76,296.756,1,Start,Finish,245,43.5109103500155,16.363974050014804,900,271,296,25,,,False,
2026-05-12T12:01:09+00:00,43.51079514250159,16.37510698288679,123,2026-05-12T12:09:53.993848+00:00,827,1,1.796,638.372,107.76,296.756,1,Start,Finish,245,43.5109103500155,16.363974050014804,898,271,295,24,,,False,
2026-05-12T12:01:10+00:00,43.51080117747187,16.37508787214756,122,2026-05-12T12:09:53.993848+00:00,827,1,1.681,640.053,100.86,293.53,1,Start,Finish,245,43.5109103500155,16.363974050014804,896,271,295,24,,,False,
2026-05-12T12:01:11+00:00,43.51080721244216,16.37506876140833,120,2026-05-12T12:09:53.993848+00:00,827,1,1.681,641.734,100.86,293.53,1,Start,Finish,245,43.5109103500155,16.363974050014804,895,271,294,23,,,False,
2026-05-12T12:01:12+00:00,43.51081324741244,16.375049650669098,119,2026-05-12T12:09:53.993848+00:00,827,1,1.681,643.415,100.86,293.53,1,Start,Finish,245,43.5109103500155,16.363974050014804,893,271,294,23,,,False,
2026-05-12T12:01:13+00:00,43.51081961765885,16.37503112666309,115,2026-05-12T12:09:53.993848+00:00,827,1,1.653,645.068,99.18,295.369,1,Start,Finish,245,43.5109103500155,16.363974050014804,892,271,293,22,,,False,
2026-05-12T12:01:14+00:00,43.51082573644817,16.375011010095477,113,2026-05-12T12:09:53.993848+00:00,827,1,1.759,646.827,105.54,292.753,1,Start,Finish,245,43.5109103500155,16.363974050014804,890,271,293,22,,,False,
2026-05-12T12:01:15+00:00,43.51083241403103,16.374986646696925,113,2026-05-12T12:09:53.993848+00:00,827,1,2.1,648.927,126.0,290.702,1,Start,Finish,245,43.5109103500155,16.363974050014804,888,271,292,21,,,False,
2026-05-12T12:01:16+00:00,43.51083909161389,16.374962283298373,113,2026-05-12T12:09:53.993848+00:00,827,1,2.1,651.028,126.0,290.702,1,Start,Finish,245,43.5109103500155,16.363974050014804,886,271,292,21,,,False,
2026-05-12T12:01:17+00:00,43.51084576919675,16.37493791989982,113,2026-05-12T12:09:53.993848+00:00,827,1,2.1,653.128,126.0,290.702,1,Start,Finish,245,43.5109103500155,16.363974050014804,884,270,292,22,,,False,
2026-05-12T12:01:18+00:00,43.51085244677961,16.37491355650127,113,2026-05-12T12:09:53.993848+00:00,827,1,2.1,655.229,126.0,290.702,1,Start,Finish,245,43.5109103500155,16.363974050014804,882,270,291,21,,,False,
2026-05-12T12:01:19+00:00,43.51085912436247,16.374889193102717,113,2026-05-12T12:09:53.993848+00:00,827,1,2.1,657.329,126.0,290.702,1,Start,Finish,245,43.5109103500155,16.363974050014804,880,270,291,21,,,False,
2026-05-12T12:01:20+00:00,43.51086580194533,16.374864829704165,113,2026-05-12T12:09:53.993848+00:00,827,1,2.1,659.429,126.0,290.702,1,Start,Finish,245,43.5109103500155,16.363974050014804,878,270,291,21,,,False,
2026-05-12T12:01:21+00:00,43.51087247952819,16.374840466305614,113,2026-05-12T12:09:53.993848+00:00,827,1,2.1,661.53,126.0,290.702,1,Start,Finish,245,43.5109103500155,16.363974050014804,876,270,291,21,,,False,
2026-05-12T12:01:22+00:00,43.51087915711105,16.37481610290706,113,2026-05-12T12:09:53.993848+00:00,827,1,2.1,663.63,126.0,290.702,1,Start,Finish,245,43.5109103500155,16.363974050014804,874,270,291,21,,,False,
2026-05-12T12:01:23+00:00,43.51088583469391,16.37479173950851,113,2026-05-12T12:09:53.993848+00:00,827,1,2.1,665.73,126.0,290.702,1,Start,Finish,245,43.5109103500155,16.363974050014804,872,270,292,22,,,False,
2026-05-12T12:01:24+00:00,43.51089251227677,16.374767376109958,113,2026-05-12T12:09:53.993848+00:00,827,1,2.1,667.831,126.0,290.702,1,Start,Finish,245,43.5109103500155,16.363974050014804,870,270,292,22,,,False,
2026-05-12T12:01:25+00:00,43.51089918985963,16.374743012711406,113,2026-05-12T12:09:53.993848+00:00,827,1,2.1,669.931,126.0,290.702,1,Start,Finish,245,43.5109103500155,16.363974050014804,868,270,293,23,,,False,
2026-05-12T12:01:26+00:00,43.51090586744249,16.374718649312854,113,2026-05-12T12:09:53.993848+00:00,827,1,2.1,672.032,126.0,290.702,1,Start,Finish,245,43.5109103500155,16.363974050014804,866,270,294,24,,,False,
2026-05-12T12:01:27+00:00,43.51091305911541,16.37469890154898,112,2026-05-12T12:09:53.993848+00:00,827,1,1.782,673.814,106.92,296.663,1,Start,Finish,245,43.5109103500155,16.363974050014804,865,270,294,24,,,False,
2026-05-12T12:01:28+00:00,43.51092025078833,16.37467915378511,111,2026-05-12T12:09:53.993848+00:00,827,1,1.782,675.596,106.92,296.663,1,Start,Finish,245,43.5109103500155,16.363974050014804,863,270,294,24,,,False,
2026-05-12T12:01:29+00:00,43.51092744246125,16.374659406021237,111,2026-05-12T12:09:53.993848+00:00,827,1,1.782,677.378,106.92,296.663,1,Start,Finish,245,43.5109103500155,16.363974050014804,862,270,295,25,,,False,
2026-05-12T12:01:30+00:00,43.51093463413417,16.374639658257365,110,2026-05-12T12:09:53.993848+00:00,827,1,1.782,679.16,106.92,296.663,1,Start,Finish,245,43.5109103500155,16.363974050014804,860,270,295,25,,,False,
2026-05-12T12:01:31+00:00,43.510941825807095,16.374619910493493,109,2026-05-12T12:09:53.993848+00:00,827,1,1.782,680.942,106.92,296.663,1,Start,Finish,245,43.5109103500155,16.363974050014804,859,270,296,26,,,False,
2026-05-12T12:01:32+00:00,43.510949889197946,16.374597111716866,110,2026-05-12T12:09:53.993848+00:00,827,1,2.046,682.987,122.76,295.997,1,Start,Finish,245,43.5109103500155,16.363974050014804,857,270,296,26,,,False,
2026-05-12T12:01:33+00:00,43.5109579525888,16.37457431294024,110,2026-05-12T12:09:53.993848+00:00,827,1,2.046,685.033,122.76,295.997,1,Start,Finish,245,43.5109103500155,16.363974050014804,855,270,296,26,,,False,
2026-05-12T12:01:34+00:00,43.51096601597965,16.374551514163613,111,2026-05-12T12:09:53.993848+00:00,827,1,2.046,687.078,122.76,295.997,1,Start,Finish,245,43.5109103500155,16.363974050014804,853,270,296,26,,,False,
2026-05-12T12:01:35+00:00,43.5109740793705,16.374528715386987,111,2026-05-12T12:09:53.993848+00:00,827,1,2.046,689.124,122.76,295.997,1,Start,Finish,245,43.5109103500155,16.363974050014804,851,270,296,26,,,False,
2026-05-12T12:01:36+00:00,43.51098214276135,16.37450591661036,112,2026-05-12T12:09:53.993848+00:00,827,1,2.046,691.169,122.76,295.997,1,Start,Finish,245,43.5109103500155,16.363974050014804,849,269,296,27,,,False,
2026-05-12T12:01:37+00:00,43.51099092280492,16.374480875674635,111,2026-05-12T12:09:53.993848+00:00,827,1,2.243,693.412,134.58,295.802,1,Start,Finish,245,43.5109103500155,16.363974050014804,847,269,295,26,,,False,
2026-05-12T12:01:38+00:00,43.510999702848494,16.37445583473891,110,2026-05-12T12:09:53.993848+00:00,827,1,2.243,695.655,134.58,295.802,1,Start,Finish,245,43.5109103500155,16.363974050014804,845,269,293,24,,,False,
2026-05-12T12:01:39+00:00,43.511008482892066,16.374430793803185,110,2026-05-12T12:09:53.993848+00:00,827,1,2.243,697.898,134.58,295.802,1,Start,Finish,245,43.5109103500155,16.363974050014804,843,269,292,23,,,False,
2026-05-12T12:01:40+00:00,43.51101726293564,16.37440575286746,109,2026-05-12T12:09:53.993848+00:00,827,1,2.243,700.141,134.58,295.802,1,Start,Finish,245,43.5109103500155,16.363974050014804,841,269,291,22,,,False,
2026-05-12T12:01:41+00:00,43.51102197356522,16.37438095919788,109,2026-05-12T12:09:53.993848+00:00,827,1,2.067,702.208,124.02,284.68,1,Start,Finish,245,43.5109103500155,16.363974050014804,839,269,290,21,,,False,
2026-05-12T12:01:42+00:00,43.5110266841948,16.374356165528297,109,2026-05-12T12:09:53.993848+00:00,827,1,2.067,704.275,124.02,284.68,1,Start,Finish,245,43.5109103500155,16.363974050014804,837,269,289,20,,,False,
2026-05-12T12:01:43+00:00,43.511031394824386,16.374331371858716,108,2026-05-12T12:09:53.993848+00:00,827,1,2.067,706.342,124.02,284.68,1,Start,Finish,245,43.5109103500155,16.363974050014804,835,269,288,19,,,False,
2026-05-12T12:01:44+00:00,43.51103610545397,16.374306578189135,108,2026-05-12T12:09:53.993848+00:00,827,1,2.067,708.409,124.02,284.68,1,Start,Finish,245,43.5109103500155,16.363974050014804,833,269,288,19,,,False,
2026-05-12T12:01:45+00:00,43.51104081608355,16.374281784519553,108,2026-05-12T12:09:53.993848+00:00,827,1,2.067,710.476,124.02,284.68,1,Start,Finish,245,43.5109103500155,16.363974050014804,831,269,288,19,,,False,
2026-05-12T12:01:46+00:00,43.51104708155617,16.374258619034663,107,2026-05-12T12:09:53.993848+00:00,827,1,1.994,712.47,119.64,290.452,1,Start,Finish,245,43.5109103500155,16.363974050014804,830,269,288,19,,,False,
2026-05-12T12:01:47+00:00,43.51105334702879,16.374235453549773,107,2026-05-12T12:09:53.993848+00:00,827,1,1.994,714.464,119.64,290.452,1,Start,Finish,245,43.5109103500155,16.363974050014804,828,269,289,20,,,False,
2026-05-12T12:01:48+00:00,43.51105961250141,16.374212288064882,106,2026-05-12T12:09:53.993848+00:00,827,1,1.994,716.457,119.64,290.452,1,Start,Finish,245,43.5109103500155,16.363974050014804,826,269,289,20,,,False,
2026-05-12T12:01:49+00:00,43.51106587797403,16.374189122579992,106,2026-05-12T12:09:53.993848+00:00,827,1,1.994,718.451,119.64,290.452,1,Start,Finish,245,43.5109103500155,16.363974050014804,824,269,292,23,,,False,
2026-05-12T12:01:50+00:00,43.511072143446654,16.3741659570951,105,2026-05-12T12:09:53.993848+00:00,827,1,1.994,720.445,119.64,290.452,1,Start,Finish,245,43.5109103500155,16.363974050014804,822,269,293,24,,,False,
2026-05-12T12:01:51+00:00,43.511078408919275,16.37414279161021,104,2026-05-12T12:09:53.993848+00:00,827,1,1.994,722.439,119.64,290.452,1,Start,Finish,245,43.5109103500155,16.363974050014804,820,269,295,26,,,False,
2026-05-12T12:01:52+00:00,43.511084674391896,16.37411962612532,104,2026-05-12T12:09:53.993848+00:00,827,1,1.994,724.433,119.64,290.452,1,Start,Finish,245,43.5109103500155,16.363974050014804,818,269,295,26,,,False,
2026-05-12T12:01:53+00:00,43.51109093986451,16.37409646064043,103,2026-05-12T12:09:53.993848+00:00,827,1,1.994,726.427,119.64,290.452,1,Start,Finish,245,43.5109103500155,16.363974050014804,817,269,292,23,,,False,
2026-05-12T12:01:54+00:00,43.51110003422946,16.374079843517393,103,2026-05-12T12:09:53.993848+00:00,827,1,1.679,728.105,100.74,307.039,1,Start,Finish,245,43.5109103500155,16.363974050014804,815,269,291,22,,,False,
2026-05-12T12:01:55+00:00,43.5111091285944,16.374063226394355,102,2026-05-12T12:09:53.993848+00:00,827,1,1.679,729.784,100.74,307.039,1,Start,Finish,245,43.5109103500155,16.363974050014804,814,268,283,15,,,False,
2026-05-12T12:01:56+00:00,43.51111822295934,16.374046609271318,102,2026-05-12T12:09:53.993848+00:00,827,1,1.679,731.463,100.74,307.039,1,Start,Finish,245,43.5109103500155,16.363974050014804,813,268,282,14,,,False,
2026-05-12T12:01:57+00:00,43.51112731732428,16.37402999214828,102,2026-05-12T12:09:53.993848+00:00,827,1,1.679,733.142,100.74,307.039,1,Start,Finish,245,43.5109103500155,16.363974050014804,811,268,276,8,,,False,
2026-05-12T12:01:58+00:00,43.51112832315266,16.374018131755292,103,2026-05-12T12:09:53.993848+00:00,827,1,0.963,734.105,57.78,276.67,1,Start,Finish,245,43.5109103500155,16.363974050014804,810,268,271,3,,,False,
2026-05-12T12:01:59+00:00,43.51112932898104,16.374006271362305,104,2026-05-12T12:09:53.993848+00:00,827,1,0.963,735.068,57.78,276.67,1,Start,Finish,245,43.5109103500155,16.363974050014804,809,268,269,1,,,False,
2026-05-12T12:02:00+00:00,43.51113033480942,16.373994410969317,105,2026-05-12T12:09:53.993848+00:00,827,1,0.963,736.031,57.78,276.67,1,Start,Finish,245,43.5109103500155,16.363974050014804,808,268,264,4,,,False,
2026-05-12T12:02:01+00:00,43.5111313406378,16.37398255057633,106,2026-05-12T12:09:53.993848+00:00,827,1,0.963,736.994,57.78,276.67,1,Start,Finish,245,43.5109103500155,16.363974050014804,807,268,262,6,,,False,
2026-05-12T12:02:02+00:00,43.51112304255366,16.373971737921238,108,2026-05-12T12:09:53.993848+00:00,827,1,1.27,738.263,76.2,223.381,1,Start,Finish,245,43.5109103500155,16.363974050014804,807,268,253,15,,,False,
2026-05-12T12:02:03+00:00,43.51111248135567,16.373960254713893,111,2026-05-12T12:09:53.993848+00:00,827,1,1.496,739.759,89.76,218.258,1,Start,Finish,245,43.5109103500155,16.363974050014804,806,268,249,19,,,False,
2026-05-12T12:02:04+00:00,43.51109689101577,16.37395220808685,114,2026-05-12T12:09:53.993848+00:00,827,1,1.851,741.61,111.06,200.522,1,Start,Finish,245,43.5109103500155,16.363974050014804,805,269,236,33,,,False,
2026-05-12T12:02:05+00:00,43.51108125876635,16.3739417726174,116,2026-05-12T12:09:53.993848+00:00,827,1,1.931,743.541,115.86,205.834,1,Start,Finish,245,43.5109103500155,16.363974050014804,804,269,228,41,,,False,
2026-05-12T12:02:06+00:00,43.51106562651694,16.37393133714795,118,2026-05-12T12:09:53.993848+00:00,827,1,1.931,745.472,115.86,205.834,1,Start,Finish,245,43.5109103500155,16.363974050014804,803,269,219,50,,,False,
2026-05-12T12:02:07+00:00,43.51105035049841,16.373920754995197,118,2026-05-12T12:09:53.993848+00:00,827,1,1.901,747.373,114.06,206.675,1,Start,Finish,245,43.5109103500155,16.363974050014804,802,269,209,60,,,False,
2026-05-12T12:02:08+00:00,43.51103507447988,16.373910172842443,117,2026-05-12T12:09:53.993848+00:00,827,1,1.901,749.274,114.06,206.675,1,Start,Finish,245,43.5109103500155,16.363974050014804,801,269,208,61,,,False,
2026-05-12T12:02:09+00:00,43.51101979846135,16.37389959068969,116,2026-05-12T12:09:53.993848+00:00,827,1,1.901,751.175,114.06,206.675,1,Start,Finish,245,43.5109103500155,16.363974050014804,801,269,207,62,,,False,
2026-05-12T12:02:10+00:00,43.51100452244282,16.373889008536935,116,2026-05-12T12:09:53.993848+00:00,827,1,1.901,753.076,114.06,206.675,1,Start,Finish,245,43.5109103500155,16.363974050014804,800,269,208,61,,,False,
2026-05-12T12:02:11+00:00,43.51098847109824,16.37387752532959,114,2026-05-12T12:09:53.993848+00:00,827,1,2.011,755.087,120.66,207.422,1,Start,Finish,245,43.5109103500155,16.363974050014804,799,269,209,60,,,False,
2026-05-12T12:02:12+00:00,43.51097241975367,16.373866042122245,111,2026-05-12T12:09:53.993848+00:00,827,1,2.011,757.097,120.66,207.422,1,Start,Finish,245,43.5109103500155,16.363974050014804,798,270,209,61,,,False,
2026-05-12T12:02:13+00:00,43.51095884107053,16.373852379620075,111,2026-05-12T12:09:53.993848+00:00,827,1,1.869,758.967,112.14,216.119,1,Start,Finish,245,43.5109103500155,16.363974050014804,797,270,210,60,,,False,
2026-05-12T12:02:14+00:00,43.51094529032707,16.373841231688857,111,2026-05-12T12:09:53.993848+00:00,827,1,1.755,760.721,105.3,210.822,1,Start,Finish,245,43.5109103500155,16.363974050014804,796,270,210,60,,,False,
2026-05-12T12:02:15+00:00,43.51093173958361,16.37383008375764,110,2026-05-12T12:09:53.993848+00:00,827,1,1.755,762.476,105.3,210.822,1,Start,Finish,245,43.5109103500155,16.363974050014804,795,270,211,59,,,False,
2026-05-12T12:02:16+00:00,43.51091818884015,16.37381893582642,110,2026-05-12T12:09:53.993848+00:00,827,1,1.755,764.23,105.3,210.822,1,Start,Finish,245,43.5109103500155,16.363974050014804,794,270,211,59,,,False,
2026-05-12T12:02:17+00:00,43.51090463809669,16.373807787895203,110,2026-05-12T12:09:53.993848+00:00,827,1,1.755,765.985,105.3,210.822,1,Start,Finish,245,43.5109103500155,16.363974050014804,793,270,212,58,,,False,
2026-05-12T12:02:18+00:00,43.51089108735323,16.373796639963984,109,2026-05-12T12:09:53.993848+00:00,827,1,1.755,767.74,105.3,210.822,1,Start,Finish,245,43.5109103500155,16.363974050014804,792,270,213,57,,,False,
2026-05-12T12:02:19+00:00,43.51087753660977,16.373785492032766,109,2026-05-12T12:09:53.993848+00:00,827,1,1.755,769.494,105.3,210.822,1,Start,Finish,245,43.5109103500155,16.363974050014804,791,270,213,57,,,False,
2026-05-12T12:02:20+00:00,43.51086347787218,16.373772050508045,109,2026-05-12T12:09:53.993848+00:00,827,1,1.902,771.396,114.12,214.738,1,Start,Finish,245,43.5109103500155,16.363974050014804,790,270,213,57,,,False,
2026-05-12T12:02:21+00:00,43.51084941913459,16.373758608983323,110,2026-05-12T12:09:53.993848+00:00,827,1,1.902,773.299,114.12,214.738,1,Start,Finish,245,43.5109103500155,16.363974050014804,789,270,213,57,,,False,
2026-05-12T12:02:22+00:00,43.51083536039699,16.373745167458598,110,2026-05-12T12:09:53.993848+00:00,827,1,1.902,775.201,114.12,214.738,1,Start,Finish,245,43.5109103500155,16.363974050014804,788,271,214,57,,,False,
2026-05-12T12:02:23+00:00,43.5108213016594,16.373731725933876,110,2026-05-12T12:09:53.993848+00:00,827,1,1.902,777.103,114.12,214.738,1,Start,Finish,245,43.5109103500155,16.363974050014804,787,271,214,57,,,False,
2026-05-12T12:02:24+00:00,43.51080724292181,16.373718284409154,110,2026-05-12T12:09:53.993848+00:00,827,1,1.902,779.006,114.12,214.738,1,Start,Finish,245,43.5109103500155,16.363974050014804,786,271,214,57,,,False,
2026-05-12T12:02:25+00:00,43.510793184184216,16.373704842884433,111,2026-05-12T12:09:53.993848+00:00,827,1,1.902,780.908,114.12,214.738,1,Start,Finish,245,43.5109103500155,16.363974050014804,785,271,215,56,,,False,
2026-05-12T12:02:26+00:00,43.510779125446625,16.37369140135971,111,2026-05-12T12:09:53.993848+00:00,827,1,1.902,782.81,114.12,214.738,1,Start,Finish,245,43.5109103500155,16.363974050014804,784,271,216,55,,,False,
2026-05-12T12:02:27+00:00,43.510765066709034,16.37367795983499,111,2026-05-12T12:09:53.993848+00:00,827,1,1.902,784.713,114.12,214.738,1,Start,Finish,245,43.5109103500155,16.363974050014804,783,271,217,54,,,False,
2026-05-12T12:02:28+00:00,43.51075100797144,16.373664518310264,111,2026-05-12T12:09:53.993848+00:00,827,1,1.902,786.615,114.12,214.738,1,Start,Finish,245,43.5109103500155,16.363974050014804,782,271,218,53,,,False,
2026-05-12T12:02:29+00:00,43.510736949233845,16.373651076785542,112,2026-05-12T12:09:53.993848+00:00,827,1,1.902,788.517,114.12,214.738,1,Start,Finish,245,43.5109103500155,16.363974050014804,781,271,219,52,,,False,
2026-05-12T12:02:30+00:00,43.510722890496254,16.37363763526082,112,2026-05-12T12:09:53.993848+00:00,827,1,1.902,790.419,114.12,214.738,1,Start,Finish,245,43.5109103500155,16.363974050014804,780,272,220,52,,,False,
2026-05-12T12:02:31+00:00,43.51071147015318,16.37362084002234,112,2026-05-12T12:09:53.993848+00:00,827,1,1.857,792.276,111.42,226.845,1,Start,Finish,245,43.5109103500155,16.363974050014804,778,272,221,51,,,False,
2026-05-12T12:02:32+00:00,43.51070004981011,16.37360404478386,112,2026-05-12T12:09:53.993848+00:00,827,1,1.857,794.133,111.42,226.845,1,Start,Finish,245,43.5109103500155,16.363974050014804,777,272,222,50,,,False,
2026-05-12T12:02:33+00:00,43.51068862946704,16.37358724954538,112,2026-05-12T12:09:53.993848+00:00,827,1,1.857,795.989,111.42,226.845,1,Start,Finish,245,43.5109103500155,16.363974050014804,776,272,224,48,,,False,
2026-05-12T12:02:34+00:00,43.51067720912397,16.3735704543069,112,2026-05-12T12:09:53.993848+00:00,827,1,1.857,797.846,111.42,226.845,1,Start,Finish,245,43.5109103500155,16.363974050014804,774,272,224,48,,,False,
2026-05-12T12:02:35+00:00,43.5106657887809,16.37355365906842,111,2026-05-12T12:09:53.993848+00:00,827,1,1.857,799.703,111.42,226.845,1,Start,Finish,245,43.5109103500155,16.363974050014804,773,272,224,48,,,False,
2026-05-12T12:02:36+00:00,43.51065436843783,16.37353686382994,111,2026-05-12T12:09:53.993848+00:00,827,1,1.857,801.559,111.42,226.845,1,Start,Finish,245,43.5109103500155,16.363974050014804,772,272,225,47,,,False,
2026-05-12T12:02:37+00:00,43.510642948094755,16.37352006859146,111,2026-05-12T12:09:53.993848+00:00,827,1,1.857,803.416,111.42,226.845,1,Start,Finish,245,43.5109103500155,16.363974050014804,770,272,224,48,,,False,
2026-05-12T12:02:38+00:00,43.51063152775168,16.37350327335298,111,2026-05-12T12:09:53.993848+00:00,827,1,1.857,805.273,111.42,226.845,1,Start,Finish,245,43.5109103500155,16.363974050014804,769,272,223,49,,,False,
2026-05-12T12:02:39+00:00,43.51061641937122,16.373487724922597,112,2026-05-12T12:09:53.993848+00:00,827,1,2.096,807.369,125.76,216.737,1,Start,Finish,245,43.5109103500155,16.363974050014804,768,272,223,49,,,False,
2026-05-12T12:02:40+00:00,43.51060131099075,16.373472176492214,113,2026-05-12T12:09:53.993848+00:00,827,1,2.096,809.465,125.76,216.737,1,Start,Finish,245,43.5109103500155,16.363974050014804,767,273,223,50,,,False,
2026-05-12T12:02:41+00:00,43.51058620261029,16.37345662806183,114,2026-05-12T12:09:53.993848+00:00,827,1,2.096,811.562,125.76,216.737,1,Start,Finish,245,43.5109103500155,16.363974050014804,766,273,223,50,,,False,
2026-05-12T12:02:42+00:00,43.51057109422982,16.373441079631448,115,2026-05-12T12:09:53.993848+00:00,827,1,2.096,813.658,125.76,216.737,1,Start,Finish,245,43.5109103500155,16.363974050014804,764,273,223,50,,,False,
2026-05-12T12:02:43+00:00,43.51055772509426,16.373420753516257,116,2026-05-12T12:09:53.993848+00:00,827,1,2.213,815.871,132.78,227.795,1,Start,Finish,245,43.5109103500155,16.363974050014804,763,273,221,52,,,False,
2026-05-12T12:02:44+00:00,43.5105443559587,16.373400427401066,118,2026-05-12T12:09:53.993848+00:00,827,1,2.213,818.084,132.78,227.795,1,Start,Finish,245,43.5109103500155,16.363974050014804,761,273,221,52,,,False,
2026-05-12T12:02:45+00:00,43.51053006481379,16.373379388824105,117,2026-05-12T12:09:53.993848+00:00,827,1,2.325,820.408,139.5,226.874,1,Start,Finish,245,43.5109103500155,16.363974050014804,760,273,220,53,,,False,
2026-05-12T12:02:46+00:00,43.510515773668885,16.373358350247145,116,2026-05-12T12:09:53.993848+00:00,827,1,2.325,822.733,139.5,226.874,1,Start,Finish,245,43.5109103500155,16.363974050014804,758,273,220,53,,,False,
2026-05-12T12:02:47+00:00,43.51049837523273,16.373342532398446,115,2026-05-12T12:09:53.993848+00:00,827,1,2.317,825.05,139.02,213.399,1,Start,Finish,245,43.5109103500155,16.363974050014804,757,273,220,53,,,False,
2026-05-12T12:02:48+00:00,43.51048097679658,16.373326714549744,115,2026-05-12T12:09:53.993848+00:00,827,1,2.317,827.367,139.02,213.399,1,Start,Finish,245,43.5109103500155,16.363974050014804,756,274,218,56,,,False,
2026-05-12T12:02:49+00:00,43.51046357836042,16.373310896701046,114,2026-05-12T12:09:53.993848+00:00,827,1,2.317,829.685,139.02,213.399,1,Start,Finish,245,43.5109103500155,16.363974050014804,755,274,216,58,,,False,
2026-05-12T12:02:50+00:00,43.510446179924266,16.373295078852347,114,2026-05-12T12:09:53.993848+00:00,827,1,2.317,832.002,139.02,213.399,1,Start,Finish,245,43.5109103500155,16.363974050014804,753,274,214,60,,,False,
2026-05-12T12:02:51+00:00,43.51042878148811,16.37327926100365,113,2026-05-12T12:09:53.993848+00:00,827,1,2.317,834.319,139.02,213.399,1,Start,Finish,245,43.5109103500155,16.363974050014804,752,274,211,63,,,False,
2026-05-12T12:02:52+00:00,43.51041138305196,16.373263443154947,113,2026-05-12T12:09:53.993848+00:00,827,1,2.317,836.637,139.02,213.399,1,Start,Finish,245,43.5109103500155,16.363974050014804,751,274,209,65,,,False,
2026-05-12T12:02:53+00:00,43.5103939846158,16.37324762530625,112,2026-05-12T12:09:53.993848+00:00,827,1,2.317,838.954,139.02,213.399,1,Start,Finish,245,43.5109103500155,16.363974050014804,750,274,207,67,,,False,
2026-05-12T12:02:54+00:00,43.51037481799722,16.37323739938438,112,2026-05-12T12:09:53.993848+00:00,827,1,2.285,841.239,137.1,201.153,1,Start,Finish,245,43.5109103500155,16.363974050014804,749,275,206,69,,,False,
2026-05-12T12:02:55+00:00,43.51035565137863,16.37322717346251,113,2026-05-12T12:09:53.993848+00:00,827,1,2.285,843.524,137.1,201.153,1,Start,Finish,245,43.5109103500155,16.363974050014804,749,275,204,71,,,False,
2026-05-12T12:02:56+00:00,43.510336484760046,16.37321694754064,113,2026-05-12T12:09:53.993848+00:00,827,1,2.285,845.81,137.1,201.154,1,Start,Finish,245,43.5109103500155,16.363974050014804,748,275,203,72,,,False,
2026-05-12T12:02:57+00:00,43.51031569764018,16.373209822922945,116,2026-05-12T12:09:53.993848+00:00,827,1,2.382,848.191,142.92,193.959,1,Start,Finish,245,43.5109103500155,16.363974050014804,748,275,205,70,,,False,
2026-05-12T12:02:58+00:00,43.510300379712135,16.373202027752995,116,2026-05-12T12:09:53.993848+00:00,827,1,1.816,850.007,108.96,200.258,1,Start,Finish,245,43.5109103500155,16.363974050014804,747,275,216,59,,,False,
2026-05-12T12:02:59+00:00,43.51028506178409,16.373194232583046,117,2026-05-12T12:09:53.993848+00:00,827,1,1.816,851.823,108.96,200.258,1,Start,Finish,245,43.5109103500155,16.363974050014804,747,275,224,51,,,False,
2026-05-12T12:03:00+00:00,43.51026974385604,16.373186437413096,118,2026-05-12T12:09:53.993848+00:00,827,1,1.816,853.638,108.96,200.258,1,Start,Finish,245,43.5109103500155,16.363974050014804,746,275,233,42,,,False,
2026-05-12T12:03:01+00:00,43.510254425928,16.373178642243147,118,2026-05-12T12:09:53.993848+00:00,827,1,1.816,855.454,108.96,200.258,1,Start,Finish,245,43.5109103500155,16.363974050014804,746,276,238,38,,,False,
2026-05-12T12:03:02+00:00,43.51024855859578,16.37316405773163,119,2026-05-12T12:09:53.993848+00:00,827,1,1.345,856.799,80.7,240.983,1,Start,Finish,245,43.5109103500155,16.363974050014804,745,276,242,34,,,False,
2026-05-12T12:03:03+00:00,43.51024922914803,16.373144695535302,120,2026-05-12T12:09:53.993848+00:00,827,1,1.563,858.362,93.78,272.734,1,Start,Finish,245,43.5109103500155,16.363974050014804,743,276,254,22,,,False,
2026-05-12T12:03:04+00:00,43.51025389507413,16.373125473037362,121,2026-05-12T12:09:53.993848+00:00,827,1,1.635,859.997,98.1,288.505,1,Start,Finish,245,43.5109103500155,16.363974050014804,742,276,254,22,,,False,
2026-05-12T12:03:05+00:00,43.51025856100023,16.373106250539422,122,2026-05-12T12:09:53.993848+00:00,827,1,1.635,861.631,98.1,288.505,1,Start,Finish,245,43.5109103500155,16.363974050014804,740,276,264,12,,,False,
2026-05-12T12:03:06+00:00,43.51026322692633,16.373087028041482,123,2026-05-12T12:09:53.993848+00:00,827,1,1.635,863.266,98.1,288.505,1,Start,Finish,245,43.5109103500155,16.363974050014804,738,276,274,2,,,False,
2026-05-12T12:03:07+00:00,43.51027060300112,16.373063642531633,124,2026-05-12T12:09:53.993848+00:00,827,1,2.057,865.323,123.42,293.504,1,Start,Finish,245,43.5109103500155,16.363974050014804,736,276,283,7,,,False,
2026-05-12T12:03:08+00:00,43.51028172997758,16.373038915917277,125,2026-05-12T12:09:53.993848+00:00,827,1,2.347,867.669,140.82,301.819,1,Start,Finish,245,43.5109103500155,16.363974050014804,734,275,294,19,,,False,
2026-05-12T12:03:09+00:00,43.51029285695404,16.37301418930292,126,2026-05-12T12:09:53.993848+00:00,827,1,2.347,870.016,140.82,301.819,1,Start,Finish,245,43.5109103500155,16.363974050014804,732,275,297,22,,,False,
2026-05-12T12:03:10+00:00,43.5103039839305,16.372989462688565,126,2026-05-12T12:09:53.993848+00:00,827,1,2.347,872.363,140.82,301.819,1,Start,Finish,245,43.5109103500155,16.363974050014804,730,275,298,23,,,False,
2026-05-12T12:03:11+00:00,43.51031511090696,16.37296473607421,127,2026-05-12T12:09:53.993848+00:00,827,1,2.347,874.709,140.82,301.819,1,Start,Finish,245,43.5109103500155,16.363974050014804,728,275,300,25,,,False,
2026-05-12T12:03:12+00:00,43.51032581878826,16.372937976848334,126,2026-05-12T12:09:53.993848+00:00,827,1,2.465,877.174,147.9,298.888,1,Start,Finish,245,43.5109103500155,16.363974050014804,726,275,300,25,,,False,
2026-05-12T12:03:13+00:00,43.51033652666956,16.37291121762246,126,2026-05-12T12:09:53.993848+00:00,827,1,2.465,879.639,147.9,298.888,1,Start,Finish,245,43.5109103500155,16.363974050014804,724,275,299,24,,,False,
2026-05-12T12:03:14+00:00,43.51034723455086,16.372884458396584,126,2026-05-12T12:09:53.993848+00:00,827,1,2.465,882.103,147.9,298.888,1,Start,Finish,245,43.5109103500155,16.363974050014804,721,275,298,23,,,False,
2026-05-12T12:03:15+00:00,43.510357942432165,16.37285769917071,125,2026-05-12T12:09:53.993848+00:00,827,1,2.465,884.568,147.9,298.888,1,Start,Finish,245,43.5109103500155,16.363974050014804,719,275,298,23,,,False,
2026-05-12T12:03:16+00:00,43.51036586333066,16.372834187932312,124,2026-05-12T12:09:53.993848+00:00,827,1,2.091,886.659,125.46,294.916,1,Start,Finish,245,43.5109103500155,16.363974050014804,717,275,297,22,,,False,
2026-05-12T12:03:17+00:00,43.51037378422916,16.372810676693916,122,2026-05-12T12:09:53.993848+00:00,827,1,2.091,888.749,125.46,294.916,1,Start,Finish,245,43.5109103500155,16.363974050014804,715,275,297,22,,,False,
2026-05-12T12:03:18+00:00,43.51038258522749,16.372787039726973,120,2026-05-12T12:09:53.993848+00:00,827,1,2.143,890.892,128.58,297.176,1,Start,Finish,245,43.5109103500155,16.363974050014804,713,275,296,21,,,False,
2026-05-12T12:03:19+00:00,43.51039138622582,16.37276340276003,117,2026-05-12T12:09:53.993848+00:00,827,1,2.143,893.035,128.58,297.176,1,Start,Finish,245,43.5109103500155,16.363974050014804,711,275,297,22,,,False,
2026-05-12T12:03:20+00:00,43.510400941595435,16.37273699976504,117,2026-05-12T12:09:53.993848+00:00,827,1,2.38,895.414,142.8,296.52,1,Start,Finish,245,43.5109103500155,16.363974050014804,709,275,297,22,,,False,
2026-05-12T12:03:21+00:00,43.51041007786989,16.3727096747607,119,2026-05-12T12:09:53.993848+00:00,827,1,2.427,897.841,145.62,294.751,1,Start,Finish,245,43.5109103500155,16.363974050014804,707,275,297,22,,,False,
2026-05-12T12:03:22+00:00,43.51041921414435,16.37268234975636,121,2026-05-12T12:09:53.993848+00:00,827,1,2.427,900.267,145.62,294.751,1,Start,Finish,245,43.5109103500155,16.363974050014804,704,274,298,24,,,False,
2026-05-12T12:03:23+00:00,43.510428350418806,16.37266009580344,122,2026-05-12T12:09:53.993848+00:00,827,1,2.062,902.33,123.72,299.513,1,Start,Finish,245,43.5109103500155,16.363974050014804,703,274,298,24,,,False,
2026-05-12T12:03:24+00:00,43.51043748669326,16.37263784185052,122,2026-05-12T12:09:53.993848+00:00,827,1,2.062,904.392,123.72,299.513,1,Start,Finish,245,43.5109103500155,16.363974050014804,701,274,298,24,,,False,
2026-05-12T12:03:25+00:00,43.51044759736397,16.372612989507616,122,2026-05-12T12:09:53.993848+00:00,827,1,2.298,906.69,137.88,299.29,1,Start,Finish,245,43.5109103500155,16.363974050014804,699,274,298,24,,,False,
2026-05-12T12:03:26+00:00,43.510457708034664,16.372588137164712,122,2026-05-12T12:09:53.993848+00:00,827,1,2.298,908.988,137.88,299.29,1,Start,Finish,245,43.5109103500155,16.363974050014804,696,274,299,25,,,False,
2026-05-12T12:03:27+00:00,43.510467818705365,16.37256328482181,122,2026-05-12T12:09:53.993848+00:00,827,1,2.298,911.286,137.88,299.29,1,Start,Finish,245,43.5109103500155,16.363974050014804,694,274,299,25,,,False,
2026-05-12T12:03:28+00:00,43.510477929376066,16.372538432478905,122,2026-05-12T12:09:53.993848+00:00,827,1,2.298,913.584,137.88,299.29,1,Start,Finish,245,43.5109103500155,16.363974050014804,692,274,299,25,,,False,
2026-05-12T12:03:29+00:00,43.510488040046766,16.372513580136,123,2026-05-12T12:09:53.993848+00:00,827,1,2.298,915.882,137.88,299.29,1,Start,Finish,245,43.5109103500155,16.363974050014804,690,274,299,25,,,False,
2026-05-12T12:03:30+00:00,43.51049815071747,16.372488727793097,123,2026-05-12T12:09:53.993848+00:00,827,1,2.298,918.18,137.88,299.29,1,Start,Finish,245,43.5109103500155,16.363974050014804,688,274,298,24,,,False,
2026-05-12T12:03:31+00:00,43.51050826138817,16.372463875450194,123,2026-05-12T12:09:53.993848+00:00,827,1,2.298,920.478,137.88,299.29,1,Start,Finish,245,43.5109103500155,16.363974050014804,686,274,298,24,,,False,
2026-05-12T12:03:32+00:00,43.51051837205887,16.37243902310729,123,2026-05-12T12:09:53.993848+00:00,827,1,2.298,922.776,137.88,299.29,1,Start,Finish,245,43.5109103500155,16.363974050014804,684,274,297,23,,,False,
2026-05-12T12:03:33+00:00,43.51052696816623,16.372413747012615,123,2026-05-12T12:09:53.993848+00:00,827,1,2.251,925.027,135.06,295.123,1,Start,Finish,245,43.5109103500155,16.363974050014804,682,274,297,23,,,False,
2026-05-12T12:03:34+00:00,43.5105355642736,16.37238847091794,123,2026-05-12T12:09:53.993848+00:00,827,1,2.251,927.278,135.06,295.123,1,Start,Finish,245,43.5109103500155,16.363974050014804,680,274,297,23,,,False,
2026-05-12T12:03:35+00:00,43.51054416038096,16.372363194823265,123,2026-05-12T12:09:53.993848+00:00,827,1,2.251,929.53,135.06,295.123,1,Start,Finish,245,43.5109103500155,16.363974050014804,678,273,296,23,,,False,
2026-05-12T12:03:36+00:00,43.51055275648832,16.37233791872859,123,2026-05-12T12:09:53.993848+00:00,827,1,2.251,931.781,135.06,295.123,1,Start,Finish,245,43.5109103500155,16.363974050014804,676,273,296,23,,,False,
2026-05-12T12:03:37+00:00,43.51056135259569,16.372312642633915,122,2026-05-12T12:09:53.993848+00:00,827,1,2.251,934.032,135.06,295.123,1,Start,Finish,245,43.5109103500155,16.363974050014804,674,273,295,22,,,False,
2026-05-12T12:03:38+00:00,43.51056994870305,16.37228736653924,122,2026-05-12T12:09:53.993848+00:00,827,1,2.251,936.284,135.06,295.123,1,Start,Finish,245,43.5109103500155,16.363974050014804,671,273,294,21,,,False,
2026-05-12T12:03:39+00:00,43.510578544810414,16.372262090444565,122,2026-05-12T12:09:53.993848+00:00,827,1,2.251,938.535,135.06,295.123,1,Start,Finish,245,43.5109103500155,16.363974050014804,669,273,293,20,,,False,
2026-05-12T12:03:40+00:00,43.51058714091778,16.37223681434989,122,2026-05-12T12:09:53.993848+00:00,827,1,2.251,940.787,135.06,295.123,1,Start,Finish,245,43.5109103500155,16.363974050014804,667,273,293,20,,,False,
2026-05-12T12:03:41+00:00,43.51059573702514,16.372211538255215,122,2026-05-12T12:09:53.993848+00:00,827,1,2.251,943.038,135.06,295.123,1,Start,Finish,245,43.5109103500155,16.363974050014804,665,273,292,19,,,False,
2026-05-12T12:03:42+00:00,43.510602328249,16.37218306264417,122,2026-05-12T12:09:53.993848+00:00,827,1,2.411,945.448,144.66,287.701,1,Start,Finish,245,43.5109103500155,16.363974050014804,663,273,291,18,,,False,
2026-05-12T12:03:43+00:00,43.51060891947286,16.37215458703312,121,2026-05-12T12:09:53.993848+00:00,827,1,2.411,947.859,144.66,287.701,1,Start,Finish,245,43.5109103500155,16.363974050014804,661,273,290,17,,,False,
2026-05-12T12:03:44+00:00,43.51061551069672,16.372126111422073,121,2026-05-12T12:09:53.993848+00:00,827,1,2.411,950.269,144.66,287.701,1,Start,Finish,245,43.5109103500155,16.363974050014804,658,273,289,16,,,False,
2026-05-12T12:03:45+00:00,43.510622101920575,16.372097635811027,121,2026-05-12T12:09:53.993848+00:00,827,1,2.411,952.68,144.66,287.701,1,Start,Finish,245,43.5109103500155,16.363974050014804,656,273,289,16,,,False,
2026-05-12T12:03:46+00:00,43.51062869314443,16.372069160199977,120,2026-05-12T12:09:53.993848+00:00,827,1,2.411,955.09,144.66,287.701,1,Start,Finish,245,43.5109103500155,16.363974050014804,654,273,288,15,,,False,
2026-05-12T12:03:47+00:00,43.51063528436829,16.37204068458893,120,2026-05-12T12:09:53.993848+00:00,827,1,2.411,957.501,144.66,287.701,1,Start,Finish,245,43.5109103500155,16.363974050014804,651,273,288,15,,,False,
2026-05-12T12:03:48+00:00,43.51064187559214,16.372012208977882,119,2026-05-12T12:09:53.993848+00:00,827,1,2.411,959.911,144.66,287.701,1,Start,Finish,245,43.5109103500155,16.363974050014804,649,273,288,15,,,False,
2026-05-12T12:03:49+00:00,43.510648466816,16.371983733366836,119,2026-05-12T12:09:53.993848+00:00,827,1,2.411,962.322,144.66,287.701,1,Start,Finish,245,43.5109103500155,16.363974050014804,647,273,287,14,,,False,
2026-05-12T12:03:50+00:00,43.51065505803986,16.37195525775579,119,2026-05-12T12:09:53.993848+00:00,827,1,2.411,964.732,144.66,287.701,1,Start,Finish,245,43.5109103500155,16.363974050014804,644,273,287,14,,,False,
2026-05-12T12:03:51+00:00,43.51066164926372,16.37192678214474,118,2026-05-12T12:09:53.993848+00:00,827,1,2.411,967.143,144.66,287.701,1,Start,Finish,245,43.5109103500155,16.363974050014804,642,272,286,14,,,False,
2026-05-12T12:03:52+00:00,43.510668240487576,16.371898306533694,118,2026-05-12T12:09:53.993848+00:00,827,1,2.411,969.553,144.66,287.701,1,Start,Finish,245,43.5109103500155,16.363974050014804,640,272,285,13,,,False,
2026-05-12T12:03:53+00:00,43.510672389529645,16.37187244836241,118,2026-05-12T12:09:53.993848+00:00,827,1,2.136,971.689,128.16,282.475,1,Start,Finish,245,43.5109103500155,16.363974050014804,638,272,285,13,,,False,
2026-05-12T12:03:54+00:00,43.510676538571715,16.371846590191126,119,2026-05-12T12:09:53.993848+00:00,827,1,2.136,973.825,128.16,282.475,1,Start,Finish,245,43.5109103500155,16.363974050014804,635,272,284,12,,,False,
2026-05-12T12:03:55+00:00,43.51068075746298,16.371818985790014,120,2026-05-12T12:09:53.993848+00:00,827,1,2.275,976.1,136.5,281.9,1,Start,Finish,245,43.5109103500155,16.363974050014804,633,272,283,11,,,False,
2026-05-12T12:03:56+00:00,43.51068497635424,16.371791381388903,121,2026-05-12T12:09:53.993848+00:00,827,1,2.275,978.375,136.5,281.9,1,Start,Finish,245,43.5109103500155,16.363974050014804,631,272,282,10,,,False,
2026-05-12T12:03:57+00:00,43.510689195245504,16.37176377698779,122,2026-05-12T12:09:53.993848+00:00,827,1,2.275,980.65,136.5,281.9,1,Start,Finish,245,43.5109103500155,16.363974050014804,629,272,281,9,,,False,
2026-05-12T12:03:58+00:00,43.51069307187572,16.3717339374125,122,2026-05-12T12:09:53.993848+00:00,827,1,2.445,983.095,146.7,280.156,1,Start,Finish,245,43.5109103500155,16.363974050014804,626,272,281,9,,,False,
2026-05-12T12:03:59+00:00,43.51069694850594,16.37170409783721,122,2026-05-12T12:09:53.993848+00:00,827,1,2.445,985.539,146.7,280.156,1,Start,Finish,245,43.5109103500155,16.363974050014804,624,272,281,9,,,False,
2026-05-12T12:04:00+00:00,43.510700825136155,16.37167425826192,122,2026-05-12T12:09:53.993848+00:00,827,1,2.445,987.984,146.7,280.156,1,Start,Finish,245,43.5109103500155,16.363974050014804,621,272,281,9,,,False,
2026-05-12T12:04:01+00:00,43.51070470176637,16.37164441868663,122,2026-05-12T12:09:53.993848+00:00,827,1,2.445,990.429,146.7,280.156,1,Start,Finish,245,43.5109103500155,16.363974050014804,619,272,280,8,,,False,
2026-05-12T12:04:02+00:00,43.51070857839659,16.371614579111338,123,2026-05-12T12:09:53.993848+00:00,827,1,2.445,992.873,146.7,280.156,1,Start,Finish,245,43.5109103500155,16.363974050014804,617,272,280,8,,,False,
2026-05-12T12:04:03+00:00,43.510712455026805,16.371584739536047,123,2026-05-12T12:09:53.993848+00:00,827,1,2.445,995.318,146.7,280.156,1,Start,Finish,245,43.5109103500155,16.363974050014804,614,272,280,8,,,False,
2026-05-12T12:04:04+00:00,43.51071633165702,16.371554899960756,123,2026-05-12T12:09:53.993848+00:00,827,1,2.445,997.763,146.7,280.156,1,Start,Finish,245,43.5109103500155,16.363974050014804,612,272,281,9,,,False,
2026-05-12T12:04:05+00:00,43.51072020828724,16.371525060385466,123,2026-05-12T12:09:53.993848+00:00,827,1,2.445,1000.207,146.7,280.156,1,Start,Finish,245,43.5109103500155,16.363974050014804,609,272,282,10,,,False,
2026-05-12T12:04:06+00:00,43.51072351913899,16.371501088142395,122,2026-05-12T12:09:53.993848+00:00,827,1,1.968,1002.175,118.08,280.782,1,Start,Finish,245,43.5109103500155,16.363974050014804,607,272,282,10,,,False,
2026-05-12T12:04:07+00:00,43.510726829990745,16.371477115899324,120,2026-05-12T12:09:53.993848+00:00,827,1,1.968,1004.143,118.08,280.782,1,Start,Finish,245,43.5109103500155,16.363974050014804,605,272,283,11,,,False,
2026-05-12T12:04:08+00:00,43.51073213852942,16.37145236134529,119,2026-05-12T12:09:53.993848+00:00,827,1,2.082,1006.225,124.92,286.472,1,Start,Finish,245,43.5109103500155,16.363974050014804,603,272,284,12,,,False,
2026-05-12T12:04:09+00:00,43.510737447068095,16.371427606791258,118,2026-05-12T12:09:53.993848+00:00,827,1,2.082,1008.307,124.92,286.472,1,Start,Finish,245,43.5109103500155,16.363974050014804,601,272,285,13,,,False,
2026-05-12T12:04:10+00:00,43.51074275560677,16.371402852237225,117,2026-05-12T12:09:53.993848+00:00,827,1,2.082,1010.388,124.92,286.472,1,Start,Finish,245,43.5109103500155,16.363974050014804,599,272,285,13,,,False,
2026-05-12T12:04:11+00:00,43.510749181732535,16.371373012661934,118,2026-05-12T12:09:53.993848+00:00,827,1,2.51,1012.899,150.6,286.538,1,Start,Finish,245,43.5109103500155,16.363974050014804,597,272,285,13,,,False,
2026-05-12T12:04:12+00:00,43.5107556078583,16.371343173086643,120,2026-05-12T12:09:53.993848+00:00,827,1,2.51,1015.409,150.6,286.538,1,Start,Finish,245,43.5109103500155,16.363974050014804,595,272,285,13,,,False,
2026-05-12T12:04:13+00:00,43.510762033984065,16.371313333511353,121,2026-05-12T12:09:53.993848+00:00,827,1,2.51,1017.919,150.6,286.538,1,Start,Finish,245,43.5109103500155,16.363974050014804,592,272,284,12,,,False,
2026-05-12T12:04:14+00:00,43.510766685940325,16.371281314641237,123,2026-05-12T12:09:53.993848+00:00,827,1,2.633,1020.552,157.98,281.328,1,Start,Finish,245,43.5109103500155,16.363974050014804,589,272,283,11,,,False,
2026-05-12T12:04:15+00:00,43.510771337896585,16.371249295771122,125,2026-05-12T12:09:53.993848+00:00,827,1,2.633,1023.186,157.98,281.328,1,Start,Finish,245,43.5109103500155,16.363974050014804,587,272,282,10,,,False,
2026-05-12T12:04:16+00:00,43.51077483734116,16.371217004489154,124,2026-05-12T12:09:53.993848+00:00,827,1,2.633,1025.819,157.98,278.499,1,Start,Finish,245,43.5109103500155,16.363974050014804,584,271,280,9,,,False,
2026-05-12T12:04:17+00:00,43.510778336785734,16.371184713207185,123,2026-05-12T12:09:53.993848+00:00,827,1,2.633,1028.452,157.98,278.499,1,Start,Finish,245,43.5109103500155,16.363974050014804,582,271,281,10,,,False,
2026-05-12T12:04:18+00:00,43.51078183623031,16.371152421925217,122,2026-05-12T12:09:53.993848+00:00,827,1,2.633,1031.085,157.98,278.499,1,Start,Finish,245,43.5109103500155,16.363974050014804,579,271,282,11,,,False,
2026-05-12T12:04:19+00:00,43.51078533567488,16.37112013064325,121,2026-05-12T12:09:53.993848+00:00,827,1,2.633,1033.718,157.98,278.499,1,Start,Finish,245,43.5109103500155,16.363974050014804,576,271,283,12,,,False,
2026-05-12T12:04:20+00:00,43.51079103536904,16.371093769557774,120,2026-05-12T12:09:53.993848+00:00,827,1,2.218,1035.936,133.08,286.601,1,Start,Finish,245,43.5109103500155,16.363974050014804,574,271,284,13,,,False,
2026-05-12T12:04:21+00:00,43.510796735063195,16.3710674084723,120,2026-05-12T12:09:53.993848+00:00,827,1,2.218,1038.154,133.08,286.601,1,Start,Finish,245,43.5109103500155,16.363974050014804,572,271,284,13,,,False,
2026-05-12T12:04:22+00:00,43.51080243475735,16.371041047386825,119,2026-05-12T12:09:53.993848+00:00,827,1,2.218,1040.373,133.08,286.601,1,Start,Finish,245,43.5109103500155,16.363974050014804,570,271,285,14,,,False,
2026-05-12T12:04:23+00:00,43.51080813445151,16.37101468630135,118,2026-05-12T12:09:53.993848+00:00,827,1,2.218,1042.591,133.08,286.601,1,Start,Finish,245,43.5109103500155,16.363974050014804,568,271,286,15,,,False,
2026-05-12T12:04:24+00:00,43.51081479806453,16.370988409034908,118,2026-05-12T12:09:53.993848+00:00,827,1,2.245,1044.836,134.7,289.273,1,Start,Finish,245,43.5109103500155,16.363974050014804,566,271,287,16,,,False,
2026-05-12T12:04:25+00:00,43.51082146167755,16.370962131768465,118,2026-05-12T12:09:53.993848+00:00,827,1,2.245,1047.081,134.7,289.273,1,Start,Finish,245,43.5109103500155,16.363974050014804,564,271,287,16,,,False,
2026-05-12T12:04:26+00:00,43.510827287100255,16.370935116894543,118,2026-05-12T12:09:53.993848+00:00,827,1,2.273,1049.354,136.38,286.559,1,Start,Finish,245,43.5109103500155,16.363974050014804,561,271,287,16,,,False,
2026-05-12T12:04:27+00:00,43.51083311252296,16.37090810202062,119,2026-05-12T12:09:53.993848+00:00,827,1,2.273,1051.627,136.38,286.559,1,Start,Finish,245,43.5109103500155,16.363974050014804,559,271,287,16,,,False,
2026-05-12T12:04:28+00:00,43.510838937945664,16.3708810871467,119,2026-05-12T12:09:53.993848+00:00,827,1,2.273,1053.899,136.38,286.559,1,Start,Finish,245,43.5109103500155,16.363974050014804,557,271,287,16,,,False,
2026-05-12T12:04:29+00:00,43.51084476336837,16.370854072272778,119,2026-05-12T12:09:53.993848+00:00,827,1,2.273,1056.172,136.38,286.559,1,Start,Finish,245,43.5109103500155,16.363974050014804,555,271,287,16,,,False,
2026-05-12T12:04:30+00:00,43.51085058879107,16.370827057398856,120,2026-05-12T12:09:53.993848+00:00,827,1,2.273,1058.445,136.38,286.559,1,Start,Finish,245,43.5109103500155,16.363974050014804,553,271,287,16,,,False,
2026-05-12T12:04:31+00:00,43.51085641421378,16.370800042524934,120,2026-05-12T12:09:53.993848+00:00,827,1,2.273,1060.718,136.38,286.559,1,Start,Finish,245,43.5109103500155,16.363974050014804,551,271,287,16,,,False,
2026-05-12T12:04:32+00:00,43.51086223963648,16.370773027651012,120,2026-05-12T12:09:53.993848+00:00,827,1,2.273,1062.991,136.38,286.559,1,Start,Finish,245,43.5109103500155,16.363974050014804,548,271,286,15,,,False,
2026-05-12T12:04:33+00:00,43.510868065059185,16.37074601277709,120,2026-05-12T12:09:53.993848+00:00,827,1,2.273,1065.264,136.38,286.559,1,Start,Finish,245,43.5109103500155,16.363974050014804,546,270,286,16,,,False,
2026-05-12T12:04:34+00:00,43.51087389048189,16.370718997903168,121,2026-05-12T12:09:53.993848+00:00,827,1,2.273,1067.536,136.38,286.559,1,Start,Finish,245,43.5109103500155,16.363974050014804,544,270,286,16,,,False,
2026-05-12T12:04:35+00:00,43.51087971590459,16.370691983029246,121,2026-05-12T12:09:53.993848+00:00,827,1,2.273,1069.809,136.38,286.559,1,Start,Finish,245,43.5109103500155,16.363974050014804,542,270,286,16,,,False,
2026-05-12T12:04:36+00:00,43.51088579278439,16.370662635890767,121,2026-05-12T12:09:53.993848+00:00,827,1,2.461,1072.27,147.66,285.935,1,Start,Finish,245,43.5109103500155,16.363974050014804,539,270,286,16,,,False,
2026-05-12T12:04:37+00:00,43.51089186966419,16.370633288752288,122,2026-05-12T12:09:53.993848+00:00,827,1,2.461,1074.732,147.66,285.935,1,Start,Finish,245,43.5109103500155,16.363974050014804,537,270,286,16,,,False,
2026-05-12T12:04:38+00:00,43.51089794654399,16.37060394161381,122,2026-05-12T12:09:53.993848+00:00,827,1,2.461,1077.193,147.66,285.935,1,Start,Finish,245,43.5109103500155,16.363974050014804,535,270,286,16,,,False,
2026-05-12T12:04:39+00:00,43.51090402342379,16.37057459447533,122,2026-05-12T12:09:53.993848+00:00,827,1,2.461,1079.654,147.66,285.935,1,Start,Finish,245,43.5109103500155,16.363974050014804,532,270,286,16,,,False,
2026-05-12T12:04:40+00:00,43.51091010030359,16.37054524733685,123,2026-05-12T12:09:53.993848+00:00,827,1,2.461,1082.115,147.66,285.935,1,Start,Finish,245,43.5109103500155,16.363974050014804,530,270,287,17,,,False,
2026-05-12T12:04:41+00:00,43.51091617718339,16.37051590019837,123,2026-05-12T12:09:53.993848+00:00,827,1,2.461,1084.577,147.66,285.935,1,Start,Finish,245,43.5109103500155,16.363974050014804,528,270,287,17,,,False,
2026-05-12T12:04:42+00:00,43.51092225406319,16.37048655305989,124,2026-05-12T12:09:53.993848+00:00,827,1,2.461,1087.038,147.66,285.935,1,Start,Finish,245,43.5109103500155,16.363974050014804,525,270,288,18,,,False,
2026-05-12T12:04:43+00:00,43.51092833094299,16.37045720592141,124,2026-05-12T12:09:53.993848+00:00,827,1,2.461,1089.499,147.66,285.935,1,Start,Finish,245,43.5109103500155,16.363974050014804,523,270,289,19,,,False,
2026-05-12T12:04:44+00:00,43.51093671284616,16.370429461821914,125,2026-05-12T12:09:53.993848+00:00,827,1,2.424,1091.923,145.44,292.615,1,Start,Finish,245,43.5109103500155,16.363974050014804,521,270,290,20,,,False,
2026-05-12T12:04:45+00:00,43.510948698967695,16.37039279937744,124,2026-05-12T12:09:53.993848+00:00,827,1,3.243,1095.166,194.58,294.265,1,Start,Finish,245,43.5109103500155,16.363974050014804,518,270,292,22,,,False,
2026-05-12T12:04:46+00:00,43.51096068508923,16.37035613693297,124,2026-05-12T12:09:53.993848+00:00,827,1,3.243,1098.409,194.58,294.265,1,Start,Finish,245,43.5109103500155,16.363974050014804,515,269,293,24,,,False,
2026-05-12T12:04:47+00:00,43.510972671210766,16.370319474488497,123,2026-05-12T12:09:53.993848+00:00,827,1,3.243,1101.652,194.58,294.265,1,Start,Finish,245,43.5109103500155,16.363974050014804,512,269,293,24,,,False,
2026-05-12T12:04:48+00:00,43.5109846573323,16.370282812044024,123,2026-05-12T12:09:53.993848+00:00,827,1,3.243,1104.895,194.58,294.265,1,Start,Finish,245,43.5109103500155,16.363974050014804,509,269,293,24,,,False,
2026-05-12T12:04:49+00:00,43.51099664345384,16.370246149599552,122,2026-05-12T12:09:53.993848+00:00,827,1,3.243,1108.138,194.58,294.265,1,Start,Finish,245,43.5109103500155,16.363974050014804,506,269,292,23,,,False,
2026-05-12T12:04:50+00:00,43.51100594736636,16.370211448520422,122,2026-05-12T12:09:53.993848+00:00,827,1,2.984,1111.122,179.04,290.289,1,Start,Finish,245,43.5109103500155,16.363974050014804,503,269,292,23,,,False,
2026-05-12T12:04:51+00:00,43.51101311389357,16.370181273669004,124,2026-05-12T12:09:53.993848+00:00,827,1,2.561,1113.682,153.66,288.132,1,Start,Finish,245,43.5109103500155,16.363974050014804,501,269,292,23,,,False,
2026-05-12T12:04:52+00:00,43.51102028042078,16.370151098817587,125,2026-05-12T12:09:53.993848+00:00,827,1,2.561,1116.243,153.66,288.132,1,Start,Finish,245,43.5109103500155,16.363974050014804,498,269,291,22,,,False,
2026-05-12T12:04:53+00:00,43.51102927699685,16.370121762156487,125,2026-05-12T12:09:53.993848+00:00,827,1,2.569,1118.812,154.14,292.921,1,Start,Finish,245,43.5109103500155,16.363974050014804,496,268,291,23,,,False,
2026-05-12T12:04:54+00:00,43.51103827357292,16.370092425495386,125,2026-05-12T12:09:53.993848+00:00,827,1,2.569,1121.38,154.14,292.921,1,Start,Finish,245,43.5109103500155,16.363974050014804,494,268,292,24,,,False,
2026-05-12T12:04:55+00:00,43.51104727014899,16.370063088834286,125,2026-05-12T12:09:53.993848+00:00,827,1,2.569,1123.949,154.14,292.921,1,Start,Finish,245,43.5109103500155,16.363974050014804,491,268,292,24,,,False,
2026-05-12T12:04:56+00:00,43.51105626672506,16.370033752173185,125,2026-05-12T12:09:53.993848+00:00,827,1,2.569,1126.517,154.14,292.921,1,Start,Finish,245,43.5109103500155,16.363974050014804,489,268,292,24,,,False,
2026-05-12T12:04:57+00:00,43.511065263301134,16.370004415512085,125,2026-05-12T12:09:53.993848+00:00,827,1,2.569,1129.086,154.14,292.921,1,Start,Finish,245,43.5109103500155,16.363974050014804,487,268,291,23,,,False,
2026-05-12T12:04:58+00:00,43.511074259877205,16.369975078850985,125,2026-05-12T12:09:53.993848+00:00,827,1,2.569,1131.655,154.14,292.921,1,Start,Finish,245,43.5109103500155,16.363974050014804,484,268,290,22,,,False,
2026-05-12T12:04:59+00:00,43.51108079776168,16.36994324857369,126,2026-05-12T12:09:53.993848+00:00,827,1,2.668,1134.322,160.08,285.813,1,Start,Finish,245,43.5109103500155,16.363974050014804,482,268,289,21,,,False,
2026-05-12T12:05:00+00:00,43.51108733564615,16.369911418296397,126,2026-05-12T12:09:53.993848+00:00,827,1,2.668,1136.99,160.08,285.813,1,Start,Finish,245,43.5109103500155,16.363974050014804,479,268,289,21,,,False,
2026-05-12T12:05:01+00:00,43.511093873530626,16.369879588019103,127,2026-05-12T12:09:53.993848+00:00,827,1,2.668,1139.658,160.08,285.813,1,Start,Finish,245,43.5109103500155,16.363974050014804,477,268,289,21,,,False,
2026-05-12T12:05:02+00:00,43.5111004114151,16.36984775774181,128,2026-05-12T12:09:53.993848+00:00,827,1,2.668,1142.326,160.08,285.813,1,Start,Finish,245,43.5109103500155,16.363974050014804,474,267,289,22,,,False,
2026-05-12T12:05:03+00:00,43.51110817864537,16.369820572435856,128,2026-05-12T12:09:53.993848+00:00,827,1,2.356,1144.682,141.36,291.502,1,Start,Finish,245,43.5109103500155,16.363974050014804,472,267,289,22,,,False,
2026-05-12T12:05:04+00:00,43.511115945875645,16.369793387129903,128,2026-05-12T12:09:53.993848+00:00,827,1,2.356,1147.039,141.36,291.502,1,Start,Finish,245,43.5109103500155,16.363974050014804,470,267,290,23,,,False,
2026-05-12T12:05:05+00:00,43.51112371310592,16.36976620182395,128,2026-05-12T12:09:53.993848+00:00,827,1,2.356,1149.395,141.36,291.502,1,Start,Finish,245,43.5109103500155,16.363974050014804,468,267,289,22,,,False,
2026-05-12T12:05:06+00:00,43.51113148033619,16.369739016517997,128,2026-05-12T12:09:53.993848+00:00,827,1,2.356,1151.751,141.36,291.502,1,Start,Finish,245,43.5109103500155,16.363974050014804,466,267,288,21,,,False,
2026-05-12T12:05:07+00:00,43.51113924756646,16.369711831212044,128,2026-05-12T12:09:53.993848+00:00,827,1,2.356,1154.108,141.36,291.502,1,Start,Finish,245,43.5109103500155,16.363974050014804,463,267,288,21,,,False,
2026-05-12T12:05:08+00:00,43.511147014796734,16.36968464590609,128,2026-05-12T12:09:53.993848+00:00,827,1,2.356,1156.464,141.36,291.502,1,Start,Finish,245,43.5109103500155,16.363974050014804,461,267,287,20,,,False,
2026-05-12T12:05:09+00:00,43.511150929145515,16.369653942994773,128,2026-05-12T12:09:53.993848+00:00,827,1,2.514,1158.978,150.84,279.97,1,Start,Finish,245,43.5109103500155,16.363974050014804,459,267,286,19,,,False,
2026-05-12T12:05:10+00:00,43.511154843494296,16.369623240083456,128,2026-05-12T12:09:53.993848+00:00,827,1,2.514,1161.492,150.84,279.97,1,Start,Finish,245,43.5109103500155,16.363974050014804,456,267,284,17,,,False,
2026-05-12T12:05:11+00:00,43.51115875784308,16.36959253717214,128,2026-05-12T12:09:53.993848+00:00,827,1,2.514,1164.006,150.84,279.97,1,Start,Finish,245,43.5109103500155,16.363974050014804,454,267,283,16,,,False,
2026-05-12T12:05:12+00:00,43.51116267219186,16.36956183426082,128,2026-05-12T12:09:53.993848+00:00,827,1,2.514,1166.52,150.84,279.97,1,Start,Finish,245,43.5109103500155,16.363974050014804,451,266,280,14,,,False,
2026-05-12T12:05:13+00:00,43.51116658654064,16.369531131349504,128,2026-05-12T12:09:53.993848+00:00,827,1,2.514,1169.034,150.84,279.97,1,Start,Finish,245,43.5109103500155,16.363974050014804,449,266,280,14,,,False,
2026-05-12T12:05:14+00:00,43.51117050088942,16.369500428438187,127,2026-05-12T12:09:53.993848+00:00,827,1,2.514,1171.547,150.84,279.97,1,Start,Finish,245,43.5109103500155,16.363974050014804,447,266,280,14,,,False,
2026-05-12T12:05:15+00:00,43.5111744152382,16.36946972552687,127,2026-05-12T12:09:53.993848+00:00,827,1,2.514,1174.061,150.84,279.97,1,Start,Finish,245,43.5109103500155,16.363974050014804,444,266,280,14,,,False,
2026-05-12T12:05:16+00:00,43.51117832958698,16.369439022615552,127,2026-05-12T12:09:53.993848+00:00,827,1,2.514,1176.575,150.84,279.97,1,Start,Finish,245,43.5109103500155,16.363974050014804,442,266,281,15,,,False,
2026-05-12T12:05:17+00:00,43.51118224393576,16.369408319704235,127,2026-05-12T12:09:53.993848+00:00,827,1,2.514,1179.089,150.84,279.97,1,Start,Finish,245,43.5109103500155,16.363974050014804,439,266,281,15,,,False,
2026-05-12T12:05:18+00:00,43.511186158284545,16.369377616792917,127,2026-05-12T12:09:53.993848+00:00,827,1,2.514,1181.603,150.84,279.97,1,Start,Finish,245,43.5109103500155,16.363974050014804,437,266,282,16,,,False,
2026-05-12T12:05:19+00:00,43.51119085215032,16.36935099028051,126,2026-05-12T12:09:53.993848+00:00,827,1,2.21,1183.813,132.6,283.662,1,Start,Finish,245,43.5109103500155,16.363974050014804,435,266,282,16,,,False,
2026-05-12T12:05:20+00:00,43.5111955460161,16.3693243637681,126,2026-05-12T12:09:53.993848+00:00,827,1,2.21,1186.023,132.6,283.662,1,Start,Finish,245,43.5109103500155,16.363974050014804,433,266,282,16,,,False,
2026-05-12T12:05:21+00:00,43.51120023988187,16.369297737255692,125,2026-05-12T12:09:53.993848+00:00,827,1,2.21,1188.233,132.6,283.662,1,Start,Finish,245,43.5109103500155,16.363974050014804,431,266,283,17,,,False,
2026-05-12T12:05:22+00:00,43.51120493374765,16.369271110743284,124,2026-05-12T12:09:53.993848+00:00,827,1,2.21,1190.442,132.6,283.662,1,Start,Finish,245,43.5109103500155,16.363974050014804,428,266,283,17,,,False,
2026-05-12T12:05:23+00:00,43.511209627613425,16.369244484230876,124,2026-05-12T12:09:53.993848+00:00,827,1,2.21,1192.652,132.6,283.662,1,Start,Finish,245,43.5109103500155,16.363974050014804,426,266,283,17,,,False,
2026-05-12T12:05:24+00:00,43.5112143214792,16.369217857718468,123,2026-05-12T12:09:53.993848+00:00,827,1,2.21,1194.862,132.6,283.662,1,Start,Finish,245,43.5109103500155,16.363974050014804,424,265,283,18,,,False,
2026-05-12T12:05:25+00:00,43.51121876388788,16.369189163669944,123,2026-05-12T12:09:53.993848+00:00,827,1,2.366,1197.228,141.96,282.05,1,Start,Finish,245,43.5109103500155,16.363974050014804,422,265,283,18,,,False,
2026-05-12T12:05:26+00:00,43.51122320629656,16.36916046962142,124,2026-05-12T12:09:53.993848+00:00,827,1,2.366,1199.594,141.96,282.05,1,Start,Finish,245,43.5109103500155,16.363974050014804,420,265,283,18,,,False,
2026-05-12T12:05:27+00:00,43.51122764870525,16.369131775572896,124,2026-05-12T12:09:53.993848+00:00,827,1,2.366,1201.96,141.96,282.05,1,Start,Finish,245,43.5109103500155,16.363974050014804,417,265,282,17,,,False,
2026-05-12T12:05:28+00:00,43.511232091113925,16.369103081524372,124,2026-05-12T12:09:53.993848+00:00,827,1,2.366,1204.326,141.96,282.05,1,Start,Finish,245,43.5109103500155,16.363974050014804,415,265,282,17,,,False,
2026-05-12T12:05:29+00:00,43.511236533522606,16.369074387475848,125,2026-05-12T12:09:53.993848+00:00,827,1,2.366,1206.692,141.96,282.05,1,Start,Finish,245,43.5109103500155,16.363974050014804,413,265,282,17,,,False,
2026-05-12T12:05:30+00:00,43.51124097593129,16.369045693427324,125,2026-05-12T12:09:53.993848+00:00,827,1,2.366,1209.058,141.96,282.05,1,Start,Finish,245,43.5109103500155,16.363974050014804,411,265,282,17,,,False,
2026-05-12T12:05:31+00:00,43.51124441251159,16.36902118474245,126,2026-05-12T12:09:53.993848+00:00,827,1,2.013,1211.072,120.78,280.943,1,Start,Finish,245,43.5109103500155,16.363974050014804,409,265,281,16,,,False,
2026-05-12T12:05:32+00:00,43.51124784909189,16.368996676057577,126,2026-05-12T12:09:53.993848+00:00,827,1,2.013,1213.085,120.78,280.943,1,Start,Finish,245,43.5109103500155,16.363974050014804,407,265,281,16,,,False,
2026-05-12T12:05:33+00:00,43.51125128567219,16.368972167372704,127,2026-05-12T12:09:53.993848+00:00,827,1,2.013,1215.098,120.78,280.943,1,Start,Finish,245,43.5109103500155,16.363974050014804,405,265,281,16,,,False,
2026-05-12T12:05:34+00:00,43.51125472225249,16.36894765868783,127,2026-05-12T12:09:53.993848+00:00,827,1,2.013,1217.111,120.78,280.943,1,Start,Finish,245,43.5109103500155,16.363974050014804,403,265,281,16,,,False,
2026-05-12T12:05:35+00:00,43.51125815883279,16.368923150002956,128,2026-05-12T12:09:53.993848+00:00,827,1,2.013,1219.124,120.78,280.943,1,Start,Finish,245,43.5109103500155,16.363974050014804,401,264,281,17,,,False,
2026-05-12T12:05:36+00:00,43.51126156188547,16.36889852397144,128,2026-05-12T12:09:53.993848+00:00,827,1,2.022,1221.145,121.32,280.788,1,Start,Finish,245,43.5109103500155,16.363974050014804,399,264,281,17,,,False,
2026-05-12T12:05:37+00:00,43.51126496493816,16.36887389793992,127,2026-05-12T12:09:53.993848+00:00,827,1,2.022,1223.167,121.32,280.788,1,Start,Finish,245,43.5109103500155,16.363974050014804,397,264,281,17,,,False,
2026-05-12T12:05:38+00:00,43.51126836799085,16.368849271908402,127,2026-05-12T12:09:53.993848+00:00,827,1,2.022,1225.189,121.32,280.788,1,Start,Finish,245,43.5109103500155,16.363974050014804,395,264,281,17,,,False,
2026-05-12T12:05:39+00:00,43.51127177104354,16.368824645876884,126,2026-05-12T12:09:53.993848+00:00,827,1,2.022,1227.21,121.32,280.788,1,Start,Finish,245,43.5109103500155,16.363974050014804,393,264,282,18,,,False,
2026-05-12T12:05:40+00:00,43.51127517409623,16.368800019845366,126,2026-05-12T12:09:53.993848+00:00,827,1,2.022,1229.232,121.32,280.788,1,Start,Finish,245,43.5109103500155,16.363974050014804,391,264,282,18,,,False,
2026-05-12T12:05:41+00:00,43.51127971895039,16.368774427101016,126,2026-05-12T12:09:53.993848+00:00,827,1,2.125,1231.357,127.5,283.759,1,Start,Finish,245,43.5109103500155,16.363974050014804,389,264,282,18,,,False,
2026-05-12T12:05:42+00:00,43.511284263804555,16.368748834356666,126,2026-05-12T12:09:53.993848+00:00,827,1,2.125,1233.482,127.5,283.759,1,Start,Finish,245,43.5109103500155,16.363974050014804,387,264,283,19,,,False,
2026-05-12T12:05:43+00:00,43.51128880865872,16.368723241612315,126,2026-05-12T12:09:53.993848+00:00,827,1,2.125,1235.607,127.5,283.759,1,Start,Finish,245,43.5109103500155,16.363974050014804,385,264,283,19,,,False,
2026-05-12T12:05:44+00:00,43.51129335351288,16.368697648867965,126,2026-05-12T12:09:53.993848+00:00,827,1,2.125,1237.731,127.5,283.759,1,Start,Finish,245,43.5109103500155,16.363974050014804,383,264,283,19,,,False,
2026-05-12T12:05:45+00:00,43.51129789836705,16.368672056123614,125,2026-05-12T12:09:53.993848+00:00,827,1,2.125,1239.856,127.5,283.759,1,Start,Finish,245,43.5109103500155,16.363974050014804,381,264,284,20,,,False,
2026-05-12T12:05:46+00:00,43.51130244322121,16.368646463379264,125,2026-05-12T12:09:53.993848+00:00,827,1,2.125,1241.981,127.5,283.759,1,Start,Finish,245,43.5109103500155,16.363974050014804,379,263,284,21,,,False,
2026-05-12T12:05:47+00:00,43.511306988075376,16.368620870634913,125,2026-05-12T12:09:53.993848+00:00,827,1,2.125,1244.106,127.5,283.759,1,Start,Finish,245,43.5109103500155,16.363974050014804,377,263,284,21,,,False,
2026-05-12T12:05:48+00:00,43.51131153292954,16.368595277890563,125,2026-05-12T12:09:53.993848+00:00,827,1,2.125,1246.231,127.5,283.759,1,Start,Finish,245,43.5109103500155,16.363974050014804,375,263,284,21,,,False,
2026-05-12T12:05:49+00:00,43.511316077783704,16.368569685146213,125,2026-05-12T12:09:53.993848+00:00,827,1,2.125,1248.356,127.5,283.759,1,Start,Finish,245,43.5109103500155,16.363974050014804,373,263,285,22,,,False,
2026-05-12T12:05:50+00:00,43.51132130504332,16.368544105101716,125,2026-05-12T12:09:53.993848+00:00,827,1,2.143,1250.499,128.58,285.736,1,Start,Finish,245,43.5109103500155,16.363974050014804,371,263,285,22,,,False,
2026-05-12T12:05:51+00:00,43.51132653230293,16.36851852505722,125,2026-05-12T12:09:53.993848+00:00,827,1,2.143,1252.642,128.58,285.736,1,Start,Finish,245,43.5109103500155,16.363974050014804,369,263,285,22,,,False,
2026-05-12T12:05:52+00:00,43.511331759562545,16.368492945012722,125,2026-05-12T12:09:53.993848+00:00,827,1,2.143,1254.785,128.58,285.736,1,Start,Finish,245,43.5109103500155,16.363974050014804,367,263,285,22,,,False,
2026-05-12T12:05:53+00:00,43.51133698682216,16.368467364968225,125,2026-05-12T12:09:53.993848+00:00,827,1,2.143,1256.928,128.58,285.736,1,Start,Finish,245,43.5109103500155,16.363974050014804,365,263,286,23,,,False,
2026-05-12T12:05:54+00:00,43.51134221408177,16.36844178492373,125,2026-05-12T12:09:53.993848+00:00,827,1,2.143,1259.071,128.58,285.736,1,Start,Finish,245,43.5109103500155,16.363974050014804,363,262,286,24,,,False,
2026-05-12T12:05:55+00:00,43.51134744134139,16.368416204879228,126,2026-05-12T12:09:53.993848+00:00,827,1,2.143,1261.215,128.58,285.736,1,Start,Finish,245,43.5109103500155,16.363974050014804,362,262,286,24,,,False,
2026-05-12T12:05:56+00:00,43.511352668601006,16.36839062483473,126,2026-05-12T12:09:53.993848+00:00,827,1,2.143,1263.358,128.58,285.736,1,Start,Finish,245,43.5109103500155,16.363974050014804,360,262,286,24,,,False,
2026-05-12T12:05:57+00:00,43.51135789586062,16.368365044790234,126,2026-05-12T12:09:53.993848+00:00,827,1,2.143,1265.501,128.58,285.736,1,Start,Finish,245,43.5109103500155,16.363974050014804,358,262,286,24,,,False,
2026-05-12T12:05:58+00:00,43.51136312312023,16.368339464745738,126,2026-05-12T12:09:53.993848+00:00,827,1,2.143,1267.644,128.58,285.736,1,Start,Finish,245,43.5109103500155,16.363974050014804,356,262,287,25,,,False,
2026-05-12T12:05:59+00:00,43.51136835037985,16.36831388470124,126,2026-05-12T12:09:53.993848+00:00,827,1,2.143,1269.787,128.58,285.736,1,Start,Finish,245,43.5109103500155,16.363974050014804,354,262,288,26,,,False,
2026-05-12T12:06:00+00:00,43.51137357763946,16.368288304656744,126,2026-05-12T12:09:53.993848+00:00,827,1,2.143,1271.93,128.58,285.736,1,Start,Finish,245,43.5109103500155,16.363974050014804,352,262,288,26,,,False,
2026-05-12T12:06:01+00:00,43.51138117723167,16.368261063471437,125,2026-05-12T12:09:53.993848+00:00,827,1,2.354,1274.284,141.24,291.04,1,Start,Finish,245,43.5109103500155,16.363974050014804,350,261,289,28,,,False,
2026-05-12T12:06:02+00:00,43.51138877682388,16.36823382228613,124,2026-05-12T12:09:53.993848+00:00,827,1,2.354,1276.638,141.24,291.04,1,Start,Finish,245,43.5109103500155,16.363974050014804,348,261,290,29,,,False,
2026-05-12T12:06:03+00:00,43.51139637641609,16.36820658110082,123,2026-05-12T12:09:53.993848+00:00,827,1,2.354,1278.992,141.24,291.04,1,Start,Finish,245,43.5109103500155,16.363974050014804,346,261,290,29,,,False,
2026-05-12T12:06:04+00:00,43.51140383630991,16.368179507553577,117,2026-05-12T12:09:53.993848+00:00,827,1,2.336,1281.327,140.16,290.803,1,Start,Finish,245,43.5109103500155,16.363974050014804,344,261,291,30,,,False,
2026-05-12T12:06:05+00:00,43.51141221821308,16.368152517825365,114,2026-05-12T12:09:53.993848+00:00,827,1,2.368,1283.695,142.08,293.181,1,Start,Finish,245,43.5109103500155,16.363974050014804,342,261,292,31,,,False,
2026-05-12T12:06:06+00:00,43.51142093539238,16.36812443844974,109,2026-05-12T12:09:53.993848+00:00,827,1,2.463,1286.158,147.78,293.174,1,Start,Finish,245,43.5109103500155,16.363974050014804,339,260,292,32,,,False,
2026-05-12T12:06:07+00:00,43.51142886467278,16.36809692904353,109,2026-05-12T12:09:53.993848+00:00,827,1,2.387,1288.545,143.22,291.675,1,Start,Finish,245,43.5109103500155,16.363974050014804,337,260,292,32,,,False,
2026-05-12T12:06:08+00:00,43.51143679395318,16.368069419637322,110,2026-05-12T12:09:53.993848+00:00,827,1,2.387,1290.932,143.22,291.675,1,Start,Finish,245,43.5109103500155,16.363974050014804,335,260,292,32,,,False,
2026-05-12T12:06:09+00:00,43.51144472323358,16.368041910231113,110,2026-05-12T12:09:53.993848+00:00,827,1,2.387,1293.32,143.22,291.675,1,Start,Finish,245,43.5109103500155,16.363974050014804,333,260,292,32,,,False,
2026-05-12T12:06:10+00:00,43.51145265251398,16.368014400824904,111,2026-05-12T12:09:53.993848+00:00,827,1,2.387,1295.707,143.22,291.675,1,Start,Finish,245,43.5109103500155,16.363974050014804,331,260,291,31,,,False,
2026-05-12T12:06:11+00:00,43.51146058179438,16.367986891418695,111,2026-05-12T12:09:53.993848+00:00,827,1,2.387,1298.094,143.22,291.675,1,Start,Finish,245,43.5109103500155,16.363974050014804,329,259,291,32,,,False,
2026-05-12T12:06:12+00:00,43.511467622593045,16.36795984581113,112,2026-05-12T12:09:53.993848+00:00,827,1,2.317,1300.411,139.02,289.746,1,Start,Finish,245,43.5109103500155,16.363974050014804,327,259,290,31,,,False,
2026-05-12T12:06:13+00:00,43.51147466339171,16.367932800203562,113,2026-05-12T12:09:53.993848+00:00,827,1,2.317,1302.729,139.02,289.746,1,Start,Finish,245,43.5109103500155,16.363974050014804,325,259,290,31,,,False,
2026-05-12T12:06:14+00:00,43.51148170419037,16.367905754595995,114,2026-05-12T12:09:53.993848+00:00,827,1,2.317,1305.046,139.02,289.746,1,Start,Finish,245,43.5109103500155,16.363974050014804,323,259,291,32,,,False,
2026-05-12T12:06:15+00:00,43.51148752961308,16.36788132134825,116,2026-05-12T12:09:53.993848+00:00,827,1,2.074,1307.12,124.44,288.198,1,Start,Finish,245,43.5109103500155,16.363974050014804,322,258,291,33,,,False,
2026-05-12T12:06:16+00:00,43.51149335503578,16.367856888100505,117,2026-05-12T12:09:53.993848+00:00,827,1,2.074,1309.194,124.44,288.198,1,Start,Finish,245,43.5109103500155,16.363974050014804,320,258,291,33,,,False,
2026-05-12T12:06:17+00:00,43.511501083150506,16.367831591516733,117,2026-05-12T12:09:53.993848+00:00,827,1,2.214,1311.408,132.84,292.843,1,Start,Finish,245,43.5109103500155,16.363974050014804,318,258,291,33,,,False,
2026-05-12T12:06:18+00:00,43.51150881126523,16.36780629493296,116,2026-05-12T12:09:53.993848+00:00,827,1,2.214,1313.621,132.84,292.843,1,Start,Finish,245,43.5109103500155,16.363974050014804,316,258,291,33,,,False,
2026-05-12T12:06:19+00:00,43.511516539379954,16.36778099834919,116,2026-05-12T12:09:53.993848+00:00,827,1,2.214,1315.835,132.84,292.843,1,Start,Finish,245,43.5109103500155,16.363974050014804,314,258,292,34,,,False,
2026-05-12T12:06:20+00:00,43.51152426749468,16.367755701765418,115,2026-05-12T12:09:53.993848+00:00,827,1,2.214,1318.049,132.84,292.843,1,Start,Finish,245,43.5109103500155,16.363974050014804,313,257,292,35,,,False,
2026-05-12T12:06:21+00:00,43.5115319956094,16.367730405181646,115,2026-05-12T12:09:53.993848+00:00,827,1,2.214,1320.262,132.84,292.843,1,Start,Finish,245,43.5109103500155,16.363974050014804,311,257,293,36,,,False,
2026-05-12T12:06:22+00:00,43.51153984316625,16.36770455748774,115,2026-05-12T12:09:53.993848+00:00,827,1,2.26,1322.522,135.6,292.716,1,Start,Finish,245,43.5109103500155,16.363974050014804,309,257,293,36,,,False,
2026-05-12T12:06:23+00:00,43.51154769072309,16.367678709793836,114,2026-05-12T12:09:53.993848+00:00,827,1,2.26,1324.782,135.6,292.716,1,Start,Finish,245,43.5109103500155,16.363974050014804,307,257,293,36,,,False,
2026-05-12T12:06:24+00:00,43.511555538279936,16.36765286209993,114,2026-05-12T12:09:53.993848+00:00,827,1,2.26,1327.041,135.6,292.716,1,Start,Finish,245,43.5109103500155,16.363974050014804,305,256,293,37,,,False,
2026-05-12T12:06:25+00:00,43.51156338583678,16.367627014406025,114,2026-05-12T12:09:53.993848+00:00,827,1,2.26,1329.301,135.6,292.716,1,Start,Finish,245,43.5109103500155,16.363974050014804,303,256,293,37,,,False,
2026-05-12T12:06:26+00:00,43.511571233393624,16.36760116671212,113,2026-05-12T12:09:53.993848+00:00,827,1,2.26,1331.561,135.6,292.716,1,Start,Finish,245,43.5109103500155,16.363974050014804,302,256,293,37,,,False,
2026-05-12T12:06:27+00:00,43.51157908095047,16.367575319018215,113,2026-05-12T12:09:53.993848+00:00,827,1,2.26,1333.82,135.6,292.716,1,Start,Finish,245,43.5109103500155,16.363974050014804,300,256,292,36,,,False,
2026-05-12T12:06:28+00:00,43.51158692850731,16.36754947132431,112,2026-05-12T12:09:53.993848+00:00,827,1,2.26,1336.08,135.6,292.716,1,Start,Finish,245,43.5109103500155,16.363974050014804,298,255,291,36,,,False,
2026-05-12T12:06:29+00:00,43.51159477606416,16.367523623630404,112,2026-05-12T12:09:53.993848+00:00,827,1,2.26,1338.34,135.6,292.716,1,Start,Finish,245,43.5109103500155,16.363974050014804,296,255,291,36,,,False,
2026-05-12T12:06:30+00:00,43.51160231977701,16.367498645558953,112,2026-05-12T12:09:53.993848+00:00,827,1,2.182,1340.522,130.92,292.609,1,Start,Finish,245,43.5109103500155,16.363974050014804,294,255,290,35,,,False,
2026-05-12T12:06:31+00:00,43.5116091510281,16.367467443924397,113,2026-05-12T12:09:53.993848+00:00,827,1,2.628,1343.15,157.68,286.798,1,Start,Finish,245,43.5109103500155,16.363974050014804,292,255,290,35,,,False,
2026-05-12T12:06:32+00:00,43.51161598227918,16.36743624228984,114,2026-05-12T12:09:53.993848+00:00,827,1,2.628,1345.778,157.68,286.798,1,Start,Finish,245,43.5109103500155,16.363974050014804,290,254,289,35,,,False,
2026-05-12T12:06:33+00:00,43.511622813530266,16.367405040655285,114,2026-05-12T12:09:53.993848+00:00,827,1,2.628,1348.407,157.68,286.798,1,Start,Finish,245,43.5109103500155,16.363974050014804,288,254,288,34,,,False,
2026-05-12T12:06:34+00:00,43.51162964478135,16.36737383902073,115,2026-05-12T12:09:53.993848+00:00,827,1,2.628,1351.035,157.68,286.798,1,Start,Finish,245,43.5109103500155,16.363974050014804,286,254,287,33,,,False,
2026-05-12T12:06:35+00:00,43.51163611980155,16.367346032056957,116,2026-05-12T12:09:53.993848+00:00,827,1,2.355,1353.39,141.3,287.801,1,Start,Finish,245,43.5109103500155,16.363974050014804,284,253,287,34,,,False,
2026-05-12T12:06:36+00:00,43.51164259482175,16.367318225093186,116,2026-05-12T12:09:53.993848+00:00,827,1,2.355,1355.745,141.3,287.801,1,Start,Finish,245,43.5109103500155,16.363974050014804,282,253,288,35,,,False,
2026-05-12T12:06:37+00:00,43.51164906984195,16.367290418129414,117,2026-05-12T12:09:53.993848+00:00,827,1,2.355,1358.101,141.3,287.801,1,Start,Finish,245,43.5109103500155,16.363974050014804,280,253,288,35,,,False,
2026-05-12T12:06:38+00:00,43.51165554486215,16.367262611165643,118,2026-05-12T12:09:53.993848+00:00,827,1,2.355,1360.456,141.3,287.801,1,Start,Finish,245,43.5109103500155,16.363974050014804,278,253,288,35,,,False,
2026-05-12T12:06:39+00:00,43.511661873199046,16.367235789075494,120,2026-05-12T12:09:53.993848+00:00,827,1,2.275,1362.73,136.5,288.021,1,Start,Finish,245,43.5109103500155,16.363974050014804,276,252,288,36,,,False,
2026-05-12T12:06:40+00:00,43.51166820153594,16.367208966985345,121,2026-05-12T12:09:53.993848+00:00,827,1,2.275,1365.005,136.5,288.021,1,Start,Finish,245,43.5109103500155,16.363974050014804,274,252,288,36,,,False,
2026-05-12T12:06:41+00:00,43.511674613691866,16.36718128575012,120,2026-05-12T12:09:53.993848+00:00,827,1,2.343,1367.348,140.58,287.714,1,Start,Finish,245,43.5109103500155,16.363974050014804,272,252,288,36,,,False,
2026-05-12T12:06:42+00:00,43.51168102584779,16.367153604514897,118,2026-05-12T12:09:53.993848+00:00,827,1,2.343,1369.692,140.58,287.714,1,Start,Finish,245,43.5109103500155,16.363974050014804,270,252,288,36,,,False,
2026-05-12T12:06:43+00:00,43.51168743800372,16.367125923279673,117,2026-05-12T12:09:53.993848+00:00,827,1,2.343,1372.035,140.58,287.714,1,Start,Finish,245,43.5109103500155,16.363974050014804,268,251,288,37,,,False,
2026-05-12T12:06:44+00:00,43.511693850159645,16.36709824204445,116,2026-05-12T12:09:53.993848+00:00,827,1,2.343,1374.378,140.58,287.714,1,Start,Finish,245,43.5109103500155,16.363974050014804,267,251,288,37,,,False,
2026-05-12T12:06:45+00:00,43.511700220406055,16.367071189451963,116,2026-05-12T12:09:53.993848+00:00,827,1,2.294,1376.672,137.64,287.988,1,Start,Finish,245,43.5109103500155,16.363974050014804,265,251,288,37,,,False,
2026-05-12T12:06:46+00:00,43.511706590652466,16.367044136859477,116,2026-05-12T12:09:53.993848+00:00,827,1,2.294,1378.966,137.64,287.988,1,Start,Finish,245,43.5109103500155,16.363974050014804,263,250,288,38,,,False,
2026-05-12T12:06:47+00:00,43.51171296089888,16.36701708426699,115,2026-05-12T12:09:53.993848+00:00,827,1,2.294,1381.26,137.64,287.988,1,Start,Finish,245,43.5109103500155,16.363974050014804,261,250,288,38,,,False,
2026-05-12T12:06:48+00:00,43.51171933114529,16.366990031674504,115,2026-05-12T12:09:53.993848+00:00,827,1,2.294,1383.553,137.64,287.988,1,Start,Finish,245,43.5109103500155,16.363974050014804,259,250,288,38,,,False,
2026-05-12T12:06:49+00:00,43.511725114658475,16.366965556517243,116,2026-05-12T12:09:53.993848+00:00,827,1,2.076,1385.629,124.56,288.047,1,Start,Finish,245,43.5109103500155,16.363974050014804,258,249,287,38,,,False,
2026-05-12T12:06:50+00:00,43.51173089817166,16.366941081359982,118,2026-05-12T12:09:53.993848+00:00,827,1,2.076,1387.705,124.56,288.047,1,Start,Finish,245,43.5109103500155,16.363974050014804,256,249,287,38,,,False,
2026-05-12T12:06:51+00:00,43.51173648610711,16.366914371028543,119,2026-05-12T12:09:53.993848+00:00,827,1,2.242,1389.947,134.52,286.091,1,Start,Finish,245,43.5109103500155,16.363974050014804,254,249,287,38,,,False,
2026-05-12T12:06:52+00:00,43.51174207404256,16.366887660697103,120,2026-05-12T12:09:53.993848+00:00,827,1,2.242,1392.189,134.52,286.091,1,Start,Finish,245,43.5109103500155,16.363974050014804,253,249,287,38,,,False,
2026-05-12T12:06:53+00:00,43.511747661978006,16.366860950365663,121,2026-05-12T12:09:53.993848+00:00,827,1,2.242,1394.43,134.52,286.091,1,Start,Finish,245,43.5109103500155,16.363974050014804,251,248,288,40,,,False,
2026-05-12T12:06:54+00:00,43.51175322197378,16.366835637018085,121,2026-05-12T12:09:53.993848+00:00,827,1,2.133,1396.563,127.98,286.85,1,Start,Finish,245,43.5109103500155,16.363974050014804,249,248,289,41,,,False,
2026-05-12T12:06:55+00:00,43.51175878196955,16.366810323670506,121,2026-05-12T12:09:53.993848+00:00,827,1,2.133,1398.696,127.98,286.85,1,Start,Finish,245,43.5109103500155,16.363974050014804,247,248,289,41,,,False,
2026-05-12T12:06:56+00:00,43.51176434196532,16.36678501032293,121,2026-05-12T12:09:53.993848+00:00,827,1,2.133,1400.829,127.98,286.85,1,Start,Finish,245,43.5109103500155,16.363974050014804,246,247,290,43,,,False,
2026-05-12T12:06:57+00:00,43.51177314296365,16.366760954260826,118,2026-05-12T12:09:53.993848+00:00,827,1,2.173,1403.002,130.38,296.769,1,Start,Finish,245,43.5109103500155,16.363974050014804,244,247,291,44,,,False,
2026-05-12T12:06:58+00:00,43.51178194396198,16.366736898198724,115,2026-05-12T12:09:53.993848+00:00,827,1,2.173,1405.175,130.38,296.769,1,Start,Finish,245,43.5109103500155,16.363974050014804,243,246,292,46,,,False,
2026-05-12T12:06:59+00:00,43.511788859032094,16.366714518517256,114,2026-05-12T12:09:53.993848+00:00,827,1,1.962,1407.136,117.72,293.077,1,Start,Finish,245,43.5109103500155,16.363974050014804,242,246,292,46,,,False,
2026-05-12T12:07:00+00:00,43.51179577410221,16.366692138835788,112,2026-05-12T12:09:53.993848+00:00,827,1,1.962,1409.098,117.72,293.077,1,Start,Finish,245,43.5109103500155,16.363974050014804,240,246,292,46,,,False,
2026-05-12T12:07:01+00:00,43.51180365309119,16.366665540263057,113,2026-05-12T12:09:53.993848+00:00,827,1,2.317,1411.415,139.02,292.217,1,Start,Finish,245,43.5109103500155,16.363974050014804,239,245,293,48,,,False,
2026-05-12T12:07:02+00:00,43.51181153208017,16.366638941690326,114,2026-05-12T12:09:53.993848+00:00,827,1,2.317,1413.732,139.02,292.217,1,Start,Finish,245,43.5109103500155,16.363974050014804,237,245,292,47,,,False,
2026-05-12T12:07:03+00:00,43.511819411069155,16.366612343117595,115,2026-05-12T12:09:53.993848+00:00,827,1,2.317,1416.049,139.02,292.217,1,Start,Finish,245,43.5109103500155,16.363974050014804,236,245,291,46,,,False,
2026-05-12T12:07:04+00:00,43.51182664744556,16.366582419723272,116,2026-05-12T12:09:53.993848+00:00,827,1,2.544,1418.593,152.64,288.441,1,Start,Finish,245,43.5109103500155,16.363974050014804,234,244,290,46,,,False,
2026-05-12T12:07:05+00:00,43.51183388382197,16.36655249632895,118,2026-05-12T12:09:53.993848+00:00,827,1,2.544,1421.136,152.64,288.441,1,Start,Finish,245,43.5109103500155,16.363974050014804,232,244,290,46,,,False,
2026-05-12T12:07:06+00:00,43.51184112019837,16.366522572934628,119,2026-05-12T12:09:53.993848+00:00,827,1,2.544,1423.68,152.64,288.441,1,Start,Finish,245,43.5109103500155,16.363974050014804,230,243,290,47,,,False,
2026-05-12T12:07:07+00:00,43.51184769999236,16.36649411637336,118,2026-05-12T12:09:53.993848+00:00,827,1,2.409,1426.089,144.54,287.684,1,Start,Finish,245,43.5109103500155,16.363974050014804,228,243,289,46,,,False,
2026-05-12T12:07:08+00:00,43.51185427978635,16.366465659812093,118,2026-05-12T12:09:53.993848+00:00,827,1,2.409,1428.497,144.54,287.684,1,Start,Finish,245,43.5109103500155,16.363974050014804,227,242,290,48,,,False,
2026-05-12T12:07:09+00:00,43.51186162792146,16.366438642144203,117,2026-05-12T12:09:53.993848+00:00,827,1,2.327,1430.824,139.62,290.557,1,Start,Finish,245,43.5109103500155,16.363974050014804,225,242,291,49,,,False,
2026-05-12T12:07:10+00:00,43.511868976056576,16.366411624476314,116,2026-05-12T12:09:53.993848+00:00,827,1,2.327,1433.151,139.62,290.557,1,Start,Finish,245,43.5109103500155,16.363974050014804,224,242,291,49,,,False,
2026-05-12T12:07:11+00:00,43.51187632419169,16.366384606808424,115,2026-05-12T12:09:53.993848+00:00,827,1,2.327,1435.478,139.62,290.557,1,Start,Finish,245,43.5109103500155,16.363974050014804,222,241,291,50,,,False,
2026-05-12T12:07:12+00:00,43.511884873732924,16.36636046692729,114,2026-05-12T12:09:53.993848+00:00,827,1,2.166,1437.645,129.96,296.029,1,Start,Finish,245,43.5109103500155,16.363974050014804,221,241,291,50,,,False,
2026-05-12T12:07:13+00:00,43.51189342327416,16.366336327046156,112,2026-05-12T12:09:53.993848+00:00,827,1,2.166,1439.811,129.96,296.029,1,Start,Finish,245,43.5109103500155,16.363974050014804,220,240,291,51,,,False,
2026-05-12T12:07:14+00:00,43.51190098794177,16.366306110285223,113,2026-05-12T12:09:53.993848+00:00,827,1,2.578,1442.389,154.68,289.044,1,Start,Finish,245,43.5109103500155,16.363974050014804,218,240,291,51,,,False,
2026-05-12T12:07:15+00:00,43.511908552609384,16.36627589352429,114,2026-05-12T12:09:53.993848+00:00,827,1,2.578,1444.967,154.68,289.044,1,Start,Finish,245,43.5109103500155,16.363974050014804,216,239,290,51,,,False,
2026-05-12T12:07:16+00:00,43.51191611727699,16.366245676763356,115,2026-05-12T12:09:53.993848+00:00,827,1,2.578,1447.545,154.68,289.044,1,Start,Finish,245,43.5109103500155,16.363974050014804,215,239,290,51,,,False,
2026-05-12T12:07:17+00:00,43.51192368194461,16.366215460002422,116,2026-05-12T12:09:53.993848+00:00,827,1,2.578,1450.122,154.68,289.044,1,Start,Finish,245,43.5109103500155,16.363974050014804,213,238,289,51,,,False,
2026-05-12T12:07:18+00:00,43.511929381638765,16.366184446960688,118,2026-05-12T12:09:53.993848+00:00,827,1,2.58,1452.702,154.8,284.22,1,Start,Finish,245,43.5109103500155,16.363974050014804,211,238,290,52,,,False,
2026-05-12T12:07:19+00:00,43.51193508133292,16.366153433918953,120,2026-05-12T12:09:53.993848+00:00,827,1,2.58,1455.282,154.8,284.22,1,Start,Finish,245,43.5109103500155,16.363974050014804,209,237,290,53,,,False,
2026-05-12T12:07:20+00:00,43.511942888477016,16.366129557469062,120,2026-05-12T12:09:53.993848+00:00,827,1,2.112,1457.395,126.72,294.269,1,Start,Finish,245,43.5109103500155,16.363974050014804,208,237,291,54,,,False,
2026-05-12T12:07:21+00:00,43.51195069562112,16.36610568101917,121,2026-05-12T12:09:53.993848+00:00,827,1,2.112,1459.507,126.72,294.269,1,Start,Finish,245,43.5109103500155,16.363974050014804,207,236,291,55,,,False,
2026-05-12T12:07:22+00:00,43.51195850276521,16.36608180456928,121,2026-05-12T12:09:53.993848+00:00,827,1,2.112,1461.619,126.72,294.269,1,Start,Finish,245,43.5109103500155,16.363974050014804,206,236,292,56,,,False,
2026-05-12T12:07:23+00:00,43.51196630990931,16.366057928119385,121,2026-05-12T12:09:53.993848+00:00,827,1,2.112,1463.731,126.72,294.269,1,Start,Finish,245,43.5109103500155,16.363974050014804,205,235,293,58,,,False,
2026-05-12T12:07:24+00:00,43.511974117053406,16.366034051669494,121,2026-05-12T12:09:53.993848+00:00,827,1,2.112,1465.843,126.72,294.269,1,Start,Finish,245,43.5109103500155,16.363974050014804,204,235,294,59,,,False,
2026-05-12T12:07:25+00:00,43.51198192419751,16.366010175219603,122,2026-05-12T12:09:53.993848+00:00,827,1,2.112,1467.955,126.72,294.269,1,Start,Finish,245,43.5109103500155,16.363974050014804,203,234,294,60,,,False,
2026-05-12T12:07:26+00:00,43.5119897313416,16.365986298769712,122,2026-05-12T12:09:53.993848+00:00,827,1,2.112,1470.067,126.72,294.269,1,Start,Finish,245,43.5109103500155,16.363974050014804,202,234,294,60,,,False,
2026-05-12T12:07:27+00:00,43.51199671626091,16.365964617580175,123,2026-05-12T12:09:53.993848+00:00,827,1,1.913,1471.98,114.78,293.952,1,Start,Finish,245,43.5109103500155,16.363974050014804,201,233,294,61,,,False,
2026-05-12T12:07:28+00:00,43.51200370118022,16.36594293639064,124,2026-05-12T12:09:53.993848+00:00,827,1,1.913,1473.893,114.78,293.952,1,Start,Finish,245,43.5109103500155,16.363974050014804,200,233,294,61,,,False,
2026-05-12T12:07:29+00:00,43.51201068609953,16.3659212552011,125,2026-05-12T12:09:53.993848+00:00,827,1,1.913,1475.807,114.78,293.952,1,Start,Finish,245,43.5109103500155,16.363974050014804,199,232,294,62,,,False,
2026-05-12T12:07:30+00:00,43.51201759278774,16.365898808464408,125,2026-05-12T12:09:53.993848+00:00,827,1,1.966,1477.773,117.96,292.99,1,Start,Finish,245,43.5109103500155,16.363974050014804,198,232,293,61,,,False,
2026-05-12T12:07:31+00:00,43.51202449947595,16.365876361727715,124,2026-05-12T12:09:53.993848+00:00,827,1,1.966,1479.739,117.96,292.99,1,Start,Finish,245,43.5109103500155,16.363974050014804,197,231,293,62,,,False,
2026-05-12T12:07:32+00:00,43.51203140616417,16.36585391499102,124,2026-05-12T12:09:53.993848+00:00,827,1,1.966,1481.706,117.96,292.99,1,Start,Finish,245,43.5109103500155,16.363974050014804,196,231,293,62,,,False,
2026-05-12T12:07:33+00:00,43.51203831285238,16.365831468254328,123,2026-05-12T12:09:53.993848+00:00,827,1,1.966,1483.672,117.96,292.99,1,Start,Finish,245,43.5109103500155,16.363974050014804,195,230,289,59,,,False,
2026-05-12T12:07:34+00:00,43.51204521954059,16.365809021517634,123,2026-05-12T12:09:53.993848+00:00,827,1,1.966,1485.638,117.96,292.99,1,Start,Finish,245,43.5109103500155,16.363974050014804,194,230,285,55,,,False,
2026-05-12T12:07:35+00:00,43.51205085637048,16.365789973642677,123,2026-05-12T12:09:53.993848+00:00,827,1,1.659,1487.297,99.54,292.198,1,Start,Finish,245,43.5109103500155,16.363974050014804,194,229,279,50,,,False,
2026-05-12T12:07:36+00:00,43.51205649320036,16.36577092576772,122,2026-05-12T12:09:53.993848+00:00,827,1,1.659,1488.956,99.54,292.198,1,Start,Finish,245,43.5109103500155,16.363974050014804,193,229,272,43,,,False,
2026-05-12T12:07:37+00:00,43.512062130030245,16.365751877892762,122,2026-05-12T12:09:53.993848+00:00,827,1,1.659,1490.615,99.54,292.198,1,Start,Finish,245,43.5109103500155,16.363974050014804,192,228,263,35,,,False,
2026-05-12T12:07:38+00:00,43.51206776686013,16.365732830017805,122,2026-05-12T12:09:53.993848+00:00,827,1,1.659,1492.274,99.54,292.198,1,Start,Finish,245,43.5109103500155,16.363974050014804,192,228,260,32,,,False,
2026-05-12T12:07:39+00:00,43.51206294726581,16.365720508620143,123,2026-05-12T12:09:53.993848+00:00,827,1,1.129,1493.403,67.74,241.66,1,Start,Finish,245,43.5109103500155,16.363974050014804,190,228,255,27,,,False,
2026-05-12T12:07:40+00:00,43.51205812767148,16.36570818722248,124,2026-05-12T12:09:53.993848+00:00,827,1,1.129,1494.532,67.74,241.66,1,Start,Finish,245,43.5109103500155,16.363974050014804,189,228,250,22,,,False,
2026-05-12T12:07:41+00:00,43.51204622536898,16.365699972957373,124,2026-05-12T12:09:53.993848+00:00,827,1,1.48,1496.012,88.8,206.588,1,Start,Finish,245,43.5109103500155,16.363974050014804,188,228,240,12,,,False,
2026-05-12T12:07:42+00:00,43.51202687714249,16.365691269747913,124,2026-05-12T12:09:53.993848+00:00,827,1,2.263,1498.275,135.78,198.067,1,Start,Finish,245,43.5109103500155,16.363974050014804,186,228,230,2,,,False,
2026-05-12T12:07:43+00:00,43.512007528916,16.365682566538453,125,2026-05-12T12:09:53.993848+00:00,827,1,2.263,1500.538,135.78,198.067,1,Start,Finish,245,43.5109103500155,16.363974050014804,184,228,221,7,,,False,
2026-05-12T12:07:44+00:00,43.511988180689514,16.365673863328993,126,2026-05-12T12:09:53.993848+00:00,827,1,2.263,1502.801,135.78,198.068,1,Start,Finish,245,43.5109103500155,16.363974050014804,182,229,207,22,,,False,
2026-05-12T12:07:45+00:00,43.511968832463026,16.365665160119534,126,2026-05-12T12:09:53.993848+00:00,827,1,2.263,1505.064,135.78,198.068,1,Start,Finish,245,43.5109103500155,16.363974050014804,180,229,197,32,,,False,
2026-05-12T12:07:46+00:00,43.51194948423654,16.365656456910074,126,2026-05-12T12:09:53.993848+00:00,827,1,2.263,1507.327,135.78,198.068,1,Start,Finish,245,43.5109103500155,16.363974050014804,178,230,195,35,,,False,
2026-05-12T12:07:47+00:00,43.51193013601005,16.365647753700614,127,2026-05-12T12:09:53.993848+00:00,827,1,2.263,1509.59,135.78,198.068,1,Start,Finish,245,43.5109103500155,16.363974050014804,176,230,194,36,,,False,
2026-05-12T12:07:48+00:00,43.5119085945189,16.36564213782549,127,2026-05-12T12:09:53.993848+00:00,827,1,2.438,1512.028,146.28,190.706,1,Start,Finish,245,43.5109103500155,16.363974050014804,174,230,193,37,,,False,
2026-05-12T12:07:49+00:00,43.51188763976097,16.365637527778745,126,2026-05-12T12:09:53.993848+00:00,827,1,2.36,1514.387,141.6,189.065,1,Start,Finish,245,43.5109103500155,16.363974050014804,173,231,192,39,,,False,
2026-05-12T12:07:50+00:00,43.51186668500304,16.365632917732,126,2026-05-12T12:09:53.993848+00:00,827,1,2.36,1516.747,141.6,189.065,1,Start,Finish,245,43.5109103500155,16.363974050014804,171,232,190,42,,,False,
2026-05-12T12:07:51+00:00,43.51184573024511,16.365628307685256,125,2026-05-12T12:09:53.993848+00:00,827,1,2.36,1519.107,141.6,189.065,1,Start,Finish,245,43.5109103500155,16.363974050014804,169,232,188,44,,,False,
2026-05-12T12:07:52+00:00,43.511824775487185,16.36562369763851,124,2026-05-12T12:09:53.993848+00:00,827,1,2.36,1521.466,141.6,189.065,1,Start,Finish,245,43.5109103500155,16.363974050014804,167,233,187,46,,,False,
2026-05-12T12:07:53+00:00,43.51180477626622,16.365621937438846,123,2026-05-12T12:09:53.993848+00:00,827,1,2.228,1523.694,133.68,183.652,1,Start,Finish,245,43.5109103500155,16.363974050014804,166,233,186,47,,,False,
2026-05-12T12:07:54+00:00,43.51178477704525,16.36562017723918,123,2026-05-12T12:09:53.993848+00:00,827,1,2.228,1525.923,133.68,183.652,1,Start,Finish,245,43.5109103500155,16.363974050014804,165,234,186,48,,,False,
2026-05-12T12:07:55+00:00,43.51176477782428,16.365618417039514,122,2026-05-12T12:09:53.993848+00:00,827,1,2.228,1528.151,133.68,183.652,1,Start,Finish,245,43.5109103500155,16.363974050014804,163,234,185,49,,,False,
2026-05-12T12:07:56+00:00,43.511744778603315,16.365616656839848,122,2026-05-12T12:09:53.993848+00:00,827,1,2.228,1530.379,133.68,183.652,1,Start,Finish,245,43.5109103500155,16.363974050014804,162,235,183,52,,,False,
2026-05-12T12:07:57+00:00,43.51172477938235,16.36561489664018,121,2026-05-12T12:09:53.993848+00:00,827,1,2.228,1532.608,133.68,183.652,1,Start,Finish,245,43.5109103500155,16.363974050014804,160,236,180,56,,,False,
2026-05-12T12:07:58+00:00,43.51170311216265,16.365611921064556,120,2026-05-12T12:09:53.993848+00:00,827,1,2.421,1535.029,145.26,185.688,1,Start,Finish,245,43.5109103500155,16.363974050014804,159,236,177,59,,,False,
2026-05-12T12:07:59+00:00,43.51168144494295,16.36560894548893,119,2026-05-12T12:09:53.993848+00:00,827,1,2.421,1537.45,145.26,185.688,1,Start,Finish,245,43.5109103500155,16.363974050014804,157,237,176,61,,,False,
2026-05-12T12:08:00+00:00,43.51166573486158,16.36561398660498,120,2026-05-12T12:09:53.993848+00:00,827,1,1.794,1539.244,107.64,166.9,1,Start,Finish,245,43.5109103500155,16.363974050014804,157,238,174,64,,,False,
2026-05-12T12:08:01+00:00,43.5116500247802,16.36561902772103,120,2026-05-12T12:09:53.993848+00:00,827,1,1.794,1541.037,107.64,166.9,1,Start,Finish,245,43.5109103500155,16.363974050014804,156,238,172,66,,,False,
2026-05-12T12:08:02+00:00,43.51163431469883,16.365624068837082,121,2026-05-12T12:09:53.993848+00:00,827,1,1.794,1542.831,107.64,166.9,1,Start,Finish,245,43.5109103500155,16.363974050014804,156,239,170,69,,,False,
2026-05-12T12:08:03+00:00,43.51161860461746,16.36562910995313,121,2026-05-12T12:09:53.993848+00:00,827,1,1.794,1544.624,107.64,166.9,1,Start,Finish,245,43.5109103500155,16.363974050014804,155,239,169,70,,,False,
2026-05-12T12:08:04+00:00,43.51160289453609,16.36563415106918,122,2026-05-12T12:09:53.993848+00:00,827,1,1.794,1546.418,107.64,166.9,1,Start,Finish,245,43.5109103500155,16.363974050014804,154,240,167,73,,,False,
2026-05-12T12:08:05+00:00,43.51158718445471,16.36563919218523,122,2026-05-12T12:09:53.993848+00:00,827,1,1.794,1548.212,107.64,166.9,1,Start,Finish,245,43.5109103500155,16.363974050014804,154,241,165,76,,,False,
2026-05-12T12:08:06+00:00,43.51157147437334,16.365644233301282,123,2026-05-12T12:09:53.993848+00:00,827,1,1.794,1550.005,107.64,166.899,1,Start,Finish,245,43.5109103500155,16.363974050014804,153,241,164,77,,,False,
2026-05-12T12:08:07+00:00,43.511555548757315,16.365651190280914,125,2026-05-12T12:09:53.993848+00:00,827,1,1.858,1551.863,111.48,162.421,1,Start,Finish,245,43.5109103500155,16.363974050014804,153,242,164,78,,,False,
2026-05-12T12:08:08+00:00,43.511540880426764,16.365658088587224,125,2026-05-12T12:09:53.993848+00:00,827,1,1.723,1553.586,103.38,161.167,1,Start,Finish,245,43.5109103500155,16.363974050014804,153,243,163,80,,,False,
2026-05-12T12:08:09+00:00,43.511526212096214,16.365664986893535,125,2026-05-12T12:09:53.993848+00:00,827,1,1.723,1555.309,103.38,161.167,1,Start,Finish,245,43.5109103500155,16.363974050014804,153,243,163,80,,,False,
2026-05-12T12:08:10+00:00,43.511511543765664,16.365671885199845,125,2026-05-12T12:09:53.993848+00:00,827,1,1.723,1557.033,103.38,161.167,1,Start,Finish,245,43.5109103500155,16.363974050014804,152,244,162,82,,,False,
2026-05-12T12:08:11+00:00,43.511496875435114,16.365678783506155,125,2026-05-12T12:09:53.993848+00:00,827,1,1.723,1558.756,103.38,161.167,1,Start,Finish,245,43.5109103500155,16.363974050014804,152,245,162,83,,,False,
2026-05-12T12:08:12+00:00,43.51148220710456,16.365685681812465,124,2026-05-12T12:09:53.993848+00:00,827,1,1.723,1560.479,103.38,161.167,1,Start,Finish,245,43.5109103500155,16.363974050014804,152,245,163,82,,,False,
2026-05-12T12:08:13+00:00,43.51146753877401,16.365692580118775,124,2026-05-12T12:09:53.993848+00:00,827,1,1.723,1562.202,103.38,161.167,1,Start,Finish,245,43.5109103500155,16.363974050014804,152,246,165,81,,,False,
2026-05-12T12:08:14+00:00,43.51145287044346,16.365699478425086,124,2026-05-12T12:09:53.993848+00:00,827,1,1.723,1563.926,103.38,161.167,1,Start,Finish,245,43.5109103500155,16.363974050014804,152,247,167,80,,,False,
2026-05-12T12:08:15+00:00,43.51143820211291,16.365706376731396,124,2026-05-12T12:09:53.993848+00:00,827,1,1.723,1565.649,103.38,161.167,1,Start,Finish,245,43.5109103500155,16.363974050014804,152,247,177,70,,,False,
2026-05-12T12:08:16+00:00,43.51142353378236,16.365713275037706,124,2026-05-12T12:09:53.993848+00:00,827,1,1.723,1567.372,103.38,161.167,1,Start,Finish,245,43.5109103500155,16.363974050014804,151,248,183,65,,,False,
2026-05-12T12:08:17+00:00,43.51140886545181,16.365720173344016,124,2026-05-12T12:09:53.993848+00:00,827,1,1.723,1569.096,103.38,161.167,1,Start,Finish,245,43.5109103500155,16.363974050014804,151,249,190,59,,,False,
2026-05-12T12:08:18+00:00,43.51139842998237,16.365719754248857,124,2026-05-12T12:09:53.993848+00:00,827,1,1.161,1570.257,69.66,181.668,1,Start,Finish,245,43.5109103500155,16.363974050014804,151,249,196,53,,,False,
2026-05-12T12:08:19+00:00,43.51138799451291,16.3657193351537,124,2026-05-12T12:09:53.993848+00:00,827,1,1.161,1571.417,69.66,181.668,1,Start,Finish,245,43.5109103500155,16.363974050014804,150,249,199,50,,,False,
2026-05-12T12:08:20+00:00,43.51137755904347,16.36571891605854,124,2026-05-12T12:09:53.993848+00:00,827,1,1.161,1572.578,69.66,181.668,1,Start,Finish,245,43.5109103500155,16.363974050014804,150,250,208,42,,,False,
2026-05-12T12:08:21+00:00,43.51136712357402,16.36571849696338,124,2026-05-12T12:09:53.993848+00:00,827,1,1.161,1573.739,69.66,181.668,1,Start,Finish,245,43.5109103500155,16.363974050014804,150,250,213,37,,,False,
2026-05-12T12:08:22+00:00,43.51136314217001,16.36570818722248,125,2026-05-12T12:09:53.993848+00:00,827,1,0.942,1574.681,56.52,241.965,1,Start,Finish,245,43.5109103500155,16.363974050014804,149,250,217,33,,,False,
2026-05-12T12:08:23+00:00,43.511359160766006,16.36569787748158,126,2026-05-12T12:09:53.993848+00:00,827,1,0.942,1575.623,56.52,241.965,1,Start,Finish,245,43.5109103500155,16.363974050014804,148,250,222,28,,,False,
2026-05-12T12:08:24+00:00,43.51135927811265,16.365678817033768,127,2026-05-12T12:09:53.993848+00:00,827,1,1.537,1577.16,92.22,270.486,1,Start,Finish,245,43.5109103500155,16.363974050014804,146,250,231,19,,,False,
2026-05-12T12:08:25+00:00,43.511359395459294,16.365659756585956,127,2026-05-12T12:09:53.993848+00:00,827,1,1.537,1578.697,92.22,270.486,1,Start,Finish,245,43.5109103500155,16.363974050014804,145,250,239,11,,,False,
2026-05-12T12:08:26+00:00,43.51135951280594,16.365640696138144,128,2026-05-12T12:09:53.993848+00:00,827,1,1.537,1580.234,92.22,270.486,1,Start,Finish,245,43.5109103500155,16.363974050014804,143,250,244,6,,,False,
2026-05-12T12:08:27+00:00,43.51135963015258,16.36562163569033,128,2026-05-12T12:09:53.993848+00:00,827,1,1.537,1581.772,92.22,270.486,1,Start,Finish,245,43.5109103500155,16.363974050014804,142,249,255,6,,,False,
2026-05-12T12:08:28+00:00,43.51135974749923,16.36560257524252,129,2026-05-12T12:09:53.993848+00:00,827,1,1.537,1583.309,92.22,270.486,1,Start,Finish,245,43.5109103500155,16.363974050014804,141,249,261,12,,,False,
2026-05-12T12:08:29+00:00,43.511360459961,16.365581075660884,130,2026-05-12T12:09:53.993848+00:00,827,1,1.736,1585.044,104.16,272.616,1,Start,Finish,245,43.5109103500155,16.363974050014804,139,249,268,19,,,False,
2026-05-12T12:08:30+00:00,43.51136117242277,16.36555957607925,131,2026-05-12T12:09:53.993848+00:00,827,1,1.736,1586.78,104.16,272.616,1,Start,Finish,245,43.5109103500155,16.363974050014804,137,249,270,21,,,False,
2026-05-12T12:08:31+00:00,43.51136095688811,16.36553599898304,131,2026-05-12T12:09:53.993848+00:00,827,1,1.901,1588.681,114.06,269.278,1,Start,Finish,245,43.5109103500155,16.363974050014804,136,248,270,22,,,False,
2026-05-12T12:08:32+00:00,43.511360741353464,16.365512421886837,130,2026-05-12T12:09:53.993848+00:00,827,1,1.901,1590.583,114.06,269.278,1,Start,Finish,245,43.5109103500155,16.363974050014804,134,248,270,22,,,False,
2026-05-12T12:08:33+00:00,43.51136052581881,16.36548884479063,130,2026-05-12T12:09:53.993848+00:00,827,1,1.901,1592.484,114.06,269.278,1,Start,Finish,245,43.5109103500155,16.363974050014804,132,248,269,21,,,False,
2026-05-12T12:08:34+00:00,43.511360310284154,16.36546526769442,129,2026-05-12T12:09:53.993848+00:00,827,1,1.901,1594.386,114.06,269.278,1,Start,Finish,245,43.5109103500155,16.363974050014804,130,247,269,22,,,False,
2026-05-12T12:08:35+00:00,43.5113600947495,16.365441690598214,129,2026-05-12T12:09:53.993848+00:00,827,1,1.901,1596.287,114.06,269.278,1,Start,Finish,245,43.5109103500155,16.363974050014804,128,247,268,21,,,False,
2026-05-12T12:08:36+00:00,43.51135987921485,16.36541811350201,128,2026-05-12T12:09:53.993848+00:00,827,1,1.901,1598.189,114.06,269.278,1,Start,Finish,245,43.5109103500155,16.363974050014804,127,247,267,20,,,False,
2026-05-12T12:08:37+00:00,43.51135966368019,16.3653945364058,128,2026-05-12T12:09:53.993848+00:00,827,1,1.901,1600.09,114.06,269.278,1,Start,Finish,245,43.5109103500155,16.363974050014804,125,246,266,20,,,False,
2026-05-12T12:08:38+00:00,43.511357601732016,16.365371150895953,128,2026-05-12T12:09:53.993848+00:00,827,1,1.9,1601.99,114.0,263.068,1,Start,Finish,245,43.5109103500155,16.363974050014804,123,246,266,20,,,False,
2026-05-12T12:08:39+00:00,43.511355539783835,16.365347765386105,128,2026-05-12T12:09:53.993848+00:00,827,1,1.9,1603.89,114.0,263.068,1,Start,Finish,245,43.5109103500155,16.363974050014804,121,246,265,19,,,False,
2026-05-12T12:08:40+00:00,43.511353477835655,16.365324379876256,129,2026-05-12T12:09:53.993848+00:00,827,1,1.9,1605.79,114.0,263.068,1,Start,Finish,245,43.5109103500155,16.363974050014804,120,246,265,19,,,False,
2026-05-12T12:08:41+00:00,43.511351415887475,16.365300994366407,129,2026-05-12T12:09:53.993848+00:00,827,1,1.9,1607.689,114.0,263.068,1,Start,Finish,245,43.5109103500155,16.363974050014804,118,245,264,19,,,False,
2026-05-12T12:08:42+00:00,43.511349353939295,16.36527760885656,129,2026-05-12T12:09:53.993848+00:00,827,1,1.9,1609.589,114.0,263.068,1,Start,Finish,245,43.5109103500155,16.363974050014804,116,245,264,19,,,False,
2026-05-12T12:08:43+00:00,43.51134740514681,16.36525340611115,129,2026-05-12T12:09:53.993848+00:00,827,1,1.964,1611.553,117.84,263.665,1,Start,Finish,245,43.5109103500155,16.363974050014804,114,245,263,18,,,False,
2026-05-12T12:08:44+00:00,43.51134545635432,16.365229203365743,128,2026-05-12T12:09:53.993848+00:00,827,1,1.964,1613.517,117.84,263.665,1,Start,Finish,245,43.5109103500155,16.363974050014804,112,244,263,19,,,False,
2026-05-12T12:08:45+00:00,43.51134350756183,16.365205000620335,128,2026-05-12T12:09:53.993848+00:00,827,1,1.964,1615.48,117.84,263.665,1,Start,Finish,245,43.5109103500155,16.363974050014804,110,244,264,20,,,False,
2026-05-12T12:08:46+00:00,43.511341558769345,16.365180797874928,128,2026-05-12T12:09:53.993848+00:00,827,1,1.964,1617.444,117.84,263.665,1,Start,Finish,245,43.5109103500155,16.363974050014804,108,244,263,19,,,False,
2026-05-12T12:08:47+00:00,43.51133960997686,16.36515659512952,127,2026-05-12T12:09:53.993848+00:00,827,1,1.964,1619.408,117.84,263.665,1,Start,Finish,245,43.5109103500155,16.363974050014804,107,243,263,20,,,False,
2026-05-12T12:08:48+00:00,43.51133766118437,16.365132392384112,127,2026-05-12T12:09:53.993848+00:00,827,1,1.964,1621.372,117.84,263.665,1,Start,Finish,245,43.5109103500155,16.363974050014804,105,243,263,20,,,False,
2026-05-12T12:08:49+00:00,43.51133571239188,16.365108189638704,126,2026-05-12T12:09:53.993848+00:00,827,1,1.964,1623.335,117.84,263.665,1,Start,Finish,245,43.5109103500155,16.363974050014804,103,243,263,20,,,False,
2026-05-12T12:08:50+00:00,43.51133376359939,16.365083986893296,126,2026-05-12T12:09:53.993848+00:00,827,1,1.964,1625.299,117.84,263.665,1,Start,Finish,245,43.5109103500155,16.363974050014804,101,242,263,21,,,False,
2026-05-12T12:08:51+00:00,43.5113316681236,16.365062277764082,125,2026-05-12T12:09:53.993848+00:00,827,1,1.766,1627.065,105.96,262.419,1,Start,Finish,245,43.5109103500155,16.363974050014804,99,242,262,20,,,False,
2026-05-12T12:08:52+00:00,43.51132878102362,16.365037029609084,125,2026-05-12T12:09:53.993848+00:00,827,1,2.061,1629.127,123.66,261.04,1,Start,Finish,245,43.5109103500155,16.363974050014804,98,242,262,20,,,False,
2026-05-12T12:08:53+00:00,43.51132589392364,16.365011781454086,124,2026-05-12T12:09:53.993848+00:00,827,1,2.061,1631.188,123.66,261.04,1,Start,Finish,245,43.5109103500155,16.363974050014804,96,241,262,21,,,False,
2026-05-12T12:08:54+00:00,43.51132300682366,16.36498653329909,124,2026-05-12T12:09:53.993848+00:00,827,1,2.061,1633.249,123.66,261.04,1,Start,Finish,245,43.5109103500155,16.363974050014804,94,241,262,21,,,False,
2026-05-12T12:08:55+00:00,43.51132011972368,16.36496128514409,123,2026-05-12T12:09:53.993848+00:00,827,1,2.061,1635.31,123.66,261.04,1,Start,Finish,245,43.5109103500155,16.363974050014804,92,240,261,21,,,False,
2026-05-12T12:08:56+00:00,43.511317232623696,16.364936036989093,123,2026-05-12T12:09:53.993848+00:00,827,1,2.061,1637.371,123.66,261.04,1,Start,Finish,245,43.5109103500155,16.363974050014804,90,240,261,21,,,False,
2026-05-12T12:08:57+00:00,43.511314345523715,16.364910788834095,122,2026-05-12T12:09:53.993848+00:00,827,1,2.061,1639.433,123.66,261.04,1,Start,Finish,245,43.5109103500155,16.363974050014804,88,239,261,22,,,False,
2026-05-12T12:08:58+00:00,43.511311458423734,16.364885540679097,122,2026-05-12T12:09:53.993848+00:00,827,1,2.061,1641.494,123.66,261.04,1,Start,Finish,245,43.5109103500155,16.363974050014804,86,239,261,22,,,False,
2026-05-12T12:08:59+00:00,43.51130857132375,16.3648602925241,121,2026-05-12T12:09:53.993848+00:00,827,1,2.061,1643.555,123.66,261.04,1,Start,Finish,245,43.5109103500155,16.363974050014804,84,238,261,23,,,False,
2026-05-12T12:09:00+00:00,43.51130568422377,16.3648350443691,121,2026-05-12T12:09:53.993848+00:00,827,1,2.061,1645.616,123.66,261.04,1,Start,Finish,245,43.5109103500155,16.363974050014804,82,238,261,23,,,False,
2026-05-12T12:09:01+00:00,43.51130308583379,16.364812580868602,117,2026-05-12T12:09:53.993848+00:00,827,1,1.834,1647.451,110.04,260.938,1,Start,Finish,245,43.5109103500155,16.363974050014804,80,237,261,24,,,False,
2026-05-12T12:09:02+00:00,43.51130065508187,16.36478944681585,113,2026-05-12T12:09:53.993848+00:00,827,1,1.885,1649.336,113.1,261.756,1,Start,Finish,245,43.5109103500155,16.363974050014804,79,237,261,24,,,False,
2026-05-12T12:09:03+00:00,43.511297763325274,16.364766522310674,114,2026-05-12T12:09:53.993848+00:00,827,1,1.876,1651.212,112.56,260.133,1,Start,Finish,245,43.5109103500155,16.363974050014804,77,236,261,25,,,False,
2026-05-12T12:09:04+00:00,43.51129487156868,16.3647435978055,114,2026-05-12T12:09:53.993848+00:00,827,1,1.876,1653.089,112.56,260.133,1,Start,Finish,245,43.5109103500155,16.363974050014804,75,235,260,25,,,False,
2026-05-12T12:09:05+00:00,43.511291979812086,16.364720673300326,114,2026-05-12T12:09:53.993848+00:00,827,1,1.876,1654.965,112.56,260.133,1,Start,Finish,245,43.5109103500155,16.363974050014804,74,235,260,25,,,False,
2026-05-12T12:09:06+00:00,43.51128908805549,16.36469774879515,115,2026-05-12T12:09:53.993848+00:00,827,1,1.876,1656.842,112.56,260.133,1,Start,Finish,245,43.5109103500155,16.363974050014804,72,234,259,25,,,False,
2026-05-12T12:09:07+00:00,43.5112861962989,16.364674824289978,116,2026-05-12T12:09:53.993848+00:00,827,1,1.876,1658.718,112.56,260.133,1,Start,Finish,245,43.5109103500155,16.363974050014804,70,234,259,25,,,False,
2026-05-12T12:09:08+00:00,43.5112833045423,16.364651899784803,116,2026-05-12T12:09:53.993848+00:00,827,1,1.876,1660.595,112.56,260.133,1,Start,Finish,245,43.5109103500155,16.363974050014804,69,233,258,25,,,False,
2026-05-12T12:09:09+00:00,43.511279080063105,16.364628178998828,116,2026-05-12T12:09:53.993848+00:00,827,1,1.97,1662.564,118.2,256.203,1,Start,Finish,245,43.5109103500155,16.363974050014804,67,232,258,26,,,False,
2026-05-12T12:09:10+00:00,43.511274855583906,16.364604458212852,115,2026-05-12T12:09:53.993848+00:00,827,1,1.97,1664.534,118.2,256.203,1,Start,Finish,245,43.5109103500155,16.363974050014804,65,231,257,26,,,False,
2026-05-12T12:09:11+00:00,43.51127063110471,16.364580737426877,115,2026-05-12T12:09:53.993848+00:00,827,1,1.97,1666.504,118.2,256.203,1,Start,Finish,245,43.5109103500155,16.363974050014804,63,231,256,25,,,False,
2026-05-12T12:09:12+00:00,43.51126640662551,16.3645570166409,114,2026-05-12T12:09:53.993848+00:00,827,1,1.97,1668.474,118.2,256.203,1,Start,Finish,245,43.5109103500155,16.363974050014804,61,230,256,26,,,False,
2026-05-12T12:09:13+00:00,43.51126218214631,16.364533295854926,114,2026-05-12T12:09:53.993848+00:00,827,1,1.97,1670.443,118.2,256.203,1,Start,Finish,245,43.5109103500155,16.363974050014804,60,229,255,26,,,False,
2026-05-12T12:09:14+00:00,43.511255448684096,16.364505495876074,115,2026-05-12T12:09:53.993848+00:00,827,1,2.364,1672.807,141.84,251.532,1,Start,Finish,245,43.5109103500155,16.363974050014804,58,228,254,26,,,False,
2026-05-12T12:09:15+00:00,43.51124871522188,16.36447769589722,116,2026-05-12T12:09:53.993848+00:00,827,1,2.364,1675.171,141.84,251.532,1,Start,Finish,245,43.5109103500155,16.363974050014804,55,227,253,26,,,False,
2026-05-12T12:09:16+00:00,43.51124198175967,16.36444989591837,117,2026-05-12T12:09:53.993848+00:00,827,1,2.364,1677.534,141.84,251.532,1,Start,Finish,245,43.5109103500155,16.363974050014804,53,226,253,27,,,False,
2026-05-12T12:09:17+00:00,43.51123682688922,16.364428270608187,116,2026-05-12T12:09:53.993848+00:00,827,1,1.836,1679.37,110.16,251.805,1,Start,Finish,245,43.5109103500155,16.363974050014804,52,225,253,28,,,False,
2026-05-12T12:09:18+00:00,43.511231672018766,16.364406645298004,114,2026-05-12T12:09:53.993848+00:00,827,1,1.836,1681.206,110.16,251.805,1,Start,Finish,245,43.5109103500155,16.363974050014804,50,224,252,28,,,False,
2026-05-12T12:09:19+00:00,43.51122651714832,16.36438501998782,113,2026-05-12T12:09:53.993848+00:00,827,1,1.836,1683.041,110.16,251.805,1,Start,Finish,245,43.5109103500155,16.363974050014804,48,223,253,30,,,False,
2026-05-12T12:09:20+00:00,43.511221362277865,16.36436339467764,112,2026-05-12T12:09:53.993848+00:00,827,1,1.836,1684.877,110.16,251.805,1,Start,Finish,245,43.5109103500155,16.363974050014804,47,222,253,31,,,False,
2026-05-12T12:09:21+00:00,43.511217003688216,16.364342900924385,113,2026-05-12T12:09:53.993848+00:00,827,1,1.722,1686.599,103.32,253.656,1,Start,Finish,245,43.5109103500155,16.363974050014804,45,221,253,32,,,False,
2026-05-12T12:09:22+00:00,43.51121264509857,16.36432240717113,114,2026-05-12T12:09:53.993848+00:00,827,1,1.722,1688.322,103.32,253.656,1,Start,Finish,245,43.5109103500155,16.363974050014804,44,220,253,33,,,False,
2026-05-12T12:09:23+00:00,43.51120790094137,16.364299742504954,113,2026-05-12T12:09:53.993848+00:00,827,1,1.902,1690.224,114.12,253.901,1,Start,Finish,245,43.5109103500155,16.363974050014804,42,218,253,35,,,False,
2026-05-12T12:09:24+00:00,43.51120315678418,16.36427707783878,112,2026-05-12T12:09:53.993848+00:00,827,1,1.902,1692.126,114.12,253.901,1,Start,Finish,245,43.5109103500155,16.363974050014804,41,217,254,37,,,False,
2026-05-12T12:09:25+00:00,43.51119841262698,16.364254413172603,112,2026-05-12T12:09:53.993848+00:00,827,1,1.902,1694.029,114.12,253.901,1,Start,Finish,245,43.5109103500155,16.363974050014804,39,215,254,39,,,False,
2026-05-12T12:09:26+00:00,43.51119366846979,16.364231748506427,111,2026-05-12T12:09:53.993848+00:00,827,1,1.902,1695.931,114.12,253.901,1,Start,Finish,245,43.5109103500155,16.363974050014804,38,213,255,42,,,False,
2026-05-12T12:09:27+00:00,43.51118892431259,16.36420908384025,110,2026-05-12T12:09:53.993848+00:00,827,1,1.902,1697.833,114.12,253.901,1,Start,Finish,245,43.5109103500155,16.363974050014804,36,211,255,44,,,False,
2026-05-12T12:09:28+00:00,43.51118486747146,16.3641864862293,109,2026-05-12T12:09:53.993848+00:00,827,1,1.877,1699.711,112.62,256.097,1,Start,Finish,245,43.5109103500155,16.363974050014804,35,209,256,47,,,False,
2026-05-12T12:09:29+00:00,43.51118081063032,16.36416388861835,109,2026-05-12T12:09:53.993848+00:00,827,1,1.877,1701.588,112.62,256.097,1,Start,Finish,245,43.5109103500155,16.363974050014804,34,207,256,49,,,False,
2026-05-12T12:09:30+00:00,43.51117675378919,16.3641412910074,108,2026-05-12T12:09:53.993848+00:00,827,1,1.877,1703.465,112.62,256.097,1,Start,Finish,245,43.5109103500155,16.363974050014804,33,204,257,53,,,False,
2026-05-12T12:09:31+00:00,43.51117269694805,16.36411869339645,108,2026-05-12T12:09:53.993848+00:00,827,1,1.877,1705.343,112.62,256.097,1,Start,Finish,245,43.5109103500155,16.363974050014804,31,202,256,54,,,False,
2026-05-12T12:09:32+00:00,43.51116864010691,16.3640960957855,107,2026-05-12T12:09:53.993848+00:00,827,1,1.877,1707.22,112.62,256.097,1,Start,Finish,245,43.5109103500155,16.363974050014804,30,199,256,57,,,False,
2026-05-12T12:09:33+00:00,43.51116626523435,16.36407452635467,108,2026-05-12T12:09:53.993848+00:00,827,1,1.759,1708.979,105.54,261.367,1,Start,Finish,245,43.5109103500155,16.363974050014804,30,196,255,59,,,False,
2026-05-12T12:09:34+00:00,43.511163890361786,16.364052956923842,109,2026-05-12T12:09:53.993848+00:00,827,1,1.759,1710.739,105.54,261.367,1,Start,Finish,245,43.5109103500155,16.363974050014804,29,193,255,62,,,False,
2026-05-12T12:09:35+00:00,43.51116151548922,16.364031387493014,110,2026-05-12T12:09:53.993848+00:00,827,1,1.759,1712.498,105.54,261.367,1,Start,Finish,245,43.5109103500155,16.363974050014804,28,189,254,65,,,False,
2026-05-12T12:09:36+00:00,43.511155262589455,16.364009795710444,110,2026-05-12T12:09:53.993848+00:00,827,1,1.875,1714.373,112.5,248.233,1,Start,Finish,245,43.5109103500155,16.363974050014804,27,186,249,63,,,False,
2026-05-12T12:09:37+00:00,43.51114900968969,16.363988203927875,110,2026-05-12T12:09:53.993848+00:00,827,1,1.875,1716.248,112.5,248.233,1,Start,Finish,245,43.5109103500155,16.363974050014804,27,182,238,56,,,False,
2026-05-12T12:09:38+00:00,43.51114275678992,16.363966612145305,111,2026-05-12T12:09:53.993848+00:00,827,1,1.875,1718.123,112.5,248.233,1,Start,Finish,245,43.5109103500155,16.363974050014804,26,179,231,52,,,False,
2026-05-12T12:09:39+00:00,43.51113650389016,16.363945020362735,111,2026-05-12T12:09:53.993848+00:00,827,1,1.875,1719.998,112.5,248.233,1,Start,Finish,245,43.5109103500155,16.363974050014804,25,175,228,53,,,False,
2026-05-12T12:09:40+00:00,43.51113025099039,16.363923428580165,111,2026-05-12T12:09:53.993848+00:00,827,1,1.875,1721.873,112.5,248.233,1,Start,Finish,245,43.5109103500155,16.363974050014804,25,171,219,48,,,False,
2026-05-12T12:09:41+00:00,43.511117957532406,16.36392116546631,112,2026-05-12T12:09:53.993848+00:00,827,1,1.379,1723.252,82.74,187.605,1,Start,Finish,245,43.5109103500155,16.363974050014804,23,170,209,39,,,False,
2026-05-12T12:09:42+00:00,43.51110566407442,16.363918902352452,112,2026-05-12T12:09:53.993848+00:00,827,1,1.379,1724.631,82.74,187.605,1,Start,Finish,245,43.5109103500155,16.363974050014804,22,168,199,31,,,False,
2026-05-12T12:09:43+00:00,43.51109337061643,16.363916639238596,113,2026-05-12T12:09:53.993848+00:00,827,1,1.379,1726.01,82.74,187.605,1,Start,Finish,245,43.5109103500155,16.363974050014804,21,167,199,32,,,False,
2026-05-12T12:09:44+00:00,43.51107467897236,16.363920578733087,115,2026-05-12T12:09:53.993848+00:00,827,1,2.103,1728.112,126.18,171.309,1,Start,Finish,245,43.5109103500155,16.363974050014804,19,167,191,24,,,False,
2026-05-12T12:09:45+00:00,43.51105598732829,16.363924518227577,117,2026-05-12T12:09:53.993848+00:00,827,1,2.103,1730.215,126.18,171.309,1,Start,Finish,245,43.5109103500155,16.363974050014804,17,166,177,11,,,False,
2026-05-12T12:09:46+00:00,43.511038636788726,16.363936881534755,119,2026-05-12T12:09:53.993848+00:00,827,1,2.172,1732.387,130.32,152.671,1,Start,Finish,245,43.5109103500155,16.363974050014804,15,168,170,2,,,False,
2026-05-12T12:09:47+00:00,43.51102128624916,16.363949244841933,121,2026-05-12T12:09:53.993848+00:00,827,1,2.172,1734.558,130.32,152.671,1,Start,Finish,245,43.5109103500155,16.363974050014804,12,171,169,2,,,False,
2026-05-12T12:09:48+00:00,43.511003139428794,16.363957542926073,122,2026-05-12T12:09:53.993848+00:00,827,1,2.126,1736.684,127.56,161.653,1,Start,Finish,245,43.5109103500155,16.363974050014804,10,173,165,8,,,False,
2026-05-12T12:09:49+00:00,43.51098499260843,16.363965841010213,124,2026-05-12T12:09:53.993848+00:00,827,1,2.126,1738.81,127.56,161.653,1,Start,Finish,245,43.5109103500155,16.363974050014804,8,175,167,8,,,False,
2026-05-12T12:09:50+00:00,43.510968836490065,16.36397001100704,123,2026-05-12T12:09:53.993848+00:00,827,1,1.828,1740.638,109.68,169.398,1,Start,Finish,245,43.5109103500155,16.363974050014804,7,177,168,9,,,False,
2026-05-12T12:09:51+00:00,43.5109526803717,16.36397418100387,122,2026-05-12T12:09:53.993848+00:00,827,1,1.828,1742.466,109.68,169.398,1,Start,Finish,245,43.5109103500155,16.363974050014804,5,180,167,13,,,False,
2026-05-12T12:09:52+00:00,43.51093652425334,16.363978351000696,121,2026-05-12T12:09:53.993848+00:00,827,1,1.828,1744.293,109.68,169.398,1,Start,Finish,245,43.5109103500155,16.363974050014804,3,187,165,22,,,False,
2026-05-12T12:09:53+00:00,43.510920368134975,16.363982520997524,120,2026-05-12T12:09:53.993848+00:00,827,1,1.828,1746.121,109.68,169.398,1,Start,Finish,245,43.5109103500155,16.363974050014804,1,212,164,48,,,False,
2026-05-12T12:09:54+00:00,43.51090804673731,16.363982940092683,114,2026-05-12T12:09:53.993848+00:00,827,1,1.37,1747.491,82.2,178.587,1,Start,Finish,245,43.5109103500155,16.363974050014804,1,290,163,127,,,False,
2026-05-12T12:09:55+00:00,43.51089773699641,16.363982898183167,112,2026-05-12T12:09:53.993848+00:00,827,1,1.146,1748.638,68.76,180.169,1,Start,Finish,245,43.5109103500155,16.363974050014804,2,333,163,170,,,False,
2026-05-12T12:09:56+00:00,43.51088742725551,16.36398285627365,109,2026-05-12T12:09:53.993848+00:00,827,1,1.146,1749.784,68.76,180.169,1,Start,Finish,245,43.5109103500155,16.363974050014804,3,344,161,177,,,False,
2026-05-12T12:09:57+00:00,43.51088164374232,16.363984909839928,108,2026-05-12T12:09:53.993848+00:00,827,1,0.664,1750.448,39.84,165.559,1,Start,Finish,245,43.5109103500155,16.363974050014804,3,345,159,174,,,False,
2026-05-12T12:09:58+00:00,43.510875860229135,16.363986963406205,106,2026-05-12T12:09:53.993848+00:00,827,1,0.664,1751.112,39.84,165.559,1,Start,Finish,245,43.5109103500155,16.363974050014804,4,345,158,173,,,False,
2026-05-12T12:09:59+00:00,43.51086990907788,16.36399115435779,107,2026-05-12T12:09:53.993848+00:00,827,1,0.743,1751.855,44.58,152.945,1,Start,Finish,245,43.5109103500155,16.363974050014804,5,343,158,175,,,False,
2026-05-12T12:10:00+00:00,43.51086395792663,16.363995345309377,109,2026-05-12T12:09:53.993848+00:00,827,1,0.743,1752.598,44.58,152.945,1,Start,Finish,245,43.5109103500155,16.363974050014804,5,342,158,176,,,False,
2026-05-12T12:10:01+00:00,43.51085800677538,16.363999536260962,110,2026-05-12T12:09:53.993848+00:00,827,1,0.743,1753.342,44.58,152.945,1,Start,Finish,245,43.5109103500155,16.363974050014804,6,341,155,174,,,False,
2026-05-12T12:10:02+00:00,43.510849960148335,16.364002721384168,113,2026-05-12T12:09:53.993848+00:00,827,1,0.931,1754.272,55.86,163.983,1,Start,Finish,245,43.5109103500155,16.363974050014804,7,341,155,174,,,False,
2026-05-12T12:10:03+00:00,43.51084080291912,16.364016237203032,112,2026-05-12T12:09:53.993848+00:00,827,1,1.492,1755.764,89.52,133.051,1,Start,Finish,245,43.5109103500155,16.363974050014804,8,336,151,175,,,False,
2026-05-12T12:10:04+00:00,43.510831645689905,16.364029753021896,110,2026-05-12T12:09:53.993848+00:00,827,1,1.492,1757.256,89.52,133.051,1,Start,Finish,245,43.5109103500155,16.363974050014804,10,333,149,176,,,False,
2026-05-12T12:10:05+00:00,43.51082248846069,16.36404326884076,109,2026-05-12T12:09:53.993848+00:00,827,1,1.492,1758.747,89.52,133.051,1,Start,Finish,245,43.5109103500155,16.363974050014804,11,330,141,171,,,False,
2026-05-12T12:10:06+00:00,43.510813331231475,16.364056784659624,108,2026-05-12T12:09:53.993848+00:00,827,1,1.492,1760.239,89.52,133.051,1,Start,Finish,245,43.5109103500155,16.363974050014804,13,328,138,170,,,False,
2026-05-12T12:10:07+00:00,43.51080578751862,16.364085199311376,104,2026-05-12T12:09:53.993848+00:00,827,1,2.44,1762.679,146.4,110.106,1,Start,Finish,245,43.5109103500155,16.363974050014804,15,322,125,163,,,False,
2026-05-12T12:10:08+00:00,43.51080172229558,16.364119020290673,104,2026-05-12T12:09:53.993848+00:00,827,1,2.765,1765.444,165.9,99.41,1,Start,Finish,245,43.5109103500155,16.363974050014804,17,316,107,151,,,False,
2026-05-12T12:10:09+00:00,43.510797657072544,16.36415284126997,104,2026-05-12T12:09:53.993848+00:00,827,1,2.765,1768.208,165.9,99.41,1,Start,Finish,245,43.5109103500155,16.363974050014804,19,311,94,143,,,False,
2026-05-12T12:10:10+00:00,43.51079748943448,16.364185656420887,106,2026-05-12T12:09:53.993848+00:00,827,1,2.646,1770.855,158.76,90.404,1,Start,Finish,245,43.5109103500155,16.363974050014804,21,306,77,131,,,False,
2026-05-12T12:10:11+00:00,43.51079732179642,16.364218471571803,109,2026-05-12T12:09:53.993848+00:00,827,1,2.646,1773.501,158.76,90.404,1,Start,Finish,245,43.5109103500155,16.363974050014804,23,303,64,121,,,False,
2026-05-12T12:10:12+00:00,43.51081025786698,16.364234145730734,109,2026-05-12T12:09:53.993848+00:00,827,1,1.915,1775.416,114.9,41.307,1,Start,Finish,245,43.5109103500155,16.363974050014804,24,298,56,118,,,False,
2026-05-12T12:10:13+00:00,43.51082319393754,16.364249819889665,109,2026-05-12T12:09:53.993848+00:00,827,1,1.915,1777.331,114.9,41.307,1,Start,Finish,245,43.5109103500155,16.363974050014804,24,294,42,108,,,False,
2026-05-12T12:10:14+00:00,43.5108361300081,16.364265494048595,109,2026-05-12T12:09:53.993848+00:00,827,1,1.915,1779.246,114.9,41.307,1,Start,Finish,245,43.5109103500155,16.363974050014804,25,289,26,97,,,False,
2026-05-12T12:10:15+00:00,43.51086102426052,16.364268762990832,109,2026-05-12T12:09:53.993848+00:00,827,1,2.781,1782.026,166.86,5.44,1,Start,Finish,245,43.5109103500155,16.363974050014804,24,283,12,89,,,False,
2026-05-12T12:10:16+00:00,43.51088616997003,16.36426088400185,109,2026-05-12T12:09:53.993848+00:00,827,1,2.867,1784.894,172.02,347.197,1,Start,Finish,245,43.5109103500155,16.363974050014804,23,277,350,73,,,False,
2026-05-12T12:10:17+00:00,43.510903380811214,16.36424833908677,110,2026-05-12T12:09:53.993848+00:00,827,1,2.165,1787.058,129.9,332.138,1,Start,Finish,245,43.5109103500155,16.363974050014804,22,272,339,67,,,False,
2026-05-12T12:10:18+00:00,43.51092059165239,16.36423579417169,111,2026-05-12T12:09:53.993848+00:00,827,1,2.165,1789.223,129.9,332.138,1,Start,Finish,245,43.5109103500155,16.363974050014804,21,267,328,61,,,False,
2026-05-12T12:10:19+00:00,43.51093780249357,16.36422324925661,112,2026-05-12T12:09:53.993848+00:00,827,1,2.165,1791.388,129.9,332.138,1,Start,Finish,245,43.5109103500155,16.363974050014804,20,261,317,56,,,False,
2026-05-12T12:10:20+00:00,43.51094441222293,16.364205252113088,112,2026-05-12T12:09:53.993848+00:00,827,1,1.627,1793.015,97.62,296.858,1,Start,Finish,245,43.5109103500155,16.363974050014804,19,259,311,52,,,False,
2026-05-12T12:10:21+00:00,43.51095102195229,16.36418725496956,112,2026-05-12T12:09:53.993848+00:00,827,1,1.627,1794.641,97.62,296.858,1,Start,Finish,245,43.5109103500155,16.363974050014804,18,255,309,54,,,False,
2026-05-12T12:10:22+00:00,43.51095763168165,16.36416925782604,112,2026-05-12T12:09:53.993848+00:00,827,1,1.627,1796.268,97.62,296.858,1,Start,Finish,245,43.5109103500155,16.363974050014804,17,252,304,52,,,False,
2026-05-12T12:10:23+00:00,43.510964241411,16.364151260682515,112,2026-05-12T12:09:53.993848+00:00,827,1,1.627,1797.895,97.62,296.858,1,Start,Finish,245,43.5109103500155,16.363974050014804,15,247,298,51,,,False,
2026-05-12T12:10:24+00:00,43.51097085114037,16.364133263538992,112,2026-05-12T12:09:53.993848+00:00,827,1,1.627,1799.522,97.62,296.858,1,Start,Finish,245,43.5109103500155,16.363974050014804,14,242,291,49,,,False,
2026-05-12T12:10:25+00:00,43.51097746086972,16.364115266395466,112,2026-05-12T12:09:53.993848+00:00,827,1,1.627,1801.149,97.62,296.858,1,Start,Finish,245,43.5109103500155,16.363974050014804,14,237,287,50,,,False,
2026-05-12T12:10:26+00:00,43.51098407059908,16.364097269251943,112,2026-05-12T12:09:53.993848+00:00,827,1,1.627,1802.776,97.62,296.858,1,Start,Finish,245,43.5109103500155,16.363974050014804,13,230,278,48,,,False,
2026-05-12T12:10:27+00:00,43.51098771672696,16.364079206250608,110,2026-05-12T12:09:53.993848+00:00,827,1,1.512,1804.288,90.72,285.553,1,Start,Finish,245,43.5109103500155,16.363974050014804,12,225,273,48,,,False,
2026-05-12T12:10:28+00:00,43.51099136285484,16.364061143249273,108,2026-05-12T12:09:53.993848+00:00,827,1,1.512,1805.8,90.72,285.553,1,Start,Finish,245,43.5109103500155,16.363974050014804,11,218,262,44,,,False,
2026-05-12T12:10:29+00:00,43.51099121617153,16.36404662160203,107,2026-05-12T12:09:53.993848+00:00,827,1,1.171,1806.971,70.26,269.202,1,Start,Finish,245,43.5109103500155,16.363974050014804,11,213,255,42,,,False,
2026-05-12T12:10:30+00:00,43.51099106948823,16.364032099954784,106,2026-05-12T12:09:53.993848+00:00,827,1,1.171,1808.142,70.26,269.202,1,Start,Finish,245,43.5109103500155,16.363974050014804,10,208,251,43,,,False,
2026-05-12T12:10:31+00:00,43.51099092280492,16.36401757830754,104,2026-05-12T12:09:53.993848+00:00,827,1,1.171,1809.313,70.26,269.202,1,Start,Finish,245,43.5109103500155,16.363974050014804,10,201,247,46,,,False,
2026-05-12T12:10:32+00:00,43.510990776121616,16.364003056660295,103,2026-05-12T12:09:53.993848+00:00,827,1,1.171,1810.484,70.26,269.202,1,Start,Finish,245,43.5109103500155,16.363974050014804,9,195,236,41,,,False,
2026-05-12T12:10:33+00:00,43.510987646877766,16.363996071740985,103,2026-05-12T12:09:53.993848+00:00,827,1,0.662,1811.147,39.72,238.295,1,Start,Finish,245,43.5109103500155,16.363974050014804,9,192,236,44,,,False,
2026-05-12T12:10:34+00:00,43.510984517633915,16.363989086821675,104,2026-05-12T12:09:53.993848+00:00,827,1,0.662,1811.809,39.72,238.295,1,Start,Finish,245,43.5109103500155,16.363974050014804,8,188,225,37,,,False,
2026-05-12T12:10:35+00:00,43.510981388390064,16.363982101902366,104,2026-05-12T12:09:53.993848+00:00,827,1,0.662,1812.471,39.72,238.295,1,Start,Finish,245,43.5109103500155,16.363974050014804,8,185,225,40,,,False,
2026-05-12T12:10:36+00:00,43.5109733697027,16.363985538482666,105,2026-05-12T12:09:53.993848+00:00,827,1,0.934,1813.404,56.04,162.734,1,Start,Finish,245,43.5109103500155,16.363974050014804,7,188,217,29,,,False,
2026-05-12T12:10:37+00:00,43.51096535101533,16.363988975062966,105,2026-05-12T12:09:53.993848+00:00,827,1,0.934,1814.338,56.04,162.734,1,Start,Finish,245,43.5109103500155,16.363974050014804,6,191,204,13,,,False,
2026-05-12T12:10:38+00:00,43.51095733232796,16.363992411643267,106,2026-05-12T12:09:53.993848+00:00,827,1,0.934,1815.272,56.04,162.734,1,Start,Finish,245,43.5109103500155,16.363974050014804,5,196,204,8,,,False,
2026-05-12T12:10:39+00:00,43.510949509218335,16.36400847695768,106,2026-05-12T12:09:53.993848+00:00,827,1,1.561,1816.832,93.66,123.879,1,Start,Finish,245,43.5109103500155,16.363974050014804,5,213,186,27,,,False,
2026-05-12T12:10:40+00:00,43.51094168610871,16.36402454227209,107,2026-05-12T12:09:53.993848+00:00,827,1,1.561,1818.393,93.66,123.879,1,Start,Finish,245,43.5109103500155,16.363974050014804,5,229,152,77,,,False,
2026-05-12T12:10:41+00:00,43.51093386299908,16.364040607586503,107,2026-05-12T12:09:53.993848+00:00,827,1,1.561,1819.953,93.66,123.879,1,Start,Finish,245,43.5109103500155,16.363974050014804,6,244,136,108,,,False,
2026-05-12T12:10:42+00:00,43.51093620993197,16.36406189762056,106,2026-05-12T12:09:53.993848+00:00,827,1,1.737,1821.69,104.22,81.357,1,Start,Finish,245,43.5109103500155,16.363974050014804,8,248,119,129,,,False,
2026-05-12T12:10:43+00:00,43.51094534620643,16.364081762731075,104,2026-05-12T12:09:53.993848+00:00,827,1,1.897,1823.587,113.82,57.619,1,Start,Finish,245,43.5109103500155,16.363974050014804,10,246,103,143,,,False,
2026-05-12T12:10:44+00:00,43.51095448248088,16.364101627841592,103,2026-05-12T12:09:53.993848+00:00,827,1,1.897,1825.484,113.82,57.619,1,Start,Finish,245,43.5109103500155,16.363974050014804,11,244,93,151,,,False,
2026-05-12T12:10:45+00:00,43.510956997051835,16.36412249878049,102,2026-05-12T12:09:53.993848+00:00,827,1,1.706,1827.19,102.36,80.568,1,Start,Finish,245,43.5109103500155,16.363974050014804,13,247,90,157,,,False,
2026-05-12T12:10:46+00:00,43.51095951162279,16.364143369719386,102,2026-05-12T12:09:53.993848+00:00,827,1,1.706,1828.896,102.36,80.568,1,Start,Finish,245,43.5109103500155,16.363974050014804,15,248,88,160,,,False,
2026-05-12T12:10:47+00:00,43.51095775142312,16.36416700668633,104,2026-05-12T12:09:53.993848+00:00,827,1,1.916,1830.812,114.96,95.863,1,Start,Finish,245,43.5109103500155,16.363974050014804,16,251,89,162,,,False,
2026-05-12T12:10:48+00:00,43.510955991223454,16.364190643653274,105,2026-05-12T12:09:53.993848+00:00,827,1,1.916,1832.729,114.96,95.863,1,Start,Finish,245,43.5109103500155,16.363974050014804,18,254,96,158,,,False,
2026-05-12T12:10:49+00:00,43.51095104590058,16.364218429662287,104,2026-05-12T12:09:53.993848+00:00,827,1,2.307,1835.036,138.42,103.788,1,Start,Finish,245,43.5109103500155,16.363974050014804,20,257,110,147,,,False,
2026-05-12T12:10:50+00:00,43.51094610057771,16.3642462156713,102,2026-05-12T12:09:53.993848+00:00,827,1,2.307,1837.343,138.42,103.788,1,Start,Finish,245,43.5109103500155,16.363974050014804,22,260,129,131,,,False,
2026-05-12T12:10:51+00:00,43.51093499455601,16.364263566210866,102,2026-05-12T12:09:53.993848+00:00,827,1,1.866,1839.209,111.96,131.431,1,Start,Finish,245,43.5109103500155,16.363974050014804,24,263,176,87,,,False,
2026-05-12T12:10:52+00:00,43.51092388853431,16.36428091675043,102,2026-05-12T12:09:53.993848+00:00,827,1,1.866,1841.076,111.96,131.431,1,Start,Finish,245,43.5109103500155,16.363974050014804,25,267,276,9,,,False,
2026-05-12T12:10:53+00:00,43.5109219327569,16.364270579069853,102,2026-05-12T12:09:53.993848+00:00,827,1,0.862,1841.937,51.72,255.379,1,Start,Finish,245,43.5109103500155,16.363974050014804,24,267,276,9,,,False,
2026-05-12T12:10:54+00:00,43.510919976979494,16.364260241389275,102,2026-05-12T12:09:53.993848+00:00,827,1,0.862,1842.799,51.72,255.379,1,Start,Finish,245,43.5109103500155,16.363974050014804,23,267,276,9,,,False,
2026-05-12T12:10:55+00:00,43.51091802120209,16.364249903708696,102,2026-05-12T12:09:53.993848+00:00,827,1,0.862,1843.66,51.72,255.379,1,Start,Finish,245,43.5109103500155,16.363974050014804,22,268,276,8,,,False,
2026-05-12T12:10:56+00:00,43.51092564873397,16.364232217893004,102,2026-05-12T12:09:53.993848+00:00,827,1,1.659,1845.32,99.54,300.739,1,Start,Finish,245,43.5109103500155,16.363974050014804,21,265,278,13,,,False,
2026-05-12T12:10:57+00:00,43.510933412471786,16.36421811534092,102,2026-05-12T12:09:53.993848+00:00,827,1,1.428,1846.747,85.68,307.202,1,Start,Finish,245,43.5109103500155,16.363974050014804,20,263,278,15,,,False,
2026-05-12T12:10:58+00:00,43.5109411762096,16.364204012788832,102,2026-05-12T12:09:53.993848+00:00,827,1,1.428,1848.175,85.68,307.202,1,Start,Finish,245,43.5109103500155,16.363974050014804,19,260,279,19,,,False,
2026-05-12T12:10:59+00:00,43.51094893994741,16.364189910236746,102,2026-05-12T12:09:53.993848+00:00,827,1,1.428,1849.603,85.68,307.202,1,Start,Finish,245,43.5109103500155,16.363974050014804,18,256,284,28,,,False,
2026-05-12T12:11:00+00:00,43.510956703685224,16.36417580768466,102,2026-05-12T12:09:53.993848+00:00,827,1,1.428,1851.031,85.68,307.202,1,Start,Finish,245,43.5109103500155,16.363974050014804,17,252,284,32,,,False,
