timestamp_utc,latitude,longitude,heart_rate,finish_time_utc,elapsed_race_time_s,finished_flag,seg_dist_m,dist_from_start_m,SOG_raw_mpm,COG_raw_deg
2026-05-12T13:33:56+00:00,43.519443925470114,16.373073225840926,126,2026-05-12T13:46:02.121820+00:00,726,1,0.0,0.0,0.0,0.0
2026-05-12T13:33:57+00:00,43.519430262967944,16.373051460832357,126,2026-05-12T13:46:02.121820+00:00,726,1,2.321,2.321,139.26,229.118
2026-05-12T13:33:58+00:00,43.519416600465775,16.37302969582379,127,2026-05-12T13:46:02.121820+00:00,726,1,2.321,4.642,139.26,229.118
2026-05-12T13:33:59+00:00,43.519403122365475,16.37300892546773,126,2026-05-12T13:46:02.121820+00:00,726,1,2.247,6.89,134.82,228.175
2026-05-12T13:34:00+00:00,43.519389644265175,16.37298815511167,126,2026-05-12T13:46:02.121820+00:00,726,1,2.247,9.137,134.82,228.175
2026-05-12T13:34:01+00:00,43.519376166164875,16.37296738475561,125,2026-05-12T13:46:02.121820+00:00,726,1,2.247,11.385,134.82,228.175
2026-05-12T13:34:02+00:00,43.519362688064575,16.372946614399552,125,2026-05-12T13:46:02.121820+00:00,726,1,2.247,13.632,134.82,228.175
2026-05-12T13:34:03+00:00,43.519349209964275,16.372925844043493,124,2026-05-12T13:46:02.121820+00:00,726,1,2.247,15.879,134.82,228.175
2026-05-12T13:34:04+00:00,43.51933550555259,16.37290776707232,124,2026-05-12T13:46:02.121820+00:00,726,1,2.109,17.988,126.54,223.727
2026-05-12T13:34:05+00:00,43.519321801140904,16.372889690101147,124,2026-05-12T13:46:02.121820+00:00,726,1,2.109,20.097,126.54,223.727
2026-05-12T13:34:06+00:00,43.51930809672922,16.372871613129973,124,2026-05-12T13:46:02.121820+00:00,726,1,2.109,22.206,126.54,223.727
2026-05-12T13:34:07+00:00,43.51929439231753,16.3728535361588,125,2026-05-12T13:46:02.121820+00:00,726,1,2.109,24.314,126.54,223.727
2026-05-12T13:34:08+00:00,43.51928068790585,16.372835459187627,125,2026-05-12T13:46:02.121820+00:00,726,1,2.109,26.423,126.54,223.727
2026-05-12T13:34:09+00:00,43.51926698349416,16.372817382216454,125,2026-05-12T13:46:02.121820+00:00,726,1,2.109,28.532,126.54,223.727
2026-05-12T13:34:10+00:00,43.51925241295248,16.37279577087611,124,2026-05-12T13:46:02.121820+00:00,726,1,2.379,30.911,142.74,227.085
2026-05-12T13:34:11+00:00,43.5192378424108,16.372774159535766,124,2026-05-12T13:46:02.121820+00:00,726,1,2.379,33.291,142.74,227.085
2026-05-12T13:34:12+00:00,43.51922327186912,16.37275254819542,124,2026-05-12T13:46:02.121820+00:00,726,1,2.379,35.67,142.74,227.085
2026-05-12T13:34:13+00:00,43.51920870132744,16.372730936855078,123,2026-05-12T13:46:02.121820+00:00,726,1,2.379,38.049,142.74,227.085
2026-05-12T13:34:14+00:00,43.51919413078576,16.372709325514734,122,2026-05-12T13:46:02.121820+00:00,726,1,2.379,40.429,142.74,227.085
2026-05-12T13:34:15+00:00,43.51917956024408,16.37268771417439,122,2026-05-12T13:46:02.121820+00:00,726,1,2.379,42.808,142.74,227.085
2026-05-12T13:34:16+00:00,43.51916459854692,16.372666340321302,119,2026-05-12T13:46:02.121820+00:00,726,1,2.395,45.204,143.7,226.011
2026-05-12T13:34:17+00:00,43.51914963684976,16.372644966468215,116,2026-05-12T13:46:02.121820+00:00,726,1,2.395,47.599,143.7,226.011
2026-05-12T13:34:18+00:00,43.51913490565494,16.3726236554794,116,2026-05-12T13:46:02.121820+00:00,726,1,2.374,49.973,142.44,226.371
2026-05-12T13:34:19+00:00,43.51912017446011,16.372602344490588,117,2026-05-12T13:46:02.121820+00:00,726,1,2.374,52.347,142.44,226.371
2026-05-12T13:34:20+00:00,43.51910544326529,16.372581033501774,118,2026-05-12T13:46:02.121820+00:00,726,1,2.374,54.721,142.44,226.371
2026-05-12T13:34:21+00:00,43.519090712070465,16.37255972251296,118,2026-05-12T13:46:02.121820+00:00,726,1,2.374,57.095,142.44,226.371
2026-05-12T13:34:22+00:00,43.51907914504409,16.372537426650524,120,2026-05-12T13:46:02.121820+00:00,726,1,2.21,59.305,132.6,234.419
2026-05-12T13:34:23+00:00,43.51906757801771,16.372515130788088,122,2026-05-12T13:46:02.121820+00:00,726,1,2.21,61.516,132.6,234.419
2026-05-12T13:34:24+00:00,43.519054795615375,16.372493128292263,124,2026-05-12T13:46:02.121820+00:00,726,1,2.273,63.789,136.38,231.3
2026-05-12T13:34:25+00:00,43.51904201321304,16.372471125796437,125,2026-05-12T13:46:02.121820+00:00,726,1,2.273,66.062,136.38,231.3
2026-05-12T13:34:26+00:00,43.51902709342539,16.37244970165193,124,2026-05-12T13:46:02.121820+00:00,726,1,2.395,68.458,143.7,226.158
2026-05-12T13:34:27+00:00,43.51901217363775,16.372428277507424,123,2026-05-12T13:46:02.121820+00:00,726,1,2.395,70.853,143.7,226.158
2026-05-12T13:34:28+00:00,43.5189972538501,16.372406853362918,123,2026-05-12T13:46:02.121820+00:00,726,1,2.395,73.248,143.7,226.158
2026-05-12T13:34:29+00:00,43.51898233406246,16.37238542921841,122,2026-05-12T13:46:02.121820+00:00,726,1,2.395,75.643,143.7,226.158
2026-05-12T13:34:30+00:00,43.51896741427481,16.372364005073905,121,2026-05-12T13:46:02.121820+00:00,726,1,2.395,78.038,143.7,226.158
2026-05-12T13:34:31+00:00,43.518952494487166,16.372342631220818,118,2026-05-12T13:46:02.121820+00:00,726,1,2.392,80.43,143.52,226.091
2026-05-12T13:34:32+00:00,43.518937323242426,16.372325154952705,116,2026-05-12T13:46:02.121820+00:00,726,1,2.198,82.628,131.88,219.873
2026-05-12T13:34:33+00:00,43.518922151997685,16.372307678684592,115,2026-05-12T13:46:02.121820+00:00,726,1,2.198,84.826,131.88,219.873
2026-05-12T13:34:34+00:00,43.518905779346824,16.372287534177303,116,2026-05-12T13:46:02.121820+00:00,726,1,2.44,87.266,146.4,221.739
2026-05-12T13:34:35+00:00,43.51888940669596,16.372267389670014,117,2026-05-12T13:46:02.121820+00:00,726,1,2.44,89.706,146.4,221.739
2026-05-12T13:34:36+00:00,43.5188730340451,16.372247245162725,118,2026-05-12T13:46:02.121820+00:00,726,1,2.44,92.146,146.4,221.739
2026-05-12T13:34:37+00:00,43.51885920390487,16.372229643166065,120,2026-05-12T13:46:02.121820+00:00,726,1,2.093,94.238,125.58,222.704
2026-05-12T13:34:38+00:00,43.518845373764634,16.372212041169405,121,2026-05-12T13:46:02.121820+00:00,726,1,2.093,96.331,125.58,222.704
2026-05-12T13:34:39+00:00,43.5188315436244,16.372194313444197,119,2026-05-12T13:46:02.121820+00:00,726,1,2.1,98.431,126.0,222.908
2026-05-12T13:34:40+00:00,43.51881771348417,16.37217658571899,117,2026-05-12T13:46:02.121820+00:00,726,1,2.1,100.53,126.0,222.908
2026-05-12T13:34:41+00:00,43.51880312897265,16.37216019909829,114,2026-05-12T13:46:02.121820+00:00,726,1,2.092,102.622,125.52,219.171
2026-05-12T13:34:42+00:00,43.51878854446113,16.37214381247759,112,2026-05-12T13:46:02.121820+00:00,726,1,2.092,104.714,125.52,219.171
2026-05-12T13:34:43+00:00,43.51877357438207,16.372126881033182,113,2026-05-12T13:46:02.121820+00:00,726,1,2.153,106.867,129.18,219.357
2026-05-12T13:34:44+00:00,43.518758604303,16.372109949588776,113,2026-05-12T13:46:02.121820+00:00,726,1,2.153,109.02,129.18,219.357
2026-05-12T13:34:45+00:00,43.51874363422394,16.37209301814437,114,2026-05-12T13:46:02.121820+00:00,726,1,2.153,111.173,129.18,219.357
2026-05-12T13:34:46+00:00,43.518728664144874,16.372076086699963,114,2026-05-12T13:46:02.121820+00:00,726,1,2.153,113.325,129.18,219.357
2026-05-12T13:34:47+00:00,43.51871369406581,16.372059155255556,115,2026-05-12T13:46:02.121820+00:00,726,1,2.153,115.478,129.18,219.357
2026-05-12T13:34:48+00:00,43.51869837613776,16.37204322963953,116,2026-05-12T13:46:02.121820+00:00,726,1,2.133,117.611,127.98,217.013
2026-05-12T13:34:49+00:00,43.51868305820972,16.372027304023504,117,2026-05-12T13:46:02.121820+00:00,726,1,2.133,119.744,127.98,217.013
2026-05-12T13:34:50+00:00,43.51866774028167,16.37201137840748,118,2026-05-12T13:46:02.121820+00:00,726,1,2.133,121.878,127.98,217.013
2026-05-12T13:34:51+00:00,43.518652422353625,16.371995452791452,119,2026-05-12T13:46:02.121820+00:00,726,1,2.133,124.011,127.98,217.013
2026-05-12T13:34:52+00:00,43.518637055531144,16.371977543458343,120,2026-05-12T13:46:02.121820+00:00,726,1,2.237,126.248,134.22,220.202
2026-05-12T13:34:53+00:00,43.51862168870866,16.371959634125233,121,2026-05-12T13:46:02.121820+00:00,726,1,2.237,128.485,134.22,220.202
2026-05-12T13:34:54+00:00,43.51860632188618,16.371941724792123,122,2026-05-12T13:46:02.121820+00:00,726,1,2.237,130.722,134.22,220.202
2026-05-12T13:34:55+00:00,43.51859152782709,16.371923787519336,124,2026-05-12T13:46:02.121820+00:00,726,1,2.19,132.913,131.4,221.323
2026-05-12T13:34:56+00:00,43.518576733767986,16.37190585024655,125,2026-05-12T13:46:02.121820+00:00,726,1,2.19,135.103,131.4,221.323
2026-05-12T13:34:57+00:00,43.518559662625194,16.371888695284724,124,2026-05-12T13:46:02.121820+00:00,726,1,2.349,137.452,140.94,216.081
2026-05-12T13:34:58+00:00,43.5185425914824,16.3718715403229,122,2026-05-12T13:46:02.121820+00:00,726,1,2.349,139.801,140.94,216.081
2026-05-12T13:34:59+00:00,43.51852552033961,16.371854385361075,121,2026-05-12T13:46:02.121820+00:00,726,1,2.349,142.149,140.94,216.081
2026-05-12T13:35:00+00:00,43.51850892417133,16.37183703482151,116,2026-05-12T13:46:02.121820+00:00,726,1,2.316,144.465,138.96,217.166
2026-05-12T13:35:01+00:00,43.51849241182208,16.37182043865323,113,2026-05-12T13:46:02.121820+00:00,726,1,2.272,146.737,136.32,216.086
2026-05-12T13:35:02+00:00,43.518478414043784,16.371804093942046,113,2026-05-12T13:46:02.121820+00:00,726,1,2.04,148.777,122.4,220.256
2026-05-12T13:35:03+00:00,43.51846223697066,16.371788650285453,114,2026-05-12T13:46:02.121820+00:00,726,1,2.188,150.965,131.28,214.694
2026-05-12T13:35:04+00:00,43.51844605989754,16.37177320662886,116,2026-05-12T13:46:02.121820+00:00,726,1,2.188,153.152,131.28,214.694
2026-05-12T13:35:05+00:00,43.51842988282442,16.371757762972265,117,2026-05-12T13:46:02.121820+00:00,726,1,2.188,155.34,131.28,214.694
2026-05-12T13:35:06+00:00,43.5184137057513,16.371742319315672,118,2026-05-12T13:46:02.121820+00:00,726,1,2.188,157.528,131.28,214.694
2026-05-12T13:35:07+00:00,43.51839833892882,16.371725890785456,119,2026-05-12T13:46:02.121820+00:00,726,1,2.162,159.69,129.72,217.785
2026-05-12T13:35:08+00:00,43.51838297210634,16.37170946225524,120,2026-05-12T13:46:02.121820+00:00,726,1,2.162,161.852,129.72,217.785
2026-05-12T13:35:09+00:00,43.518367605283856,16.371693033725023,121,2026-05-12T13:46:02.121820+00:00,726,1,2.162,164.014,129.72,217.785
2026-05-12T13:35:10+00:00,43.51835147012025,16.371677652932703,120,2026-05-12T13:46:02.121820+00:00,726,1,2.181,166.195,130.86,214.654
2026-05-12T13:35:11+00:00,43.518335334956646,16.371662272140384,118,2026-05-12T13:46:02.121820+00:00,726,1,2.181,168.376,130.86,214.654
2026-05-12T13:35:12+00:00,43.51831991225481,16.37164793908596,111,2026-05-12T13:46:02.121820+00:00,726,1,2.068,170.444,124.08,213.977
2026-05-12T13:35:13+00:00,43.51830353960395,16.37163408100605,112,2026-05-12T13:46:02.121820+00:00,726,1,2.136,172.58,128.16,211.541
2026-05-12T13:35:14+00:00,43.51828716695309,16.37162022292614,113,2026-05-12T13:46:02.121820+00:00,726,1,2.136,174.716,128.16,211.541
2026-05-12T13:35:15+00:00,43.518270794302225,16.37160636484623,114,2026-05-12T13:46:02.121820+00:00,726,1,2.136,176.853,128.16,211.541
2026-05-12T13:35:16+00:00,43.51825356949121,16.371590732596815,116,2026-05-12T13:46:02.121820+00:00,726,1,2.293,179.145,137.58,213.349
2026-05-12T13:35:17+00:00,43.51823634468019,16.3715751003474,117,2026-05-12T13:46:02.121820+00:00,726,1,2.293,181.438,137.58,213.349
2026-05-12T13:35:18+00:00,43.518218596000224,16.37155789649114,118,2026-05-12T13:46:02.121820+00:00,726,1,2.412,183.851,144.72,215.103
2026-05-12T13:35:19+00:00,43.51820084732026,16.37154069263488,118,2026-05-12T13:46:02.121820+00:00,726,1,2.412,186.263,144.72,215.103
2026-05-12T13:35:20+00:00,43.51818309864029,16.37152348877862,119,2026-05-12T13:46:02.121820+00:00,726,1,2.412,188.675,144.72,215.103
2026-05-12T13:35:21+00:00,43.51816534996033,16.37150628492236,120,2026-05-12T13:46:02.121820+00:00,726,1,2.412,191.088,144.72,215.103
2026-05-12T13:35:22+00:00,43.51814632304013,16.371491909958422,122,2026-05-12T13:46:02.121820+00:00,726,1,2.412,193.5,144.72,208.717
2026-05-12T13:35:23+00:00,43.51812729611993,16.371477534994483,123,2026-05-12T13:46:02.121820+00:00,726,1,2.412,195.912,144.72,208.717
2026-05-12T13:35:24+00:00,43.51810939027928,16.371463254326954,123,2026-05-12T13:46:02.121820+00:00,726,1,2.3,198.212,138.0,210.043
2026-05-12T13:35:25+00:00,43.51809148443863,16.371448973659426,122,2026-05-12T13:46:02.121820+00:00,726,1,2.3,200.513,138.0,210.043
2026-05-12T13:35:26+00:00,43.51807357859798,16.371434692991897,122,2026-05-12T13:46:02.121820+00:00,726,1,2.3,202.813,138.0,210.043
2026-05-12T13:35:27+00:00,43.51805567275733,16.37142041232437,122,2026-05-12T13:46:02.121820+00:00,726,1,2.3,205.113,138.0,210.043
2026-05-12T13:35:28+00:00,43.51803776691668,16.37140613165684,121,2026-05-12T13:46:02.121820+00:00,726,1,2.3,207.413,138.0,210.043
2026-05-12T13:35:29+00:00,43.51801986107603,16.371391850989312,121,2026-05-12T13:46:02.121820+00:00,726,1,2.3,209.713,138.0,210.043
2026-05-12T13:35:30+00:00,43.51800195523538,16.371377570321783,120,2026-05-12T13:46:02.121820+00:00,726,1,2.3,212.013,138.0,210.043
2026-05-12T13:35:31+00:00,43.51798404939473,16.371363289654255,120,2026-05-12T13:46:02.121820+00:00,726,1,2.3,214.313,138.0,210.043
2026-05-12T13:35:32+00:00,43.51796711795032,16.37134593911469,117,2026-05-12T13:46:02.121820+00:00,726,1,2.346,216.658,140.76,216.616
2026-05-12T13:35:33+00:00,43.51794943213463,16.37132762465626,117,2026-05-12T13:46:02.121820+00:00,726,1,2.459,219.118,147.54,216.904
2026-05-12T13:35:34+00:00,43.517931746318936,16.37130931019783,117,2026-05-12T13:46:02.121820+00:00,726,1,2.459,221.577,147.54,216.904
2026-05-12T13:35:35+00:00,43.51791489869356,16.371292043477297,118,2026-05-12T13:46:02.121820+00:00,726,1,2.334,223.911,140.04,216.62
2026-05-12T13:35:36+00:00,43.51789805106819,16.371274776756763,120,2026-05-12T13:46:02.121820+00:00,726,1,2.334,226.245,140.04,216.62
2026-05-12T13:35:37+00:00,43.51788095198572,16.37125943787396,122,2026-05-12T13:46:02.121820+00:00,726,1,2.268,228.513,136.08,213.044
2026-05-12T13:35:38+00:00,43.51786385290325,16.371244098991156,123,2026-05-12T13:46:02.121820+00:00,726,1,2.268,230.782,136.08,213.044
2026-05-12T13:35:39+00:00,43.51784580037929,16.371228236239403,123,2026-05-12T13:46:02.121820+00:00,726,1,2.38,233.162,142.8,212.505
2026-05-12T13:35:40+00:00,43.517827747855335,16.37121237348765,123,2026-05-12T13:46:02.121820+00:00,726,1,2.38,235.542,142.8,212.505
2026-05-12T13:35:41+00:00,43.51780969533138,16.3711965107359,123,2026-05-12T13:46:02.121820+00:00,726,1,2.38,237.922,142.8,212.505
2026-05-12T13:35:42+00:00,43.517791642807424,16.371180647984147,122,2026-05-12T13:46:02.121820+00:00,726,1,2.38,240.303,142.8,212.505
2026-05-12T13:35:43+00:00,43.51777359028347,16.371164785232395,122,2026-05-12T13:46:02.121820+00:00,726,1,2.38,242.683,142.8,212.505
2026-05-12T13:35:44+00:00,43.51775553775951,16.371148922480643,122,2026-05-12T13:46:02.121820+00:00,726,1,2.38,245.063,142.8,212.505
2026-05-12T13:35:45+00:00,43.51773748523556,16.37113305972889,122,2026-05-12T13:46:02.121820+00:00,726,1,2.38,247.443,142.8,212.505
2026-05-12T13:35:46+00:00,43.5177194327116,16.37111719697714,122,2026-05-12T13:46:02.121820+00:00,726,1,2.38,249.823,142.8,212.505
2026-05-12T13:35:47+00:00,43.51770426146686,16.371102340053767,122,2026-05-12T13:46:02.121820+00:00,726,1,2.069,251.893,124.14,215.38
2026-05-12T13:35:48+00:00,43.51768909022212,16.371087483130395,123,2026-05-12T13:46:02.121820+00:00,726,1,2.069,253.962,124.14,215.38
2026-05-12T13:35:49+00:00,43.51767391897738,16.371072626207024,124,2026-05-12T13:46:02.121820+00:00,726,1,2.069,256.031,124.14,215.38
2026-05-12T13:35:50+00:00,43.51765874773264,16.371057769283652,124,2026-05-12T13:46:02.121820+00:00,726,1,2.069,258.1,124.14,215.38
2026-05-12T13:35:51+00:00,43.5176435764879,16.37104291236028,124,2026-05-12T13:46:02.121820+00:00,726,1,2.069,260.169,124.14,215.38
2026-05-12T13:35:52+00:00,43.51762840524316,16.37102805543691,125,2026-05-12T13:46:02.121820+00:00,726,1,2.069,262.238,124.14,215.38
2026-05-12T13:35:53+00:00,43.51761323399842,16.371013198513538,126,2026-05-12T13:46:02.121820+00:00,726,1,2.069,264.307,124.14,215.38
2026-05-12T13:35:54+00:00,43.51759806275368,16.370998341590166,126,2026-05-12T13:46:02.121820+00:00,726,1,2.069,266.376,124.14,215.38
2026-05-12T13:35:55+00:00,43.51758268196136,16.37098534964025,127,2026-05-12T13:46:02.121820+00:00,726,1,2.006,268.382,120.36,211.489
2026-05-12T13:35:56+00:00,43.51756730116904,16.370972357690334,128,2026-05-12T13:46:02.121820+00:00,726,1,2.006,270.387,120.36,211.489
2026-05-12T13:35:57+00:00,43.517551654949784,16.370957298204303,127,2026-05-12T13:46:02.121820+00:00,726,1,2.122,272.509,127.32,214.914
2026-05-12T13:35:58+00:00,43.51753600873053,16.37094223871827,125,2026-05-12T13:46:02.121820+00:00,726,1,2.122,274.63,127.32,214.914
2026-05-12T13:35:59+00:00,43.51752036251128,16.37092717923224,124,2026-05-12T13:46:02.121820+00:00,726,1,2.122,276.752,127.32,214.914
2026-05-12T13:36:00+00:00,43.517505757045,16.370912154670805,125,2026-05-12T13:46:02.121820+00:00,726,1,2.026,278.778,121.56,216.722
2026-05-12T13:36:01+00:00,43.51749115157872,16.37089713010937,126,2026-05-12T13:46:02.121820+00:00,726,1,2.026,280.804,121.56,216.722
2026-05-12T13:36:02+00:00,43.51747654611245,16.370882105547935,126,2026-05-12T13:46:02.121820+00:00,726,1,2.026,282.831,121.56,216.722
2026-05-12T13:36:03+00:00,43.51746194064617,16.3708670809865,127,2026-05-12T13:46:02.121820+00:00,726,1,2.026,284.857,121.56,216.722
2026-05-12T13:36:04+00:00,43.517446517944336,16.37085505295545,128,2026-05-12T13:46:02.121820+00:00,726,1,1.97,286.827,118.2,209.49
2026-05-12T13:36:05+00:00,43.5174310952425,16.370843024924397,130,2026-05-12T13:46:02.121820+00:00,726,1,1.97,288.797,118.2,209.49
2026-05-12T13:36:06+00:00,43.517415672540665,16.370831625536084,130,2026-05-12T13:46:02.121820+00:00,726,1,1.946,290.743,116.76,208.191
2026-05-12T13:36:07+00:00,43.51740024983883,16.37082022614777,131,2026-05-12T13:46:02.121820+00:00,726,1,1.946,292.689,116.76,208.191
2026-05-12T13:36:08+00:00,43.51738479919731,16.37080494314432,130,2026-05-12T13:46:02.121820+00:00,726,1,2.114,294.803,126.84,215.652
2026-05-12T13:36:09+00:00,43.5173693485558,16.370789660140872,130,2026-05-12T13:46:02.121820+00:00,726,1,2.114,296.917,126.84,215.652
2026-05-12T13:36:10+00:00,43.51735389791429,16.370774377137423,129,2026-05-12T13:46:02.121820+00:00,726,1,2.114,299.031,126.84,215.652
2026-05-12T13:36:11+00:00,43.51733844727278,16.370759094133973,128,2026-05-12T13:46:02.121820+00:00,726,1,2.114,301.146,126.84,215.652
2026-05-12T13:36:12+00:00,43.517322996631265,16.370743811130524,128,2026-05-12T13:46:02.121820+00:00,726,1,2.114,303.26,126.84,215.652
2026-05-12T13:36:13+00:00,43.51730754598975,16.370728528127074,127,2026-05-12T13:46:02.121820+00:00,726,1,2.114,305.374,126.84,215.652
2026-05-12T13:36:14+00:00,43.517293548211455,16.37071369215846,127,2026-05-12T13:46:02.121820+00:00,726,1,1.963,307.338,117.78,217.546
2026-05-12T13:36:15+00:00,43.51727955043316,16.370698856189847,126,2026-05-12T13:46:02.121820+00:00,726,1,1.963,309.301,117.78,217.546
2026-05-12T13:36:16+00:00,43.51726555265486,16.370684020221233,126,2026-05-12T13:46:02.121820+00:00,726,1,1.963,311.264,117.78,217.546
2026-05-12T13:36:17+00:00,43.517251554876566,16.37066918425262,126,2026-05-12T13:46:02.121820+00:00,726,1,1.963,313.227,117.78,217.546
2026-05-12T13:36:18+00:00,43.51723752915859,16.370652224868536,125,2026-05-12T13:46:02.121820+00:00,726,1,2.074,315.301,124.44,221.246
2026-05-12T13:36:19+00:00,43.51722350344062,16.370635265484452,124,2026-05-12T13:46:02.121820+00:00,726,1,2.074,317.375,124.44,221.246
2026-05-12T13:36:20+00:00,43.517209477722645,16.37061830610037,123,2026-05-12T13:46:02.121820+00:00,726,1,2.074,319.449,124.44,221.246
2026-05-12T13:36:21+00:00,43.51719292346388,16.37060636188835,121,2026-05-12T13:46:02.121820+00:00,726,1,2.077,321.527,124.62,207.62
2026-05-12T13:36:22+00:00,43.51717636920512,16.37059441767633,119,2026-05-12T13:46:02.121820+00:00,726,1,2.077,323.604,124.62,207.62
2026-05-12T13:36:23+00:00,43.5171602088958,16.370582850649953,118,2026-05-12T13:46:02.121820+00:00,726,1,2.025,325.629,121.5,207.432
2026-05-12T13:36:24+00:00,43.51714404858649,16.370571283623576,118,2026-05-12T13:46:02.121820+00:00,726,1,2.025,327.654,121.5,207.432
2026-05-12T13:36:25+00:00,43.51712788827717,16.3705597165972,117,2026-05-12T13:46:02.121820+00:00,726,1,2.025,329.678,121.5,207.432
2026-05-12T13:36:26+00:00,43.51711172796786,16.370548149570823,117,2026-05-12T13:46:02.121820+00:00,726,1,2.025,331.703,121.5,207.432
2026-05-12T13:36:27+00:00,43.517095567658544,16.370536582544446,116,2026-05-12T13:46:02.121820+00:00,726,1,2.025,333.727,121.5,207.432
2026-05-12T13:36:28+00:00,43.51707830093801,16.370530526619405,117,2026-05-12T13:46:02.121820+00:00,726,1,1.981,335.709,118.86,194.27
2026-05-12T13:36:29+00:00,43.51706103421748,16.370524470694363,118,2026-05-12T13:46:02.121820+00:00,726,1,1.981,337.69,118.86,194.27
2026-05-12T13:36:30+00:00,43.51704376749694,16.37051841476932,118,2026-05-12T13:46:02.121820+00:00,726,1,1.981,339.671,118.86,194.27
2026-05-12T13:36:31+00:00,43.51702650077641,16.37051235884428,119,2026-05-12T13:46:02.121820+00:00,726,1,1.981,341.652,118.86,194.27
2026-05-12T13:36:32+00:00,43.51700806058943,16.37050284538418,120,2026-05-12T13:46:02.121820+00:00,726,1,2.189,343.841,131.34,200.512
2026-05-12T13:36:33+00:00,43.516989620402455,16.37049333192408,122,2026-05-12T13:46:02.121820+00:00,726,1,2.189,346.03,131.34,200.512
2026-05-12T13:36:34+00:00,43.51697105448693,16.370482267811894,120,2026-05-12T13:46:02.121820+00:00,726,1,2.249,348.279,134.94,203.372
2026-05-12T13:36:35+00:00,43.516952488571405,16.370471203699708,118,2026-05-12T13:46:02.121820+00:00,726,1,2.249,350.528,134.94,203.372
2026-05-12T13:36:36+00:00,43.51693455129862,16.37046026531607,116,2026-05-12T13:46:02.121820+00:00,726,1,2.181,352.709,130.86,203.856
2026-05-12T13:36:37+00:00,43.51691661402583,16.37044932693243,115,2026-05-12T13:46:02.121820+00:00,726,1,2.181,354.89,130.86,203.856
2026-05-12T13:36:38+00:00,43.51689606638892,16.370438981269086,115,2026-05-12T13:46:02.121820+00:00,726,1,2.432,357.322,145.92,200.058
2026-05-12T13:36:39+00:00,43.516875518751995,16.370428635605744,114,2026-05-12T13:46:02.121820+00:00,726,1,2.432,359.755,145.92,200.058
2026-05-12T13:36:40+00:00,43.51685497111508,16.3704182899424,114,2026-05-12T13:46:02.121820+00:00,726,1,2.432,362.187,145.92,200.058
2026-05-12T13:36:41+00:00,43.51683442347816,16.37040794427906,113,2026-05-12T13:46:02.121820+00:00,726,1,2.432,364.619,145.92,200.058
2026-05-12T13:36:42+00:00,43.51681387584125,16.370397598615714,113,2026-05-12T13:46:02.121820+00:00,726,1,2.432,367.052,145.92,200.058
2026-05-12T13:36:43+00:00,43.51679332820432,16.370387252952373,112,2026-05-12T13:46:02.121820+00:00,726,1,2.432,369.484,145.92,200.058
2026-05-12T13:36:44+00:00,43.51677278056741,16.370376907289028,112,2026-05-12T13:46:02.121820+00:00,726,1,2.432,371.916,145.92,200.058
2026-05-12T13:36:45+00:00,43.51675238460302,16.370367826893926,112,2026-05-12T13:46:02.121820+00:00,726,1,2.383,374.299,142.98,197.893
2026-05-12T13:36:46+00:00,43.51673198863864,16.370358746498823,113,2026-05-12T13:46:02.121820+00:00,726,1,2.383,376.683,142.98,197.893
2026-05-12T13:36:47+00:00,43.516711592674255,16.37034966610372,113,2026-05-12T13:46:02.121820+00:00,726,1,2.383,379.066,142.98,197.893
2026-05-12T13:36:48+00:00,43.51669172756374,16.370342122390866,116,2026-05-12T13:46:02.121820+00:00,726,1,2.291,381.357,137.46,195.397
2026-05-12T13:36:49+00:00,43.516670227982104,16.370333405211568,118,2026-05-12T13:46:02.121820+00:00,726,1,2.492,383.849,149.52,196.385
2026-05-12T13:36:50+00:00,43.51664872840047,16.37032468803227,121,2026-05-12T13:46:02.121820+00:00,726,1,2.492,386.341,149.52,196.385
2026-05-12T13:36:51+00:00,43.51662623696029,16.370315495878458,122,2026-05-12T13:46:02.121820+00:00,726,1,2.608,388.949,156.48,196.509
2026-05-12T13:36:52+00:00,43.516603745520115,16.370306303724647,123,2026-05-12T13:46:02.121820+00:00,726,1,2.608,391.558,156.48,196.509
2026-05-12T13:36:53+00:00,43.51658125407994,16.370297111570835,124,2026-05-12T13:46:02.121820+00:00,726,1,2.608,394.166,156.48,196.509
2026-05-12T13:36:54+00:00,43.51655795238912,16.37028411962092,122,2026-05-12T13:46:02.121820+00:00,726,1,2.795,396.961,167.7,202.015
2026-05-12T13:36:55+00:00,43.516534650698304,16.370271127671003,121,2026-05-12T13:46:02.121820+00:00,726,1,2.795,399.756,167.7,202.015
2026-05-12T13:36:56+00:00,43.51651160046458,16.37025981210172,118,2026-05-12T13:46:02.121820+00:00,726,1,2.721,402.476,163.26,199.595
2026-05-12T13:36:57+00:00,43.51649014279246,16.370247155427933,117,2026-05-12T13:46:02.121820+00:00,726,1,2.595,405.071,155.7,203.158
2026-05-12T13:36:58+00:00,43.51646742783487,16.3702409947291,116,2026-05-12T13:46:02.121820+00:00,726,1,2.574,407.646,154.44,191.127
2026-05-12T13:36:59+00:00,43.516444712877274,16.37023483403027,114,2026-05-12T13:46:02.121820+00:00,726,1,2.574,410.22,154.44,191.127
2026-05-12T13:37:00+00:00,43.5164203424938,16.37022400042042,115,2026-05-12T13:46:02.121820+00:00,726,1,2.847,413.067,170.82,197.868
2026-05-12T13:37:01+00:00,43.51639597211033,16.370213166810572,116,2026-05-12T13:46:02.121820+00:00,726,1,2.847,415.914,170.82,197.868
2026-05-12T13:37:02+00:00,43.51637160172686,16.370202333200723,116,2026-05-12T13:46:02.121820+00:00,726,1,2.847,418.761,170.82,197.868
2026-05-12T13:37:03+00:00,43.51634723134339,16.370191499590874,117,2026-05-12T13:46:02.121820+00:00,726,1,2.847,421.608,170.82,197.868
2026-05-12T13:37:04+00:00,43.51632447447628,16.370178507640958,118,2026-05-12T13:46:02.121820+00:00,726,1,2.739,424.347,164.34,202.49
2026-05-12T13:37:05+00:00,43.51630171760917,16.370165515691042,119,2026-05-12T13:46:02.121820+00:00,726,1,2.739,427.086,164.34,202.49
2026-05-12T13:37:06+00:00,43.51627971511334,16.370151727460325,120,2026-05-12T13:46:02.121820+00:00,726,1,2.687,429.773,161.22,204.439
2026-05-12T13:37:07+00:00,43.51625771261752,16.370137939229608,122,2026-05-12T13:46:02.121820+00:00,726,1,2.687,432.461,161.22,204.439
2026-05-12T13:37:08+00:00,43.51623776368797,16.370121762156487,124,2026-05-12T13:46:02.121820+00:00,726,1,2.573,435.034,154.38,210.458
2026-05-12T13:37:09+00:00,43.51621781475842,16.370105585083365,125,2026-05-12T13:46:02.121820+00:00,726,1,2.573,437.607,154.38,210.458
2026-05-12T13:37:10+00:00,43.51619627326727,16.37009280268103,126,2026-05-12T13:46:02.121820+00:00,726,1,2.608,440.215,156.48,203.283
2026-05-12T13:37:11+00:00,43.51617473177612,16.370080020278692,128,2026-05-12T13:46:02.121820+00:00,726,1,2.608,442.823,156.48,203.283
2026-05-12T13:37:12+00:00,43.516154426615685,16.37006730074063,128,2026-05-12T13:46:02.121820+00:00,726,1,2.48,445.303,148.8,204.431
2026-05-12T13:37:13+00:00,43.51613412145525,16.370054581202567,129,2026-05-12T13:46:02.121820+00:00,726,1,2.48,447.782,148.8,204.431
2026-05-12T13:37:14+00:00,43.51611381629482,16.370041861664504,130,2026-05-12T13:46:02.121820+00:00,726,1,2.48,450.262,148.8,204.431
2026-05-12T13:37:15+00:00,43.516093511134386,16.37002914212644,130,2026-05-12T13:46:02.121820+00:00,726,1,2.48,452.742,148.8,204.431
2026-05-12T13:37:16+00:00,43.51607333868742,16.370015535503626,128,2026-05-12T13:46:02.121820+00:00,726,1,2.497,455.239,149.82,206.065
2026-05-12T13:37:17+00:00,43.516053166240454,16.37000192888081,127,2026-05-12T13:46:02.121820+00:00,726,1,2.497,457.736,149.82,206.065
2026-05-12T13:37:18+00:00,43.51603299379349,16.369988322257996,125,2026-05-12T13:46:02.121820+00:00,726,1,2.497,460.233,149.82,206.065
2026-05-12T13:37:19+00:00,43.51601166184992,16.369977509602904,124,2026-05-12T13:46:02.121820+00:00,726,1,2.527,462.76,151.62,200.182
2026-05-12T13:37:20+00:00,43.515990329906344,16.369966696947813,123,2026-05-12T13:46:02.121820+00:00,726,1,2.527,465.288,151.62,200.182
2026-05-12T13:37:21+00:00,43.51596899796277,16.36995588429272,122,2026-05-12T13:46:02.121820+00:00,726,1,2.527,467.815,151.62,200.182
2026-05-12T13:37:22+00:00,43.5159476660192,16.36994507163763,121,2026-05-12T13:46:02.121820+00:00,726,1,2.527,470.342,151.62,200.182
2026-05-12T13:37:23+00:00,43.515926068648696,16.369935125112534,121,2026-05-12T13:46:02.121820+00:00,726,1,2.532,472.874,151.92,198.468
2026-05-12T13:37:24+00:00,43.51590447127819,16.369925178587437,122,2026-05-12T13:46:02.121820+00:00,726,1,2.532,475.406,151.92,198.468
2026-05-12T13:37:25+00:00,43.515882873907685,16.36991523206234,122,2026-05-12T13:46:02.121820+00:00,726,1,2.532,477.938,151.92,198.468
2026-05-12T13:37:26+00:00,43.515863025560975,16.369905777275562,123,2026-05-12T13:46:02.121820+00:00,726,1,2.335,480.273,140.1,199.057
2026-05-12T13:37:27+00:00,43.515843177214265,16.369896322488785,124,2026-05-12T13:46:02.121820+00:00,726,1,2.335,482.608,140.1,199.057
2026-05-12T13:37:28+00:00,43.515823328867555,16.369886867702007,124,2026-05-12T13:46:02.121820+00:00,726,1,2.335,484.943,140.1,199.057
2026-05-12T13:37:29+00:00,43.515803480520844,16.36987741291523,125,2026-05-12T13:46:02.121820+00:00,726,1,2.335,487.278,140.1,199.057
2026-05-12T13:37:30+00:00,43.515783632174134,16.369867958128452,126,2026-05-12T13:46:02.121820+00:00,726,1,2.335,489.613,140.1,199.057
2026-05-12T13:37:31+00:00,43.51576326414943,16.369855762459338,127,2026-05-12T13:46:02.121820+00:00,726,1,2.469,492.082,148.14,203.471
2026-05-12T13:37:32+00:00,43.51574289612472,16.369843566790223,128,2026-05-12T13:46:02.121820+00:00,726,1,2.469,494.551,148.14,203.471
2026-05-12T13:37:33+00:00,43.515722528100014,16.36983137112111,128,2026-05-12T13:46:02.121820+00:00,726,1,2.469,497.02,148.14,203.471
2026-05-12T13:37:34+00:00,43.51570216007531,16.369819175451994,129,2026-05-12T13:46:02.121820+00:00,726,1,2.469,499.489,148.14,203.471
2026-05-12T13:37:35+00:00,43.51568321697414,16.369806895963848,128,2026-05-12T13:46:02.121820+00:00,726,1,2.328,501.817,139.68,205.178
2026-05-12T13:37:36+00:00,43.51566427387297,16.3697946164757,128,2026-05-12T13:46:02.121820+00:00,726,1,2.328,504.144,139.68,205.178
2026-05-12T13:37:37+00:00,43.51564191514626,16.369784390553832,127,2026-05-12T13:46:02.121820+00:00,726,1,2.619,506.764,157.14,198.349
2026-05-12T13:37:38+00:00,43.51561955641955,16.369774164631963,126,2026-05-12T13:46:02.121820+00:00,726,1,2.619,509.383,157.14,198.349
2026-05-12T13:37:39+00:00,43.51559719769284,16.369763938710093,126,2026-05-12T13:46:02.121820+00:00,726,1,2.619,512.002,157.14,198.349
2026-05-12T13:37:40+00:00,43.51557483896613,16.369753712788224,125,2026-05-12T13:46:02.121820+00:00,726,1,2.619,514.622,157.14,198.349
2026-05-12T13:37:41+00:00,43.5155538842082,16.369745135307312,126,2026-05-12T13:46:02.121820+00:00,726,1,2.431,517.052,145.86,196.533
2026-05-12T13:37:42+00:00,43.51553292945027,16.3697365578264,128,2026-05-12T13:46:02.121820+00:00,726,1,2.431,519.483,145.86,196.533
2026-05-12T13:37:43+00:00,43.515511974692345,16.369727980345488,129,2026-05-12T13:46:02.121820+00:00,726,1,2.431,521.913,145.86,196.533
2026-05-12T13:37:44+00:00,43.515490517020226,16.36971683241427,131,2026-05-12T13:46:02.121820+00:00,726,1,2.55,524.463,153.0,200.644
2026-05-12T13:37:45+00:00,43.51546865222709,16.369709180934088,131,2026-05-12T13:46:02.121820+00:00,726,1,2.508,526.971,150.48,194.24
2026-05-12T13:37:46+00:00,43.515446787433966,16.36970152945391,130,2026-05-12T13:46:02.121820+00:00,726,1,2.508,529.48,150.48,194.24
2026-05-12T13:37:47+00:00,43.51542492264083,16.369693877973727,130,2026-05-12T13:46:02.121820+00:00,726,1,2.508,531.988,150.48,194.24
2026-05-12T13:37:48+00:00,43.515403057847706,16.369686226493545,129,2026-05-12T13:46:02.121820+00:00,726,1,2.508,534.496,150.48,194.24
2026-05-12T13:37:49+00:00,43.51538119305457,16.369678575013364,129,2026-05-12T13:46:02.121820+00:00,726,1,2.508,537.005,150.48,194.24
2026-05-12T13:37:50+00:00,43.51535932826145,16.369670923533185,128,2026-05-12T13:46:02.121820+00:00,726,1,2.508,539.513,150.48,194.24
2026-05-12T13:37:51+00:00,43.51533746346831,16.369663272053003,128,2026-05-12T13:46:02.121820+00:00,726,1,2.508,542.021,150.48,194.24
2026-05-12T13:37:52+00:00,43.515315796248615,16.36965623125434,128,2026-05-12T13:46:02.121820+00:00,726,1,2.475,544.497,148.5,193.26
2026-05-12T13:37:53+00:00,43.51529412902891,16.369649190455675,128,2026-05-12T13:46:02.121820+00:00,726,1,2.475,546.972,148.5,193.26
2026-05-12T13:37:54+00:00,43.51527246180922,16.369639970362186,130,2026-05-12T13:46:02.121820+00:00,726,1,2.521,549.493,151.26,197.15
2026-05-12T13:37:55+00:00,43.51525079458952,16.369630750268698,131,2026-05-12T13:46:02.121820+00:00,726,1,2.521,552.015,151.26,197.15
2026-05-12T13:37:56+00:00,43.51523824967444,16.369619420729578,132,2026-05-12T13:46:02.121820+00:00,726,1,1.667,553.682,100.02,213.222
2026-05-12T13:37:57+00:00,43.51522570475936,16.369608091190457,132,2026-05-12T13:46:02.121820+00:00,726,1,1.667,555.35,100.02,213.222
2026-05-12T13:37:58+00:00,43.51521315984428,16.369596761651337,132,2026-05-12T13:46:02.121820+00:00,726,1,1.667,557.017,100.02,213.222
2026-05-12T13:37:59+00:00,43.5152006149292,16.369585432112217,133,2026-05-12T13:46:02.121820+00:00,726,1,1.667,558.685,100.02,213.222
2026-05-12T13:38:00+00:00,43.51518807001412,16.369574102573097,134,2026-05-12T13:46:02.121820+00:00,726,1,1.667,560.352,100.02,213.222
2026-05-12T13:38:01+00:00,43.51517552509904,16.369562773033977,134,2026-05-12T13:46:02.121820+00:00,726,1,1.667,562.019,100.02,213.222
2026-05-12T13:38:02+00:00,43.51517837494612,16.36953997425735,134,2026-05-12T13:46:02.121820+00:00,726,1,1.866,563.885,111.96,279.78
2026-05-12T13:38:03+00:00,43.5151812247932,16.369517175480723,134,2026-05-12T13:46:02.121820+00:00,726,1,1.866,565.751,111.96,279.78
2026-05-12T13:38:04+00:00,43.51518552750349,16.369489738717675,135,2026-05-12T13:46:02.121820+00:00,726,1,2.264,568.014,135.84,282.202
2026-05-12T13:38:05+00:00,43.515189830213785,16.369462301954627,135,2026-05-12T13:46:02.121820+00:00,726,1,2.264,570.278,135.84,282.202
2026-05-12T13:38:06+00:00,43.51519413292408,16.36943486519158,136,2026-05-12T13:46:02.121820+00:00,726,1,2.264,572.541,135.84,282.202
2026-05-12T13:38:07+00:00,43.515197997912765,16.369408145546913,136,2026-05-12T13:46:02.121820+00:00,726,1,2.197,574.738,131.82,281.28
2026-05-12T13:38:08+00:00,43.51520186290145,16.369381425902247,136,2026-05-12T13:46:02.121820+00:00,726,1,2.197,576.935,131.82,281.28
2026-05-12T13:38:09+00:00,43.515205727890134,16.36935470625758,135,2026-05-12T13:46:02.121820+00:00,726,1,2.197,579.132,131.82,281.28
2026-05-12T13:38:10+00:00,43.51520959287882,16.369327986612916,135,2026-05-12T13:46:02.121820+00:00,726,1,2.197,581.329,131.82,281.28
2026-05-12T13:38:11+00:00,43.5152134578675,16.36930126696825,135,2026-05-12T13:46:02.121820+00:00,726,1,2.197,583.527,131.82,281.28
2026-05-12T13:38:12+00:00,43.51521732285619,16.369274547323585,135,2026-05-12T13:46:02.121820+00:00,726,1,2.197,585.724,131.82,281.28
2026-05-12T13:38:13+00:00,43.51522118784487,16.36924782767892,134,2026-05-12T13:46:02.121820+00:00,726,1,2.197,587.921,131.82,281.28
2026-05-12T13:38:14+00:00,43.51522505283356,16.369221108034253,134,2026-05-12T13:46:02.121820+00:00,726,1,2.197,590.118,131.82,281.28
2026-05-12T13:38:15+00:00,43.51522891782224,16.369194388389587,134,2026-05-12T13:46:02.121820+00:00,726,1,2.197,592.315,131.82,281.28
2026-05-12T13:38:16+00:00,43.51523498771712,16.369165687356144,134,2026-05-12T13:46:02.121820+00:00,726,1,2.411,594.726,144.66,286.258
2026-05-12T13:38:17+00:00,43.515241057612,16.3691369863227,134,2026-05-12T13:46:02.121820+00:00,726,1,2.411,597.136,144.66,286.258
2026-05-12T13:38:18+00:00,43.51524712750688,16.369108285289258,134,2026-05-12T13:46:02.121820+00:00,726,1,2.411,599.547,144.66,286.258
2026-05-12T13:38:19+00:00,43.51525319740176,16.369079584255815,133,2026-05-12T13:46:02.121820+00:00,726,1,2.411,601.958,144.66,286.258
2026-05-12T13:38:20+00:00,43.51525926729664,16.36905088322237,133,2026-05-12T13:46:02.121820+00:00,726,1,2.411,604.369,144.66,286.258
2026-05-12T13:38:21+00:00,43.51526533719152,16.369022182188928,133,2026-05-12T13:46:02.121820+00:00,726,1,2.411,606.779,144.66,286.258
2026-05-12T13:38:22+00:00,43.5152714070864,16.368993481155485,133,2026-05-12T13:46:02.121820+00:00,726,1,2.411,609.19,144.66,286.258
2026-05-12T13:38:23+00:00,43.51527747698128,16.36896478012204,133,2026-05-12T13:46:02.121820+00:00,726,1,2.411,611.601,144.66,286.258
2026-05-12T13:38:24+00:00,43.51528354687616,16.3689360790886,132,2026-05-12T13:46:02.121820+00:00,726,1,2.411,614.012,144.66,286.258
2026-05-12T13:38:25+00:00,43.51528961677104,16.368907378055155,132,2026-05-12T13:46:02.121820+00:00,726,1,2.411,616.423,144.66,286.258
2026-05-12T13:38:26+00:00,43.51529568666592,16.368878677021712,132,2026-05-12T13:46:02.121820+00:00,726,1,2.411,618.833,144.66,286.258
2026-05-12T13:38:27+00:00,43.5153017565608,16.36884997598827,132,2026-05-12T13:46:02.121820+00:00,726,1,2.411,621.244,144.66,286.258
2026-05-12T13:38:28+00:00,43.515305779874325,16.368823300581425,132,2026-05-12T13:46:02.121820+00:00,726,1,2.197,623.441,131.82,281.749
2026-05-12T13:38:29+00:00,43.51530980318785,16.368796625174582,132,2026-05-12T13:46:02.121820+00:00,726,1,2.197,625.638,131.82,281.749
2026-05-12T13:38:30+00:00,43.51531382650137,16.36876994976774,132,2026-05-12T13:46:02.121820+00:00,726,1,2.197,627.835,131.82,281.749
2026-05-12T13:38:31+00:00,43.51531784981489,16.368743274360895,132,2026-05-12T13:46:02.121820+00:00,726,1,2.197,630.033,131.82,281.749
2026-05-12T13:38:32+00:00,43.515321873128414,16.36871659895405,132,2026-05-12T13:46:02.121820+00:00,726,1,2.197,632.23,131.82,281.749
2026-05-12T13:38:33+00:00,43.51532589644194,16.36868992354721,132,2026-05-12T13:46:02.121820+00:00,726,1,2.197,634.427,131.82,281.749
2026-05-12T13:38:34+00:00,43.51532991975546,16.368663248140365,132,2026-05-12T13:46:02.121820+00:00,726,1,2.197,636.624,131.82,281.749
2026-05-12T13:38:35+00:00,43.51533394306898,16.36863657273352,132,2026-05-12T13:46:02.121820+00:00,726,1,2.197,638.821,131.82,281.749
2026-05-12T13:38:36+00:00,43.51532204076648,16.36862676590681,132,2026-05-12T13:46:02.121820+00:00,726,1,1.542,640.363,92.52,210.859
2026-05-12T13:38:37+00:00,43.51530552841723,16.368622072041035,134,2026-05-12T13:46:02.121820+00:00,726,1,1.875,642.237,112.5,191.648
2026-05-12T13:38:38+00:00,43.51528485305607,16.368614891543984,135,2026-05-12T13:46:02.121820+00:00,726,1,2.371,644.608,142.26,194.136
2026-05-12T13:38:39+00:00,43.51526417769492,16.368607711046934,136,2026-05-12T13:46:02.121820+00:00,726,1,2.371,646.979,142.26,194.136
2026-05-12T13:38:40+00:00,43.51524350233376,16.368600530549884,137,2026-05-12T13:46:02.121820+00:00,726,1,2.371,649.35,142.26,194.136
2026-05-12T13:38:41+00:00,43.51522309239954,16.368589717894793,137,2026-05-12T13:46:02.121820+00:00,726,1,2.431,651.781,145.86,201.016
2026-05-12T13:38:42+00:00,43.515202682465315,16.3685789052397,137,2026-05-12T13:46:02.121820+00:00,726,1,2.431,654.212,145.86,201.016
2026-05-12T13:38:43+00:00,43.51518110287461,16.368569570847534,137,2026-05-12T13:46:02.121820+00:00,726,1,2.515,656.727,150.9,197.416
2026-05-12T13:38:44+00:00,43.51515952328389,16.368560236455366,136,2026-05-12T13:46:02.121820+00:00,726,1,2.515,659.242,150.9,197.416
2026-05-12T13:38:45+00:00,43.51513794369318,16.368550902063195,136,2026-05-12T13:46:02.121820+00:00,726,1,2.515,661.756,150.9,197.416
2026-05-12T13:38:46+00:00,43.515116364102475,16.368541567671027,136,2026-05-12T13:46:02.121820+00:00,726,1,2.515,664.271,150.9,197.416
2026-05-12T13:38:47+00:00,43.51509478451176,16.36853223327886,135,2026-05-12T13:46:02.121820+00:00,726,1,2.515,666.786,150.9,197.416
2026-05-12T13:38:48+00:00,43.51507320492105,16.36852289888669,135,2026-05-12T13:46:02.121820+00:00,726,1,2.515,669.301,150.9,197.416
2026-05-12T13:38:49+00:00,43.51505162533034,16.368513564494524,134,2026-05-12T13:46:02.121820+00:00,726,1,2.515,671.816,150.9,197.416
2026-05-12T13:38:50+00:00,43.51503004573963,16.368504230102356,134,2026-05-12T13:46:02.121820+00:00,726,1,2.515,674.331,150.9,197.416
2026-05-12T13:38:51+00:00,43.51500846614892,16.368494895710185,134,2026-05-12T13:46:02.121820+00:00,726,1,2.515,676.845,150.9,197.416
2026-05-12T13:38:52+00:00,43.514986886558205,16.368485561318018,133,2026-05-12T13:46:02.121820+00:00,726,1,2.515,679.36,150.9,197.416
2026-05-12T13:38:53+00:00,43.5149653069675,16.36847622692585,133,2026-05-12T13:46:02.121820+00:00,726,1,2.515,681.875,150.9,197.416
2026-05-12T13:38:54+00:00,43.5149452323094,16.3684649951756,132,2026-05-12T13:46:02.121820+00:00,726,1,2.409,684.284,144.54,202.085
2026-05-12T13:38:55+00:00,43.514925157651305,16.36845376342535,132,2026-05-12T13:46:02.121820+00:00,726,1,2.409,686.693,144.54,202.085
2026-05-12T13:38:56+00:00,43.51490645403309,16.368442831028784,132,2026-05-12T13:46:02.121820+00:00,726,1,2.259,688.952,135.54,202.971
2026-05-12T13:38:57+00:00,43.514887750414864,16.36843189863222,133,2026-05-12T13:46:02.121820+00:00,726,1,2.259,691.211,135.54,202.971
2026-05-12T13:38:58+00:00,43.51486904679665,16.368420966235654,133,2026-05-12T13:46:02.121820+00:00,726,1,2.259,693.47,135.54,202.971
2026-05-12T13:38:59+00:00,43.51485034317842,16.36841003383909,134,2026-05-12T13:46:02.121820+00:00,726,1,2.259,695.728,135.54,202.971
2026-05-12T13:39:00+00:00,43.51483163956021,16.368399101442524,134,2026-05-12T13:46:02.121820+00:00,726,1,2.259,697.987,135.54,202.971
2026-05-12T13:39:01+00:00,43.51481293594198,16.36838816904596,135,2026-05-12T13:46:02.121820+00:00,726,1,2.259,700.246,135.54,202.971
2026-05-12T13:39:02+00:00,43.514794232323766,16.368377236649394,135,2026-05-12T13:46:02.121820+00:00,726,1,2.259,702.505,135.54,202.971
2026-05-12T13:39:03+00:00,43.51477752439678,16.368367192335427,136,2026-05-12T13:46:02.121820+00:00,726,1,2.027,704.532,121.62,203.556
2026-05-12T13:39:04+00:00,43.51476081646979,16.36835714802146,136,2026-05-12T13:46:02.121820+00:00,726,1,2.027,706.559,121.62,203.556
2026-05-12T13:39:05+00:00,43.5147441085428,16.368347103707492,136,2026-05-12T13:46:02.121820+00:00,726,1,2.027,708.585,121.62,203.556
2026-05-12T13:39:06+00:00,43.51472740061581,16.368337059393525,137,2026-05-12T13:46:02.121820+00:00,726,1,2.027,710.612,121.62,203.556
2026-05-12T13:39:07+00:00,43.51471069268882,16.368327015079558,138,2026-05-12T13:46:02.121820+00:00,726,1,2.027,712.639,121.62,203.556
2026-05-12T13:39:08+00:00,43.514693984761834,16.36831697076559,138,2026-05-12T13:46:02.121820+00:00,726,1,2.027,714.665,121.62,203.556
2026-05-12T13:39:09+00:00,43.51467869377562,16.36830371538443,138,2026-05-12T13:46:02.121820+00:00,726,1,2.008,716.674,120.48,212.156
2026-05-12T13:39:10+00:00,43.5146634027894,16.368290460003273,137,2026-05-12T13:46:02.121820+00:00,726,1,2.008,718.682,120.48,212.156
2026-05-12T13:39:11+00:00,43.51464811180319,16.368277204622114,137,2026-05-12T13:46:02.121820+00:00,726,1,2.008,720.69,120.48,212.156
2026-05-12T13:39:12+00:00,43.51463282081698,16.36826394924096,136,2026-05-12T13:46:02.121820+00:00,726,1,2.008,722.699,120.48,212.156
2026-05-12T13:39:13+00:00,43.514617529830765,16.3682506938598,136,2026-05-12T13:46:02.121820+00:00,726,1,2.008,724.707,120.48,212.156
2026-05-12T13:39:14+00:00,43.514602238844546,16.36823743847864,135,2026-05-12T13:46:02.121820+00:00,726,1,2.008,726.716,120.48,212.156
2026-05-12T13:39:15+00:00,43.514586947858334,16.36822418309748,135,2026-05-12T13:46:02.121820+00:00,726,1,2.008,728.724,120.48,212.156
2026-05-12T13:39:16+00:00,43.514568528626114,16.36821680702269,134,2026-05-12T13:46:02.121820+00:00,726,1,2.133,730.857,127.98,196.194
2026-05-12T13:39:17+00:00,43.514550109393895,16.3682094309479,134,2026-05-12T13:46:02.121820+00:00,726,1,2.133,732.989,127.98,196.194
2026-05-12T13:39:18+00:00,43.514531690161675,16.36820205487311,133,2026-05-12T13:46:02.121820+00:00,726,1,2.133,735.122,127.98,196.194
2026-05-12T13:39:19+00:00,43.514513270929456,16.368194678798318,132,2026-05-12T13:46:02.121820+00:00,726,1,2.133,737.255,127.98,196.194
2026-05-12T13:39:20+00:00,43.51449457928538,16.36818422935903,133,2026-05-12T13:46:02.121820+00:00,726,1,2.243,739.498,134.58,202.069
2026-05-12T13:39:21+00:00,43.51447588764131,16.368173779919744,135,2026-05-12T13:46:02.121820+00:00,726,1,2.243,741.74,134.58,202.069
2026-05-12T13:39:22+00:00,43.51445719599724,16.368163330480456,136,2026-05-12T13:46:02.121820+00:00,726,1,2.243,743.983,134.58,202.069
2026-05-12T13:39:23+00:00,43.514439198853715,16.368153391938126,136,2026-05-12T13:46:02.121820+00:00,726,1,2.156,746.139,129.36,201.825
2026-05-12T13:39:24+00:00,43.51442120171019,16.368143453395792,136,2026-05-12T13:46:02.121820+00:00,726,1,2.156,748.294,129.36,201.825
2026-05-12T13:39:25+00:00,43.51440320456667,16.36813351485346,136,2026-05-12T13:46:02.121820+00:00,726,1,2.156,750.45,129.36,201.825
2026-05-12T13:39:26+00:00,43.51438520742314,16.368123576311127,135,2026-05-12T13:46:02.121820+00:00,726,1,2.156,752.606,129.36,201.825
2026-05-12T13:39:27+00:00,43.514367210279616,16.368113637768797,135,2026-05-12T13:46:02.121820+00:00,726,1,2.156,754.762,129.36,201.825
2026-05-12T13:39:28+00:00,43.51434921313609,16.368103699226463,135,2026-05-12T13:46:02.121820+00:00,726,1,2.156,756.917,129.36,201.825
2026-05-12T13:39:29+00:00,43.51433121599257,16.368093760684133,135,2026-05-12T13:46:02.121820+00:00,726,1,2.156,759.073,129.36,201.825
2026-05-12T13:39:30+00:00,43.514312356710434,16.36808387003839,131,2026-05-12T13:46:02.121820+00:00,726,1,2.244,761.317,134.64,200.823
2026-05-12T13:39:31+00:00,43.51429274305701,16.36807406321168,127,2026-05-12T13:46:02.121820+00:00,726,1,2.32,763.636,139.2,199.931
2026-05-12T13:39:32+00:00,43.514272375032306,16.36806262191385,125,2026-05-12T13:46:02.121820+00:00,726,1,2.446,766.082,146.76,202.164
2026-05-12T13:39:33+00:00,43.5142520070076,16.36805118061602,123,2026-05-12T13:46:02.121820+00:00,726,1,2.446,768.528,146.76,202.164
2026-05-12T13:39:34+00:00,43.51423315969961,16.36804174498788,124,2026-05-12T13:46:02.121820+00:00,726,1,2.23,770.757,133.8,199.954
2026-05-12T13:39:35+00:00,43.51421431239162,16.368032309359737,124,2026-05-12T13:46:02.121820+00:00,726,1,2.23,772.987,133.8,199.954
2026-05-12T13:39:36+00:00,43.51419546508363,16.368022873731597,125,2026-05-12T13:46:02.121820+00:00,726,1,2.23,775.216,133.8,199.954
2026-05-12T13:39:37+00:00,43.51417661777565,16.368013438103453,125,2026-05-12T13:46:02.121820+00:00,726,1,2.23,777.446,133.8,199.954
2026-05-12T13:39:38+00:00,43.514157770467655,16.368004002475313,126,2026-05-12T13:46:02.121820+00:00,726,1,2.23,779.675,133.8,199.954
2026-05-12T13:39:39+00:00,43.51413892315967,16.36799456684717,126,2026-05-12T13:46:02.121820+00:00,726,1,2.23,781.905,133.8,199.954
2026-05-12T13:39:40+00:00,43.51412007585168,16.36798513121903,127,2026-05-12T13:46:02.121820+00:00,726,1,2.23,784.135,133.8,199.954
2026-05-12T13:39:41+00:00,43.51410264149308,16.367972642183304,129,2026-05-12T13:46:02.121820+00:00,726,1,2.185,786.319,131.1,207.452
2026-05-12T13:39:42+00:00,43.51408481597901,16.367959803901613,128,2026-05-12T13:46:02.121820+00:00,726,1,2.236,788.555,134.16,207.578
2026-05-12T13:39:43+00:00,43.514066990464926,16.36794696561992,128,2026-05-12T13:46:02.121820+00:00,726,1,2.236,790.792,134.16,207.578
2026-05-12T13:39:44+00:00,43.51404916495085,16.36793412733823,127,2026-05-12T13:46:02.121820+00:00,726,1,2.236,793.028,134.16,207.578
2026-05-12T13:39:45+00:00,43.51403133943677,16.36792128905654,126,2026-05-12T13:46:02.121820+00:00,726,1,2.236,795.264,134.16,207.578
2026-05-12T13:39:46+00:00,43.51401351392269,16.36790845077485,126,2026-05-12T13:46:02.121820+00:00,726,1,2.236,797.5,134.16,207.578
2026-05-12T13:39:47+00:00,43.51399568840861,16.367895612493157,125,2026-05-12T13:46:02.121820+00:00,726,1,2.236,799.736,134.16,207.578
2026-05-12T13:39:48+00:00,43.513977667316794,16.367885218933225,123,2026-05-12T13:46:02.121820+00:00,726,1,2.172,801.908,130.32,202.698
2026-05-12T13:39:49+00:00,43.513959646224976,16.367874825373292,121,2026-05-12T13:46:02.121820+00:00,726,1,2.172,804.08,130.32,202.698
2026-05-12T13:39:50+00:00,43.51394148543477,16.36786432005465,121,2026-05-12T13:46:02.121820+00:00,726,1,2.19,806.27,131.4,202.758
2026-05-12T13:39:51+00:00,43.513923324644566,16.36785381473601,121,2026-05-12T13:46:02.121820+00:00,726,1,2.19,808.46,131.4,202.758
2026-05-12T13:39:52+00:00,43.51390516385436,16.367843309417367,121,2026-05-12T13:46:02.121820+00:00,726,1,2.19,810.65,131.4,202.758
2026-05-12T13:39:53+00:00,43.51388729643077,16.367831910029054,120,2026-05-12T13:46:02.121820+00:00,726,1,2.189,812.839,131.34,204.829
2026-05-12T13:39:54+00:00,43.51386942900717,16.36782051064074,119,2026-05-12T13:46:02.121820+00:00,726,1,2.189,815.028,131.34,204.829
2026-05-12T13:39:55+00:00,43.51385156158358,16.367809111252427,118,2026-05-12T13:46:02.121820+00:00,726,1,2.189,817.217,131.34,204.829
2026-05-12T13:39:56+00:00,43.513833694159985,16.367797711864114,118,2026-05-12T13:46:02.121820+00:00,726,1,2.189,819.407,131.34,204.829
2026-05-12T13:39:57+00:00,43.51381582673639,16.3677863124758,117,2026-05-12T13:46:02.121820+00:00,726,1,2.189,821.596,131.34,204.829
2026-05-12T13:39:58+00:00,43.5137979593128,16.367774913087487,116,2026-05-12T13:46:02.121820+00:00,726,1,2.189,823.785,131.34,204.829
2026-05-12T13:39:59+00:00,43.51377901621163,16.367762256413698,112,2026-05-12T13:46:02.121820+00:00,726,1,2.341,826.125,140.46,205.852
2026-05-12T13:40:00+00:00,43.513761959038675,16.367748300544918,113,2026-05-12T13:46:02.121820+00:00,726,1,2.205,828.331,132.3,210.683
2026-05-12T13:40:01+00:00,43.51374490186572,16.367734344676137,114,2026-05-12T13:46:02.121820+00:00,726,1,2.205,830.536,132.3,210.683
2026-05-12T13:40:02+00:00,43.51372784469277,16.367720388807356,116,2026-05-12T13:46:02.121820+00:00,726,1,2.205,832.742,132.3,210.683
2026-05-12T13:40:03+00:00,43.51371078751981,16.367706432938576,117,2026-05-12T13:46:02.121820+00:00,726,1,2.205,834.947,132.3,210.683
2026-05-12T13:40:04+00:00,43.51369343698025,16.36769293807447,120,2026-05-12T13:46:02.121820+00:00,726,1,2.215,837.162,132.9,209.425
2026-05-12T13:40:05+00:00,43.513677176088095,16.367680616676807,123,2026-05-12T13:46:02.121820+00:00,726,1,2.063,839.225,123.78,208.789
2026-05-12T13:40:06+00:00,43.513660579919815,16.367669384926558,126,2026-05-12T13:46:02.121820+00:00,726,1,2.056,841.281,123.36,206.142
2026-05-12T13:40:07+00:00,43.51364401169121,16.36765762232244,126,2026-05-12T13:46:02.121820+00:00,726,1,2.072,843.353,124.32,207.242
2026-05-12T13:40:08+00:00,43.51362744346261,16.367645859718323,125,2026-05-12T13:46:02.121820+00:00,726,1,2.072,845.425,124.32,207.242
2026-05-12T13:40:09+00:00,43.51361087523401,16.367634097114205,124,2026-05-12T13:46:02.121820+00:00,726,1,2.072,847.497,124.32,207.242
2026-05-12T13:40:10+00:00,43.513594307005405,16.367622334510088,124,2026-05-12T13:46:02.121820+00:00,726,1,2.072,849.57,124.32,207.242
2026-05-12T13:40:11+00:00,43.5135777387768,16.36761057190597,124,2026-05-12T13:46:02.121820+00:00,726,1,2.072,851.642,124.32,207.242
2026-05-12T13:40:12+00:00,43.5135611705482,16.367598809301853,123,2026-05-12T13:46:02.121820+00:00,726,1,2.072,853.714,124.32,207.242
2026-05-12T13:40:13+00:00,43.51354490965605,16.36758570559323,123,2026-05-12T13:46:02.121820+00:00,726,1,2.094,855.808,125.64,210.302
2026-05-12T13:40:14+00:00,43.513528648763895,16.367572601884604,124,2026-05-12T13:46:02.121820+00:00,726,1,2.094,857.902,125.64,210.302
2026-05-12T13:40:15+00:00,43.51351238787174,16.36755949817598,124,2026-05-12T13:46:02.121820+00:00,726,1,2.094,859.997,125.64,210.302
2026-05-12T13:40:16+00:00,43.51349428296089,16.367544969543815,122,2026-05-12T13:46:02.121820+00:00,726,1,2.329,862.326,139.74,210.198
2026-05-12T13:40:17+00:00,43.51347617805004,16.36753044091165,120,2026-05-12T13:46:02.121820+00:00,726,1,2.329,864.655,139.74,210.198
2026-05-12T13:40:18+00:00,43.51345807313919,16.367515912279487,118,2026-05-12T13:46:02.121820+00:00,726,1,2.329,866.984,139.74,210.198
2026-05-12T13:40:19+00:00,43.513439716771245,16.367503255605698,115,2026-05-12T13:46:02.121820+00:00,726,1,2.282,869.266,136.92,206.567
2026-05-12T13:40:20+00:00,43.51342144422233,16.36749168857932,110,2026-05-12T13:46:02.121820+00:00,726,1,2.236,871.502,134.16,204.659
2026-05-12T13:40:21+00:00,43.513403611723334,16.36747875949368,111,2026-05-12T13:46:02.121820+00:00,726,1,2.24,873.742,134.4,207.735
2026-05-12T13:40:22+00:00,43.513385779224336,16.367465830408037,112,2026-05-12T13:46:02.121820+00:00,726,1,2.24,875.983,134.4,207.735
2026-05-12T13:40:23+00:00,43.51336794672534,16.367452901322395,113,2026-05-12T13:46:02.121820+00:00,726,1,2.24,878.223,134.4,207.735
2026-05-12T13:40:24+00:00,43.51335011422634,16.367439972236753,114,2026-05-12T13:46:02.121820+00:00,726,1,2.24,880.463,134.4,207.735
2026-05-12T13:40:25+00:00,43.51333645172417,16.36742706410587,117,2026-05-12T13:46:02.121820+00:00,726,1,1.842,882.305,110.52,214.418
2026-05-12T13:40:26+00:00,43.51332211866975,16.367416502907872,120,2026-05-12T13:46:02.121820+00:00,726,1,1.807,884.112,108.42,208.119
2026-05-12T13:40:27+00:00,43.51330669596791,16.36740275658667,122,2026-05-12T13:46:02.121820+00:00,726,1,2.042,886.154,122.52,212.878
2026-05-12T13:40:28+00:00,43.51329065859318,16.367386747151613,120,2026-05-12T13:46:02.121820+00:00,726,1,2.202,888.355,132.12,215.903
2026-05-12T13:40:29+00:00,43.51327462121844,16.367370737716556,117,2026-05-12T13:46:02.121820+00:00,726,1,2.202,890.557,132.12,215.903
2026-05-12T13:40:30+00:00,43.51325858384371,16.367354728281498,115,2026-05-12T13:46:02.121820+00:00,726,1,2.202,892.759,132.12,215.903
2026-05-12T13:40:31+00:00,43.51324458606541,16.367339682765305,112,2026-05-12T13:46:02.121820+00:00,726,1,1.973,894.732,118.38,217.936
2026-05-12T13:40:32+00:00,43.513230588287115,16.367324637249112,110,2026-05-12T13:46:02.121820+00:00,726,1,1.973,896.706,118.38,217.936
2026-05-12T13:40:33+00:00,43.51321667432785,16.367312148213387,107,2026-05-12T13:46:02.121820+00:00,726,1,1.846,898.552,110.76,213.062
2026-05-12T13:40:34+00:00,43.51320116780698,16.367298932746053,108,2026-05-12T13:46:02.121820+00:00,726,1,2.027,900.579,121.62,211.719
2026-05-12T13:40:35+00:00,43.51318566128611,16.36728571727872,110,2026-05-12T13:46:02.121820+00:00,726,1,2.027,902.606,121.62,211.719
2026-05-12T13:40:36+00:00,43.51317015476525,16.367272501811385,111,2026-05-12T13:46:02.121820+00:00,726,1,2.027,904.633,121.62,211.719
2026-05-12T13:40:37+00:00,43.51315489970147,16.367257749661803,115,2026-05-12T13:46:02.121820+00:00,726,1,2.072,906.704,124.32,215.042
2026-05-12T13:40:38+00:00,43.513137800619006,16.36724098585546,118,2026-05-12T13:46:02.121820+00:00,726,1,2.333,909.037,139.98,215.413
2026-05-12T13:40:39+00:00,43.51312095299363,16.36722458526492,117,2026-05-12T13:46:02.121820+00:00,726,1,2.293,911.331,137.58,215.221
2026-05-12T13:40:40+00:00,43.51310410536826,16.367208184674382,115,2026-05-12T13:46:02.121820+00:00,726,1,2.293,913.624,137.58,215.221
2026-05-12T13:40:41+00:00,43.51308725774288,16.367191784083843,114,2026-05-12T13:46:02.121820+00:00,726,1,2.293,915.917,137.58,215.221
2026-05-12T13:40:42+00:00,43.51307024247944,16.367174768820405,110,2026-05-12T13:46:02.121820+00:00,726,1,2.337,918.254,140.22,215.95
2026-05-12T13:40:43+00:00,43.5130534786731,16.36715641245246,106,2026-05-12T13:46:02.121820+00:00,726,1,2.38,920.634,142.8,218.454
2026-05-12T13:40:44+00:00,43.51303688250482,16.367139942012727,104,2026-05-12T13:46:02.121820+00:00,726,1,2.274,922.908,136.44,215.743
2026-05-12T13:40:45+00:00,43.51302028633654,16.367123471572995,103,2026-05-12T13:46:02.121820+00:00,726,1,2.274,925.182,136.44,215.743
2026-05-12T13:40:46+00:00,43.513006288558245,16.36710835620761,104,2026-05-12T13:46:02.121820+00:00,726,1,1.977,927.159,118.62,218.065
2026-05-12T13:40:47+00:00,43.51299229077995,16.367093240842223,105,2026-05-12T13:46:02.121820+00:00,726,1,1.977,929.136,118.62,218.065
2026-05-12T13:40:48+00:00,43.51297829300165,16.367078125476837,106,2026-05-12T13:46:02.121820+00:00,726,1,1.977,931.113,118.62,218.065
2026-05-12T13:40:49+00:00,43.51296924054623,16.367060439661145,109,2026-05-12T13:46:02.121820+00:00,726,1,1.746,932.858,104.76,234.786
2026-05-12T13:40:50+00:00,43.51295867934823,16.367043675854802,112,2026-05-12T13:46:02.121820+00:00,726,1,1.791,934.649,107.46,229.019
2026-05-12T13:40:51+00:00,43.51294430438429,16.36703034862876,110,2026-05-12T13:46:02.121820+00:00,726,1,1.926,936.575,115.56,213.915
2026-05-12T13:40:52+00:00,43.51292992942035,16.367017021402717,109,2026-05-12T13:46:02.121820+00:00,726,1,1.926,938.501,115.56,213.915
2026-05-12T13:40:53+00:00,43.512915244325995,16.366998732089996,107,2026-05-12T13:46:02.121820+00:00,726,1,2.2,940.702,132.0,222.089
2026-05-12T13:40:54+00:00,43.51290055923164,16.366980442777276,106,2026-05-12T13:46:02.121820+00:00,726,1,2.2,942.902,132.0,222.089
2026-05-12T13:40:55+00:00,43.51288587413728,16.366962153464556,104,2026-05-12T13:46:02.121820+00:00,726,1,2.2,945.102,132.0,222.089
2026-05-12T13:40:56+00:00,43.512871189042926,16.366943864151835,103,2026-05-12T13:46:02.121820+00:00,726,1,2.2,947.303,132.0,222.089
2026-05-12T13:40:57+00:00,43.51285650394857,16.366925574839115,101,2026-05-12T13:46:02.121820+00:00,726,1,2.2,949.503,132.0,222.089
2026-05-12T13:40:58+00:00,43.5128436377272,16.36690721847117,101,2026-05-12T13:46:02.121820+00:00,726,1,2.059,951.562,123.54,225.976
2026-05-12T13:40:59+00:00,43.51283077150583,16.366888862103224,101,2026-05-12T13:46:02.121820+00:00,726,1,2.059,953.62,123.54,225.976
2026-05-12T13:41:00+00:00,43.512817695736885,16.36687100864947,105,2026-05-12T13:46:02.121820+00:00,726,1,2.046,955.667,122.76,224.718
2026-05-12T13:41:01+00:00,43.51280411705375,16.36685843579471,110,2026-05-12T13:46:02.121820+00:00,726,1,1.819,957.485,109.14,213.881
2026-05-12T13:41:02+00:00,43.51278676651418,16.366842216812074,112,2026-05-12T13:46:02.121820+00:00,726,1,2.331,959.816,139.86,214.134
2026-05-12T13:41:03+00:00,43.51276941597462,16.366825997829437,113,2026-05-12T13:46:02.121820+00:00,726,1,2.331,962.147,139.86,214.134
2026-05-12T13:41:04+00:00,43.512754454277456,16.366810030303895,114,2026-05-12T13:46:02.121820+00:00,726,1,2.104,964.251,126.24,217.739
2026-05-12T13:41:05+00:00,43.512739492580295,16.366794062778354,114,2026-05-12T13:46:02.121820+00:00,726,1,2.104,966.354,126.24,217.739
2026-05-12T13:41:06+00:00,43.51272453088313,16.366778095252812,115,2026-05-12T13:46:02.121820+00:00,726,1,2.104,968.458,126.24,217.739
2026-05-12T13:41:07+00:00,43.51270956918597,16.36676212772727,116,2026-05-12T13:46:02.121820+00:00,726,1,2.104,970.562,126.24,217.739
2026-05-12T13:41:08+00:00,43.51269531995058,16.36674775276333,117,2026-05-12T13:46:02.121820+00:00,726,1,1.963,972.525,117.78,216.19
2026-05-12T13:41:09+00:00,43.51268107071519,16.36673337779939,118,2026-05-12T13:46:02.121820+00:00,726,1,1.963,974.488,117.78,216.19
2026-05-12T13:41:10+00:00,43.5126702580601,16.3667156919837,121,2026-05-12T13:46:02.121820+00:00,726,1,1.865,976.354,111.9,229.869
2026-05-12T13:41:11+00:00,43.51266874931753,16.366698341444135,123,2026-05-12T13:46:02.121820+00:00,726,1,1.409,977.763,84.54,263.163
2026-05-12T13:41:12+00:00,43.51266724057496,16.36668099090457,124,2026-05-12T13:46:02.121820+00:00,726,1,1.409,979.172,84.54,263.163
2026-05-12T13:41:13+00:00,43.512665731832385,16.366663640365005,126,2026-05-12T13:46:02.121820+00:00,726,1,1.409,980.581,84.54,263.163
2026-05-12T13:41:14+00:00,43.512671096250415,16.366652827709913,126,2026-05-12T13:46:02.121820+00:00,726,1,1.056,981.638,63.36,304.376
2026-05-12T13:41:15+00:00,43.512680400162935,16.366637982428074,126,2026-05-12T13:46:02.121820+00:00,726,1,1.582,983.22,94.92,310.833
2026-05-12T13:41:16+00:00,43.512689704075456,16.366623137146235,126,2026-05-12T13:46:02.121820+00:00,726,1,1.582,984.802,94.92,310.833
2026-05-12T13:41:17+00:00,43.512699007987976,16.366608291864395,126,2026-05-12T13:46:02.121820+00:00,726,1,1.582,986.384,94.92,310.833
2026-05-12T13:41:18+00:00,43.5127083119005,16.366593446582556,126,2026-05-12T13:46:02.121820+00:00,726,1,1.582,987.967,94.92,310.833
2026-05-12T13:41:19+00:00,43.51271761581302,16.366578601300716,126,2026-05-12T13:46:02.121820+00:00,726,1,1.582,989.549,94.92,310.833
2026-05-12T13:41:20+00:00,43.51272691972554,16.366563756018877,126,2026-05-12T13:46:02.121820+00:00,726,1,1.582,991.131,94.92,310.833
2026-05-12T13:41:21+00:00,43.51273622363806,16.366548910737038,126,2026-05-12T13:46:02.121820+00:00,726,1,1.582,992.713,94.92,310.833
2026-05-12T13:41:22+00:00,43.51274552755058,16.3665340654552,126,2026-05-12T13:46:02.121820+00:00,726,1,1.582,994.296,94.92,310.833
2026-05-12T13:41:23+00:00,43.5127548314631,16.36651922017336,126,2026-05-12T13:46:02.121820+00:00,726,1,1.582,995.878,94.92,310.833
2026-05-12T13:41:24+00:00,43.51276824250817,16.366501073352993,124,2026-05-12T13:46:02.121820+00:00,726,1,2.089,997.967,125.34,315.54
2026-05-12T13:41:25+00:00,43.51278165355325,16.366482926532626,121,2026-05-12T13:46:02.121820+00:00,726,1,2.089,1000.056,125.34,315.54
2026-05-12T13:41:26+00:00,43.51279435213655,16.366462181322277,120,2026-05-12T13:46:02.121820+00:00,726,1,2.189,1002.246,131.34,310.166
2026-05-12T13:41:27+00:00,43.51280705071986,16.366441436111927,118,2026-05-12T13:46:02.121820+00:00,726,1,2.189,1004.435,131.34,310.166
2026-05-12T13:41:28+00:00,43.51282018236816,16.366419475525618,119,2026-05-12T13:46:02.121820+00:00,726,1,2.295,1006.73,137.7,309.507
2026-05-12T13:41:29+00:00,43.51283331401646,16.366397514939308,120,2026-05-12T13:46:02.121820+00:00,726,1,2.295,1009.025,137.7,309.507
2026-05-12T13:41:30+00:00,43.51284644566476,16.366375554353,121,2026-05-12T13:46:02.121820+00:00,726,1,2.295,1011.321,137.7,309.507
2026-05-12T13:41:31+00:00,43.51285935379565,16.36635420843959,122,2026-05-12T13:46:02.121820+00:00,726,1,2.241,1013.562,134.46,309.822
2026-05-12T13:41:32+00:00,43.51287226192653,16.36633286252618,123,2026-05-12T13:46:02.121820+00:00,726,1,2.241,1015.803,134.46,309.822
2026-05-12T13:41:33+00:00,43.512885170057416,16.366311516612768,124,2026-05-12T13:46:02.121820+00:00,726,1,2.241,1018.044,134.46,309.822
2026-05-12T13:41:34+00:00,43.51290008984506,16.366290729492903,124,2026-05-12T13:46:02.121820+00:00,726,1,2.358,1020.403,141.48,314.703
2026-05-12T13:41:35+00:00,43.51291308179498,16.366271367296576,125,2026-05-12T13:46:02.121820+00:00,726,1,2.127,1022.53,127.62,312.776
2026-05-12T13:41:36+00:00,43.51292607374489,16.36625200510025,126,2026-05-12T13:46:02.121820+00:00,726,1,2.127,1024.657,127.62,312.776
2026-05-12T13:41:37+00:00,43.51293906569481,16.366232642903924,127,2026-05-12T13:46:02.121820+00:00,726,1,2.127,1026.784,127.62,312.776
2026-05-12T13:41:38+00:00,43.51295138709247,16.366209065807716,127,2026-05-12T13:46:02.121820+00:00,726,1,2.343,1029.128,140.58,305.777
2026-05-12T13:41:39+00:00,43.51296370849013,16.366185488711512,126,2026-05-12T13:46:02.121820+00:00,726,1,2.343,1031.471,140.58,305.777
2026-05-12T13:41:40+00:00,43.512976029887795,16.366161911615304,126,2026-05-12T13:46:02.121820+00:00,726,1,2.343,1033.815,140.58,305.777
2026-05-12T13:41:41+00:00,43.51298835128546,16.366138334519096,125,2026-05-12T13:46:02.121820+00:00,726,1,2.343,1036.158,140.58,305.777
2026-05-12T13:41:42+00:00,43.51300067268312,16.36611475742289,125,2026-05-12T13:46:02.121820+00:00,726,1,2.343,1038.502,140.58,305.777
2026-05-12T13:41:43+00:00,43.51301299408078,16.366091180326684,124,2026-05-12T13:46:02.121820+00:00,726,1,2.343,1040.845,140.58,305.777
2026-05-12T13:41:44+00:00,43.51302531547845,16.366067603230476,124,2026-05-12T13:46:02.121820+00:00,726,1,2.343,1043.189,140.58,305.777
2026-05-12T13:41:45+00:00,43.51303922943771,16.366046564653516,121,2026-05-12T13:46:02.121820+00:00,726,1,2.296,1045.485,137.76,312.363
2026-05-12T13:41:46+00:00,43.513052221387625,16.36602720245719,121,2026-05-12T13:46:02.121820+00:00,726,1,2.127,1047.612,127.62,312.776
2026-05-12T13:41:47+00:00,43.51306602104821,16.366006605835125,121,2026-05-12T13:46:02.121820+00:00,726,1,2.261,1049.873,135.66,312.733
2026-05-12T13:41:48+00:00,43.5130798207088,16.365986009213056,121,2026-05-12T13:46:02.121820+00:00,726,1,2.261,1052.134,135.66,312.733
2026-05-12T13:41:49+00:00,43.51309362036938,16.36596541259099,121,2026-05-12T13:46:02.121820+00:00,726,1,2.261,1054.396,135.66,312.733
2026-05-12T13:41:50+00:00,43.51310742002997,16.365944815968927,121,2026-05-12T13:46:02.121820+00:00,726,1,2.261,1056.657,135.66,312.734
2026-05-12T13:41:51+00:00,43.513121219690554,16.36592421934686,121,2026-05-12T13:46:02.121820+00:00,726,1,2.261,1058.918,135.66,312.734
2026-05-12T13:41:52+00:00,43.51313501935113,16.365903622724794,121,2026-05-12T13:46:02.121820+00:00,726,1,2.261,1061.179,135.66,312.734
2026-05-12T13:41:53+00:00,43.51314881901172,16.365883026102725,121,2026-05-12T13:46:02.121820+00:00,726,1,2.261,1063.441,135.66,312.734
2026-05-12T13:41:54+00:00,43.513162618672304,16.36586242948066,121,2026-05-12T13:46:02.121820+00:00,726,1,2.261,1065.702,135.66,312.734
2026-05-12T13:41:55+00:00,43.51317641833289,16.365841832858596,121,2026-05-12T13:46:02.121820+00:00,726,1,2.261,1067.963,135.66,312.734
2026-05-12T13:41:56+00:00,43.513190217993476,16.365821236236528,121,2026-05-12T13:46:02.121820+00:00,726,1,2.261,1070.224,135.66,312.734
2026-05-12T13:41:57+00:00,43.51320401765406,16.365800639614463,121,2026-05-12T13:46:02.121820+00:00,726,1,2.261,1072.486,135.66,312.734
2026-05-12T13:41:58+00:00,43.51321685872972,16.365777673199773,122,2026-05-12T13:46:02.121820+00:00,726,1,2.339,1074.824,140.34,307.631
2026-05-12T13:41:59+00:00,43.51322969980538,16.365754706785083,122,2026-05-12T13:46:02.121820+00:00,726,1,2.339,1077.163,140.34,307.631
2026-05-12T13:42:00+00:00,43.51324254088104,16.365731740370393,123,2026-05-12T13:46:02.121820+00:00,726,1,2.339,1079.501,140.34,307.631
2026-05-12T13:42:01+00:00,43.5132553819567,16.365708773955703,123,2026-05-12T13:46:02.121820+00:00,726,1,2.339,1081.84,140.34,307.631
2026-05-12T13:42:02+00:00,43.513268223032355,16.365685807541013,124,2026-05-12T13:46:02.121820+00:00,726,1,2.339,1084.178,140.34,307.631
2026-05-12T13:42:03+00:00,43.51328132674098,16.365662924945354,123,2026-05-12T13:46:02.121820+00:00,726,1,2.351,1086.529,141.06,308.296
2026-05-12T13:42:04+00:00,43.513294430449605,16.365640042349696,121,2026-05-12T13:46:02.121820+00:00,726,1,2.351,1088.881,141.06,308.296
2026-05-12T13:42:05+00:00,43.51330753415823,16.365617159754038,120,2026-05-12T13:46:02.121820+00:00,726,1,2.351,1091.232,141.06,308.296
2026-05-12T13:42:06+00:00,43.513319310732186,16.365594821982086,118,2026-05-12T13:46:02.121820+00:00,726,1,2.227,1093.459,133.62,306.016
2026-05-12T13:42:07+00:00,43.51333108730614,16.365572484210134,116,2026-05-12T13:46:02.121820+00:00,726,1,2.227,1095.686,133.62,306.016
2026-05-12T13:42:08+00:00,43.51334081031382,16.36555328965187,116,2026-05-12T13:46:02.121820+00:00,726,1,1.888,1097.574,113.28,304.934
2026-05-12T13:42:09+00:00,43.51335155591369,16.365531949326396,117,2026-05-12T13:46:02.121820+00:00,726,1,2.095,1099.669,125.7,304.773
2026-05-12T13:42:10+00:00,43.51336230151355,16.36551060900092,117,2026-05-12T13:46:02.121820+00:00,726,1,2.095,1101.764,125.7,304.773
2026-05-12T13:42:11+00:00,43.51337304711342,16.365489268675447,118,2026-05-12T13:46:02.121820+00:00,726,1,2.095,1103.859,125.7,304.773
2026-05-12T13:42:12+00:00,43.51338379271328,16.36546792834997,118,2026-05-12T13:46:02.121820+00:00,726,1,2.095,1105.954,125.7,304.773
2026-05-12T13:42:13+00:00,43.51339453831315,16.365446588024497,119,2026-05-12T13:46:02.121820+00:00,726,1,2.095,1108.049,125.7,304.773
2026-05-12T13:42:14+00:00,43.513405758089256,16.365422903160965,119,2026-05-12T13:46:02.121820+00:00,726,1,2.281,1110.33,136.86,303.153
2026-05-12T13:42:15+00:00,43.513416977865354,16.36539921829743,120,2026-05-12T13:46:02.121820+00:00,726,1,2.281,1112.612,136.86,303.153
2026-05-12T13:42:16+00:00,43.51342819764146,16.365375533433898,120,2026-05-12T13:46:02.121820+00:00,726,1,2.281,1114.893,136.86,303.153
2026-05-12T13:42:17+00:00,43.51343941741756,16.365351848570363,121,2026-05-12T13:46:02.121820+00:00,726,1,2.281,1117.174,136.86,303.153
2026-05-12T13:42:18+00:00,43.513450637193664,16.36532816370683,121,2026-05-12T13:46:02.121820+00:00,726,1,2.281,1119.455,136.86,303.153
2026-05-12T13:42:19+00:00,43.51346185696976,16.365304478843296,122,2026-05-12T13:46:02.121820+00:00,726,1,2.281,1121.737,136.86,303.153
2026-05-12T13:42:20+00:00,43.51347307674587,16.365280793979764,122,2026-05-12T13:46:02.121820+00:00,726,1,2.281,1124.018,136.86,303.153
2026-05-12T13:42:21+00:00,43.51348472759128,16.365256486460567,122,2026-05-12T13:46:02.121820+00:00,726,1,2.35,1126.368,141.0,303.462
2026-05-12T13:42:22+00:00,43.51349646225571,16.365232346579432,125,2026-05-12T13:46:02.121820+00:00,726,1,2.344,1128.711,140.64,303.834
2026-05-12T13:42:23+00:00,43.513506724100026,16.365210362044827,124,2026-05-12T13:46:02.121820+00:00,726,1,2.108,1130.819,126.48,302.767
2026-05-12T13:42:24+00:00,43.51351698594434,16.365188377510226,124,2026-05-12T13:46:02.121820+00:00,726,1,2.108,1132.928,126.48,302.767
2026-05-12T13:42:25+00:00,43.51352724778865,16.36516639297562,123,2026-05-12T13:46:02.121820+00:00,726,1,2.108,1135.036,126.48,302.767
2026-05-12T13:42:26+00:00,43.51353750963296,16.365144408441015,122,2026-05-12T13:46:02.121820+00:00,726,1,2.108,1137.144,126.48,302.767
2026-05-12T13:42:27+00:00,43.51354777147727,16.36512242390641,121,2026-05-12T13:46:02.121820+00:00,726,1,2.108,1139.253,126.48,302.767
2026-05-12T13:42:28+00:00,43.51355803332159,16.36510043937181,121,2026-05-12T13:46:02.121820+00:00,726,1,2.108,1141.361,126.48,302.767
2026-05-12T13:42:29+00:00,43.513568295165896,16.365078454837203,120,2026-05-12T13:46:02.121820+00:00,726,1,2.108,1143.469,126.48,302.767
2026-05-12T13:42:30+00:00,43.51358015555888,16.36505733244121,118,2026-05-12T13:46:02.121820+00:00,726,1,2.154,1145.624,129.24,307.749
2026-05-12T13:42:31+00:00,43.51359201595187,16.36503621004522,117,2026-05-12T13:46:02.121820+00:00,726,1,2.154,1147.778,129.24,307.749
2026-05-12T13:42:32+00:00,43.51360324770212,16.365011148154736,116,2026-05-12T13:46:02.121820+00:00,726,1,2.376,1150.153,142.56,301.715
2026-05-12T13:42:33+00:00,43.513613959774375,16.364988290704787,116,2026-05-12T13:46:02.121820+00:00,726,1,2.195,1152.348,131.7,302.871
2026-05-12T13:42:34+00:00,43.51362467184663,16.364965433254838,117,2026-05-12T13:46:02.121820+00:00,726,1,2.195,1154.543,131.7,302.871
2026-05-12T13:42:35+00:00,43.51363538391888,16.36494257580489,117,2026-05-12T13:46:02.121820+00:00,726,1,2.195,1156.737,131.7,302.871
2026-05-12T13:42:36+00:00,43.513646095991135,16.36491971835494,117,2026-05-12T13:46:02.121820+00:00,726,1,2.195,1158.932,131.7,302.871
2026-05-12T13:42:37+00:00,43.51365680806339,16.36489686090499,118,2026-05-12T13:46:02.121820+00:00,726,1,2.195,1161.126,131.7,302.871
2026-05-12T13:42:38+00:00,43.51366752013564,16.364874003455043,118,2026-05-12T13:46:02.121820+00:00,726,1,2.195,1163.321,131.7,302.871
2026-05-12T13:42:39+00:00,43.513678232207894,16.364851146005094,118,2026-05-12T13:46:02.121820+00:00,726,1,2.195,1165.516,131.7,302.871
2026-05-12T13:42:40+00:00,43.51368894428015,16.364828288555145,118,2026-05-12T13:46:02.121820+00:00,726,1,2.195,1167.71,131.7,302.871
2026-05-12T13:42:41+00:00,43.5136996563524,16.364805431105196,119,2026-05-12T13:46:02.121820+00:00,726,1,2.195,1169.905,131.7,302.871
2026-05-12T13:42:42+00:00,43.513710368424654,16.364782573655248,119,2026-05-12T13:46:02.121820+00:00,726,1,2.195,1172.099,131.7,302.871
2026-05-12T13:42:43+00:00,43.51372092962265,16.364760110154748,120,2026-05-12T13:46:02.121820+00:00,726,1,2.159,1174.258,129.54,302.955
2026-05-12T13:42:44+00:00,43.513731718329446,16.364736018170202,120,2026-05-12T13:46:02.121820+00:00,726,1,2.283,1176.541,136.98,301.695
2026-05-12T13:42:45+00:00,43.51374250703624,16.36471192618566,119,2026-05-12T13:46:02.121820+00:00,726,1,2.283,1178.825,136.98,301.695
2026-05-12T13:42:46+00:00,43.51375329574304,16.364687834201114,119,2026-05-12T13:46:02.121820+00:00,726,1,2.283,1181.108,136.98,301.695
2026-05-12T13:42:47+00:00,43.51376408444984,16.36466374221657,118,2026-05-12T13:46:02.121820+00:00,726,1,2.283,1183.391,136.98,301.695
2026-05-12T13:42:48+00:00,43.513774873156635,16.364639650232025,118,2026-05-12T13:46:02.121820+00:00,726,1,2.283,1185.675,136.98,301.695
2026-05-12T13:42:49+00:00,43.51378566186343,16.364615558247483,117,2026-05-12T13:46:02.121820+00:00,726,1,2.283,1187.958,136.98,301.695
2026-05-12T13:42:50+00:00,43.513796450570226,16.364591466262937,117,2026-05-12T13:46:02.121820+00:00,726,1,2.283,1190.241,136.98,301.695
2026-05-12T13:42:51+00:00,43.51380676031113,16.364566069096327,117,2026-05-12T13:46:02.121820+00:00,726,1,2.347,1192.588,140.82,299.238
2026-05-12T13:42:52+00:00,43.51381707005203,16.364540671929717,117,2026-05-12T13:46:02.121820+00:00,726,1,2.347,1194.935,140.82,299.238
2026-05-12T13:42:53+00:00,43.51382737979293,16.364515274763107,117,2026-05-12T13:46:02.121820+00:00,726,1,2.347,1197.282,140.82,299.238
2026-05-12T13:42:54+00:00,43.51383768953383,16.364489877596498,117,2026-05-12T13:46:02.121820+00:00,726,1,2.347,1199.629,140.82,299.238
2026-05-12T13:42:55+00:00,43.51384799927473,16.364464480429888,117,2026-05-12T13:46:02.121820+00:00,726,1,2.347,1201.977,140.82,299.238
2026-05-12T13:42:56+00:00,43.5138585884124,16.36444140225649,118,2026-05-12T13:46:02.121820+00:00,726,1,2.202,1204.179,132.12,302.321
2026-05-12T13:42:57+00:00,43.51386917755008,16.36441832408309,119,2026-05-12T13:46:02.121820+00:00,726,1,2.202,1206.381,132.12,302.321
2026-05-12T13:42:58+00:00,43.51387976668775,16.36439524590969,120,2026-05-12T13:46:02.121820+00:00,726,1,2.202,1208.583,132.12,302.321
2026-05-12T13:42:59+00:00,43.5138906002976,16.36436794186011,121,2026-05-12T13:46:02.121820+00:00,726,1,2.51,1211.093,150.6,298.684
2026-05-12T13:43:00+00:00,43.51390143390745,16.36434063781053,122,2026-05-12T13:46:02.121820+00:00,726,1,2.51,1213.603,150.6,298.684
2026-05-12T13:43:01+00:00,43.5139122675173,16.364313333760947,122,2026-05-12T13:46:02.121820+00:00,726,1,2.51,1216.113,150.6,298.684
2026-05-12T13:43:02+00:00,43.51392310112715,16.364286029711366,123,2026-05-12T13:46:02.121820+00:00,726,1,2.51,1218.622,150.6,298.684
2026-05-12T13:43:03+00:00,43.51393127348274,16.36426333570853,123,2026-05-12T13:46:02.121820+00:00,726,1,2.043,1220.666,122.58,296.407
2026-05-12T13:43:04+00:00,43.51393944583833,16.364240641705692,122,2026-05-12T13:46:02.121820+00:00,726,1,2.043,1222.709,122.58,296.407
2026-05-12T13:43:05+00:00,43.51394761819392,16.364217947702855,122,2026-05-12T13:46:02.121820+00:00,726,1,2.043,1224.752,122.58,296.407
2026-05-12T13:43:06+00:00,43.51395579054952,16.364195253700018,122,2026-05-12T13:46:02.121820+00:00,726,1,2.043,1226.795,122.58,296.407
2026-05-12T13:43:07+00:00,43.51396414959295,16.364170671863988,122,2026-05-12T13:46:02.121820+00:00,726,1,2.189,1228.985,131.34,295.122
2026-05-12T13:43:08+00:00,43.513972508636385,16.364146090027962,122,2026-05-12T13:46:02.121820+00:00,726,1,2.189,1231.174,131.34,295.122
2026-05-12T13:43:09+00:00,43.51398086767983,16.364121508191932,122,2026-05-12T13:46:02.121820+00:00,726,1,2.189,1233.363,131.34,295.122
2026-05-12T13:43:10+00:00,43.51398922672326,16.364096926355902,122,2026-05-12T13:46:02.121820+00:00,726,1,2.189,1235.553,131.34,295.122
2026-05-12T13:43:11+00:00,43.513997585766695,16.364072344519876,122,2026-05-12T13:46:02.121820+00:00,726,1,2.189,1237.742,131.34,295.122
2026-05-12T13:43:12+00:00,43.51400594481013,16.364047762683846,122,2026-05-12T13:46:02.121820+00:00,726,1,2.189,1239.931,131.34,295.122
2026-05-12T13:43:13+00:00,43.51401430385357,16.36402318084782,122,2026-05-12T13:46:02.121820+00:00,726,1,2.189,1242.121,131.34,295.122
2026-05-12T13:43:14+00:00,43.514022662897,16.36399859901179,122,2026-05-12T13:46:02.121820+00:00,726,1,2.189,1244.31,131.34,295.122
2026-05-12T13:43:15+00:00,43.51403102194044,16.36397401717576,122,2026-05-12T13:46:02.121820+00:00,726,1,2.189,1246.499,131.34,295.122
2026-05-12T13:43:16+00:00,43.514039380983874,16.363949435339734,122,2026-05-12T13:46:02.121820+00:00,726,1,2.189,1248.689,131.34,295.122
2026-05-12T13:43:17+00:00,43.51404774002731,16.363924853503704,122,2026-05-12T13:46:02.121820+00:00,726,1,2.189,1250.878,131.34,295.122
2026-05-12T13:43:18+00:00,43.51405746303499,16.363898366689682,120,2026-05-12T13:46:02.121820+00:00,726,1,2.394,1253.272,143.64,296.848
2026-05-12T13:43:19+00:00,43.514067186042666,16.36387187987566,118,2026-05-12T13:46:02.121820+00:00,726,1,2.394,1255.666,143.64,296.848
2026-05-12T13:43:20+00:00,43.51407660969666,16.363847332873515,118,2026-05-12T13:46:02.121820+00:00,726,1,2.24,1257.906,134.4,297.895
2026-05-12T13:43:21+00:00,43.51408603335066,16.36382278587137,119,2026-05-12T13:46:02.121820+00:00,726,1,2.24,1260.145,134.4,297.895
2026-05-12T13:43:22+00:00,43.51409545700465,16.363798238869226,119,2026-05-12T13:46:02.121820+00:00,726,1,2.24,1262.385,134.4,297.895
2026-05-12T13:43:23+00:00,43.51410488065864,16.363773691867078,120,2026-05-12T13:46:02.121820+00:00,726,1,2.24,1264.625,134.4,297.895
2026-05-12T13:43:24+00:00,43.514114304312635,16.363749144864933,120,2026-05-12T13:46:02.121820+00:00,726,1,2.24,1266.864,134.4,297.895
2026-05-12T13:43:25+00:00,43.514123727966634,16.363724597862788,121,2026-05-12T13:46:02.121820+00:00,726,1,2.24,1269.104,134.4,297.895
2026-05-12T13:43:26+00:00,43.51413315162063,16.363700050860643,121,2026-05-12T13:46:02.121820+00:00,726,1,2.24,1271.344,134.4,297.895
2026-05-12T13:43:27+00:00,43.51414080709219,16.363675659522414,121,2026-05-12T13:46:02.121820+00:00,726,1,2.143,1273.487,128.58,293.402
2026-05-12T13:43:28+00:00,43.51414846256375,16.363651268184185,121,2026-05-12T13:46:02.121820+00:00,726,1,2.143,1275.63,128.58,293.402
2026-05-12T13:43:29+00:00,43.51415611803532,16.363626876845956,121,2026-05-12T13:46:02.121820+00:00,726,1,2.143,1277.773,128.58,293.402
2026-05-12T13:43:30+00:00,43.51416385034099,16.36360196163878,122,2026-05-12T13:46:02.121820+00:00,726,1,2.185,1279.959,131.1,293.168
2026-05-12T13:43:31+00:00,43.51417158264667,16.3635770464316,122,2026-05-12T13:46:02.121820+00:00,726,1,2.185,1282.144,131.1,293.168
2026-05-12T13:43:32+00:00,43.514179314952344,16.363552131224424,123,2026-05-12T13:46:02.121820+00:00,726,1,2.185,1284.33,131.1,293.168
2026-05-12T13:43:33+00:00,43.51418704725802,16.363527216017246,124,2026-05-12T13:46:02.121820+00:00,726,1,2.185,1286.515,131.1,293.168
2026-05-12T13:43:34+00:00,43.5141945630312,16.363503355532885,125,2026-05-12T13:46:02.121820+00:00,726,1,2.098,1288.613,125.88,293.477
2026-05-12T13:43:35+00:00,43.514202078804374,16.363479495048523,126,2026-05-12T13:46:02.121820+00:00,726,1,2.098,1290.71,125.88,293.477
2026-05-12T13:43:36+00:00,43.51420959457755,16.36345563456416,127,2026-05-12T13:46:02.121820+00:00,726,1,2.098,1292.808,125.88,293.477
2026-05-12T13:43:37+00:00,43.51421755738557,16.363430432975292,126,2026-05-12T13:46:02.121820+00:00,726,1,2.217,1295.025,133.02,293.542
2026-05-12T13:43:38+00:00,43.51422552019358,16.363405231386423,124,2026-05-12T13:46:02.121820+00:00,726,1,2.217,1297.242,133.02,293.542
2026-05-12T13:43:39+00:00,43.51423348300159,16.363380029797554,123,2026-05-12T13:46:02.121820+00:00,726,1,2.217,1299.458,133.02,293.542
2026-05-12T13:43:40+00:00,43.51423964370042,16.363356350921094,122,2026-05-12T13:46:02.121820+00:00,726,1,2.029,1301.487,121.74,289.736
2026-05-12T13:43:41+00:00,43.51424580439925,16.363332672044635,120,2026-05-12T13:46:02.121820+00:00,726,1,2.029,1303.516,121.74,289.736
2026-05-12T13:43:42+00:00,43.514252533870085,16.36330862795668,121,2026-05-12T13:46:02.121820+00:00,726,1,2.078,1305.594,124.68,291.103
2026-05-12T13:43:43+00:00,43.51425926334092,16.363284583868726,121,2026-05-12T13:46:02.121820+00:00,726,1,2.078,1307.672,124.68,291.103
2026-05-12T13:43:44+00:00,43.51426599281175,16.36326053978077,122,2026-05-12T13:46:02.121820+00:00,726,1,2.078,1309.75,124.68,291.103
2026-05-12T13:43:45+00:00,43.51427272228258,16.363236495692814,122,2026-05-12T13:46:02.121820+00:00,726,1,2.078,1311.829,124.68,291.103
2026-05-12T13:43:46+00:00,43.51427945175341,16.36321245160486,123,2026-05-12T13:46:02.121820+00:00,726,1,2.078,1313.907,124.68,291.103
2026-05-12T13:43:47+00:00,43.51428618122424,16.363188407516905,123,2026-05-12T13:46:02.121820+00:00,726,1,2.078,1315.985,124.68,291.103
2026-05-12T13:43:48+00:00,43.51429291069507,16.36316436342895,124,2026-05-12T13:46:02.121820+00:00,726,1,2.078,1318.064,124.68,291.103
2026-05-12T13:43:49+00:00,43.51429986767471,16.363137918524444,123,2026-05-12T13:46:02.121820+00:00,726,1,2.268,1320.332,136.08,289.939
2026-05-12T13:43:50+00:00,43.51430682465434,16.363111473619938,122,2026-05-12T13:46:02.121820+00:00,726,1,2.268,1322.6,136.08,289.939
2026-05-12T13:43:51+00:00,43.514312859624624,16.363086202181876,121,2026-05-12T13:46:02.121820+00:00,726,1,2.146,1324.746,128.76,288.226
2026-05-12T13:43:52+00:00,43.51431889459491,16.363060930743814,120,2026-05-12T13:46:02.121820+00:00,726,1,2.146,1326.891,128.76,288.226
2026-05-12T13:43:53+00:00,43.51432492956519,16.36303565930575,119,2026-05-12T13:46:02.121820+00:00,726,1,2.146,1329.037,128.76,288.226
2026-05-12T13:43:54+00:00,43.514330964535475,16.36301038786769,118,2026-05-12T13:46:02.121820+00:00,726,1,2.146,1331.182,128.76,288.227
2026-05-12T13:43:55+00:00,43.51433666422963,16.36297719553113,114,2026-05-12T13:46:02.121820+00:00,726,1,2.751,1333.933,165.06,283.321
2026-05-12T13:43:56+00:00,43.51434236392379,16.36294400319457,111,2026-05-12T13:46:02.121820+00:00,726,1,2.751,1336.684,165.06,283.321
2026-05-12T13:43:57+00:00,43.514339765533805,16.362924808636308,112,2026-05-12T13:46:02.121820+00:00,726,1,1.575,1338.258,94.5,259.426
2026-05-12T13:43:58+00:00,43.5143331438303,16.362912571057677,117,2026-05-12T13:46:02.121820+00:00,726,1,1.231,1339.489,73.86,233.272
2026-05-12T13:43:59+00:00,43.51431864313781,16.362911816686392,118,2026-05-12T13:46:02.121820+00:00,726,1,1.614,1341.103,96.84,182.161
2026-05-12T13:44:00+00:00,43.51430187933147,16.362909469753504,121,2026-05-12T13:46:02.121820+00:00,726,1,1.874,1342.977,112.44,185.797
2026-05-12T13:44:01+00:00,43.514281399548054,16.36290494352579,122,2026-05-12T13:46:02.121820+00:00,726,1,2.306,1345.283,138.36,189.106
2026-05-12T13:44:02+00:00,43.51426091976464,16.36290041729808,124,2026-05-12T13:46:02.121820+00:00,726,1,2.306,1347.589,138.36,189.106
2026-05-12T13:44:03+00:00,43.51424043998122,16.362895891070366,125,2026-05-12T13:46:02.121820+00:00,726,1,2.306,1349.896,138.36,189.106
2026-05-12T13:44:04+00:00,43.51421697065234,16.362891783937812,128,2026-05-12T13:46:02.121820+00:00,726,1,2.631,1352.526,157.86,187.233
2026-05-12T13:44:05+00:00,43.51419350132346,16.362887676805258,130,2026-05-12T13:46:02.121820+00:00,726,1,2.631,1355.157,157.86,187.233
2026-05-12T13:44:06+00:00,43.514172127470374,16.362883485853672,132,2026-05-12T13:46:02.121820+00:00,726,1,2.401,1357.557,144.06,188.093
2026-05-12T13:44:07+00:00,43.51414937060326,16.36287967208773,134,2026-05-12T13:46:02.121820+00:00,726,1,2.549,1360.106,152.94,186.929
2026-05-12T13:44:08+00:00,43.51412661373615,16.362875858321786,135,2026-05-12T13:46:02.121820+00:00,726,1,2.549,1362.656,152.94,186.929
2026-05-12T13:44:09+00:00,43.51410578470677,16.36287349043414,134,2026-05-12T13:46:02.121820+00:00,726,1,2.324,1364.979,139.44,184.713
2026-05-12T13:44:10+00:00,43.51408495567739,16.362871122546494,133,2026-05-12T13:46:02.121820+00:00,726,1,2.324,1367.303,139.44,184.713
2026-05-12T13:44:11+00:00,43.51406412664801,16.362868754658848,132,2026-05-12T13:46:02.121820+00:00,726,1,2.324,1369.627,139.44,184.713
2026-05-12T13:44:12+00:00,43.51404329761863,16.362866386771202,131,2026-05-12T13:46:02.121820+00:00,726,1,2.324,1371.951,139.44,184.713
2026-05-12T13:44:13+00:00,43.51402515079826,16.36286194436252,130,2026-05-12T13:46:02.121820+00:00,726,1,2.049,1374.001,122.94,190.067
2026-05-12T13:44:14+00:00,43.514007003977895,16.36285750195384,128,2026-05-12T13:46:02.121820+00:00,726,1,2.049,1376.05,122.94,190.067
2026-05-12T13:44:15+00:00,43.513996778056026,16.362845893017948,128,2026-05-12T13:46:02.121820+00:00,726,1,1.473,1377.523,88.38,219.464
2026-05-12T13:44:16+00:00,43.51398655213416,16.362834284082055,129,2026-05-12T13:46:02.121820+00:00,726,1,1.473,1378.996,88.38,219.464
2026-05-12T13:44:17+00:00,43.51398567203432,16.362818023189902,130,2026-05-12T13:46:02.121820+00:00,726,1,1.315,1380.311,78.9,265.732
2026-05-12T13:44:18+00:00,43.51398479193449,16.36280176229775,130,2026-05-12T13:46:02.121820+00:00,726,1,1.315,1381.626,78.9,265.732
2026-05-12T13:44:19+00:00,43.51399138569832,16.362781701609492,130,2026-05-12T13:46:02.121820+00:00,726,1,1.776,1383.402,106.56,294.382
2026-05-12T13:44:20+00:00,43.51399797946215,16.362761640921235,130,2026-05-12T13:46:02.121820+00:00,726,1,1.776,1385.178,106.56,294.382
2026-05-12T13:44:21+00:00,43.514004573225975,16.362741580232978,130,2026-05-12T13:46:02.121820+00:00,726,1,1.776,1386.954,106.56,294.382
2026-05-12T13:44:22+00:00,43.514010803774,16.3627190887928,131,2026-05-12T13:46:02.121820+00:00,726,1,1.942,1388.895,116.52,290.906
2026-05-12T13:44:23+00:00,43.51401703432202,16.362696597352624,132,2026-05-12T13:46:02.121820+00:00,726,1,1.942,1390.837,116.52,290.906
2026-05-12T13:44:24+00:00,43.51402326487005,16.362674105912447,133,2026-05-12T13:46:02.121820+00:00,726,1,1.942,1392.778,116.52,290.906
2026-05-12T13:44:25+00:00,43.51403119973838,16.36264706030488,133,2026-05-12T13:46:02.121820+00:00,726,1,2.353,1395.131,141.18,292.026
2026-05-12T13:44:26+00:00,43.51403913460672,16.362620014697313,132,2026-05-12T13:46:02.121820+00:00,726,1,2.353,1397.484,141.18,292.026
2026-05-12T13:44:27+00:00,43.514047069475055,16.362592969089746,132,2026-05-12T13:46:02.121820+00:00,726,1,2.353,1399.836,141.18,292.026
2026-05-12T13:44:28+00:00,43.51405500434339,16.36256592348218,132,2026-05-12T13:46:02.121820+00:00,726,1,2.353,1402.189,141.18,292.026
2026-05-12T13:44:29+00:00,43.514062939211726,16.362538877874613,131,2026-05-12T13:46:02.121820+00:00,726,1,2.353,1404.542,141.18,292.026
2026-05-12T13:44:30+00:00,43.51407087408006,16.362511832267046,131,2026-05-12T13:46:02.121820+00:00,726,1,2.353,1406.894,141.18,292.026
2026-05-12T13:44:31+00:00,43.51407674141228,16.36248266324401,128,2026-05-12T13:46:02.121820+00:00,726,1,2.441,1409.335,146.46,285.502
2026-05-12T13:44:32+00:00,43.51408357266337,16.362454458139837,126,2026-05-12T13:46:02.121820+00:00,726,1,2.398,1411.733,143.88,288.468
2026-05-12T13:44:33+00:00,43.51409040391445,16.362426253035665,124,2026-05-12T13:46:02.121820+00:00,726,1,2.398,1414.131,143.88,288.468
2026-05-12T13:44:34+00:00,43.51409628801048,16.36239532381296,125,2026-05-12T13:46:02.121820+00:00,726,1,2.578,1416.71,154.68,284.699
2026-05-12T13:44:35+00:00,43.514102172106504,16.36236439459026,125,2026-05-12T13:46:02.121820+00:00,726,1,2.578,1419.288,154.68,284.699
2026-05-12T13:44:36+00:00,43.51410805620253,16.362333465367556,126,2026-05-12T13:46:02.121820+00:00,726,1,2.578,1421.867,154.68,284.699
2026-05-12T13:44:37+00:00,43.51411394029856,16.362302536144853,126,2026-05-12T13:46:02.121820+00:00,726,1,2.578,1424.445,154.68,284.699
2026-05-12T13:44:38+00:00,43.514119824394584,16.36227160692215,127,2026-05-12T13:46:02.121820+00:00,726,1,2.578,1427.024,154.68,284.699
2026-05-12T13:44:39+00:00,43.5141267394647,16.36224034242332,128,2026-05-12T13:46:02.121820+00:00,726,1,2.636,1429.659,158.16,286.961
2026-05-12T13:44:40+00:00,43.51413365453482,16.36220907792449,128,2026-05-12T13:46:02.121820+00:00,726,1,2.636,1432.295,158.16,286.961
2026-05-12T13:44:41+00:00,43.51414100266993,16.362183848395944,128,2026-05-12T13:46:02.121820+00:00,726,1,2.192,1434.488,131.52,291.881
2026-05-12T13:44:42+00:00,43.51414835080504,16.362158618867397,129,2026-05-12T13:46:02.121820+00:00,726,1,2.192,1436.68,131.52,291.881
2026-05-12T13:44:43+00:00,43.51415569894016,16.36213338933885,130,2026-05-12T13:46:02.121820+00:00,726,1,2.192,1438.872,131.52,291.881
2026-05-12T13:44:44+00:00,43.51416304707527,16.362108159810305,130,2026-05-12T13:46:02.121820+00:00,726,1,2.192,1441.065,131.52,291.881
2026-05-12T13:44:45+00:00,43.514170395210385,16.36208293028176,130,2026-05-12T13:46:02.121820+00:00,726,1,2.192,1443.257,131.52,291.881
2026-05-12T13:44:46+00:00,43.5141777433455,16.362057700753212,131,2026-05-12T13:46:02.121820+00:00,726,1,2.192,1445.45,131.52,291.881
2026-05-12T13:44:47+00:00,43.51418650243431,16.362031884491444,130,2026-05-12T13:46:02.121820+00:00,726,1,2.298,1447.748,137.88,295.072
2026-05-12T13:44:48+00:00,43.51419526152313,16.362006068229675,129,2026-05-12T13:46:02.121820+00:00,726,1,2.298,1450.046,137.88,295.072
2026-05-12T13:44:49+00:00,43.51420319639146,16.361978743225336,128,2026-05-12T13:46:02.121820+00:00,726,1,2.374,1452.42,142.44,291.822
2026-05-12T13:44:50+00:00,43.5142111312598,16.361951418220997,126,2026-05-12T13:46:02.121820+00:00,726,1,2.374,1454.794,142.44,291.822
2026-05-12T13:44:51+00:00,43.514219066128135,16.361924093216658,125,2026-05-12T13:46:02.121820+00:00,726,1,2.374,1457.167,142.44,291.822
2026-05-12T13:44:52+00:00,43.51422682777047,16.361898025497794,125,2026-05-12T13:46:02.121820+00:00,726,1,2.272,1459.439,136.32,292.322
2026-05-12T13:44:53+00:00,43.51423458941281,16.36187195777893,125,2026-05-12T13:46:02.121820+00:00,726,1,2.272,1461.712,136.32,292.322
2026-05-12T13:44:54+00:00,43.514242351055145,16.361845890060067,125,2026-05-12T13:46:02.121820+00:00,726,1,2.272,1463.984,136.32,292.322
2026-05-12T13:44:55+00:00,43.51425011269748,16.361819822341204,125,2026-05-12T13:46:02.121820+00:00,726,1,2.272,1466.256,136.32,292.322
2026-05-12T13:44:56+00:00,43.51425787433982,16.36179375462234,124,2026-05-12T13:46:02.121820+00:00,726,1,2.272,1468.529,136.32,292.322
2026-05-12T13:44:57+00:00,43.51426563598216,16.361767686903477,124,2026-05-12T13:46:02.121820+00:00,726,1,2.272,1470.801,136.32,292.322
2026-05-12T13:44:58+00:00,43.51427339762449,16.361741619184613,124,2026-05-12T13:46:02.121820+00:00,726,1,2.272,1473.074,136.32,292.322
2026-05-12T13:44:59+00:00,43.51428115926683,16.36171555146575,124,2026-05-12T13:46:02.121820+00:00,726,1,2.272,1475.346,136.32,292.322
2026-05-12T13:45:00+00:00,43.514288920909166,16.361689483746886,124,2026-05-12T13:46:02.121820+00:00,726,1,2.272,1477.618,136.32,292.322
2026-05-12T13:45:01+00:00,43.5142966825515,16.361663416028023,124,2026-05-12T13:46:02.121820+00:00,726,1,2.272,1479.891,136.32,292.322
2026-05-12T13:45:02+00:00,43.514304170385,16.361637096852064,123,2026-05-12T13:46:02.121820+00:00,726,1,2.28,1482.17,136.8,291.42
2026-05-12T13:45:03+00:00,43.5143116582185,16.361610777676105,121,2026-05-12T13:46:02.121820+00:00,726,1,2.28,1484.45,136.8,291.42
2026-05-12T13:45:04+00:00,43.514319146052,16.361584458500147,120,2026-05-12T13:46:02.121820+00:00,726,1,2.28,1486.73,136.8,291.42
2026-05-12T13:45:05+00:00,43.51432668976486,16.36155802756548,120,2026-05-12T13:46:02.121820+00:00,726,1,2.29,1489.021,137.4,291.483
2026-05-12T13:45:06+00:00,43.51433423347771,16.36153159663081,121,2026-05-12T13:46:02.121820+00:00,726,1,2.29,1491.311,137.4,291.483
2026-05-12T13:45:07+00:00,43.514341777190566,16.361505165696144,122,2026-05-12T13:46:02.121820+00:00,726,1,2.29,1493.601,137.4,291.483
2026-05-12T13:45:08+00:00,43.51434932090342,16.361478734761477,122,2026-05-12T13:46:02.121820+00:00,726,1,2.29,1495.892,137.4,291.483
2026-05-12T13:45:09+00:00,43.514356864616275,16.36145230382681,122,2026-05-12T13:46:02.121820+00:00,726,1,2.29,1498.182,137.4,291.483
2026-05-12T13:45:10+00:00,43.51436440832913,16.36142587289214,123,2026-05-12T13:46:02.121820+00:00,726,1,2.29,1500.473,137.4,291.483
2026-05-12T13:45:11+00:00,43.51437220349908,16.361399637535214,123,2026-05-12T13:46:02.121820+00:00,726,1,2.286,1502.759,137.16,292.28
2026-05-12T13:45:12+00:00,43.51437999866903,16.36137298308313,122,2026-05-12T13:46:02.121820+00:00,726,1,2.318,1505.077,139.08,291.963
2026-05-12T13:45:13+00:00,43.51438779383898,16.361346328631043,120,2026-05-12T13:46:02.121820+00:00,726,1,2.318,1507.394,139.08,291.963
2026-05-12T13:45:14+00:00,43.51439336780459,16.36132197920233,120,2026-05-12T13:46:02.121820+00:00,726,1,2.059,1509.453,123.54,287.519
2026-05-12T13:45:15+00:00,43.51439894177019,16.361297629773617,120,2026-05-12T13:46:02.121820+00:00,726,1,2.059,1511.512,123.54,287.519
2026-05-12T13:45:16+00:00,43.514404515735805,16.361273280344903,120,2026-05-12T13:46:02.121820+00:00,726,1,2.059,1513.571,123.54,287.519
2026-05-12T13:45:17+00:00,43.514410089701414,16.36124893091619,120,2026-05-12T13:46:02.121820+00:00,726,1,2.059,1515.63,123.54,287.519
2026-05-12T13:45:18+00:00,43.51441566366702,16.361224581487477,120,2026-05-12T13:46:02.121820+00:00,726,1,2.059,1517.689,123.54,287.519
2026-05-12T13:45:19+00:00,43.51442123763263,16.361200232058764,120,2026-05-12T13:46:02.121820+00:00,726,1,2.059,1519.748,123.54,287.519
2026-05-12T13:45:20+00:00,43.51442681159824,16.36117588263005,120,2026-05-12T13:46:02.121820+00:00,726,1,2.059,1521.807,123.54,287.519
2026-05-12T13:45:21+00:00,43.51443238556385,16.361151533201337,120,2026-05-12T13:46:02.121820+00:00,726,1,2.059,1523.866,123.54,287.519
2026-05-12T13:45:22+00:00,43.514437896665186,16.36112772859633,121,2026-05-12T13:46:02.121820+00:00,726,1,2.015,1525.881,120.9,287.705
2026-05-12T13:45:23+00:00,43.51444340776652,16.361103923991323,122,2026-05-12T13:46:02.121820+00:00,726,1,2.015,1527.896,120.9,287.705
2026-05-12T13:45:24+00:00,43.514448918867856,16.361080119386315,123,2026-05-12T13:46:02.121820+00:00,726,1,2.015,1529.911,120.9,287.705
2026-05-12T13:45:25+00:00,43.51445442996919,16.361056314781308,124,2026-05-12T13:46:02.121820+00:00,726,1,2.015,1531.926,120.9,287.705
2026-05-12T13:45:26+00:00,43.51445912383497,16.361034521833062,118,2026-05-12T13:46:02.121820+00:00,726,1,1.833,1533.76,109.98,286.541
2026-05-12T13:45:27+00:00,43.51446499116719,16.36101390235126,114,2026-05-12T13:46:02.121820+00:00,726,1,1.786,1535.546,107.16,291.424
2026-05-12T13:45:28+00:00,43.51447139494121,16.360991958528757,114,2026-05-12T13:46:02.121820+00:00,726,1,1.907,1537.453,114.42,291.92
2026-05-12T13:45:29+00:00,43.514477798715234,16.360970014706254,113,2026-05-12T13:46:02.121820+00:00,726,1,1.907,1539.361,114.42,291.92
2026-05-12T13:45:30+00:00,43.51448420248926,16.36094807088375,113,2026-05-12T13:46:02.121820+00:00,726,1,1.907,1541.268,114.42,291.92
2026-05-12T13:45:31+00:00,43.51449060626328,16.360926127061248,112,2026-05-12T13:46:02.121820+00:00,726,1,1.907,1543.175,114.42,291.92
2026-05-12T13:45:32+00:00,43.5144970100373,16.360904183238745,112,2026-05-12T13:46:02.121820+00:00,726,1,1.907,1545.083,114.42,291.92
2026-05-12T13:45:33+00:00,43.514502961188555,16.360881227301434,112,2026-05-12T13:46:02.121820+00:00,726,1,1.966,1547.049,117.96,289.671
2026-05-12T13:45:34+00:00,43.51450891233981,16.360858271364123,112,2026-05-12T13:46:02.121820+00:00,726,1,1.966,1549.015,117.96,289.671
2026-05-12T13:45:35+00:00,43.51451486349106,16.36083531542681,111,2026-05-12T13:46:02.121820+00:00,726,1,1.966,1550.98,117.96,289.671
2026-05-12T13:45:36+00:00,43.51452081464231,16.3608123594895,111,2026-05-12T13:46:02.121820+00:00,726,1,1.966,1552.946,117.96,289.671
2026-05-12T13:45:37+00:00,43.51452676579356,16.36078940355219,111,2026-05-12T13:46:02.121820+00:00,726,1,1.966,1554.912,117.96,289.671
2026-05-12T13:45:38+00:00,43.514532716944814,16.36076644761488,110,2026-05-12T13:46:02.121820+00:00,726,1,1.966,1556.878,117.96,289.671
2026-05-12T13:45:39+00:00,43.514538668096066,16.360743491677567,110,2026-05-12T13:46:02.121820+00:00,726,1,1.966,1558.844,117.96,289.671
2026-05-12T13:45:40+00:00,43.51454461924732,16.360720535740256,110,2026-05-12T13:46:02.121820+00:00,726,1,1.966,1560.81,117.96,289.671
2026-05-12T13:45:41+00:00,43.51454851683229,16.36069815605879,108,2026-05-12T13:46:02.121820+00:00,726,1,1.856,1562.666,111.36,283.504
2026-05-12T13:45:42+00:00,43.51455241441727,16.36067577637732,105,2026-05-12T13:46:02.121820+00:00,726,1,1.856,1564.522,111.36,283.504
2026-05-12T13:45:43+00:00,43.51455735974014,16.36064987629652,101,2026-05-12T13:46:02.121820+00:00,726,1,2.16,1566.681,129.6,284.751
2026-05-12T13:45:44+00:00,43.51456297561526,16.360623808577657,101,2026-05-12T13:46:02.121820+00:00,726,1,2.193,1568.874,131.58,286.545
2026-05-12T13:45:45+00:00,43.514565753617454,16.360600518860988,101,2026-05-12T13:46:02.121820+00:00,726,1,1.903,1570.778,114.18,279.34
2026-05-12T13:45:46+00:00,43.51456853161965,16.36057722914432,101,2026-05-12T13:46:02.121820+00:00,726,1,1.903,1572.681,114.18,279.34
2026-05-12T13:45:47+00:00,43.51457130962184,16.36055393942765,101,2026-05-12T13:46:02.121820+00:00,726,1,1.903,1574.584,114.18,279.34
2026-05-12T13:45:48+00:00,43.51457408762404,16.360530649710977,102,2026-05-12T13:46:02.121820+00:00,726,1,1.903,1576.487,114.18,279.34
2026-05-12T13:45:49+00:00,43.51457686562623,16.36050735999431,102,2026-05-12T13:46:02.121820+00:00,726,1,1.903,1578.391,114.18,279.34
2026-05-12T13:45:50+00:00,43.51457964362843,16.36048407027764,102,2026-05-12T13:46:02.121820+00:00,726,1,1.903,1580.294,114.18,279.34
2026-05-12T13:45:51+00:00,43.51458242163062,16.36046078056097,102,2026-05-12T13:46:02.121820+00:00,726,1,1.903,1582.197,114.18,279.34
2026-05-12T13:45:52+00:00,43.514588037505746,16.360436179675162,105,2026-05-12T13:46:02.121820+00:00,726,1,2.08,1584.277,124.8,287.473
2026-05-12T13:45:53+00:00,43.51459365338087,16.360411578789353,108,2026-05-12T13:46:02.121820+00:00,726,1,2.08,1586.357,124.8,287.473
2026-05-12T13:45:54+00:00,43.514593904837966,16.36039037257433,113,2026-05-12T13:46:02.121820+00:00,726,1,1.71,1588.067,102.6,270.937
2026-05-12T13:45:55+00:00,43.51459507830441,16.360365645959973,116,2026-05-12T13:46:02.121820+00:00,726,1,1.998,1590.065,119.88,273.744
2026-05-12T13:45:56+00:00,43.5145893227309,16.360356621444225,116,2026-05-12T13:46:02.121820+00:00,726,1,0.969,1591.034,58.14,228.67
2026-05-12T13:45:57+00:00,43.51458356715739,16.360347596928477,117,2026-05-12T13:46:02.121820+00:00,726,1,0.969,1592.003,58.14,228.67
2026-05-12T13:45:58+00:00,43.51457781158388,16.36033857241273,117,2026-05-12T13:46:02.121820+00:00,726,1,0.969,1592.973,58.14,228.67
2026-05-12T13:45:59+00:00,43.51456574164331,16.360340751707554,118,2026-05-12T13:46:02.121820+00:00,726,1,1.354,1594.326,81.24,172.54
2026-05-12T13:46:00+00:00,43.51455392315984,16.360360742546618,119,2026-05-12T13:46:02.121820+00:00,726,1,2.08,1596.406,124.8,129.188
2026-05-12T13:46:01+00:00,43.514542104676366,16.360380733385682,120,2026-05-12T13:46:02.121820+00:00,726,1,2.08,1598.486,124.8,129.187
2026-05-12T13:46:02+00:00,43.51454227231443,16.360404915176332,119,2026-05-12T13:46:02.121820+00:00,726,1,1.95,1600.436,117.0,89.452
2026-05-12T13:46:03+00:00,43.51454243995249,16.360429096966982,118,2026-05-12T13:46:02.121820+00:00,726,1,1.95,1602.386,117.0,89.452
2026-05-12T13:46:04+00:00,43.514551052358,16.36044814484194,119,2026-05-12T13:46:02.121820+00:00,726,1,1.81,1604.196,108.6,58.057
2026-05-12T13:46:05+00:00,43.51455966476351,16.360467192716897,120,2026-05-12T13:46:02.121820+00:00,726,1,1.81,1606.006,108.6,58.057
2026-05-12T13:46:06+00:00,43.51456827716902,16.360486240591854,120,2026-05-12T13:46:02.121820+00:00,726,1,1.81,1607.816,108.6,58.057
2026-05-12T13:46:07+00:00,43.51457688957453,16.36050528846681,121,2026-05-12T13:46:02.121820+00:00,726,1,1.81,1609.626,108.6,58.057
2026-05-12T13:46:08+00:00,43.514587031677365,16.36052310001105,122,2026-05-12T13:46:02.121820+00:00,726,1,1.826,1611.452,109.56,51.862
2026-05-12T13:46:09+00:00,43.5145971737802,16.36054091155529,123,2026-05-12T13:46:02.121820+00:00,726,1,1.826,1613.278,109.56,51.862
2026-05-12T13:46:10+00:00,43.51460858993232,16.36055589839816,122,2026-05-12T13:46:02.121820+00:00,726,1,1.753,1615.031,105.18,43.592
2026-05-12T13:46:11+00:00,43.51462000608444,16.36057088524103,121,2026-05-12T13:46:02.121820+00:00,726,1,1.753,1616.784,105.18,43.592
2026-05-12T13:46:12+00:00,43.51463142223656,16.360585872083902,120,2026-05-12T13:46:02.121820+00:00,726,1,1.753,1618.537,105.18,43.592
2026-05-12T13:46:13+00:00,43.51464283838868,16.360600858926773,119,2026-05-12T13:46:02.121820+00:00,726,1,1.753,1620.289,105.18,43.592
2026-05-12T13:46:14+00:00,43.5146542545408,16.360615845769644,118,2026-05-12T13:46:02.121820+00:00,726,1,1.753,1622.042,105.18,43.592
2026-05-12T13:46:15+00:00,43.51466406136751,16.360629592090845,113,2026-05-12T13:46:02.121820+00:00,726,1,1.555,1623.597,93.3,45.469
2026-05-12T13:46:16+00:00,43.51467439904809,16.36064331047237,113,2026-05-12T13:46:02.121820+00:00,726,1,1.595,1625.192,95.7,43.901
2026-05-12T13:46:17+00:00,43.51468473672867,16.360657028853893,114,2026-05-12T13:46:02.121820+00:00,726,1,1.595,1626.788,95.7,43.901
2026-05-12T13:46:18+00:00,43.514695074409246,16.360670747235417,114,2026-05-12T13:46:02.121820+00:00,726,1,1.595,1628.383,95.7,43.901
2026-05-12T13:46:19+00:00,43.51470442023128,16.360686966218054,116,2026-05-12T13:46:02.121820+00:00,726,1,1.67,1630.053,100.2,51.53
2026-05-12T13:46:20+00:00,43.51471376605332,16.36070318520069,118,2026-05-12T13:46:02.121820+00:00,726,1,1.67,1631.724,100.2,51.53
2026-05-12T13:46:21+00:00,43.51472187973559,16.360721860080957,117,2026-05-12T13:46:02.121820+00:00,726,1,1.755,1633.479,105.3,59.074
2026-05-12T13:46:22+00:00,43.51472999341786,16.360740534961224,117,2026-05-12T13:46:02.121820+00:00,726,1,1.755,1635.235,105.3,59.074
2026-05-12T13:46:23+00:00,43.51473810710013,16.36075920984149,116,2026-05-12T13:46:02.121820+00:00,726,1,1.755,1636.99,105.3,59.074
2026-05-12T13:46:24+00:00,43.5147462207824,16.360777884721756,116,2026-05-12T13:46:02.121820+00:00,726,1,1.755,1638.746,105.3,59.074
2026-05-12T13:46:25+00:00,43.51475433446467,16.360796559602022,115,2026-05-12T13:46:02.121820+00:00,726,1,1.755,1640.501,105.3,59.074
2026-05-12T13:46:26+00:00,43.51476310752332,16.36081287637353,115,2026-05-12T13:46:02.121820+00:00,726,1,1.638,1642.139,98.28,53.446
2026-05-12T13:46:27+00:00,43.514771880581975,16.360829193145037,116,2026-05-12T13:46:02.121820+00:00,726,1,1.638,1643.777,98.28,53.446
2026-05-12T13:46:28+00:00,43.51478065364063,16.360845509916544,116,2026-05-12T13:46:02.121820+00:00,726,1,1.638,1645.415,98.28,53.446
2026-05-12T13:46:29+00:00,43.514791957235765,16.360855232924223,116,2026-05-12T13:46:02.121820+00:00,726,1,1.481,1646.896,88.86,31.956
2026-05-12T13:46:30+00:00,43.514803260830895,16.360864955931902,115,2026-05-12T13:46:02.121820+00:00,726,1,1.481,1648.378,88.86,31.956
2026-05-12T13:46:31+00:00,43.51481456442603,16.36087467893958,115,2026-05-12T13:46:02.121820+00:00,726,1,1.481,1649.859,88.86,31.956
2026-05-12T13:46:32+00:00,43.51482586802116,16.36088440194726,114,2026-05-12T13:46:02.121820+00:00,726,1,1.481,1651.341,88.86,31.956
2026-05-12T13:46:33+00:00,43.5148371716163,16.36089412495494,114,2026-05-12T13:46:02.121820+00:00,726,1,1.481,1652.822,88.86,31.956
2026-05-12T13:46:34+00:00,43.51484847521143,16.360903847962618,113,2026-05-12T13:46:02.121820+00:00,726,1,1.481,1654.303,88.86,31.956
2026-05-12T13:46:35+00:00,43.51485977880657,16.360913570970297,113,2026-05-12T13:46:02.121820+00:00,726,1,1.481,1655.785,88.86,31.956
2026-05-12T13:46:36+00:00,43.51487212814391,16.36092569679022,112,2026-05-12T13:46:02.121820+00:00,726,1,1.686,1657.471,101.16,35.454
2026-05-12T13:46:37+00:00,43.514884477481246,16.36093782261014,112,2026-05-12T13:46:02.121820+00:00,726,1,1.686,1659.156,101.16,35.454
2026-05-12T13:46:38+00:00,43.514896826818585,16.36094994843006,111,2026-05-12T13:46:02.121820+00:00,726,1,1.686,1660.842,101.16,35.454
2026-05-12T13:46:39+00:00,43.51490923203528,16.36096474248916,110,2026-05-12T13:46:02.121820+00:00,726,1,1.824,1662.666,109.44,40.855
2026-05-12T13:46:40+00:00,43.51492163725197,16.360979536548257,108,2026-05-12T13:46:02.121820+00:00,726,1,1.824,1664.489,109.44,40.855
2026-05-12T13:46:41+00:00,43.5149298934266,16.361002852208912,108,2026-05-12T13:46:02.121820+00:00,726,1,2.092,1666.582,125.52,63.974
2026-05-12T13:46:42+00:00,43.51493814960122,16.361026167869568,109,2026-05-12T13:46:02.121820+00:00,726,1,2.092,1668.674,125.52,63.974
2026-05-12T13:46:43+00:00,43.514946405775845,16.361049483530223,109,2026-05-12T13:46:02.121820+00:00,726,1,2.092,1670.766,125.52,63.974
2026-05-12T13:46:44+00:00,43.51495466195047,16.36107279919088,109,2026-05-12T13:46:02.121820+00:00,726,1,2.092,1672.859,125.52,63.974
2026-05-12T13:46:45+00:00,43.51496291812509,16.361096114851534,110,2026-05-12T13:46:02.121820+00:00,726,1,2.092,1674.951,125.52,63.974
2026-05-12T13:46:46+00:00,43.51497117429972,16.36111943051219,110,2026-05-12T13:46:02.121820+00:00,726,1,2.092,1677.043,125.52,63.974
2026-05-12T13:46:47+00:00,43.51497356314212,16.361145456321537,112,2026-05-12T13:46:02.121820+00:00,726,1,2.115,1679.159,126.9,82.786
2026-05-12T13:46:48+00:00,43.514975951984525,16.361171482130885,114,2026-05-12T13:46:02.121820+00:00,726,1,2.115,1681.274,126.9,82.786
2026-05-12T13:46:49+00:00,43.51498153433204,16.361197851598263,113,2026-05-12T13:46:02.121820+00:00,726,1,2.215,1683.489,132.9,73.727
2026-05-12T13:46:50+00:00,43.51498711667955,16.36122422106564,112,2026-05-12T13:46:02.121820+00:00,726,1,2.215,1685.704,132.9,73.727
2026-05-12T13:46:51+00:00,43.51499269902706,16.361250590533018,112,2026-05-12T13:46:02.121820+00:00,726,1,2.215,1687.919,132.9,73.727
2026-05-12T13:46:52+00:00,43.514998281374574,16.361276960000396,111,2026-05-12T13:46:02.121820+00:00,726,1,2.215,1690.135,132.9,73.727
2026-05-12T13:46:53+00:00,43.515003863722086,16.361303329467773,110,2026-05-12T13:46:02.121820+00:00,726,1,2.215,1692.35,132.9,73.727
2026-05-12T13:46:54+00:00,43.51501467637718,16.361324451863766,108,2026-05-12T13:46:02.121820+00:00,726,1,2.085,1694.435,125.1,54.782
2026-05-12T13:46:55+00:00,43.5150229325518,16.361349932849407,106,2026-05-12T13:46:02.121820+00:00,726,1,2.25,1696.685,135.0,65.925
2026-05-12T13:46:56+00:00,43.515031188726425,16.36137541383505,105,2026-05-12T13:46:02.121820+00:00,726,1,2.25,1698.936,135.0,65.925
2026-05-12T13:46:57+00:00,43.51503753103316,16.361400950700045,106,2026-05-12T13:46:02.121820+00:00,726,1,2.177,1701.112,130.62,71.095
2026-05-12T13:46:58+00:00,43.51504387333989,16.36142648756504,108,2026-05-12T13:46:02.121820+00:00,726,1,2.177,1703.289,130.62,71.095
2026-05-12T13:46:59+00:00,43.515050215646625,16.361452024430037,109,2026-05-12T13:46:02.121820+00:00,726,1,2.177,1705.465,130.62,71.095
2026-05-12T13:47:00+00:00,43.51505327504128,16.36147737968713,110,2026-05-12T13:46:02.121820+00:00,726,1,2.073,1707.538,124.38,80.553
2026-05-12T13:47:01+00:00,43.51505633443594,16.361502734944224,112,2026-05-12T13:46:02.121820+00:00,726,1,2.073,1709.611,124.38,80.553
2026-05-12T13:47:02+00:00,43.515060525387526,16.36153211351484,112,2026-05-12T13:46:02.121820+00:00,726,1,2.414,1712.025,144.84,78.871
2026-05-12T13:47:03+00:00,43.51506471633911,16.361561492085457,112,2026-05-12T13:46:02.121820+00:00,726,1,2.414,1714.44,144.84,78.871
2026-05-12T13:47:04+00:00,43.51507022045553,16.361588314175606,111,2026-05-12T13:46:02.121820+00:00,726,1,2.248,1716.688,134.88,74.2
2026-05-12T13:47:05+00:00,43.51507572457194,16.361615136265755,109,2026-05-12T13:46:02.121820+00:00,726,1,2.248,1718.935,134.88,74.2
2026-05-12T13:47:06+00:00,43.51508122868836,16.361641958355904,108,2026-05-12T13:46:02.121820+00:00,726,1,2.248,1721.183,134.88,74.2
2026-05-12T13:47:07+00:00,43.51508525200188,16.361668361350894,102,2026-05-12T13:46:02.121820+00:00,726,1,2.176,1723.359,130.56,78.133
2026-05-12T13:47:08+00:00,43.51508895680308,16.36169610545039,103,2026-05-12T13:46:02.121820+00:00,726,1,2.275,1725.634,136.5,79.567
2026-05-12T13:47:09+00:00,43.515092661604285,16.36172384954989,104,2026-05-12T13:46:02.121820+00:00,726,1,2.275,1727.908,136.5,79.567
2026-05-12T13:47:10+00:00,43.51509636640549,16.361751593649387,104,2026-05-12T13:46:02.121820+00:00,726,1,2.275,1730.183,136.5,79.567
2026-05-12T13:47:11+00:00,43.51510007120669,16.361779337748885,105,2026-05-12T13:46:02.121820+00:00,726,1,2.275,1732.458,136.5,79.567
2026-05-12T13:47:12+00:00,43.51510377600789,16.361807081848383,106,2026-05-12T13:46:02.121820+00:00,726,1,2.275,1734.733,136.5,79.567
2026-05-12T13:47:13+00:00,43.515109391883016,16.36183633469045,108,2026-05-12T13:46:02.121820+00:00,726,1,2.44,1737.173,146.4,75.172
2026-05-12T13:47:14+00:00,43.5151146305725,16.361862528137863,108,2026-05-12T13:46:02.121820+00:00,726,1,2.191,1739.364,131.46,74.582
2026-05-12T13:47:15+00:00,43.51511986926198,16.361888721585274,108,2026-05-12T13:46:02.121820+00:00,726,1,2.191,1741.555,131.46,74.582
2026-05-12T13:47:16+00:00,43.51512510795146,16.361914915032685,109,2026-05-12T13:46:02.121820+00:00,726,1,2.191,1743.746,131.46,74.582
2026-05-12T13:47:17+00:00,43.515130346640944,16.361941108480096,109,2026-05-12T13:46:02.121820+00:00,726,1,2.191,1745.937,131.46,74.582
2026-05-12T13:47:18+00:00,43.51513558533043,16.361967301927507,109,2026-05-12T13:46:02.121820+00:00,726,1,2.191,1748.128,131.46,74.582
2026-05-12T13:47:19+00:00,43.51514082401991,16.361993495374918,109,2026-05-12T13:46:02.121820+00:00,726,1,2.191,1750.319,131.46,74.582
2026-05-12T13:47:20+00:00,43.51514606270939,16.36201968882233,109,2026-05-12T13:46:02.121820+00:00,726,1,2.191,1752.51,131.46,74.582
2026-05-12T13:47:21+00:00,43.51515130139887,16.36204588226974,110,2026-05-12T13:46:02.121820+00:00,726,1,2.191,1754.701,131.46,74.582
2026-05-12T13:47:22+00:00,43.515156540088356,16.36207207571715,110,2026-05-12T13:46:02.121820+00:00,726,1,2.191,1756.892,131.46,74.582
2026-05-12T13:47:23+00:00,43.51516177877784,16.362098269164562,110,2026-05-12T13:46:02.121820+00:00,726,1,2.191,1759.083,131.46,74.582
2026-05-12T13:47:24+00:00,43.515163930132985,16.36212481185794,108,2026-05-12T13:46:02.121820+00:00,726,1,2.154,1761.237,129.24,83.623
2026-05-12T13:47:25+00:00,43.51516608148813,16.362151354551315,107,2026-05-12T13:46:02.121820+00:00,726,1,2.154,1763.391,129.24,83.623
2026-05-12T13:47:26+00:00,43.51516823284328,16.362177897244692,105,2026-05-12T13:46:02.121820+00:00,726,1,2.154,1765.544,129.24,83.623
2026-05-12T13:47:27+00:00,43.51517032831907,16.362204076722264,106,2026-05-12T13:46:02.121820+00:00,726,1,2.124,1767.668,127.44,83.701
2026-05-12T13:47:28+00:00,43.515172423794866,16.362230256199837,108,2026-05-12T13:46:02.121820+00:00,726,1,2.124,1769.792,127.44,83.701
2026-05-12T13:47:29+00:00,43.51517451927066,16.36225643567741,109,2026-05-12T13:46:02.121820+00:00,726,1,2.124,1771.916,127.44,83.701
2026-05-12T13:47:30+00:00,43.515176279470325,16.36228376068175,109,2026-05-12T13:46:02.121820+00:00,726,1,2.212,1774.128,132.72,84.924
2026-05-12T13:47:31+00:00,43.51517803966999,16.362311085686088,108,2026-05-12T13:46:02.121820+00:00,726,1,2.212,1776.34,132.72,84.924
2026-05-12T13:47:32+00:00,43.51517979986966,16.362338410690427,108,2026-05-12T13:46:02.121820+00:00,726,1,2.212,1778.552,132.72,84.924
2026-05-12T13:47:33+00:00,43.51518156006932,16.362365735694766,108,2026-05-12T13:46:02.121820+00:00,726,1,2.212,1780.764,132.72,84.924
2026-05-12T13:47:34+00:00,43.515185851603746,16.362389439716935,109,2026-05-12T13:46:02.121820+00:00,726,1,1.97,1782.734,118.2,75.982
2026-05-12T13:47:35+00:00,43.51519014313817,16.362413143739104,109,2026-05-12T13:46:02.121820+00:00,726,1,1.97,1784.705,118.2,75.982
2026-05-12T13:47:36+00:00,43.515194434672594,16.362436847761273,110,2026-05-12T13:46:02.121820+00:00,726,1,1.97,1786.675,118.2,75.982
2026-05-12T13:47:37+00:00,43.51519872620702,16.362460551783442,110,2026-05-12T13:46:02.121820+00:00,726,1,1.97,1788.645,118.2,75.982
2026-05-12T13:47:38+00:00,43.51520301774144,16.36248425580561,111,2026-05-12T13:46:02.121820+00:00,726,1,1.97,1790.615,118.2,75.982
2026-05-12T13:47:39+00:00,43.51520748110488,16.362508123274893,110,2026-05-12T13:46:02.121820+00:00,726,1,1.988,1792.602,119.28,75.54
2026-05-12T13:47:40+00:00,43.51521194446832,16.362531990744174,110,2026-05-12T13:46:02.121820+00:00,726,1,1.988,1794.59,119.28,75.54
2026-05-12T13:47:41+00:00,43.51521640783176,16.362555858213454,109,2026-05-12T13:46:02.121820+00:00,726,1,1.988,1796.578,119.28,75.54
2026-05-12T13:47:42+00:00,43.5152208711952,16.362579725682735,108,2026-05-12T13:46:02.121820+00:00,726,1,1.988,1798.565,119.28,75.54
2026-05-12T13:47:43+00:00,43.515228582546115,16.362602985464036,106,2026-05-12T13:46:02.121820+00:00,726,1,2.062,1800.628,123.72,65.432
2026-05-12T13:47:44+00:00,43.51523629389703,16.362626245245337,105,2026-05-12T13:46:02.121820+00:00,726,1,2.062,1802.69,123.72,65.432
2026-05-12T13:47:45+00:00,43.515248098410666,16.362646082416177,105,2026-05-12T13:46:02.121820+00:00,726,1,2.069,1804.759,124.14,50.629
2026-05-12T13:47:46+00:00,43.5152599029243,16.362665919587016,105,2026-05-12T13:46:02.121820+00:00,726,1,2.069,1806.828,124.14,50.629
2026-05-12T13:47:47+00:00,43.51527170743793,16.362685756757855,106,2026-05-12T13:46:02.121820+00:00,726,1,2.069,1808.898,124.14,50.629
2026-05-12T13:47:48+00:00,43.515283511951566,16.362705593928695,106,2026-05-12T13:46:02.121820+00:00,726,1,2.069,1810.967,124.14,50.629
2026-05-12T13:47:49+00:00,43.5152953164652,16.362725431099534,106,2026-05-12T13:46:02.121820+00:00,726,1,2.069,1813.036,124.14,50.629
2026-05-12T13:47:50+00:00,43.51530712097883,16.362745268270373,106,2026-05-12T13:46:02.121820+00:00,726,1,2.069,1815.105,124.14,50.629
2026-05-12T13:47:51+00:00,43.515320339240134,16.36276341509074,106,2026-05-12T13:46:02.121820+00:00,726,1,2.074,1817.179,124.44,44.873
2026-05-12T13:47:52+00:00,43.515333557501435,16.362781561911106,106,2026-05-12T13:46:02.121820+00:00,726,1,2.074,1819.253,124.44,44.873
2026-05-12T13:47:53+00:00,43.51534677576274,16.362799708731472,106,2026-05-12T13:46:02.121820+00:00,726,1,2.074,1821.327,124.44,44.873
2026-05-12T13:47:54+00:00,43.51535999402404,16.36281785555184,106,2026-05-12T13:46:02.121820+00:00,726,1,2.074,1823.401,124.44,44.873
2026-05-12T13:47:55+00:00,43.51537321228534,16.362836002372205,106,2026-05-12T13:46:02.121820+00:00,726,1,2.074,1825.475,124.44,44.873
2026-05-12T13:47:56+00:00,43.51538643054664,16.36285414919257,107,2026-05-12T13:46:02.121820+00:00,726,1,2.074,1827.549,124.44,44.873
2026-05-12T13:47:57+00:00,43.51539964880794,16.362872296012938,107,2026-05-12T13:46:02.121820+00:00,726,1,2.074,1829.623,124.44,44.873
2026-05-12T13:47:58+00:00,43.51541286706925,16.362890442833304,107,2026-05-12T13:46:02.121820+00:00,726,1,2.074,1831.697,124.44,44.873
2026-05-12T13:47:59+00:00,43.515426085330546,16.36290858965367,107,2026-05-12T13:46:02.121820+00:00,726,1,2.074,1833.772,124.44,44.873
2026-05-12T13:48:00+00:00,43.51543930359185,16.362926736474037,107,2026-05-12T13:46:02.121820+00:00,726,1,2.074,1835.846,124.44,44.873
2026-05-12T13:48:01+00:00,43.5154513316229,16.36294471565634,106,2026-05-12T13:46:02.121820+00:00,726,1,1.972,1837.818,118.32,47.308
2026-05-12T13:48:02+00:00,43.51546335965395,16.362962694838643,106,2026-05-12T13:46:02.121820+00:00,726,1,1.972,1839.79,118.32,47.308
2026-05-12T13:48:03+00:00,43.515475387685,16.362980674020946,105,2026-05-12T13:46:02.121820+00:00,726,1,1.972,1841.763,118.32,47.308
2026-05-12T13:48:04+00:00,43.51548741571605,16.36299865320325,104,2026-05-12T13:46:02.121820+00:00,726,1,1.972,1843.735,118.32,47.308
2026-05-12T13:48:05+00:00,43.51550166495144,16.363016632385552,102,2026-05-12T13:46:02.121820+00:00,726,1,2.148,1845.883,128.88,42.459
2026-05-12T13:48:06+00:00,43.515515914186835,16.363034611567855,101,2026-05-12T13:46:02.121820+00:00,726,1,2.148,1848.031,128.88,42.459
2026-05-12T13:48:07+00:00,43.515531504526734,16.363053498789668,101,2026-05-12T13:46:02.121820+00:00,726,1,2.308,1850.338,138.48,41.301
2026-05-12T13:48:08+00:00,43.51554709486663,16.36307238601148,102,2026-05-12T13:46:02.121820+00:00,726,1,2.308,1852.646,138.48,41.301
2026-05-12T13:48:09+00:00,43.51556268520653,16.363091273233294,102,2026-05-12T13:46:02.121820+00:00,726,1,2.308,1854.953,138.48,41.301
2026-05-12T13:48:10+00:00,43.515572464093566,16.363114644773304,102,2026-05-12T13:46:02.121820+00:00,726,1,2.176,1857.129,130.56,60.016
2026-05-12T13:48:11+00:00,43.5155822429806,16.363138016313314,102,2026-05-12T13:46:02.121820+00:00,726,1,2.176,1859.305,130.56,60.016
2026-05-12T13:48:12+00:00,43.51559202186763,16.363161387853324,102,2026-05-12T13:46:02.121820+00:00,726,1,2.176,1861.481,130.56,60.016
2026-05-12T13:48:13+00:00,43.515601800754666,16.363184759393334,102,2026-05-12T13:46:02.121820+00:00,726,1,2.176,1863.657,130.56,60.016
2026-05-12T13:48:14+00:00,43.5156115796417,16.363208130933344,102,2026-05-12T13:46:02.121820+00:00,726,1,2.176,1865.832,130.56,60.016
2026-05-12T13:48:15+00:00,43.51562135852873,16.363231502473354,102,2026-05-12T13:46:02.121820+00:00,726,1,2.176,1868.008,130.56,60.016
2026-05-12T13:48:16+00:00,43.515624082647264,16.363259707577527,104,2026-05-12T13:46:02.121820+00:00,726,1,2.294,1870.303,137.64,82.414
2026-05-12T13:48:17+00:00,43.515626806765795,16.3632879126817,106,2026-05-12T13:46:02.121820+00:00,726,1,2.294,1872.597,137.64,82.414
2026-05-12T13:48:18+00:00,43.515630550682545,16.363313058391213,105,2026-05-12T13:46:02.121820+00:00,726,1,2.07,1874.667,124.2,78.398
2026-05-12T13:48:19+00:00,43.515634294599295,16.363338204100728,104,2026-05-12T13:46:02.121820+00:00,726,1,2.07,1876.737,124.2,78.398
2026-05-12T13:48:20+00:00,43.515638038516045,16.363363349810243,103,2026-05-12T13:46:02.121820+00:00,726,1,2.07,1878.807,124.2,78.398
2026-05-12T13:48:21+00:00,43.515641475096345,16.363390004262328,102,2026-05-12T13:46:02.121820+00:00,726,1,2.183,1880.99,130.98,79.919
2026-05-12T13:48:22+00:00,43.515644911676645,16.363416658714414,101,2026-05-12T13:46:02.121820+00:00,726,1,2.183,1883.173,130.98,79.919
2026-05-12T13:48:23+00:00,43.515648348256946,16.3634433131665,100,2026-05-12T13:46:02.121820+00:00,726,1,2.183,1885.356,130.98,79.919
2026-05-12T13:48:24+00:00,43.51565376855433,16.36346342973411,101,2026-05-12T13:46:02.121820+00:00,726,1,1.73,1887.087,103.8,69.617
2026-05-12T13:48:25+00:00,43.515659188851714,16.363483546301723,101,2026-05-12T13:46:02.121820+00:00,726,1,1.73,1888.817,103.8,69.617
2026-05-12T13:48:26+00:00,43.5156646091491,16.363503662869334,102,2026-05-12T13:46:02.121820+00:00,726,1,1.73,1890.548,103.8,69.617
2026-05-12T13:48:27+00:00,43.51567600853741,16.363520175218582,103,2026-05-12T13:46:02.121820+00:00,726,1,1.838,1892.386,110.28,46.41
2026-05-12T13:48:28+00:00,43.515687407925725,16.36353668756783,104,2026-05-12T13:46:02.121820+00:00,726,1,1.838,1894.224,110.28,46.41
2026-05-12T13:48:29+00:00,43.51569880731404,16.363553199917078,105,2026-05-12T13:46:02.121820+00:00,726,1,1.838,1896.063,110.28,46.41
2026-05-12T13:48:30+00:00,43.51571014383808,16.36357260402292,105,2026-05-12T13:46:02.121820+00:00,726,1,2.009,1898.072,120.54,51.144
2026-05-12T13:48:31+00:00,43.51572148036212,16.363592008128762,105,2026-05-12T13:46:02.121820+00:00,726,1,2.009,1900.081,120.54,51.144
2026-05-12T13:48:32+00:00,43.51573281688616,16.363611412234604,105,2026-05-12T13:46:02.121820+00:00,726,1,2.009,1902.091,120.54,51.144
2026-05-12T13:48:33+00:00,43.51574415341019,16.363630816340446,105,2026-05-12T13:46:02.121820+00:00,726,1,2.009,1904.1,120.54,51.144
2026-05-12T13:48:34+00:00,43.51575639098883,16.363648653030396,104,2026-05-12T13:46:02.121820+00:00,726,1,1.98,1906.08,118.8,46.587
2026-05-12T13:48:35+00:00,43.51576862856746,16.363666489720345,104,2026-05-12T13:46:02.121820+00:00,726,1,1.98,1908.06,118.8,46.587
2026-05-12T13:48:36+00:00,43.51578086614609,16.363684326410294,103,2026-05-12T13:46:02.121820+00:00,726,1,1.98,1910.04,118.8,46.587
2026-05-12T13:48:37+00:00,43.51579310372472,16.363702163100243,103,2026-05-12T13:46:02.121820+00:00,726,1,1.98,1912.02,118.8,46.587
2026-05-12T13:48:38+00:00,43.51580534130335,16.36371999979019,102,2026-05-12T13:46:02.121820+00:00,726,1,1.98,1914.0,118.8,46.587
2026-05-12T13:48:39+00:00,43.51581977913156,16.36373833520338,103,2026-05-12T13:46:02.121820+00:00,726,1,2.183,1916.182,130.98,42.644
2026-05-12T13:48:40+00:00,43.515834216959774,16.363756670616567,104,2026-05-12T13:46:02.121820+00:00,726,1,2.183,1918.365,130.98,42.644
2026-05-12T13:48:41+00:00,43.51584865478799,16.363775006029755,104,2026-05-12T13:46:02.121820+00:00,726,1,2.183,1920.547,130.98,42.644
2026-05-12T13:48:42+00:00,43.5158630926162,16.363793341442943,105,2026-05-12T13:46:02.121820+00:00,726,1,2.183,1922.73,130.98,42.644
2026-05-12T13:48:43+00:00,43.51587802637368,16.363807702437043,104,2026-05-12T13:46:02.121820+00:00,726,1,2.024,1924.754,121.44,34.891
2026-05-12T13:48:44+00:00,43.51589296013117,16.363822063431144,104,2026-05-12T13:46:02.121820+00:00,726,1,2.024,1926.779,121.44,34.891
2026-05-12T13:48:45+00:00,43.51590789388865,16.363836424425244,104,2026-05-12T13:46:02.121820+00:00,726,1,2.024,1928.803,121.44,34.891
2026-05-12T13:48:46+00:00,43.515922827646136,16.363850785419345,103,2026-05-12T13:46:02.121820+00:00,726,1,2.024,1930.828,121.44,34.891
2026-05-12T13:48:47+00:00,43.51593776140362,16.363865146413445,102,2026-05-12T13:46:02.121820+00:00,726,1,2.024,1932.852,121.44,34.891
2026-05-12T13:48:48+00:00,43.515952695161104,16.363879507407546,102,2026-05-12T13:46:02.121820+00:00,726,1,2.024,1934.877,121.44,34.891
2026-05-12T13:48:49+00:00,43.51596588268876,16.363894985988736,102,2026-05-12T13:46:02.121820+00:00,726,1,1.926,1936.802,115.56,40.403
2026-05-12T13:48:50+00:00,43.51597907021642,16.363910464569926,102,2026-05-12T13:46:02.121820+00:00,726,1,1.926,1938.728,115.56,40.403
2026-05-12T13:48:51+00:00,43.515992257744074,16.363925943151116,102,2026-05-12T13:46:02.121820+00:00,726,1,1.926,1940.654,115.56,40.403
2026-05-12T13:48:52+00:00,43.516006423160434,16.36394027620554,102,2026-05-12T13:46:02.121820+00:00,726,1,1.954,1942.607,117.24,36.27
2026-05-12T13:48:53+00:00,43.516020588576794,16.363954609259963,103,2026-05-12T13:46:02.121820+00:00,726,1,1.954,1944.561,117.24,36.27
2026-05-12T13:48:54+00:00,43.516034753993154,16.363968942314386,103,2026-05-12T13:46:02.121820+00:00,726,1,1.954,1946.515,117.24,36.27
2026-05-12T13:48:55+00:00,43.51604891940951,16.36398327536881,104,2026-05-12T13:46:02.121820+00:00,726,1,1.954,1948.468,117.24,36.27
2026-05-12T13:48:56+00:00,43.51606308482587,16.363997608423233,104,2026-05-12T13:46:02.121820+00:00,726,1,1.954,1950.422,117.24,36.27
2026-05-12T13:48:57+00:00,43.51607725024223,16.364011941477656,105,2026-05-12T13:46:02.121820+00:00,726,1,1.954,1952.376,117.24,36.27
2026-05-12T13:48:58+00:00,43.51609141565859,16.36402627453208,105,2026-05-12T13:46:02.121820+00:00,726,1,1.954,1954.329,117.24,36.27
2026-05-12T13:48:59+00:00,43.51610390469432,16.364042032510042,104,2026-05-12T13:46:02.121820+00:00,726,1,1.882,1956.212,112.92,42.458
2026-05-12T13:49:00+00:00,43.51611639373005,16.364057790488005,103,2026-05-12T13:46:02.121820+00:00,726,1,1.882,1958.094,112.92,42.458
