timestamp_utc,latitude,longitude,heart_rate,finish_time_utc,elapsed_race_time_s,finished_flag,seg_dist_m,dist_from_start_m,SOG_raw_mpm,COG_raw_deg
2026-05-12T13:03:29+00:00,43.51864841580391,16.370933247730136,117,2026-05-12T13:15:45.056318+00:00,736,1,0.0,0.0,0.0,0.0
2026-05-12T13:03:30+00:00,43.51863197050989,16.37093254365027,116,2026-05-12T13:15:45.056318+00:00,736,1,1.83,1.83,109.8,181.778
2026-05-12T13:03:31+00:00,43.51861638016999,16.370930448174477,113,2026-05-12T13:15:45.056318+00:00,736,1,1.742,3.571,104.52,185.567
2026-05-12T13:03:32+00:00,43.51860078983009,16.370928352698684,110,2026-05-12T13:15:45.056318+00:00,736,1,1.742,5.313,104.52,185.567
2026-05-12T13:03:33+00:00,43.51858427748084,16.370926341041923,110,2026-05-12T13:15:45.056318+00:00,736,1,1.843,7.156,110.58,185.049
2026-05-12T13:03:34+00:00,43.51856441237032,16.370926843956113,107,2026-05-12T13:15:45.056318+00:00,736,1,2.209,9.366,132.54,178.948
2026-05-12T13:03:35+00:00,43.518545280676335,16.370924203656614,106,2026-05-12T13:15:45.056318+00:00,736,1,2.138,11.504,128.28,185.715
2026-05-12T13:03:36+00:00,43.518526148982346,16.370921563357115,106,2026-05-12T13:15:45.056318+00:00,736,1,2.138,13.642,128.28,185.715
2026-05-12T13:03:37+00:00,43.51850701728836,16.370918923057616,106,2026-05-12T13:15:45.056318+00:00,736,1,2.138,15.78,128.28,185.715
2026-05-12T13:03:38+00:00,43.51848788559437,16.370916282758117,105,2026-05-12T13:15:45.056318+00:00,736,1,2.138,17.917,128.28,185.715
2026-05-12T13:03:39+00:00,43.51847084239125,16.37091097421944,106,2026-05-12T13:15:45.056318+00:00,736,1,1.943,19.86,116.58,192.728
2026-05-12T13:03:40+00:00,43.51845379918814,16.370905665680766,107,2026-05-12T13:15:45.056318+00:00,736,1,1.943,21.803,116.58,192.728
2026-05-12T13:03:41+00:00,43.51843675598502,16.37090035714209,108,2026-05-12T13:15:45.056318+00:00,736,1,1.943,23.746,116.58,192.728
2026-05-12T13:03:42+00:00,43.5184201807715,16.370899896137416,107,2026-05-12T13:15:45.056318+00:00,736,1,1.843,25.59,110.58,181.155
2026-05-12T13:03:43+00:00,43.51840360555798,16.370899435132742,106,2026-05-12T13:15:45.056318+00:00,736,1,1.843,27.433,110.58,181.155
2026-05-12T13:03:44+00:00,43.518387030344456,16.370898974128067,104,2026-05-12T13:15:45.056318+00:00,736,1,1.843,29.276,110.58,181.155
2026-05-12T13:03:45+00:00,43.518370455130935,16.370898513123393,103,2026-05-12T13:15:45.056318+00:00,736,1,1.843,31.12,110.58,181.155
2026-05-12T13:03:46+00:00,43.51835348177701,16.370898764580488,103,2026-05-12T13:15:45.056318+00:00,736,1,1.887,33.007,113.22,179.384
2026-05-12T13:03:47+00:00,43.51833650842309,16.370899016037583,102,2026-05-12T13:15:45.056318+00:00,736,1,1.887,34.895,113.22,179.384
2026-05-12T13:03:48+00:00,43.51831953506917,16.37089926749468,102,2026-05-12T13:15:45.056318+00:00,736,1,1.887,36.782,113.22,179.384
2026-05-12T13:03:49+00:00,43.518302561715245,16.370899518951774,102,2026-05-12T13:15:45.056318+00:00,736,1,1.887,38.67,113.22,179.384
2026-05-12T13:03:50+00:00,43.51828655228019,16.37089591473341,102,2026-05-12T13:15:45.056318+00:00,736,1,1.804,40.473,108.24,189.272
2026-05-12T13:03:51+00:00,43.518277374096215,16.37088438961655,102,2026-05-12T13:15:45.056318+00:00,736,1,1.38,41.854,82.8,222.32
2026-05-12T13:03:52+00:00,43.51826819591224,16.370872864499688,102,2026-05-12T13:15:45.056318+00:00,736,1,1.38,43.234,82.8,222.32
2026-05-12T13:03:53+00:00,43.51825901772827,16.370861339382827,102,2026-05-12T13:15:45.056318+00:00,736,1,1.38,44.614,82.8,222.32
2026-05-12T13:03:54+00:00,43.518249839544296,16.370849814265966,102,2026-05-12T13:15:45.056318+00:00,736,1,1.38,45.995,82.8,222.32
2026-05-12T13:03:55+00:00,43.51824665442109,16.370832631364465,104,2026-05-12T13:15:45.056318+00:00,736,1,1.43,47.425,85.8,255.661
2026-05-12T13:03:56+00:00,43.51825051009655,16.3708065636456,108,2026-05-12T13:15:45.056318+00:00,736,1,2.145,49.57,128.7,281.528
2026-05-12T13:03:57+00:00,43.51825939491391,16.37078552506864,111,2026-05-12T13:15:45.056318+00:00,736,1,1.963,51.533,117.78,300.215
2026-05-12T13:03:58+00:00,43.51826844736934,16.370762391015887,115,2026-05-12T13:15:45.056318+00:00,736,1,2.12,53.653,127.2,298.352
2026-05-12T13:03:59+00:00,43.518278799019754,16.37073707766831,117,2026-05-12T13:15:45.056318+00:00,736,1,2.343,55.996,140.58,299.42
2026-05-12T13:04:00+00:00,43.51828915067017,16.37071176432073,119,2026-05-12T13:15:45.056318+00:00,736,1,2.343,58.339,140.58,299.42
2026-05-12T13:04:01+00:00,43.51830000523478,16.370689594186842,120,2026-05-12T13:15:45.056318+00:00,736,1,2.157,60.496,129.42,304.026
2026-05-12T13:04:02+00:00,43.518310859799385,16.370667424052954,122,2026-05-12T13:15:45.056318+00:00,736,1,2.157,62.653,129.42,304.026
2026-05-12T13:04:03+00:00,43.51831840351224,16.3706442900002,121,2026-05-12T13:15:45.056318+00:00,736,1,2.045,64.698,122.7,294.212
2026-05-12T13:04:04+00:00,43.518325947225094,16.370621155947447,120,2026-05-12T13:15:45.056318+00:00,736,1,2.045,66.744,122.7,294.212
2026-05-12T13:04:05+00:00,43.51833349093795,16.370598021894693,119,2026-05-12T13:15:45.056318+00:00,736,1,2.045,68.789,122.7,294.212
2026-05-12T13:04:06+00:00,43.518338771536946,16.370574049651623,116,2026-05-12T13:15:45.056318+00:00,736,1,2.02,70.809,121.2,286.897
2026-05-12T13:04:07+00:00,43.518344135954976,16.37055493891239,113,2026-05-12T13:15:45.056318+00:00,736,1,1.652,72.462,99.12,291.161
2026-05-12T13:04:08+00:00,43.51835155393928,16.370534235611558,110,2026-05-12T13:15:45.056318+00:00,736,1,1.862,74.324,111.72,296.294
2026-05-12T13:04:09+00:00,43.51835897192359,16.370513532310724,106,2026-05-12T13:15:45.056318+00:00,736,1,1.862,76.186,111.72,296.294
2026-05-12T13:04:10+00:00,43.51836643181741,16.370490132831037,106,2026-05-12T13:15:45.056318+00:00,736,1,2.061,78.247,123.66,293.732
2026-05-12T13:04:11+00:00,43.518373891711235,16.37046673335135,107,2026-05-12T13:15:45.056318+00:00,736,1,2.061,80.308,123.66,293.732
2026-05-12T13:04:12+00:00,43.51838135160506,16.370443333871663,107,2026-05-12T13:15:45.056318+00:00,736,1,2.061,82.369,123.66,293.732
2026-05-12T13:04:13+00:00,43.51838881149888,16.370419934391975,107,2026-05-12T13:15:45.056318+00:00,736,1,2.061,84.43,123.66,293.732
2026-05-12T13:04:14+00:00,43.5183962713927,16.370396534912288,108,2026-05-12T13:15:45.056318+00:00,736,1,2.061,86.491,123.66,293.732
2026-05-12T13:04:15+00:00,43.518403731286526,16.3703731354326,108,2026-05-12T13:15:45.056318+00:00,736,1,2.061,88.552,123.66,293.732
2026-05-12T13:04:16+00:00,43.51841383147985,16.37035008519888,108,2026-05-12T13:15:45.056318+00:00,736,1,2.172,90.724,130.32,301.143
2026-05-12T13:04:17+00:00,43.51842393167317,16.370327034965158,107,2026-05-12T13:15:45.056318+00:00,736,1,2.172,92.895,130.32,301.143
2026-05-12T13:04:18+00:00,43.5184319363907,16.370304878801107,106,2026-05-12T13:15:45.056318+00:00,736,1,1.996,94.891,119.76,296.483
2026-05-12T13:04:19+00:00,43.51843994110823,16.370282722637057,106,2026-05-12T13:15:45.056318+00:00,736,1,1.996,96.887,119.76,296.483
2026-05-12T13:04:20+00:00,43.51844794582576,16.370260566473007,106,2026-05-12T13:15:45.056318+00:00,736,1,1.996,98.883,119.76,296.483
2026-05-12T13:04:21+00:00,43.51845595054328,16.370238410308957,105,2026-05-12T13:15:45.056318+00:00,736,1,1.996,100.879,119.76,296.483
2026-05-12T13:04:22+00:00,43.51846395526081,16.370216254144907,104,2026-05-12T13:15:45.056318+00:00,736,1,1.996,102.875,119.76,296.483
2026-05-12T13:04:23+00:00,43.51847195997834,16.370194097980857,104,2026-05-12T13:15:45.056318+00:00,736,1,1.996,104.871,119.76,296.483
2026-05-12T13:04:24+00:00,43.51848185062408,16.37016987428069,103,2026-05-12T13:15:45.056318+00:00,736,1,2.242,107.113,134.52,299.382
2026-05-12T13:04:25+00:00,43.51849006488919,16.370146907866,100,2026-05-12T13:15:45.056318+00:00,736,1,2.065,109.178,123.9,296.254
2026-05-12T13:04:26+00:00,43.51849936880171,16.370127629488707,96,2026-05-12T13:15:45.056318+00:00,736,1,1.867,111.045,112.02,303.645
2026-05-12T13:04:27+00:00,43.51850822009146,16.3701051492244,96,2026-05-12T13:15:45.056318+00:00,736,1,2.063,113.107,123.78,298.501
2026-05-12T13:04:28+00:00,43.51851707138121,16.370082668960094,97,2026-05-12T13:15:45.056318+00:00,736,1,2.063,115.17,123.78,298.501
2026-05-12T13:04:29+00:00,43.51852592267096,16.37006018869579,97,2026-05-12T13:15:45.056318+00:00,736,1,2.063,117.233,123.78,298.501
2026-05-12T13:04:30+00:00,43.51853477396071,16.370037708431482,98,2026-05-12T13:15:45.056318+00:00,736,1,2.063,119.295,123.78,298.501
2026-05-12T13:04:31+00:00,43.51854362525046,16.370015228167176,98,2026-05-12T13:15:45.056318+00:00,736,1,2.063,121.358,123.78,298.501
2026-05-12T13:04:32+00:00,43.51855142042041,16.36999594978988,101,2026-05-12T13:15:45.056318+00:00,736,1,1.78,123.138,106.8,299.144
2026-05-12T13:04:33+00:00,43.518558997660875,16.369970954954624,100,2026-05-12T13:15:45.056318+00:00,736,1,2.184,125.322,131.04,292.688
2026-05-12T13:04:34+00:00,43.51856657490134,16.369945960119367,100,2026-05-12T13:15:45.056318+00:00,736,1,2.184,127.507,131.04,292.688
2026-05-12T13:04:35+00:00,43.51857415214181,16.36992096528411,99,2026-05-12T13:15:45.056318+00:00,736,1,2.184,129.691,131.04,292.688
2026-05-12T13:04:36+00:00,43.51858172938228,16.36989597044885,99,2026-05-12T13:15:45.056318+00:00,736,1,2.184,131.876,131.04,292.688
2026-05-12T13:04:37+00:00,43.518589306622744,16.369870975613594,98,2026-05-12T13:15:45.056318+00:00,736,1,2.184,134.06,131.04,292.688
2026-05-12T13:04:38+00:00,43.518590200692415,16.369849434122443,98,2026-05-12T13:15:45.056318+00:00,736,1,1.74,135.8,104.4,273.276
2026-05-12T13:04:39+00:00,43.51859109476209,16.369827892631292,97,2026-05-12T13:15:45.056318+00:00,736,1,1.74,137.54,104.4,273.276
2026-05-12T13:04:40+00:00,43.51859198883176,16.36980635114014,97,2026-05-12T13:15:45.056318+00:00,736,1,1.74,139.279,104.4,273.276
2026-05-12T13:04:41+00:00,43.51858578622341,16.369789335876703,100,2026-05-12T13:15:45.056318+00:00,736,1,1.536,140.815,92.16,243.311
2026-05-12T13:04:42+00:00,43.518577655777335,16.369780618697405,101,2026-05-12T13:15:45.056318+00:00,736,1,1.145,141.96,68.7,217.864
2026-05-12T13:04:43+00:00,43.518569651059806,16.369780325330794,104,2026-05-12T13:15:45.056318+00:00,736,1,0.89,142.851,53.4,181.522
2026-05-12T13:04:44+00:00,43.51856164634228,16.369780031964183,107,2026-05-12T13:15:45.056318+00:00,736,1,0.89,143.741,53.4,181.522
2026-05-12T13:04:45+00:00,43.51855158805847,16.369783761911094,110,2026-05-12T13:15:45.056318+00:00,736,1,1.158,144.899,69.48,164.949
2026-05-12T13:04:46+00:00,43.518541529774666,16.369787491858006,112,2026-05-12T13:15:45.056318+00:00,736,1,1.158,146.057,69.48,164.949
2026-05-12T13:04:47+00:00,43.51852543652058,16.369778271764517,115,2026-05-12T13:15:45.056318+00:00,736,1,1.938,147.995,116.28,202.561
2026-05-12T13:04:48+00:00,43.51851252838969,16.369776176288724,119,2026-05-12T13:15:45.056318+00:00,736,1,1.445,149.44,86.7,186.714
2026-05-12T13:04:49+00:00,43.518493697047234,16.369774136692286,121,2026-05-12T13:15:45.056318+00:00,736,1,2.1,151.541,126.0,184.491
2026-05-12T13:04:50+00:00,43.518474865704775,16.369772097095847,122,2026-05-12T13:15:45.056318+00:00,736,1,2.1,153.641,126.0,184.491
2026-05-12T13:04:51+00:00,43.51845603436232,16.36977005749941,124,2026-05-12T13:15:45.056318+00:00,736,1,2.1,155.741,126.0,184.491
2026-05-12T13:04:52+00:00,43.51843977347016,16.369761927053332,126,2026-05-12T13:15:45.056318+00:00,736,1,1.923,157.665,115.38,199.929
2026-05-12T13:04:53+00:00,43.51842351257801,16.369753796607256,128,2026-05-12T13:15:45.056318+00:00,736,1,1.923,159.588,115.38,199.929
2026-05-12T13:04:54+00:00,43.51840674877167,16.369748152792454,127,2026-05-12T13:15:45.056318+00:00,736,1,1.919,161.507,115.14,193.72
2026-05-12T13:04:55+00:00,43.51838998496533,16.36974250897765,125,2026-05-12T13:15:45.056318+00:00,736,1,1.919,163.426,115.14,193.72
2026-05-12T13:04:56+00:00,43.51837322115898,16.36973686516285,124,2026-05-12T13:15:45.056318+00:00,736,1,1.919,165.344,115.14,193.72
2026-05-12T13:04:57+00:00,43.51835964247584,16.36973585933447,121,2026-05-12T13:15:45.056318+00:00,736,1,1.512,166.856,90.72,183.075
2026-05-12T13:04:58+00:00,43.5183375980705,16.36972978245467,120,2026-05-12T13:15:45.056318+00:00,736,1,2.5,169.356,150.0,191.304
2026-05-12T13:04:59+00:00,43.51831555366516,16.36972370557487,118,2026-05-12T13:15:45.056318+00:00,736,1,2.5,171.856,150.0,191.304
2026-05-12T13:05:00+00:00,43.51830050814897,16.36971570085734,118,2026-05-12T13:15:45.056318+00:00,736,1,1.793,173.649,107.58,201.097
2026-05-12T13:05:01+00:00,43.518285462632775,16.369707696139812,118,2026-05-12T13:15:45.056318+00:00,736,1,1.793,175.442,107.58,201.097
2026-05-12T13:05:02+00:00,43.51826823782176,16.369701703079045,117,2026-05-12T13:15:45.056318+00:00,736,1,1.975,177.418,118.5,194.16
2026-05-12T13:05:03+00:00,43.51825101301074,16.369695710018277,116,2026-05-12T13:15:45.056318+00:00,736,1,1.975,179.393,118.5,194.16
2026-05-12T13:05:04+00:00,43.51823378819972,16.36968971695751,116,2026-05-12T13:15:45.056318+00:00,736,1,1.975,181.368,118.5,194.16
2026-05-12T13:05:05+00:00,43.518216563388705,16.369683723896742,115,2026-05-12T13:15:45.056318+00:00,736,1,1.975,183.344,118.5,194.16
2026-05-12T13:05:06+00:00,43.51819926314056,16.36967960000038,114,2026-05-12T13:15:45.056318+00:00,736,1,1.952,185.296,117.12,189.807
2026-05-12T13:05:07+00:00,43.51818196289241,16.36967547610402,114,2026-05-12T13:15:45.056318+00:00,736,1,1.952,187.248,117.12,189.807
2026-05-12T13:05:08+00:00,43.51816466264427,16.36967135220766,113,2026-05-12T13:15:45.056318+00:00,736,1,1.952,189.2,117.12,189.807
2026-05-12T13:05:09+00:00,43.51814736239612,16.3696672283113,113,2026-05-12T13:15:45.056318+00:00,736,1,1.952,191.153,117.12,189.807
2026-05-12T13:05:10+00:00,43.518130062147975,16.36966310441494,112,2026-05-12T13:15:45.056318+00:00,736,1,1.952,193.105,117.12,189.807
2026-05-12T13:05:11+00:00,43.51811167784035,16.36965975165367,111,2026-05-12T13:15:45.056318+00:00,736,1,2.062,195.167,123.72,187.534
2026-05-12T13:05:12+00:00,43.51809329353273,16.369656398892403,110,2026-05-12T13:15:45.056318+00:00,736,1,2.062,197.229,123.72,187.534
2026-05-12T13:05:13+00:00,43.518074909225106,16.369653046131134,109,2026-05-12T13:15:45.056318+00:00,736,1,2.062,199.291,123.72,187.534
2026-05-12T13:05:14+00:00,43.518059737980366,16.369652235880494,108,2026-05-12T13:15:45.056318+00:00,736,1,1.688,200.979,101.28,182.218
2026-05-12T13:05:15+00:00,43.518044566735625,16.369651425629854,107,2026-05-12T13:15:45.056318+00:00,736,1,1.688,202.667,101.28,182.218
2026-05-12T13:05:16+00:00,43.518029395490885,16.369650615379214,106,2026-05-12T13:15:45.056318+00:00,736,1,1.688,204.356,101.28,182.218
2026-05-12T13:05:17+00:00,43.518011793494225,16.369650531560183,102,2026-05-12T13:15:45.056318+00:00,736,1,1.957,206.313,117.42,180.198
2026-05-12T13:05:18+00:00,43.517993185669184,16.36965095065534,100,2026-05-12T13:15:45.056318+00:00,736,1,2.069,208.382,124.14,179.064
2026-05-12T13:05:19+00:00,43.51797457784414,16.3696513697505,97,2026-05-12T13:15:45.056318+00:00,736,1,2.069,210.452,124.14,179.064
2026-05-12T13:05:20+00:00,43.5179559700191,16.36965178884566,95,2026-05-12T13:15:45.056318+00:00,736,1,2.069,212.521,124.14,179.064
2026-05-12T13:05:21+00:00,43.517938326112926,16.369654261507094,94,2026-05-12T13:15:45.056318+00:00,736,1,1.972,214.493,118.32,174.197
2026-05-12T13:05:22+00:00,43.51792068220675,16.36965673416853,92,2026-05-12T13:15:45.056318+00:00,736,1,1.972,216.465,118.32,174.197
2026-05-12T13:05:23+00:00,43.51790362503379,16.369654869195074,93,2026-05-12T13:15:45.056318+00:00,736,1,1.903,218.368,114.18,184.533
2026-05-12T13:05:24+00:00,43.51788656786084,16.369653004221618,94,2026-05-12T13:15:45.056318+00:00,736,1,1.903,220.27,114.18,184.533
2026-05-12T13:05:25+00:00,43.51786951068789,16.369651139248163,94,2026-05-12T13:15:45.056318+00:00,736,1,1.903,222.173,114.18,184.533
2026-05-12T13:05:26+00:00,43.517852453514934,16.369649274274707,95,2026-05-12T13:15:45.056318+00:00,736,1,1.903,224.075,114.18,184.533
2026-05-12T13:05:27+00:00,43.51783353835344,16.369647192768753,95,2026-05-12T13:15:45.056318+00:00,736,1,2.11,226.185,126.6,184.563
2026-05-12T13:05:28+00:00,43.51781462319195,16.3696451112628,95,2026-05-12T13:15:45.056318+00:00,736,1,2.11,228.295,126.6,184.563
2026-05-12T13:05:29+00:00,43.51779570803046,16.369643029756844,94,2026-05-12T13:15:45.056318+00:00,736,1,2.11,230.405,126.6,184.563
2026-05-12T13:05:30+00:00,43.51777679286897,16.36964094825089,94,2026-05-12T13:15:45.056318+00:00,736,1,2.11,232.515,126.6,184.563
2026-05-12T13:05:31+00:00,43.51775787770748,16.369638866744936,94,2026-05-12T13:15:45.056318+00:00,736,1,2.11,234.625,126.6,184.563
2026-05-12T13:05:32+00:00,43.51773896254599,16.36963678523898,94,2026-05-12T13:15:45.056318+00:00,736,1,2.11,236.735,126.6,184.563
2026-05-12T13:05:33+00:00,43.51772074587643,16.36963598895818,94,2026-05-12T13:15:45.056318+00:00,736,1,2.027,238.762,121.62,181.816
2026-05-12T13:05:34+00:00,43.51770252920687,16.36963519267738,94,2026-05-12T13:15:45.056318+00:00,736,1,2.027,240.788,121.62,181.816
2026-05-12T13:05:35+00:00,43.51768431253731,16.369634396396577,94,2026-05-12T13:15:45.056318+00:00,736,1,2.027,242.815,121.62,181.816
2026-05-12T13:05:36+00:00,43.51766609586775,16.369633600115776,93,2026-05-12T13:15:45.056318+00:00,736,1,2.027,244.842,121.62,181.816
2026-05-12T13:05:37+00:00,43.51764787919819,16.369632803834975,93,2026-05-12T13:15:45.056318+00:00,736,1,2.027,246.868,121.62,181.816
2026-05-12T13:05:38+00:00,43.517629662528634,16.369632007554173,93,2026-05-12T13:15:45.056318+00:00,736,1,2.027,248.895,121.62,181.816
2026-05-12T13:05:39+00:00,43.51761247962713,16.36963276192546,98,2026-05-12T13:15:45.056318+00:00,736,1,1.912,250.807,114.72,178.177
2026-05-12T13:05:40+00:00,43.51759368320927,16.369630058761686,97,2026-05-12T13:15:45.056318+00:00,736,1,2.101,252.908,126.06,185.954
2026-05-12T13:05:41+00:00,43.51757488679141,16.369627355597913,96,2026-05-12T13:15:45.056318+00:00,736,1,2.101,255.009,126.06,185.954
2026-05-12T13:05:42+00:00,43.517556090373546,16.36962465243414,96,2026-05-12T13:15:45.056318+00:00,736,1,2.101,257.111,126.06,185.954
2026-05-12T13:05:43+00:00,43.51753729395568,16.369621949270368,95,2026-05-12T13:15:45.056318+00:00,736,1,2.101,259.212,126.06,185.954
2026-05-12T13:05:44+00:00,43.51751642301679,16.36961898766458,96,2026-05-12T13:15:45.056318+00:00,736,1,2.333,261.545,139.98,185.875
2026-05-12T13:05:45+00:00,43.51749555207789,16.369616026058793,98,2026-05-12T13:15:45.056318+00:00,736,1,2.333,263.878,139.98,185.875
2026-05-12T13:05:46+00:00,43.51747468113899,16.369613064453006,99,2026-05-12T13:15:45.056318+00:00,736,1,2.333,266.211,139.98,185.875
2026-05-12T13:05:47+00:00,43.51745339110494,16.369611136615276,103,2026-05-12T13:15:45.056318+00:00,736,1,2.372,268.584,142.32,183.757
2026-05-12T13:05:48+00:00,43.51743050850928,16.369610256515443,104,2026-05-12T13:15:45.056318+00:00,736,1,2.545,271.129,152.7,181.598
2026-05-12T13:05:49+00:00,43.51740762591362,16.36960937641561,106,2026-05-12T13:15:45.056318+00:00,736,1,2.545,273.674,152.7,181.598
2026-05-12T13:05:50+00:00,43.517387341707945,16.369606526568532,105,2026-05-12T13:15:45.056318+00:00,736,1,2.267,275.942,136.02,185.817
2026-05-12T13:05:51+00:00,43.51736705750227,16.369603676721454,103,2026-05-12T13:15:45.056318+00:00,736,1,2.267,278.209,136.02,185.817
2026-05-12T13:05:52+00:00,43.517346773296595,16.369600826874375,102,2026-05-12T13:15:45.056318+00:00,736,1,2.267,280.476,136.02,185.817
2026-05-12T13:05:53+00:00,43.517329255118966,16.36959783034399,102,2026-05-12T13:15:45.056318+00:00,736,1,1.963,282.439,117.78,187.071
2026-05-12T13:05:54+00:00,43.51731173694134,16.369594833813608,103,2026-05-12T13:15:45.056318+00:00,736,1,1.963,284.402,117.78,187.071
2026-05-12T13:05:55+00:00,43.51729421876371,16.369591837283224,104,2026-05-12T13:15:45.056318+00:00,736,1,1.963,286.365,117.78,187.071
2026-05-12T13:05:56+00:00,43.51727670058608,16.36958884075284,104,2026-05-12T13:15:45.056318+00:00,736,1,1.963,288.327,117.78,187.071
2026-05-12T13:05:57+00:00,43.517261068336666,16.369587583467364,105,2026-05-12T13:15:45.056318+00:00,736,1,1.741,290.069,104.46,183.338
2026-05-12T13:05:58+00:00,43.51724543608725,16.36958632618189,106,2026-05-12T13:15:45.056318+00:00,736,1,1.741,291.81,104.46,183.338
2026-05-12T13:05:59+00:00,43.51722649298608,16.36958691291511,102,2026-05-12T13:15:45.056318+00:00,736,1,2.107,293.917,126.42,178.713
2026-05-12T13:06:00+00:00,43.517205622047186,16.36958691291511,100,2026-05-12T13:15:45.056318+00:00,736,1,2.321,296.237,139.26,180.0
2026-05-12T13:06:01+00:00,43.51718475110829,16.36958691291511,98,2026-05-12T13:15:45.056318+00:00,736,1,2.321,298.558,139.26,180.0
2026-05-12T13:06:02+00:00,43.51716388016939,16.36958691291511,96,2026-05-12T13:15:45.056318+00:00,736,1,2.321,300.879,139.26,180.0
2026-05-12T13:06:03+00:00,43.517143009230494,16.36958691291511,94,2026-05-12T13:15:45.056318+00:00,736,1,2.321,303.2,139.26,180.0
2026-05-12T13:06:04+00:00,43.517120545729995,16.369586996734142,91,2026-05-12T13:15:45.056318+00:00,736,1,2.498,305.697,149.88,179.845
2026-05-12T13:06:05+00:00,43.517098082229495,16.369587080553174,88,2026-05-12T13:15:45.056318+00:00,736,1,2.498,308.195,149.88,179.845
2026-05-12T13:06:06+00:00,43.517078049480915,16.369583811610937,88,2026-05-12T13:15:45.056318+00:00,736,1,2.243,310.438,134.58,186.749
2026-05-12T13:06:07+00:00,43.51705533452332,16.369581129401922,90,2026-05-12T13:15:45.056318+00:00,736,1,2.535,312.973,152.1,184.894
2026-05-12T13:06:08+00:00,43.517032619565725,16.369578447192907,92,2026-05-12T13:15:45.056318+00:00,736,1,2.535,315.508,152.1,184.894
2026-05-12T13:06:09+00:00,43.51700630038977,16.36957668699324,96,2026-05-12T13:15:45.056318+00:00,736,1,2.93,318.438,175.8,182.777
2026-05-12T13:06:10+00:00,43.5169802326709,16.36957752518356,100,2026-05-12T13:15:45.056318+00:00,736,1,2.899,321.338,173.94,178.664
2026-05-12T13:06:11+00:00,43.51695651188493,16.369576519355178,103,2026-05-12T13:15:45.056318+00:00,736,1,2.639,323.977,158.34,181.761
2026-05-12T13:06:12+00:00,43.516935389488935,16.369577629957348,102,2026-05-12T13:15:45.056318+00:00,736,1,2.35,326.327,141.0,177.816
2026-05-12T13:06:13+00:00,43.51691426709294,16.36957874055952,102,2026-05-12T13:15:45.056318+00:00,736,1,2.35,328.678,141.0,177.816
2026-05-12T13:06:14+00:00,43.51689314469695,16.36957985116169,101,2026-05-12T13:15:45.056318+00:00,736,1,2.35,331.028,141.0,177.816
2026-05-12T13:06:15+00:00,43.51687202230096,16.36958096176386,100,2026-05-12T13:15:45.056318+00:00,736,1,2.35,333.378,141.0,177.816
2026-05-12T13:06:16+00:00,43.51685483939946,16.369578866288066,101,2026-05-12T13:15:45.056318+00:00,736,1,1.918,335.296,115.08,185.054
2026-05-12T13:06:17+00:00,43.516837656497955,16.369576770812273,103,2026-05-12T13:15:45.056318+00:00,736,1,1.918,337.215,115.08,185.054
2026-05-12T13:06:18+00:00,43.516820473596454,16.36957467533648,104,2026-05-12T13:15:45.056318+00:00,736,1,1.918,339.133,115.08,185.054
2026-05-12T13:06:19+00:00,43.51679897401482,16.369571720715612,106,2026-05-12T13:15:45.056318+00:00,736,1,2.402,341.535,144.12,185.691
2026-05-12T13:06:20+00:00,43.516777474433184,16.369568766094744,107,2026-05-12T13:15:45.056318+00:00,736,1,2.402,343.938,144.12,185.691
2026-05-12T13:06:21+00:00,43.51675597485155,16.369565811473876,108,2026-05-12T13:15:45.056318+00:00,736,1,2.402,346.34,144.12,185.691
2026-05-12T13:06:22+00:00,43.516734475269914,16.36956285685301,110,2026-05-12T13:15:45.056318+00:00,736,1,2.402,348.743,144.12,185.691
2026-05-12T13:06:23+00:00,43.51671259850264,16.369560258463025,110,2026-05-12T13:15:45.056318+00:00,736,1,2.442,351.184,146.52,184.923
2026-05-12T13:06:24+00:00,43.516689548268914,16.369554810225964,108,2026-05-12T13:15:45.056318+00:00,736,1,2.6,353.785,156.0,189.726
2026-05-12T13:06:25+00:00,43.51666649803519,16.369549361988902,107,2026-05-12T13:15:45.056318+00:00,736,1,2.6,356.385,156.0,189.726
2026-05-12T13:06:26+00:00,43.51664467714727,16.369546400383115,106,2026-05-12T13:15:45.056318+00:00,736,1,2.438,358.823,146.28,185.621
2026-05-12T13:06:27+00:00,43.516622856259346,16.369543438777328,106,2026-05-12T13:15:45.056318+00:00,736,1,2.438,361.261,146.28,185.621
2026-05-12T13:06:28+00:00,43.51660103537142,16.36954047717154,105,2026-05-12T13:15:45.056318+00:00,736,1,2.438,363.699,146.28,185.621
2026-05-12T13:06:29+00:00,43.51657883729786,16.369540728628635,106,2026-05-12T13:15:45.056318+00:00,736,1,2.468,366.168,148.08,179.529
2026-05-12T13:06:30+00:00,43.51655663922429,16.36954098008573,106,2026-05-12T13:15:45.056318+00:00,736,1,2.468,368.636,148.08,179.529
2026-05-12T13:06:31+00:00,43.516534441150725,16.369541231542826,107,2026-05-12T13:15:45.056318+00:00,736,1,2.468,371.105,148.08,179.529
2026-05-12T13:06:32+00:00,43.51651224307716,16.36954148299992,108,2026-05-12T13:15:45.056318+00:00,736,1,2.468,373.573,148.08,179.529
2026-05-12T13:06:33+00:00,43.51649004500359,16.369541734457016,108,2026-05-12T13:15:45.056318+00:00,736,1,2.468,376.041,148.08,179.529
2026-05-12T13:06:34+00:00,43.51646784693003,16.36954198591411,109,2026-05-12T13:15:45.056318+00:00,736,1,2.468,378.51,148.08,179.529
2026-05-12T13:06:35+00:00,43.51644420996308,16.36954160872847,110,2026-05-12T13:15:45.056318+00:00,736,1,2.628,381.138,157.68,180.663
2026-05-12T13:06:36+00:00,43.51642057299614,16.369541231542826,112,2026-05-12T13:15:45.056318+00:00,736,1,2.628,383.767,157.68,180.663
2026-05-12T13:06:37+00:00,43.51640427019447,16.36954563204199,112,2026-05-12T13:15:45.056318+00:00,736,1,1.847,385.614,110.82,168.925
2026-05-12T13:06:38+00:00,43.5163879673928,16.369550032541156,113,2026-05-12T13:15:45.056318+00:00,736,1,1.847,387.461,110.82,168.925
2026-05-12T13:06:39+00:00,43.516370239667594,16.36954494053498,113,2026-05-12T13:15:45.056318+00:00,736,1,2.014,389.475,120.84,191.766
2026-05-12T13:06:40+00:00,43.51635251194239,16.369539848528802,114,2026-05-12T13:15:45.056318+00:00,736,1,2.014,391.488,120.84,191.766
2026-05-12T13:06:41+00:00,43.51633478421718,16.369534756522626,114,2026-05-12T13:15:45.056318+00:00,736,1,2.014,393.502,120.84,191.766
2026-05-12T13:06:42+00:00,43.51631705649197,16.36952966451645,114,2026-05-12T13:15:45.056318+00:00,736,1,2.014,395.515,120.84,191.766
2026-05-12T13:06:43+00:00,43.51631693076342,16.369510050863028,114,2026-05-12T13:15:45.056318+00:00,736,1,1.582,397.097,94.92,269.494
2026-05-12T13:06:44+00:00,43.51631680503488,16.369490437209606,114,2026-05-12T13:15:45.056318+00:00,736,1,1.582,398.679,94.92,269.494
2026-05-12T13:06:45+00:00,43.51632059784606,16.369463929440826,113,2026-05-12T13:15:45.056318+00:00,736,1,2.179,400.857,130.74,281.162
2026-05-12T13:06:46+00:00,43.516324390657246,16.369437421672046,112,2026-05-12T13:15:45.056318+00:00,736,1,2.179,403.036,130.74,281.162
2026-05-12T13:06:47+00:00,43.51632818346843,16.369410913903266,112,2026-05-12T13:15:45.056318+00:00,736,1,2.179,405.215,130.74,281.162
2026-05-12T13:06:48+00:00,43.516331976279616,16.369384406134486,111,2026-05-12T13:15:45.056318+00:00,736,1,2.179,407.393,130.74,281.162
2026-05-12T13:06:49+00:00,43.51633217185736,16.36935632675886,111,2026-05-12T13:15:45.056318+00:00,736,1,2.264,409.658,135.84,270.55
2026-05-12T13:06:50+00:00,43.5163323674351,16.369328247383237,111,2026-05-12T13:15:45.056318+00:00,736,1,2.264,411.922,135.84,270.55
2026-05-12T13:06:51+00:00,43.51633256301284,16.369300168007612,111,2026-05-12T13:15:45.056318+00:00,736,1,2.264,414.186,135.84,270.55
2026-05-12T13:06:52+00:00,43.51633499376476,16.36926964111626,112,2026-05-12T13:15:45.056318+00:00,736,1,2.476,416.663,148.56,276.266
2026-05-12T13:06:53+00:00,43.51633742451668,16.36923911422491,113,2026-05-12T13:15:45.056318+00:00,736,1,2.476,419.139,148.56,276.266
2026-05-12T13:06:54+00:00,43.5163398552686,16.36920858733356,115,2026-05-12T13:15:45.056318+00:00,736,1,2.476,421.615,148.56,276.266
2026-05-12T13:06:55+00:00,43.51634228602052,16.36917806044221,116,2026-05-12T13:15:45.056318+00:00,736,1,2.476,424.092,148.56,276.266
2026-05-12T13:06:56+00:00,43.51634471677244,16.36914753355086,117,2026-05-12T13:15:45.056318+00:00,736,1,2.476,426.568,148.56,276.266
2026-05-12T13:06:57+00:00,43.51634731516242,16.369116688147187,121,2026-05-12T13:15:45.056318+00:00,736,1,2.504,429.072,150.24,276.626
2026-05-12T13:06:58+00:00,43.5163525538519,16.369087561033666,119,2026-05-12T13:15:45.056318+00:00,736,1,2.42,431.492,145.2,283.929
2026-05-12T13:06:59+00:00,43.516357792541385,16.369058433920145,117,2026-05-12T13:15:45.056318+00:00,736,1,2.42,433.912,145.2,283.929
2026-05-12T13:07:00+00:00,43.51636282168329,16.369030228815973,116,2026-05-12T13:15:45.056318+00:00,736,1,2.342,436.254,140.52,283.814
2026-05-12T13:07:01+00:00,43.51636785082519,16.3690020237118,116,2026-05-12T13:15:45.056318+00:00,736,1,2.342,438.596,140.52,283.814
2026-05-12T13:07:02+00:00,43.51637130137533,16.368973455391824,116,2026-05-12T13:15:45.056318+00:00,736,1,2.335,440.931,140.1,279.456
2026-05-12T13:07:03+00:00,43.51637475192547,16.368944887071848,116,2026-05-12T13:15:45.056318+00:00,736,1,2.335,443.267,140.1,279.456
2026-05-12T13:07:04+00:00,43.51637820247561,16.36891631875187,116,2026-05-12T13:15:45.056318+00:00,736,1,2.335,445.602,140.1,279.456
2026-05-12T13:07:05+00:00,43.516381653025746,16.368887750431895,117,2026-05-12T13:15:45.056318+00:00,736,1,2.335,447.937,140.1,279.456
2026-05-12T13:07:06+00:00,43.516385103575885,16.36885918211192,117,2026-05-12T13:15:45.056318+00:00,736,1,2.335,450.273,140.1,279.456
2026-05-12T13:07:07+00:00,43.516388554126024,16.368830613791943,117,2026-05-12T13:15:45.056318+00:00,736,1,2.335,452.608,140.1,279.456
2026-05-12T13:07:08+00:00,43.51639232598245,16.36879805009812,118,2026-05-12T13:15:45.056318+00:00,736,1,2.659,455.267,159.54,279.075
2026-05-12T13:07:09+00:00,43.51639609783888,16.3687654864043,120,2026-05-12T13:15:45.056318+00:00,736,1,2.659,457.926,159.54,279.075
2026-05-12T13:07:10+00:00,43.51639995351434,16.368733174167573,120,2026-05-12T13:15:45.056318+00:00,736,1,2.641,460.567,158.46,279.344
2026-05-12T13:07:11+00:00,43.5164038091898,16.368700861930847,120,2026-05-12T13:15:45.056318+00:00,736,1,2.641,463.208,158.46,279.344
2026-05-12T13:07:12+00:00,43.516407064162195,16.368670044466853,120,2026-05-12T13:15:45.056318+00:00,736,1,2.511,465.719,150.66,278.287
2026-05-12T13:07:13+00:00,43.51641031913459,16.36863922700286,119,2026-05-12T13:15:45.056318+00:00,736,1,2.511,468.23,150.66,278.287
2026-05-12T13:07:14+00:00,43.51641357410699,16.368608409538865,118,2026-05-12T13:15:45.056318+00:00,736,1,2.511,470.741,150.66,278.287
2026-05-12T13:07:15+00:00,43.51641682907939,16.36857759207487,118,2026-05-12T13:15:45.056318+00:00,736,1,2.511,473.252,150.66,278.287
2026-05-12T13:07:16+00:00,43.51642008405179,16.368546774610877,118,2026-05-12T13:15:45.056318+00:00,736,1,2.511,475.764,150.66,278.287
2026-05-12T13:07:17+00:00,43.516423339024186,16.368515957146883,117,2026-05-12T13:15:45.056318+00:00,736,1,2.511,478.275,150.66,278.287
2026-05-12T13:07:18+00:00,43.516428102739155,16.36848757043481,117,2026-05-12T13:15:45.056318+00:00,736,1,2.349,480.624,140.94,283.03
2026-05-12T13:07:19+00:00,43.516432866454124,16.368459183722734,117,2026-05-12T13:15:45.056318+00:00,736,1,2.349,482.974,140.94,283.03
2026-05-12T13:07:20+00:00,43.516437630169094,16.36843079701066,118,2026-05-12T13:15:45.056318+00:00,736,1,2.349,485.323,140.94,283.03
2026-05-12T13:07:21+00:00,43.51644239388406,16.368402410298586,118,2026-05-12T13:15:45.056318+00:00,736,1,2.349,487.673,140.94,283.03
2026-05-12T13:07:22+00:00,43.51644715759903,16.36837402358651,118,2026-05-12T13:15:45.056318+00:00,736,1,2.349,490.022,140.94,283.03
2026-05-12T13:07:23+00:00,43.516451921314,16.368345636874437,118,2026-05-12T13:15:45.056318+00:00,736,1,2.349,492.372,140.94,283.03
2026-05-12T13:07:24+00:00,43.516456447541714,16.368320574983954,116,2026-05-12T13:15:45.056318+00:00,736,1,2.083,494.454,124.98,283.985
2026-05-12T13:07:25+00:00,43.51646249648184,16.368290637619793,116,2026-05-12T13:15:45.056318+00:00,736,1,2.506,496.96,150.36,285.569
2026-05-12T13:07:26+00:00,43.51646854542196,16.368260700255632,116,2026-05-12T13:15:45.056318+00:00,736,1,2.506,499.466,150.36,285.569
2026-05-12T13:07:27+00:00,43.51647459436208,16.36823076289147,116,2026-05-12T13:15:45.056318+00:00,736,1,2.506,501.972,150.36,285.569
2026-05-12T13:07:28+00:00,43.5164806433022,16.36820082552731,116,2026-05-12T13:15:45.056318+00:00,736,1,2.506,504.478,150.36,285.569
2026-05-12T13:07:29+00:00,43.51648669224232,16.36817088816315,116,2026-05-12T13:15:45.056318+00:00,736,1,2.506,506.984,150.36,285.569
2026-05-12T13:07:30+00:00,43.51649274118245,16.36814095079899,116,2026-05-12T13:15:45.056318+00:00,736,1,2.506,509.49,150.36,285.569
2026-05-12T13:07:31+00:00,43.51649919524789,16.36811275407672,117,2026-05-12T13:15:45.056318+00:00,736,1,2.384,511.874,143.04,287.518
2026-05-12T13:07:32+00:00,43.51650564931333,16.36808455735445,117,2026-05-12T13:15:45.056318+00:00,736,1,2.384,514.259,143.04,287.518
2026-05-12T13:07:33+00:00,43.51651210337877,16.36805636063218,118,2026-05-12T13:15:45.056318+00:00,736,1,2.384,516.643,143.04,287.518
2026-05-12T13:07:34+00:00,43.516518557444215,16.368028163909912,118,2026-05-12T13:15:45.056318+00:00,736,1,2.384,519.027,143.04,287.518
2026-05-12T13:07:35+00:00,43.51652501150966,16.367999967187643,119,2026-05-12T13:15:45.056318+00:00,736,1,2.384,521.411,143.04,287.518
2026-05-12T13:07:36+00:00,43.51653138175607,16.367972223088145,120,2026-05-12T13:15:45.056318+00:00,736,1,2.347,523.758,140.82,287.569
2026-05-12T13:07:37+00:00,43.51653775200248,16.367944478988647,120,2026-05-12T13:15:45.056318+00:00,736,1,2.347,526.105,140.82,287.569
2026-05-12T13:07:38+00:00,43.51654652506113,16.36792137287557,118,2026-05-12T13:15:45.056318+00:00,736,1,2.103,528.208,126.18,297.636
2026-05-12T13:07:39+00:00,43.51655529811978,16.367898266762495,117,2026-05-12T13:15:45.056318+00:00,736,1,2.103,530.311,126.18,297.636
2026-05-12T13:07:40+00:00,43.51656407117843,16.36787516064942,115,2026-05-12T13:15:45.056318+00:00,736,1,2.103,532.414,126.18,297.636
2026-05-12T13:07:41+00:00,43.51657032966614,16.36784804519266,115,2026-05-12T13:15:45.056318+00:00,736,1,2.295,534.709,137.7,287.655
2026-05-12T13:07:42+00:00,43.51657658815384,16.3678209297359,115,2026-05-12T13:15:45.056318+00:00,736,1,2.295,537.003,137.7,287.655
2026-05-12T13:07:43+00:00,43.51658284664154,16.36779381427914,115,2026-05-12T13:15:45.056318+00:00,736,1,2.295,539.298,137.7,287.655
2026-05-12T13:07:44+00:00,43.51658910512924,16.36776669882238,115,2026-05-12T13:15:45.056318+00:00,736,1,2.295,541.592,137.7,287.655
2026-05-12T13:07:45+00:00,43.51659536361694,16.36773958336562,115,2026-05-12T13:15:45.056318+00:00,736,1,2.295,543.887,137.7,287.655
2026-05-12T13:07:46+00:00,43.516601622104645,16.36771246790886,115,2026-05-12T13:15:45.056318+00:00,736,1,2.295,546.181,137.7,287.655
2026-05-12T13:07:47+00:00,43.51661176420748,16.367681622505188,116,2026-05-12T13:15:45.056318+00:00,736,1,2.731,548.912,163.86,294.39
2026-05-12T13:07:48+00:00,43.51662230864167,16.367655001580715,117,2026-05-12T13:15:45.056318+00:00,736,1,2.446,551.358,146.76,298.644
2026-05-12T13:07:49+00:00,43.51663285307586,16.367628380656242,117,2026-05-12T13:15:45.056318+00:00,736,1,2.446,553.804,146.76,298.644
2026-05-12T13:07:50+00:00,43.51664339751005,16.36760175973177,118,2026-05-12T13:15:45.056318+00:00,736,1,2.446,556.25,146.76,298.644
2026-05-12T13:07:51+00:00,43.51665394194424,16.367575138807297,118,2026-05-12T13:15:45.056318+00:00,736,1,2.446,558.696,146.76,298.644
2026-05-12T13:07:52+00:00,43.51666448637843,16.367548517882824,119,2026-05-12T13:15:45.056318+00:00,736,1,2.446,561.142,146.76,298.644
2026-05-12T13:07:53+00:00,43.5166728682816,16.367519977502525,121,2026-05-12T13:15:45.056318+00:00,736,1,2.483,563.625,148.98,292.047
2026-05-12T13:07:54+00:00,43.516681250184774,16.367491437122226,123,2026-05-12T13:15:45.056318+00:00,736,1,2.483,566.108,148.98,292.047
2026-05-12T13:07:55+00:00,43.51668946444988,16.367465034127235,122,2026-05-12T13:15:45.056318+00:00,736,1,2.317,568.425,139.02,293.22
2026-05-12T13:07:56+00:00,43.51669767871499,16.367438631132245,122,2026-05-12T13:15:45.056318+00:00,736,1,2.317,570.741,139.02,293.22
2026-05-12T13:07:57+00:00,43.5167058929801,16.367412228137255,121,2026-05-12T13:15:45.056318+00:00,736,1,2.317,573.058,139.02,293.22
2026-05-12T13:07:58+00:00,43.516713017597795,16.36738859117031,117,2026-05-12T13:15:45.056318+00:00,736,1,2.064,575.122,123.84,292.57
2026-05-12T13:07:59+00:00,43.516720309853554,16.367367133498192,118,2026-05-12T13:15:45.056318+00:00,736,1,1.911,577.033,114.66,295.11
2026-05-12T13:08:00+00:00,43.51672118995339,16.367345745675266,118,2026-05-12T13:15:45.056318+00:00,736,1,1.727,578.76,103.62,273.248
2026-05-12T13:08:01+00:00,43.51672207005322,16.36732435785234,118,2026-05-12T13:15:45.056318+00:00,736,1,1.727,580.488,103.62,273.248
2026-05-12T13:08:02+00:00,43.51672295015305,16.367302970029414,118,2026-05-12T13:15:45.056318+00:00,736,1,1.727,582.215,103.62,273.248
2026-05-12T13:08:03+00:00,43.516723830252886,16.367281582206488,118,2026-05-12T13:15:45.056318+00:00,736,1,1.727,583.942,103.62,273.248
2026-05-12T13:08:04+00:00,43.51672471035272,16.36726019438356,118,2026-05-12T13:15:45.056318+00:00,736,1,1.727,585.67,103.62,273.248
2026-05-12T13:08:05+00:00,43.51672559045255,16.367238806560636,118,2026-05-12T13:15:45.056318+00:00,736,1,1.727,587.397,103.62,273.248
2026-05-12T13:08:06+00:00,43.5167085416615,16.367234900593758,118,2026-05-12T13:15:45.056318+00:00,736,1,1.922,589.319,115.32,189.433
2026-05-12T13:08:07+00:00,43.51669149287045,16.36723099462688,118,2026-05-12T13:15:45.056318+00:00,736,1,1.922,591.241,115.32,189.433
2026-05-12T13:08:08+00:00,43.5166744440794,16.36722708866,118,2026-05-12T13:15:45.056318+00:00,736,1,1.922,593.162,115.32,189.433
2026-05-12T13:08:09+00:00,43.51665739528835,16.367223182693124,118,2026-05-12T13:15:45.056318+00:00,736,1,1.922,595.084,115.32,189.433
2026-05-12T13:08:10+00:00,43.5166403464973,16.367219276726246,118,2026-05-12T13:15:45.056318+00:00,736,1,1.922,597.006,115.32,189.433
2026-05-12T13:08:11+00:00,43.51662302389741,16.367217670194805,118,2026-05-12T13:15:45.056318+00:00,736,1,1.931,598.936,115.86,183.848
2026-05-12T13:08:12+00:00,43.51660570129752,16.367216063663363,119,2026-05-12T13:15:45.056318+00:00,736,1,1.931,600.867,115.86,183.848
2026-05-12T13:08:13+00:00,43.516588378697634,16.367214457131922,119,2026-05-12T13:15:45.056318+00:00,736,1,1.931,602.797,115.86,183.848
2026-05-12T13:08:14+00:00,43.516571056097746,16.36721285060048,119,2026-05-12T13:15:45.056318+00:00,736,1,1.931,604.728,115.86,183.848
2026-05-12T13:08:15+00:00,43.51655373349786,16.36721124406904,120,2026-05-12T13:15:45.056318+00:00,736,1,1.931,606.658,115.86,183.848
2026-05-12T13:08:16+00:00,43.51653641089797,16.3672096375376,120,2026-05-12T13:15:45.056318+00:00,736,1,1.931,608.589,115.86,183.848
2026-05-12T13:08:17+00:00,43.51652450859547,16.367201674729586,122,2026-05-12T13:15:45.056318+00:00,736,1,1.471,610.06,88.26,205.88
2026-05-12T13:08:18+00:00,43.51652565412223,16.367186419665813,122,2026-05-12T13:15:45.056318+00:00,736,1,1.237,611.297,74.22,275.912
2026-05-12T13:08:19+00:00,43.516526799649,16.36717116460204,123,2026-05-12T13:15:45.056318+00:00,736,1,1.237,612.533,74.22,275.912
2026-05-12T13:08:20+00:00,43.51652794517577,16.36715590953827,123,2026-05-12T13:15:45.056318+00:00,736,1,1.237,613.77,74.22,275.912
2026-05-12T13:08:21+00:00,43.516530795022845,16.3671300932765,124,2026-05-12T13:15:45.056318+00:00,736,1,2.106,615.876,126.36,278.655
2026-05-12T13:08:22+00:00,43.51653138175607,16.367105534300208,125,2026-05-12T13:15:45.056318+00:00,736,1,1.981,617.857,118.86,271.887
2026-05-12T13:08:23+00:00,43.51653196848929,16.367080975323915,126,2026-05-12T13:15:45.056318+00:00,736,1,1.981,619.839,118.86,271.887
2026-05-12T13:08:24+00:00,43.51653537712991,16.367051247507334,127,2026-05-12T13:15:45.056318+00:00,736,1,2.427,622.265,145.62,278.985
2026-05-12T13:08:25+00:00,43.516538785770535,16.367021519690752,128,2026-05-12T13:15:45.056318+00:00,736,1,2.427,624.692,145.62,278.985
2026-05-12T13:08:26+00:00,43.51654219441116,16.36699179187417,129,2026-05-12T13:15:45.056318+00:00,736,1,2.427,627.119,145.62,278.985
2026-05-12T13:08:27+00:00,43.51654328405857,16.366964019834995,130,2026-05-12T13:15:45.056318+00:00,736,1,2.243,629.362,134.58,273.097
2026-05-12T13:08:28+00:00,43.51654437370598,16.36693624779582,130,2026-05-12T13:15:45.056318+00:00,736,1,2.243,631.605,134.58,273.097
2026-05-12T13:08:29+00:00,43.516545463353395,16.366908475756645,131,2026-05-12T13:15:45.056318+00:00,736,1,2.243,633.847,134.58,273.097
2026-05-12T13:08:30+00:00,43.51654579862952,16.366878552362323,125,2026-05-12T13:15:45.056318+00:00,736,1,2.413,636.261,144.78,270.885
2026-05-12T13:08:31+00:00,43.51654605008662,16.366849886253476,121,2026-05-12T13:15:45.056318+00:00,736,1,2.312,638.572,138.72,270.693
2026-05-12T13:08:32+00:00,43.5165444156155,16.366818831302226,119,2026-05-12T13:15:45.056318+00:00,736,1,2.511,641.083,150.66,265.849
2026-05-12T13:08:33+00:00,43.51654278114438,16.366787776350975,117,2026-05-12T13:15:45.056318+00:00,736,1,2.511,643.594,150.66,265.849
2026-05-12T13:08:34+00:00,43.51654650270939,16.36675736680627,117,2026-05-12T13:15:45.056318+00:00,736,1,2.487,646.081,149.22,279.579
2026-05-12T13:08:35+00:00,43.5165502242744,16.366726957261562,117,2026-05-12T13:15:45.056318+00:00,736,1,2.487,648.567,149.22,279.579
2026-05-12T13:08:36+00:00,43.516553945839405,16.366696547716856,118,2026-05-12T13:15:45.056318+00:00,736,1,2.487,651.054,149.22,279.579
2026-05-12T13:08:37+00:00,43.51655766740441,16.36666613817215,118,2026-05-12T13:15:45.056318+00:00,736,1,2.487,653.541,149.22,279.579
2026-05-12T13:08:38+00:00,43.51656138896942,16.366635728627443,118,2026-05-12T13:15:45.056318+00:00,736,1,2.487,656.028,149.22,279.579
2026-05-12T13:08:39+00:00,43.51656131912023,16.366607970558107,118,2026-05-12T13:15:45.056318+00:00,736,1,2.238,658.266,134.28,269.801
2026-05-12T13:08:40+00:00,43.516561249271035,16.36658021248877,118,2026-05-12T13:15:45.056318+00:00,736,1,2.238,660.504,134.28,269.801
2026-05-12T13:08:41+00:00,43.51656117942184,16.366552454419434,118,2026-05-12T13:15:45.056318+00:00,736,1,2.238,662.743,134.28,269.801
2026-05-12T13:08:42+00:00,43.51656110957265,16.366524696350098,119,2026-05-12T13:15:45.056318+00:00,736,1,2.238,664.981,134.28,269.801
2026-05-12T13:08:43+00:00,43.516561039723456,16.36649693828076,119,2026-05-12T13:15:45.056318+00:00,736,1,2.238,667.219,134.28,269.801
2026-05-12T13:08:44+00:00,43.51656096987426,16.366469180211425,119,2026-05-12T13:15:45.056318+00:00,736,1,2.238,669.457,134.28,269.801
2026-05-12T13:08:45+00:00,43.51656029932201,16.36644646525383,120,2026-05-12T13:15:45.056318+00:00,736,1,1.833,671.291,109.98,267.669
2026-05-12T13:08:46+00:00,43.51656472077593,16.366417401004583,119,2026-05-12T13:15:45.056318+00:00,736,1,2.395,673.685,143.7,281.848
2026-05-12T13:08:47+00:00,43.516569142229855,16.366388336755335,118,2026-05-12T13:15:45.056318+00:00,736,1,2.395,676.08,143.7,281.848
2026-05-12T13:08:48+00:00,43.51657356368378,16.366359272506088,118,2026-05-12T13:15:45.056318+00:00,736,1,2.395,678.474,143.7,281.848
2026-05-12T13:08:49+00:00,43.5165779851377,16.36633020825684,117,2026-05-12T13:15:45.056318+00:00,736,1,2.395,680.869,143.7,281.848
2026-05-12T13:08:50+00:00,43.51658156840131,16.366299802903086,118,2026-05-12T13:15:45.056318+00:00,736,1,2.484,683.353,149.04,279.231
2026-05-12T13:08:51+00:00,43.51658515166491,16.36626939754933,118,2026-05-12T13:15:45.056318+00:00,736,1,2.484,685.837,149.04,279.231
2026-05-12T13:08:52+00:00,43.51658873492852,16.366238992195576,119,2026-05-12T13:15:45.056318+00:00,736,1,2.484,688.321,149.04,279.231
2026-05-12T13:08:53+00:00,43.51659231819213,16.36620858684182,120,2026-05-12T13:15:45.056318+00:00,736,1,2.484,690.805,149.04,279.231
2026-05-12T13:08:54+00:00,43.516597766429186,16.366179501637816,120,2026-05-12T13:15:45.056318+00:00,736,1,2.422,693.227,145.32,284.483
2026-05-12T13:08:55+00:00,43.51660396903753,16.366154355928302,122,2026-05-12T13:15:45.056318+00:00,736,1,2.142,695.369,128.52,288.786
2026-05-12T13:08:56+00:00,43.51661017164588,16.366129210218787,123,2026-05-12T13:15:45.056318+00:00,736,1,2.142,697.511,128.52,288.786
2026-05-12T13:08:57+00:00,43.51661134511232,16.366104679182172,122,2026-05-12T13:15:45.056318+00:00,736,1,1.982,699.493,118.92,273.774
2026-05-12T13:08:58+00:00,43.51661251857877,16.366080148145556,121,2026-05-12T13:15:45.056318+00:00,736,1,1.982,701.475,118.92,273.774
2026-05-12T13:08:59+00:00,43.51661369204521,16.36605561710894,120,2026-05-12T13:15:45.056318+00:00,736,1,1.982,703.458,118.92,273.774
2026-05-12T13:09:00+00:00,43.516614865511656,16.366025945171714,119,2026-05-12T13:15:45.056318+00:00,736,1,2.396,705.854,143.76,273.122
2026-05-12T13:09:01+00:00,43.5166160389781,16.365996273234487,118,2026-05-12T13:15:45.056318+00:00,736,1,2.396,708.25,143.76,273.122
2026-05-12T13:09:02+00:00,43.516617212444544,16.36596660129726,116,2026-05-12T13:15:45.056318+00:00,736,1,2.396,710.646,143.76,273.122
2026-05-12T13:09:03+00:00,43.51661838591099,16.365936929360032,115,2026-05-12T13:15:45.056318+00:00,736,1,2.396,713.042,143.76,273.122
2026-05-12T13:09:04+00:00,43.516618805006146,16.365907969884574,115,2026-05-12T13:15:45.056318+00:00,736,1,2.336,715.378,140.16,271.143
2026-05-12T13:09:05+00:00,43.516619224101305,16.365879010409117,115,2026-05-12T13:15:45.056318+00:00,736,1,2.336,717.714,140.16,271.143
2026-05-12T13:09:06+00:00,43.516619643196464,16.36585005093366,114,2026-05-12T13:15:45.056318+00:00,736,1,2.336,720.049,140.16,271.143
2026-05-12T13:09:07+00:00,43.51662006229162,16.3658210914582,114,2026-05-12T13:15:45.056318+00:00,736,1,2.336,722.385,140.16,271.143
2026-05-12T13:09:08+00:00,43.51662048138678,16.365792131982744,114,2026-05-12T13:15:45.056318+00:00,736,1,2.336,724.721,140.16,271.143
2026-05-12T13:09:09+00:00,43.51662090048194,16.365763172507286,114,2026-05-12T13:15:45.056318+00:00,736,1,2.336,727.056,140.16,271.143
2026-05-12T13:09:10+00:00,43.516622710973024,16.3657330814749,115,2026-05-12T13:15:45.056318+00:00,736,1,2.435,729.491,146.1,274.743
2026-05-12T13:09:11+00:00,43.51662452146411,16.365702990442514,115,2026-05-12T13:15:45.056318+00:00,736,1,2.435,731.926,146.1,274.743
2026-05-12T13:09:12+00:00,43.516626331955194,16.36567289941013,116,2026-05-12T13:15:45.056318+00:00,736,1,2.435,734.36,146.1,274.743
2026-05-12T13:09:13+00:00,43.51662814244628,16.365642808377743,116,2026-05-12T13:15:45.056318+00:00,736,1,2.435,736.795,146.1,274.743
2026-05-12T13:09:14+00:00,43.516629952937365,16.365612717345357,117,2026-05-12T13:15:45.056318+00:00,736,1,2.435,739.23,146.1,274.743
2026-05-12T13:09:15+00:00,43.51663494016975,16.36557747144252,118,2026-05-12T13:15:45.056318+00:00,736,1,2.896,742.126,173.76,281.041
2026-05-12T13:09:16+00:00,43.51663992740214,16.365542225539684,119,2026-05-12T13:15:45.056318+00:00,736,1,2.896,745.021,173.76,281.041
2026-05-12T13:09:17+00:00,43.51664403453469,16.36550635099411,119,2026-05-12T13:15:45.056318+00:00,736,1,2.929,747.95,175.74,278.971
2026-05-12T13:09:18+00:00,43.51664738729596,16.365471482276917,119,2026-05-12T13:15:45.056318+00:00,736,1,2.836,750.786,170.16,277.553
2026-05-12T13:09:19+00:00,43.516649580560625,16.36543806642294,119,2026-05-12T13:15:45.056318+00:00,736,1,2.706,753.492,162.36,275.172
2026-05-12T13:09:20+00:00,43.51665177382529,16.365404650568962,119,2026-05-12T13:15:45.056318+00:00,736,1,2.706,756.197,162.36,275.172
2026-05-12T13:09:21+00:00,43.51665396708995,16.365371234714985,119,2026-05-12T13:15:45.056318+00:00,736,1,2.706,758.903,162.36,275.172
2026-05-12T13:09:22+00:00,43.516656160354614,16.365337818861008,119,2026-05-12T13:15:45.056318+00:00,736,1,2.706,761.608,162.36,275.172
2026-05-12T13:09:23+00:00,43.51665835361928,16.36530440300703,119,2026-05-12T13:15:45.056318+00:00,736,1,2.706,764.314,162.36,275.172
2026-05-12T13:09:24+00:00,43.51666054688394,16.365270987153053,119,2026-05-12T13:15:45.056318+00:00,736,1,2.706,767.019,162.36,275.172
2026-05-12T13:09:25+00:00,43.51666331291199,16.365240141749382,120,2026-05-12T13:15:45.056318+00:00,736,1,2.506,769.526,150.36,277.049
2026-05-12T13:09:26+00:00,43.516666078940034,16.36520929634571,120,2026-05-12T13:15:45.056318+00:00,736,1,2.506,772.032,150.36,277.049
2026-05-12T13:09:27+00:00,43.51666733622551,16.365180420689285,122,2026-05-12T13:15:45.056318+00:00,736,1,2.333,774.364,139.98,273.436
2026-05-12T13:09:28+00:00,43.516668593510985,16.36515154503286,123,2026-05-12T13:15:45.056318+00:00,736,1,2.333,776.697,139.98,273.436
2026-05-12T13:09:29+00:00,43.516669515520334,16.365123381838202,123,2026-05-12T13:15:45.056318+00:00,736,1,2.273,778.97,136.38,272.585
2026-05-12T13:09:30+00:00,43.516672141849995,16.36509418487549,121,2026-05-12T13:15:45.056318+00:00,736,1,2.372,781.343,142.32,277.071
2026-05-12T13:09:31+00:00,43.516674768179655,16.365064987912774,120,2026-05-12T13:15:45.056318+00:00,736,1,2.372,783.715,142.32,277.071
2026-05-12T13:09:32+00:00,43.516677394509315,16.36503579095006,118,2026-05-12T13:15:45.056318+00:00,736,1,2.372,786.087,142.32,277.071
2026-05-12T13:09:33+00:00,43.5166807891801,16.365009807050228,116,2026-05-12T13:15:45.056318+00:00,736,1,2.129,788.216,127.74,280.213
2026-05-12T13:09:34+00:00,43.51668418385088,16.364983823150396,115,2026-05-12T13:15:45.056318+00:00,736,1,2.129,790.345,127.74,280.213
2026-05-12T13:09:35+00:00,43.51669017691165,16.364953899756074,116,2026-05-12T13:15:45.056318+00:00,736,1,2.503,792.848,150.18,285.439
2026-05-12T13:09:36+00:00,43.51669616997242,16.36492397636175,117,2026-05-12T13:15:45.056318+00:00,736,1,2.503,795.352,150.18,285.439
2026-05-12T13:09:37+00:00,43.51670091971755,16.364895603619516,117,2026-05-12T13:15:45.056318+00:00,736,1,2.348,797.7,140.88,282.999
2026-05-12T13:09:38+00:00,43.51670566946268,16.36486723087728,117,2026-05-12T13:15:45.056318+00:00,736,1,2.348,800.048,140.88,282.999
2026-05-12T13:09:39+00:00,43.51671041920781,16.364838858135045,116,2026-05-12T13:15:45.056318+00:00,736,1,2.348,802.396,140.88,282.999
2026-05-12T13:09:40+00:00,43.51671516895294,16.36481048539281,116,2026-05-12T13:15:45.056318+00:00,736,1,2.348,804.744,140.88,282.999
2026-05-12T13:09:41+00:00,43.51671991869807,16.364782112650573,116,2026-05-12T13:15:45.056318+00:00,736,1,2.348,807.092,140.88,282.999
2026-05-12T13:09:42+00:00,43.5167246684432,16.364753739908338,116,2026-05-12T13:15:45.056318+00:00,736,1,2.348,809.44,140.88,282.999
2026-05-12T13:09:43+00:00,43.5167299490422,16.364724906161427,114,2026-05-12T13:15:45.056318+00:00,736,1,2.398,811.838,143.88,284.173
2026-05-12T13:09:44+00:00,43.5167352296412,16.364696072414517,112,2026-05-12T13:15:45.056318+00:00,736,1,2.398,814.236,143.88,284.173
2026-05-12T13:09:45+00:00,43.51674059405923,16.364666065201163,109,2026-05-12T13:15:45.056318+00:00,736,1,2.492,816.728,149.52,283.849
2026-05-12T13:09:46+00:00,43.516744282096624,16.364638321101665,106,2026-05-12T13:15:45.056318+00:00,736,1,2.274,819.002,136.44,280.387
2026-05-12T13:09:47+00:00,43.51674981415272,16.36461158283055,106,2026-05-12T13:15:45.056318+00:00,736,1,2.242,821.244,134.52,285.924
2026-05-12T13:09:48+00:00,43.51675366982818,16.364584635011852,106,2026-05-12T13:15:45.056318+00:00,736,1,2.215,823.459,132.9,281.161
2026-05-12T13:09:49+00:00,43.516757525503635,16.364557687193155,106,2026-05-12T13:15:45.056318+00:00,736,1,2.215,825.674,132.9,281.161
2026-05-12T13:09:50+00:00,43.51676215650514,16.364528224803507,107,2026-05-12T13:15:45.056318+00:00,736,1,2.431,828.105,145.86,282.23
2026-05-12T13:09:51+00:00,43.51676678750664,16.36449876241386,108,2026-05-12T13:15:45.056318+00:00,736,1,2.431,830.536,145.86,282.23
2026-05-12T13:09:52+00:00,43.51677141850814,16.36446930002421,109,2026-05-12T13:15:45.056318+00:00,736,1,2.431,832.967,145.86,282.23
2026-05-12T13:09:53+00:00,43.516776049509645,16.364439837634563,110,2026-05-12T13:15:45.056318+00:00,736,1,2.431,835.398,145.86,282.23
2026-05-12T13:09:54+00:00,43.51678004488349,16.36440983042121,110,2026-05-12T13:15:45.056318+00:00,736,1,2.46,837.858,147.6,280.404
2026-05-12T13:09:55+00:00,43.516784040257335,16.364379823207855,111,2026-05-12T13:15:45.056318+00:00,736,1,2.46,840.318,147.6,280.404
2026-05-12T13:09:56+00:00,43.51678803563118,16.3643498159945,112,2026-05-12T13:15:45.056318+00:00,736,1,2.46,842.778,147.6,280.404
2026-05-12T13:09:57+00:00,43.516792031005025,16.364319808781147,112,2026-05-12T13:15:45.056318+00:00,736,1,2.46,845.238,147.6,280.404
2026-05-12T13:09:58+00:00,43.51679602637887,16.364289801567793,112,2026-05-12T13:15:45.056318+00:00,736,1,2.46,847.698,147.6,280.404
2026-05-12T13:09:59+00:00,43.516800021752715,16.36425979435444,113,2026-05-12T13:15:45.056318+00:00,736,1,2.46,850.158,147.6,280.404
2026-05-12T13:10:00+00:00,43.51680211722851,16.36422710493207,114,2026-05-12T13:15:45.056318+00:00,736,1,2.646,852.804,158.76,275.052
2026-05-12T13:10:01+00:00,43.51680350024253,16.364199612289667,114,2026-05-12T13:15:45.056318+00:00,736,1,2.222,855.027,133.32,273.968
2026-05-12T13:10:02+00:00,43.516804883256555,16.364172119647264,114,2026-05-12T13:15:45.056318+00:00,736,1,2.222,857.249,133.32,273.968
2026-05-12T13:10:03+00:00,43.51680626627058,16.364144627004862,114,2026-05-12T13:15:45.056318+00:00,736,1,2.222,859.471,133.32,273.968
2026-05-12T13:10:04+00:00,43.5168076492846,16.36411713436246,115,2026-05-12T13:15:45.056318+00:00,736,1,2.222,861.693,133.32,273.968
2026-05-12T13:10:05+00:00,43.516809032298625,16.364089641720057,115,2026-05-12T13:15:45.056318+00:00,736,1,2.222,863.915,133.32,273.968
2026-05-12T13:10:06+00:00,43.51681041531265,16.364062149077654,115,2026-05-12T13:15:45.056318+00:00,736,1,2.222,866.138,133.32,273.968
2026-05-12T13:10:07+00:00,43.51681421510875,16.364030661061406,115,2026-05-12T13:15:45.056318+00:00,736,1,2.574,868.712,154.44,279.448
2026-05-12T13:10:08+00:00,43.51681801490486,16.36399917304516,114,2026-05-12T13:15:45.056318+00:00,736,1,2.574,871.286,154.44,279.448
2026-05-12T13:10:09+00:00,43.51682181470096,16.36396768502891,114,2026-05-12T13:15:45.056318+00:00,736,1,2.574,873.86,154.44,279.448
2026-05-12T13:10:10+00:00,43.51682382635772,16.363938809372485,115,2026-05-12T13:15:45.056318+00:00,736,1,2.339,876.199,140.34,275.487
2026-05-12T13:10:11+00:00,43.51682583801448,16.36390993371606,116,2026-05-12T13:15:45.056318+00:00,736,1,2.339,878.538,140.34,275.487
2026-05-12T13:10:12+00:00,43.516827849671245,16.363881058059633,116,2026-05-12T13:15:45.056318+00:00,736,1,2.339,880.877,140.34,275.487
2026-05-12T13:10:13+00:00,43.516829861328006,16.363852182403207,117,2026-05-12T13:15:45.056318+00:00,736,1,2.339,883.216,140.34,275.487
2026-05-12T13:10:14+00:00,43.51683510001749,16.363823642022908,118,2026-05-12T13:15:45.056318+00:00,736,1,2.374,885.59,142.44,284.204
2026-05-12T13:10:15+00:00,43.51684033870697,16.36379510164261,119,2026-05-12T13:15:45.056318+00:00,736,1,2.374,887.964,142.44,284.204
2026-05-12T13:10:16+00:00,43.516845144331455,16.363764479756355,120,2026-05-12T13:15:45.056318+00:00,736,1,2.526,890.49,151.56,282.211
2026-05-12T13:10:17+00:00,43.51684994995594,16.363733857870102,121,2026-05-12T13:15:45.056318+00:00,736,1,2.526,893.017,151.56,282.211
2026-05-12T13:10:18+00:00,43.516854755580425,16.36370323598385,122,2026-05-12T13:15:45.056318+00:00,736,1,2.526,895.543,151.56,282.211
2026-05-12T13:10:19+00:00,43.516855677589774,16.363678257912397,123,2026-05-12T13:15:45.056318+00:00,736,1,2.017,897.56,121.02,272.914
2026-05-12T13:10:20+00:00,43.51685659959912,16.363653279840946,123,2026-05-12T13:15:45.056318+00:00,736,1,2.017,899.577,121.02,272.914
2026-05-12T13:10:21+00:00,43.51685752160847,16.363628301769495,124,2026-05-12T13:15:45.056318+00:00,736,1,2.017,901.593,121.02,272.914
2026-05-12T13:10:22+00:00,43.51684905588627,16.363618411123753,125,2026-05-12T13:15:45.056318+00:00,736,1,1.234,902.827,74.04,220.272
2026-05-12T13:10:23+00:00,43.51683971006423,16.36361103504896,126,2026-05-12T13:15:45.056318+00:00,736,1,1.197,904.024,71.82,209.784
2026-05-12T13:10:24+00:00,43.51683036424219,16.36360365897417,126,2026-05-12T13:15:45.056318+00:00,736,1,1.197,905.222,71.82,209.784
2026-05-12T13:10:25+00:00,43.516810834407806,16.36360103264451,126,2026-05-12T13:15:45.056318+00:00,736,1,2.182,907.404,130.92,185.57
2026-05-12T13:10:26+00:00,43.51679130457342,16.36359840631485,127,2026-05-12T13:15:45.056318+00:00,736,1,2.182,909.586,130.92,185.57
2026-05-12T13:10:27+00:00,43.51677177473903,16.36359577998519,127,2026-05-12T13:15:45.056318+00:00,736,1,2.182,911.768,130.92,185.57
2026-05-12T13:10:28+00:00,43.51675068028271,16.363591197878122,128,2026-05-12T13:15:45.056318+00:00,736,1,2.375,914.142,142.5,188.952
2026-05-12T13:10:29+00:00,43.5167295858264,16.363586615771055,129,2026-05-12T13:15:45.056318+00:00,736,1,2.375,916.517,142.5,188.952
2026-05-12T13:10:30+00:00,43.51670849137008,16.363582033663988,130,2026-05-12T13:15:45.056318+00:00,736,1,2.375,918.891,142.5,188.952
2026-05-12T13:10:31+00:00,43.516683471389115,16.363581027835608,132,2026-05-12T13:15:45.056318+00:00,736,1,2.783,921.674,166.98,181.67
2026-05-12T13:10:32+00:00,43.51665845140815,16.363580022007227,133,2026-05-12T13:15:45.056318+00:00,736,1,2.783,924.458,166.98,181.67
2026-05-12T13:10:33+00:00,43.51663364097476,16.363577591255307,136,2026-05-12T13:15:45.056318+00:00,736,1,2.766,927.223,165.96,184.064
2026-05-12T13:10:34+00:00,43.516609417274594,16.363573372364044,136,2026-05-12T13:15:45.056318+00:00,736,1,2.715,929.938,162.9,187.198
2026-05-12T13:10:35+00:00,43.51658519357443,16.36356915347278,137,2026-05-12T13:15:45.056318+00:00,736,1,2.715,932.653,162.9,187.198
2026-05-12T13:10:36+00:00,43.51656096987426,16.363564934581518,137,2026-05-12T13:15:45.056318+00:00,736,1,2.715,935.368,162.9,187.198
2026-05-12T13:10:37+00:00,43.51653917692602,16.363559695892036,137,2026-05-12T13:15:45.056318+00:00,736,1,2.46,937.828,147.6,189.888
2026-05-12T13:10:38+00:00,43.51651738397777,16.363554457202554,137,2026-05-12T13:15:45.056318+00:00,736,1,2.46,940.288,147.6,189.889
2026-05-12T13:10:39+00:00,43.51649553515017,16.36355257127434,136,2026-05-12T13:15:45.056318+00:00,736,1,2.434,942.722,146.04,183.582
2026-05-12T13:10:40+00:00,43.51647368632257,16.363550685346127,136,2026-05-12T13:15:45.056318+00:00,736,1,2.434,945.156,146.04,183.582
2026-05-12T13:10:41+00:00,43.51645183749497,16.363548799417913,136,2026-05-12T13:15:45.056318+00:00,736,1,2.434,947.591,146.04,183.582
2026-05-12T13:10:42+00:00,43.51642998866737,16.3635469134897,135,2026-05-12T13:15:45.056318+00:00,736,1,2.434,950.025,146.04,183.582
2026-05-12T13:10:43+00:00,43.51640813983977,16.363545027561486,134,2026-05-12T13:15:45.056318+00:00,736,1,2.434,952.459,146.04,183.582
2026-05-12T13:10:44+00:00,43.51638629101217,16.363543141633272,134,2026-05-12T13:15:45.056318+00:00,736,1,2.434,954.893,146.04,183.582
2026-05-12T13:10:45+00:00,43.51636302284896,16.363541213795543,134,2026-05-12T13:15:45.056318+00:00,736,1,2.592,957.485,155.52,183.438
2026-05-12T13:10:46+00:00,43.51633975468576,16.363539285957813,135,2026-05-12T13:15:45.056318+00:00,736,1,2.592,960.077,155.52,183.438
2026-05-12T13:10:47+00:00,43.516316486522555,16.363537358120084,135,2026-05-12T13:15:45.056318+00:00,736,1,2.592,962.669,155.52,183.438
2026-05-12T13:10:48+00:00,43.51629321835935,16.363535430282354,136,2026-05-12T13:15:45.056318+00:00,736,1,2.592,965.261,155.52,183.438
2026-05-12T13:10:49+00:00,43.51626995019615,16.363533502444625,136,2026-05-12T13:15:45.056318+00:00,736,1,2.592,967.853,155.52,183.438
2026-05-12T13:10:50+00:00,43.516244972124696,16.36352960485965,136,2026-05-12T13:15:45.056318+00:00,736,1,2.795,970.648,167.7,186.456
2026-05-12T13:10:51+00:00,43.516219994053245,16.363525707274675,136,2026-05-12T13:15:45.056318+00:00,736,1,2.795,973.443,167.7,186.456
2026-05-12T13:10:52+00:00,43.51619616150856,16.363521348685026,136,2026-05-12T13:15:45.056318+00:00,736,1,2.673,976.117,160.38,187.555
2026-05-12T13:10:53+00:00,43.51617232896387,16.363516990095377,136,2026-05-12T13:15:45.056318+00:00,736,1,2.673,978.79,160.38,187.555
2026-05-12T13:10:54+00:00,43.51614849641919,16.363512631505728,136,2026-05-12T13:15:45.056318+00:00,736,1,2.673,981.463,160.38,187.555
2026-05-12T13:10:55+00:00,43.51612466387451,16.36350827291608,135,2026-05-12T13:15:45.056318+00:00,736,1,2.673,984.136,160.38,187.555
2026-05-12T13:10:56+00:00,43.51610083132982,16.36350391432643,135,2026-05-12T13:15:45.056318+00:00,736,1,2.673,986.81,160.38,187.555
2026-05-12T13:10:57+00:00,43.51607699878514,16.36349955573678,135,2026-05-12T13:15:45.056318+00:00,736,1,2.673,989.483,160.38,187.555
2026-05-12T13:10:58+00:00,43.5160536468029,16.363496337085962,135,2026-05-12T13:15:45.056318+00:00,736,1,2.61,992.093,156.6,185.708
2026-05-12T13:10:59+00:00,43.516030294820666,16.363493118435144,135,2026-05-12T13:15:45.056318+00:00,736,1,2.61,994.702,156.6,185.708
2026-05-12T13:11:00+00:00,43.51600694283843,16.363489899784327,136,2026-05-12T13:15:45.056318+00:00,736,1,2.61,997.312,156.6,185.708
2026-05-12T13:11:01+00:00,43.515983590856194,16.36348668113351,136,2026-05-12T13:15:45.056318+00:00,736,1,2.61,999.921,156.6,185.708
2026-05-12T13:11:02+00:00,43.51596023887396,16.36348346248269,136,2026-05-12T13:15:45.056318+00:00,736,1,2.61,1002.531,156.6,185.708
2026-05-12T13:11:03+00:00,43.51593506522477,16.363478349521756,137,2026-05-12T13:15:45.056318+00:00,736,1,2.829,1005.36,169.74,188.379
2026-05-12T13:11:04+00:00,43.515909891575575,16.36347323656082,138,2026-05-12T13:15:45.056318+00:00,736,1,2.829,1008.19,169.74,188.379
2026-05-12T13:11:05+00:00,43.51588471792638,16.363468123599887,139,2026-05-12T13:15:45.056318+00:00,736,1,2.829,1011.019,169.74,188.379
2026-05-12T13:11:06+00:00,43.51586055010557,16.363464826717973,138,2026-05-12T13:15:45.056318+00:00,736,1,2.7,1013.719,162.0,185.65
2026-05-12T13:11:07+00:00,43.51583638228476,16.36346152983606,137,2026-05-12T13:15:45.056318+00:00,736,1,2.7,1016.42,162.0,185.65
2026-05-12T13:11:08+00:00,43.51581221446395,16.363458232954144,136,2026-05-12T13:15:45.056318+00:00,736,1,2.7,1019.12,162.0,185.65
2026-05-12T13:11:09+00:00,43.51578810252249,16.363458316773176,136,2026-05-12T13:15:45.056318+00:00,736,1,2.681,1021.801,160.86,179.856
2026-05-12T13:11:10+00:00,43.51576399058104,16.363458400592208,135,2026-05-12T13:15:45.056318+00:00,736,1,2.681,1024.483,160.86,179.856
2026-05-12T13:11:11+00:00,43.51573987863958,16.36345848441124,135,2026-05-12T13:15:45.056318+00:00,736,1,2.681,1027.164,160.86,179.856
2026-05-12T13:11:12+00:00,43.51571576669812,16.36345856823027,135,2026-05-12T13:15:45.056318+00:00,736,1,2.681,1029.845,160.86,179.856
2026-05-12T13:11:13+00:00,43.515691654756665,16.363458652049303,134,2026-05-12T13:15:45.056318+00:00,736,1,2.681,1032.526,160.86,179.856
2026-05-12T13:11:14+00:00,43.51566754281521,16.363458735868335,134,2026-05-12T13:15:45.056318+00:00,736,1,2.681,1035.207,160.86,179.856
2026-05-12T13:11:15+00:00,43.51564658805728,16.363459448330104,134,2026-05-12T13:15:45.056318+00:00,736,1,2.331,1037.538,139.86,178.588
2026-05-12T13:11:16+00:00,43.51562563329935,16.363460160791874,133,2026-05-12T13:15:45.056318+00:00,736,1,2.331,1039.869,139.86,178.588
2026-05-12T13:11:17+00:00,43.51560551673174,16.363458903506398,130,2026-05-12T13:15:45.056318+00:00,736,1,2.239,1042.108,134.34,182.595
2026-05-12T13:11:18+00:00,43.51558358408511,16.363457492552698,130,2026-05-12T13:15:45.056318+00:00,736,1,2.441,1044.549,146.46,182.671
2026-05-12T13:11:19+00:00,43.515561651438475,16.363456081598997,130,2026-05-12T13:15:45.056318+00:00,736,1,2.441,1046.991,146.46,182.671
2026-05-12T13:11:20+00:00,43.51553971879184,16.363454670645297,130,2026-05-12T13:15:45.056318+00:00,736,1,2.441,1049.432,146.46,182.671
2026-05-12T13:11:21+00:00,43.51551778614521,16.363453259691596,130,2026-05-12T13:15:45.056318+00:00,736,1,2.441,1051.874,146.46,182.671
2026-05-12T13:11:22+00:00,43.51549585349858,16.363451848737895,130,2026-05-12T13:15:45.056318+00:00,736,1,2.441,1054.315,146.46,182.671
2026-05-12T13:11:23+00:00,43.515473920851946,16.363450437784195,130,2026-05-12T13:15:45.056318+00:00,736,1,2.441,1056.757,146.46,182.671
2026-05-12T13:11:24+00:00,43.51545497775078,16.363445282913744,129,2026-05-12T13:15:45.056318+00:00,736,1,2.147,1058.904,128.82,191.163
2026-05-12T13:11:25+00:00,43.51543603464961,16.363440128043294,128,2026-05-12T13:15:45.056318+00:00,736,1,2.147,1061.051,128.82,191.163
2026-05-12T13:11:26+00:00,43.51541276089847,16.36343512684107,128,2026-05-12T13:15:45.056318+00:00,736,1,2.619,1063.67,157.14,188.857
2026-05-12T13:11:27+00:00,43.51538948714733,16.363430125638843,128,2026-05-12T13:15:45.056318+00:00,736,1,2.619,1066.289,157.14,188.857
2026-05-12T13:11:28+00:00,43.51536621339619,16.363425124436617,128,2026-05-12T13:15:45.056318+00:00,736,1,2.619,1068.908,157.14,188.857
2026-05-12T13:11:29+00:00,43.51534293964505,16.36342012323439,127,2026-05-12T13:15:45.056318+00:00,736,1,2.619,1071.527,157.14,188.857
2026-05-12T13:11:30+00:00,43.51531966589391,16.363415122032166,127,2026-05-12T13:15:45.056318+00:00,736,1,2.619,1074.146,157.14,188.857
2026-05-12T13:11:31+00:00,43.51529639214277,16.36341012082994,127,2026-05-12T13:15:45.056318+00:00,736,1,2.619,1076.765,157.14,188.857
2026-05-12T13:11:32+00:00,43.5152722382918,16.363407648168504,127,2026-05-12T13:15:45.056318+00:00,736,1,2.693,1079.459,161.58,184.246
2026-05-12T13:11:33+00:00,43.51524808444083,16.36340517550707,128,2026-05-12T13:15:45.056318+00:00,736,1,2.693,1082.152,161.58,184.246
2026-05-12T13:11:34+00:00,43.515223930589855,16.363402702845633,128,2026-05-12T13:15:45.056318+00:00,736,1,2.693,1084.845,161.58,184.246
2026-05-12T13:11:35+00:00,43.51519977673888,16.363400230184197,128,2026-05-12T13:15:45.056318+00:00,736,1,2.693,1087.538,161.58,184.246
2026-05-12T13:11:36+00:00,43.51517562288791,16.363397757522762,129,2026-05-12T13:15:45.056318+00:00,736,1,2.693,1090.231,161.58,184.246
2026-05-12T13:11:37+00:00,43.51515146903694,16.363395284861326,129,2026-05-12T13:15:45.056318+00:00,736,1,2.693,1092.925,161.58,184.246
2026-05-12T13:11:38+00:00,43.51512582041323,16.363393776118755,129,2026-05-12T13:15:45.056318+00:00,736,1,2.855,1095.779,171.3,182.443
2026-05-12T13:11:39+00:00,43.51510279811919,16.363392337225378,129,2026-05-12T13:15:45.056318+00:00,736,1,2.563,1098.342,153.78,182.595
2026-05-12T13:11:40+00:00,43.51507977582514,16.363390898332,128,2026-05-12T13:15:45.056318+00:00,736,1,2.563,1100.904,153.78,182.595
2026-05-12T13:11:41+00:00,43.5150567535311,16.363389459438622,128,2026-05-12T13:15:45.056318+00:00,736,1,2.563,1103.467,153.78,182.595
2026-05-12T13:11:42+00:00,43.515033731237054,16.363388020545244,128,2026-05-12T13:15:45.056318+00:00,736,1,2.563,1106.029,153.78,182.595
2026-05-12T13:11:43+00:00,43.51501070894301,16.363386581651866,127,2026-05-12T13:15:45.056318+00:00,736,1,2.563,1108.592,153.78,182.595
2026-05-12T13:11:44+00:00,43.514987686648965,16.36338514275849,127,2026-05-12T13:15:45.056318+00:00,736,1,2.563,1111.155,153.78,182.595
2026-05-12T13:11:45+00:00,43.51496569253504,16.36338747292757,127,2026-05-12T13:15:45.056318+00:00,736,1,2.453,1113.608,147.18,175.607
2026-05-12T13:11:46+00:00,43.51494369842112,16.363389803096652,126,2026-05-12T13:15:45.056318+00:00,736,1,2.453,1116.06,147.18,175.607
2026-05-12T13:11:47+00:00,43.5149217043072,16.363392133265734,126,2026-05-12T13:15:45.056318+00:00,736,1,2.453,1118.513,147.18,175.607
2026-05-12T13:11:48+00:00,43.51489971019328,16.363394463434815,125,2026-05-12T13:15:45.056318+00:00,736,1,2.453,1120.966,147.18,175.607
2026-05-12T13:11:49+00:00,43.514877716079354,16.363396793603897,125,2026-05-12T13:15:45.056318+00:00,736,1,2.453,1123.419,147.18,175.607
2026-05-12T13:11:50+00:00,43.51485753245652,16.36339883878827,126,2026-05-12T13:15:45.056318+00:00,736,1,2.25,1125.669,135.0,175.797
2026-05-12T13:11:51+00:00,43.51483734883368,16.363400883972645,126,2026-05-12T13:15:45.056318+00:00,736,1,2.25,1127.92,135.0,175.797
2026-05-12T13:11:52+00:00,43.51481716521084,16.36340292915702,127,2026-05-12T13:15:45.056318+00:00,736,1,2.25,1130.17,135.0,175.797
2026-05-12T13:11:53+00:00,43.514796981588006,16.363404974341393,127,2026-05-12T13:15:45.056318+00:00,736,1,2.25,1132.42,135.0,175.797
2026-05-12T13:11:54+00:00,43.51477679796517,16.363407019525766,128,2026-05-12T13:15:45.056318+00:00,736,1,2.25,1134.671,135.0,175.797
2026-05-12T13:11:55+00:00,43.5147544182837,16.363410749472678,126,2026-05-12T13:15:45.056318+00:00,736,1,2.507,1137.177,150.42,173.108
2026-05-12T13:11:56+00:00,43.51473203860223,16.36341447941959,125,2026-05-12T13:15:45.056318+00:00,736,1,2.507,1139.684,150.42,173.108
2026-05-12T13:11:57+00:00,43.51471100002527,16.363418251276016,120,2026-05-12T13:15:45.056318+00:00,736,1,2.359,1142.043,141.54,172.592
2026-05-12T13:11:58+00:00,43.51468903943896,16.363419760018587,116,2026-05-12T13:15:45.056318+00:00,736,1,2.445,1144.488,146.7,177.148
2026-05-12T13:11:59+00:00,43.51466596126557,16.36341984383762,114,2026-05-12T13:15:45.056318+00:00,736,1,2.566,1147.054,153.96,179.849
2026-05-12T13:12:00+00:00,43.514642883092165,16.36341992765665,113,2026-05-12T13:15:45.056318+00:00,736,1,2.566,1149.62,153.96,179.849
2026-05-12T13:12:01+00:00,43.514619804918766,16.363420011475682,111,2026-05-12T13:15:45.056318+00:00,736,1,2.566,1152.187,153.96,179.849
2026-05-12T13:12:02+00:00,43.514598900452256,16.363418620079756,112,2026-05-12T13:15:45.056318+00:00,736,1,2.327,1154.514,139.62,182.763
2026-05-12T13:12:03+00:00,43.514577995985746,16.36341722868383,112,2026-05-12T13:15:45.056318+00:00,736,1,2.327,1156.841,139.62,182.763
2026-05-12T13:12:04+00:00,43.51455709151924,16.363415837287903,113,2026-05-12T13:15:45.056318+00:00,736,1,2.327,1159.168,139.62,182.763
2026-05-12T13:12:05+00:00,43.51453618705273,16.363414445891976,113,2026-05-12T13:15:45.056318+00:00,736,1,2.327,1161.495,139.62,182.763
2026-05-12T13:12:06+00:00,43.51451528258622,16.36341305449605,114,2026-05-12T13:15:45.056318+00:00,736,1,2.327,1163.822,139.62,182.763
2026-05-12T13:12:07+00:00,43.51449126843363,16.363410246558487,115,2026-05-12T13:15:45.056318+00:00,736,1,2.68,1166.502,160.8,184.847
2026-05-12T13:12:08+00:00,43.51446725428104,16.363407438620925,116,2026-05-12T13:15:45.056318+00:00,736,1,2.68,1169.182,160.8,184.847
2026-05-12T13:12:09+00:00,43.514447221532464,16.363406446762383,116,2026-05-12T13:15:45.056318+00:00,736,1,2.229,1171.411,133.74,182.056
2026-05-12T13:12:10+00:00,43.51442718878389,16.36340545490384,116,2026-05-12T13:15:45.056318+00:00,736,1,2.229,1173.64,133.74,182.056
2026-05-12T13:12:11+00:00,43.514407156035304,16.3634044630453,116,2026-05-12T13:15:45.056318+00:00,736,1,2.229,1175.869,133.74,182.056
2026-05-12T13:12:12+00:00,43.51438712328672,16.363403471186757,116,2026-05-12T13:15:45.056318+00:00,736,1,2.229,1178.098,133.74,182.056
2026-05-12T13:12:13+00:00,43.514367090538144,16.363402479328215,116,2026-05-12T13:15:45.056318+00:00,736,1,2.229,1180.327,133.74,182.056
2026-05-12T13:12:14+00:00,43.51434705778957,16.363401487469673,116,2026-05-12T13:15:45.056318+00:00,736,1,2.229,1182.556,133.74,182.056
2026-05-12T13:12:15+00:00,43.51432513911277,16.363398763351142,116,2026-05-12T13:15:45.056318+00:00,736,1,2.447,1185.003,146.82,185.15
2026-05-12T13:12:16+00:00,43.51430322043598,16.36339603923261,117,2026-05-12T13:15:45.056318+00:00,736,1,2.447,1187.45,146.82,185.15
2026-05-12T13:12:17+00:00,43.514285031706095,16.363395787775517,114,2026-05-12T13:15:45.056318+00:00,736,1,2.023,1189.473,121.38,180.574
2026-05-12T13:12:18+00:00,43.514261562377214,16.36339587159455,111,2026-05-12T13:15:45.056318+00:00,736,1,2.61,1192.082,156.6,179.852
2026-05-12T13:12:19+00:00,43.51423851214349,16.36339240707457,111,2026-05-12T13:15:45.056318+00:00,736,1,2.578,1194.661,154.68,186.221
2026-05-12T13:12:20+00:00,43.51421546190977,16.363388942554593,110,2026-05-12T13:15:45.056318+00:00,736,1,2.578,1197.239,154.68,186.221
2026-05-12T13:12:21+00:00,43.51419241167605,16.363385478034616,110,2026-05-12T13:15:45.056318+00:00,736,1,2.578,1199.817,154.68,186.221
2026-05-12T13:12:22+00:00,43.51416936144233,16.363382013514638,110,2026-05-12T13:15:45.056318+00:00,736,1,2.578,1202.395,154.68,186.221
2026-05-12T13:12:23+00:00,43.514146311208606,16.36337854899466,109,2026-05-12T13:15:45.056318+00:00,736,1,2.578,1204.974,154.68,186.221
2026-05-12T13:12:24+00:00,43.51412326097488,16.363375084474683,109,2026-05-12T13:15:45.056318+00:00,736,1,2.578,1207.552,154.68,186.221
2026-05-12T13:12:25+00:00,43.51410255767405,16.363366367295384,102,2026-05-12T13:15:45.056318+00:00,736,1,2.407,1209.959,144.42,196.98
2026-05-12T13:12:26+00:00,43.5140810161829,16.36335832066834,102,2026-05-12T13:15:45.056318+00:00,736,1,2.482,1212.441,148.92,195.157
2026-05-12T13:12:27+00:00,43.51406089961529,16.363354423083365,104,2026-05-12T13:15:45.056318+00:00,736,1,2.259,1214.699,135.54,187.998
2026-05-12T13:12:28+00:00,43.51404078304768,16.36335052549839,105,2026-05-12T13:15:45.056318+00:00,736,1,2.259,1216.958,135.54,187.998
2026-05-12T13:12:29+00:00,43.51401919964701,16.36334949871525,106,2026-05-12T13:15:45.056318+00:00,736,1,2.401,1219.36,144.06,181.976
2026-05-12T13:12:30+00:00,43.51399761624634,16.363348471932113,107,2026-05-12T13:15:45.056318+00:00,736,1,2.401,1221.761,144.06,181.976
2026-05-12T13:12:31+00:00,43.51397603284568,16.363347445148975,108,2026-05-12T13:15:45.056318+00:00,736,1,2.401,1224.162,144.06,181.976
2026-05-12T13:12:32+00:00,43.51395444944501,16.363346418365836,109,2026-05-12T13:15:45.056318+00:00,736,1,2.401,1226.564,144.06,181.976
2026-05-12T13:12:33+00:00,43.51392817217857,16.363340634852648,110,2026-05-12T13:15:45.056318+00:00,736,1,2.959,1229.523,177.54,189.069
2026-05-12T13:12:34+00:00,43.51390189491213,16.36333485133946,112,2026-05-12T13:15:45.056318+00:00,736,1,2.959,1232.482,177.54,189.069
2026-05-12T13:12:35+00:00,43.513881443068385,16.363330995664,115,2026-05-12T13:15:45.056318+00:00,736,1,2.295,1234.777,137.7,187.785
2026-05-12T13:12:36+00:00,43.513857789337635,16.363323183730245,114,2026-05-12T13:15:45.056318+00:00,736,1,2.705,1237.481,162.3,193.469
2026-05-12T13:12:37+00:00,43.513834135606885,16.36331537179649,113,2026-05-12T13:15:45.056318+00:00,736,1,2.705,1240.186,162.3,193.469
2026-05-12T13:12:38+00:00,43.513810481876135,16.363307559862733,112,2026-05-12T13:15:45.056318+00:00,736,1,2.705,1242.891,162.3,193.469
2026-05-12T13:12:39+00:00,43.513786828145385,16.363299747928977,111,2026-05-12T13:15:45.056318+00:00,736,1,2.705,1245.595,162.3,193.469
2026-05-12T13:12:40+00:00,43.513763174414635,16.36329193599522,110,2026-05-12T13:15:45.056318+00:00,736,1,2.705,1248.3,162.3,193.469
2026-05-12T13:12:41+00:00,43.51374171674251,16.36328265303746,110,2026-05-12T13:15:45.056318+00:00,736,1,2.501,1250.8,150.06,197.419
2026-05-12T13:12:42+00:00,43.5137202590704,16.363273370079696,110,2026-05-12T13:15:45.056318+00:00,736,1,2.501,1253.301,150.06,197.419
2026-05-12T13:12:43+00:00,43.51369880139828,16.363264087121934,111,2026-05-12T13:15:45.056318+00:00,736,1,2.501,1255.802,150.06,197.419
2026-05-12T13:12:44+00:00,43.51367734372616,16.36325480416417,111,2026-05-12T13:15:45.056318+00:00,736,1,2.501,1258.302,150.06,197.419
2026-05-12T13:12:45+00:00,43.51365331560373,16.363249300047755,112,2026-05-12T13:15:45.056318+00:00,736,1,2.708,1261.011,162.48,189.432
2026-05-12T13:12:46+00:00,43.51362928748131,16.36324379593134,113,2026-05-12T13:15:45.056318+00:00,736,1,2.708,1263.719,162.48,189.432
2026-05-12T13:12:47+00:00,43.51360525935888,16.363238291814923,114,2026-05-12T13:15:45.056318+00:00,736,1,2.708,1266.428,162.48,189.432
2026-05-12T13:12:48+00:00,43.51358070038259,16.36323963291943,115,2026-05-12T13:15:45.056318+00:00,736,1,2.733,1269.161,163.98,177.732
2026-05-12T13:12:49+00:00,43.5135561414063,16.363240974023938,116,2026-05-12T13:15:45.056318+00:00,736,1,2.733,1271.894,163.98,177.732
2026-05-12T13:12:50+00:00,43.513531582430005,16.363242315128446,117,2026-05-12T13:15:45.056318+00:00,736,1,2.733,1274.627,163.98,177.732
2026-05-12T13:12:51+00:00,43.51350735872984,16.363245039246976,119,2026-05-12T13:15:45.056318+00:00,736,1,2.702,1277.329,162.12,175.338
2026-05-12T13:12:52+00:00,43.513483135029674,16.363247763365507,121,2026-05-12T13:15:45.056318+00:00,736,1,2.702,1280.032,162.12,175.338
2026-05-12T13:12:53+00:00,43.51346076931805,16.363245849497616,121,2026-05-12T13:15:45.056318+00:00,736,1,2.492,1282.523,149.52,183.551
2026-05-12T13:12:54+00:00,43.513438403606415,16.363243935629725,122,2026-05-12T13:15:45.056318+00:00,736,1,2.492,1285.015,149.52,183.551
2026-05-12T13:12:55+00:00,43.513416037894785,16.363242021761835,122,2026-05-12T13:15:45.056318+00:00,736,1,2.492,1287.507,149.52,183.551
2026-05-12T13:12:56+00:00,43.51339367218315,16.363240107893944,122,2026-05-12T13:15:45.056318+00:00,736,1,2.492,1289.998,149.52,183.551
2026-05-12T13:12:57+00:00,43.51337130647153,16.363238194026053,123,2026-05-12T13:15:45.056318+00:00,736,1,2.492,1292.49,149.52,183.551
2026-05-12T13:12:58+00:00,43.5133489407599,16.363236280158162,123,2026-05-12T13:15:45.056318+00:00,736,1,2.492,1294.982,149.52,183.551
2026-05-12T13:12:59+00:00,43.51332678459585,16.363233039155602,122,2026-05-12T13:15:45.056318+00:00,736,1,2.477,1297.459,148.62,186.056
2026-05-12T13:13:00+00:00,43.5133046284318,16.363229798153043,121,2026-05-12T13:15:45.056318+00:00,736,1,2.477,1299.937,148.62,186.056
2026-05-12T13:13:01+00:00,43.51328247226775,16.363226557150483,120,2026-05-12T13:15:45.056318+00:00,736,1,2.477,1302.414,148.62,186.056
2026-05-12T13:13:02+00:00,43.51325622294098,16.363227171823382,120,2026-05-12T13:15:45.056318+00:00,736,1,2.919,1305.334,175.14,179.027
2026-05-12T13:13:03+00:00,43.513229973614216,16.36322778649628,120,2026-05-12T13:15:45.056318+00:00,736,1,2.919,1308.253,175.14,179.027
2026-05-12T13:13:04+00:00,43.51320372428745,16.36322840116918,120,2026-05-12T13:15:45.056318+00:00,736,1,2.919,1311.172,175.14,179.027
2026-05-12T13:13:05+00:00,43.513177474960685,16.36322901584208,121,2026-05-12T13:15:45.056318+00:00,736,1,2.919,1314.091,175.14,179.027
2026-05-12T13:13:06+00:00,43.51315122563392,16.36322963051498,121,2026-05-12T13:15:45.056318+00:00,736,1,2.919,1317.01,175.14,179.027
2026-05-12T13:13:07+00:00,43.513124976307154,16.36323024518788,121,2026-05-12T13:15:45.056318+00:00,736,1,2.919,1319.93,175.14,179.027
2026-05-12T13:13:08+00:00,43.513096841052175,16.363236447796226,120,2026-05-12T13:15:45.056318+00:00,736,1,3.168,1323.098,190.08,170.916
2026-05-12T13:13:09+00:00,43.513068705797195,16.363242650404572,119,2026-05-12T13:15:45.056318+00:00,736,1,3.168,1326.266,190.08,170.916
2026-05-12T13:13:10+00:00,43.513040570542216,16.36324885301292,118,2026-05-12T13:15:45.056318+00:00,736,1,3.168,1329.434,190.08,170.916
2026-05-12T13:13:11+00:00,43.51301869377494,16.36325371451676,118,2026-05-12T13:15:45.056318+00:00,736,1,2.464,1331.898,147.84,170.845
2026-05-12T13:13:12+00:00,43.51299247518182,16.36325596086681,119,2026-05-12T13:15:45.056318+00:00,736,1,2.921,1334.819,175.26,176.444
2026-05-12T13:13:13+00:00,43.5129662565887,16.36325820721686,119,2026-05-12T13:15:45.056318+00:00,736,1,2.921,1337.74,175.26,176.444
2026-05-12T13:13:14+00:00,43.51294003799558,16.36326045356691,120,2026-05-12T13:15:45.056318+00:00,736,1,2.921,1340.661,175.26,176.444
2026-05-12T13:13:15+00:00,43.512913819402456,16.36326269991696,120,2026-05-12T13:15:45.056318+00:00,736,1,2.921,1343.582,175.26,176.444
2026-05-12T13:13:16+00:00,43.512887600809336,16.36326494626701,121,2026-05-12T13:15:45.056318+00:00,736,1,2.921,1346.503,175.26,176.444
2026-05-12T13:13:17+00:00,43.512864634394646,16.363269304856658,121,2026-05-12T13:15:45.056318+00:00,736,1,2.578,1349.081,154.68,172.163
2026-05-12T13:13:18+00:00,43.51284317672253,16.363272762391716,120,2026-05-12T13:15:45.056318+00:00,736,1,2.402,1351.483,144.12,173.335
2026-05-12T13:13:19+00:00,43.51282171905041,16.363276219926775,119,2026-05-12T13:15:45.056318+00:00,736,1,2.402,1353.886,144.12,173.335
2026-05-12T13:13:20+00:00,43.51280026137829,16.363279677461833,118,2026-05-12T13:15:45.056318+00:00,736,1,2.402,1356.288,144.12,173.335
2026-05-12T13:13:21+00:00,43.51277880370617,16.36328313499689,117,2026-05-12T13:15:45.056318+00:00,736,1,2.402,1358.69,144.12,173.335
2026-05-12T13:13:22+00:00,43.51275389548391,16.363287633284926,117,2026-05-12T13:15:45.056318+00:00,736,1,2.793,1361.483,167.58,172.538
2026-05-12T13:13:23+00:00,43.51272898726165,16.363292131572962,117,2026-05-12T13:15:45.056318+00:00,736,1,2.793,1364.277,167.58,172.538
2026-05-12T13:13:24+00:00,43.512704079039395,16.363296629860997,117,2026-05-12T13:15:45.056318+00:00,736,1,2.793,1367.07,167.58,172.538
2026-05-12T13:13:25+00:00,43.51267917081714,16.363301128149033,117,2026-05-12T13:15:45.056318+00:00,736,1,2.793,1369.863,167.58,172.538
2026-05-12T13:13:26+00:00,43.51265426259488,16.363305626437068,117,2026-05-12T13:15:45.056318+00:00,736,1,2.793,1372.657,167.58,172.538
2026-05-12T13:13:27+00:00,43.51262935437262,16.363310124725103,117,2026-05-12T13:15:45.056318+00:00,736,1,2.793,1375.45,167.58,172.538
2026-05-12T13:13:28+00:00,43.51260029710829,16.363320434466004,118,2026-05-12T13:15:45.056318+00:00,736,1,3.336,1378.786,200.16,165.57
2026-05-12T13:13:29+00:00,43.512571239843965,16.363330744206905,119,2026-05-12T13:15:45.056318+00:00,736,1,3.336,1382.122,200.16,165.57
2026-05-12T13:13:30+00:00,43.51254218257964,16.363341053947806,120,2026-05-12T13:15:45.056318+00:00,736,1,3.336,1385.459,200.16,165.57
2026-05-12T13:13:31+00:00,43.51251835701987,16.363346523139626,118,2026-05-12T13:15:45.056318+00:00,736,1,2.686,1388.145,161.16,170.548
2026-05-12T13:13:32+00:00,43.512494531460106,16.363351992331445,117,2026-05-12T13:15:45.056318+00:00,736,1,2.686,1390.83,161.16,170.548
2026-05-12T13:13:33+00:00,43.51247070590034,16.363357461523265,116,2026-05-12T13:15:45.056318+00:00,736,1,2.686,1393.516,161.16,170.548
2026-05-12T13:13:34+00:00,43.512446880340576,16.363362930715084,114,2026-05-12T13:15:45.056318+00:00,736,1,2.686,1396.202,161.16,170.548
2026-05-12T13:13:35+00:00,43.51242399774492,16.363365319557488,112,2026-05-12T13:15:45.056318+00:00,736,1,2.552,1398.753,153.12,175.67
2026-05-12T13:13:36+00:00,43.51240111514926,16.363367708399892,109,2026-05-12T13:15:45.056318+00:00,736,1,2.552,1401.305,153.12,175.67
2026-05-12T13:13:37+00:00,43.512376074213535,16.363370809704065,110,2026-05-12T13:15:45.056318+00:00,736,1,2.796,1404.101,167.76,174.868
2026-05-12T13:13:38+00:00,43.51235103327781,16.36337391100824,110,2026-05-12T13:15:45.056318+00:00,736,1,2.796,1406.896,167.76,174.868
2026-05-12T13:13:39+00:00,43.512325992342085,16.363377012312412,111,2026-05-12T13:15:45.056318+00:00,736,1,2.796,1409.692,167.76,174.868
2026-05-12T13:13:40+00:00,43.51230095140636,16.363380113616586,112,2026-05-12T13:15:45.056318+00:00,736,1,2.796,1412.488,167.76,174.868
2026-05-12T13:13:41+00:00,43.5122764762491,16.363387322053313,112,2026-05-12T13:15:45.056318+00:00,736,1,2.783,1415.271,166.98,167.943
2026-05-12T13:13:42+00:00,43.51224751677364,16.363396835513413,112,2026-05-12T13:15:45.056318+00:00,736,1,3.31,1418.581,198.6,166.599
2026-05-12T13:13:43+00:00,43.51221855729818,16.363406348973513,112,2026-05-12T13:15:45.056318+00:00,736,1,3.31,1421.891,198.6,166.599
2026-05-12T13:13:44+00:00,43.51219160947949,16.36341313831508,110,2026-05-12T13:15:45.056318+00:00,736,1,3.046,1424.937,182.76,169.645
2026-05-12T13:13:45+00:00,43.51216466166079,16.36341992765665,108,2026-05-12T13:15:45.056318+00:00,736,1,3.046,1427.983,182.76,169.645
2026-05-12T13:13:46+00:00,43.512140940874815,16.363427164033055,109,2026-05-12T13:15:45.056318+00:00,736,1,2.701,1430.685,162.06,167.525
2026-05-12T13:13:47+00:00,43.51211722008884,16.36343440040946,110,2026-05-12T13:15:45.056318+00:00,736,1,2.701,1433.386,162.06,167.525
2026-05-12T13:13:48+00:00,43.512093499302864,16.363441636785865,111,2026-05-12T13:15:45.056318+00:00,736,1,2.701,1436.088,162.06,167.525
2026-05-12T13:13:49+00:00,43.5120660206303,16.36345353908837,111,2026-05-12T13:15:45.056318+00:00,736,1,3.203,1439.29,192.18,162.561
2026-05-12T13:13:50+00:00,43.512038541957736,16.363465441390872,111,2026-05-12T13:15:45.056318+00:00,736,1,3.203,1442.493,192.18,162.561
2026-05-12T13:13:51+00:00,43.51201106328517,16.363477343693376,112,2026-05-12T13:15:45.056318+00:00,736,1,3.203,1445.696,192.18,162.561
2026-05-12T13:13:52+00:00,43.51198358461261,16.36348924599588,112,2026-05-12T13:15:45.056318+00:00,736,1,3.203,1448.898,192.18,162.561
2026-05-12T13:13:53+00:00,43.51195610594005,16.363501148298383,112,2026-05-12T13:15:45.056318+00:00,736,1,3.203,1452.101,192.18,162.561
2026-05-12T13:13:54+00:00,43.51192862726748,16.363513050600886,112,2026-05-12T13:15:45.056318+00:00,736,1,3.203,1455.304,192.18,162.561
2026-05-12T13:13:55+00:00,43.5119070019573,16.36351858265698,114,2026-05-12T13:15:45.056318+00:00,736,1,2.446,1457.749,146.76,169.49
2026-05-12T13:13:56+00:00,43.511885376647115,16.363524114713073,116,2026-05-12T13:15:45.056318+00:00,736,1,2.446,1460.195,146.76,169.49
2026-05-12T13:13:57+00:00,43.51186165586114,16.363531658425927,118,2026-05-12T13:15:45.056318+00:00,736,1,2.707,1462.902,162.42,167.012
2026-05-12T13:13:58+00:00,43.51183793507517,16.36353920213878,119,2026-05-12T13:15:45.056318+00:00,736,1,2.707,1465.609,162.42,167.012
2026-05-12T13:13:59+00:00,43.51181330624968,16.363546885550022,119,2026-05-12T13:15:45.056318+00:00,736,1,2.808,1468.417,168.48,167.251
2026-05-12T13:14:00+00:00,43.51178867742419,16.363554568961263,119,2026-05-12T13:15:45.056318+00:00,736,1,2.808,1471.224,168.48,167.251
2026-05-12T13:14:01+00:00,43.51176404859871,16.363562252372503,119,2026-05-12T13:15:45.056318+00:00,736,1,2.808,1474.032,168.48,167.251
2026-05-12T13:14:02+00:00,43.51173941977322,16.363569935783744,119,2026-05-12T13:15:45.056318+00:00,736,1,2.808,1476.84,168.48,167.251
2026-05-12T13:14:03+00:00,43.511714790947735,16.363577619194984,119,2026-05-12T13:15:45.056318+00:00,736,1,2.808,1479.648,168.48,167.251
2026-05-12T13:14:04+00:00,43.51169016212225,16.363585302606225,119,2026-05-12T13:15:45.056318+00:00,736,1,2.808,1482.456,168.48,167.251
2026-05-12T13:14:05+00:00,43.51166516309604,16.363596115261316,118,2026-05-12T13:15:45.056318+00:00,736,1,2.913,1485.369,174.78,162.584
2026-05-12T13:14:06+00:00,43.51164016406983,16.363606927916408,118,2026-05-12T13:15:45.056318+00:00,736,1,2.913,1488.282,174.78,162.584
2026-05-12T13:14:07+00:00,43.51161516504362,16.3636177405715,117,2026-05-12T13:15:45.056318+00:00,736,1,2.913,1491.196,174.78,162.584
2026-05-12T13:14:08+00:00,43.51159016601741,16.36362855322659,116,2026-05-12T13:15:45.056318+00:00,736,1,2.913,1494.109,174.78,162.584
2026-05-12T13:14:09+00:00,43.51156817749143,16.363632241263986,115,2026-05-12T13:15:45.056318+00:00,736,1,2.463,1496.572,147.78,173.065
2026-05-12T13:14:10+00:00,43.51154618896544,16.36363592930138,114,2026-05-12T13:15:45.056318+00:00,736,1,2.463,1499.035,147.78,173.065
2026-05-12T13:14:11+00:00,43.51152420043945,16.363639617338777,113,2026-05-12T13:15:45.056318+00:00,736,1,2.463,1501.498,147.78,173.065
2026-05-12T13:14:12+00:00,43.51149712689221,16.36364808306098,113,2026-05-12T13:15:45.056318+00:00,736,1,3.087,1504.585,185.22,167.223
2026-05-12T13:14:13+00:00,43.511470053344965,16.363656548783183,112,2026-05-12T13:15:45.056318+00:00,736,1,3.087,1507.672,185.22,167.223
2026-05-12T13:14:14+00:00,43.51144297979772,16.363665014505386,112,2026-05-12T13:15:45.056318+00:00,736,1,3.087,1510.759,185.22,167.223
2026-05-12T13:14:15+00:00,43.51142205297947,16.36366771068424,112,2026-05-12T13:15:45.056318+00:00,736,1,2.337,1513.096,140.22,174.662
2026-05-12T13:14:16+00:00,43.51140112616122,16.363670406863093,111,2026-05-12T13:15:45.056318+00:00,736,1,2.337,1515.433,140.22,174.662
2026-05-12T13:14:17+00:00,43.511380199342966,16.363673103041947,111,2026-05-12T13:15:45.056318+00:00,736,1,2.337,1517.77,140.22,174.662
2026-05-12T13:14:18+00:00,43.511359272524714,16.3636757992208,111,2026-05-12T13:15:45.056318+00:00,736,1,2.337,1520.107,140.22,174.662
2026-05-12T13:14:19+00:00,43.51133834570646,16.363678495399654,110,2026-05-12T13:15:45.056318+00:00,736,1,2.337,1522.444,140.22,174.662
2026-05-12T13:14:20+00:00,43.51131741888821,16.363681191578507,110,2026-05-12T13:15:45.056318+00:00,736,1,2.337,1524.781,140.22,174.662
2026-05-12T13:14:21+00:00,43.51129347458482,16.363689629361033,109,2026-05-12T13:15:45.056318+00:00,736,1,2.748,1527.529,164.88,165.664
2026-05-12T13:14:22+00:00,43.511269530281425,16.36369806714356,109,2026-05-12T13:15:45.056318+00:00,736,1,2.748,1530.277,164.88,165.664
2026-05-12T13:14:23+00:00,43.51124558597803,16.363706504926085,108,2026-05-12T13:15:45.056318+00:00,736,1,2.748,1533.025,164.88,165.664
2026-05-12T13:14:24+00:00,43.51122697815299,16.36371505446732,105,2026-05-12T13:15:45.056318+00:00,736,1,2.181,1535.206,130.86,161.571
2026-05-12T13:14:25+00:00,43.51120262872428,16.36372283566743,105,2026-05-12T13:15:45.056318+00:00,736,1,2.779,1537.986,166.74,166.951
2026-05-12T13:14:26+00:00,43.51117827929557,16.363730616867542,105,2026-05-12T13:15:45.056318+00:00,736,1,2.779,1540.765,166.74,166.951
2026-05-12T13:14:27+00:00,43.51115392986685,16.363738398067653,104,2026-05-12T13:15:45.056318+00:00,736,1,2.779,1543.544,166.74,166.951
2026-05-12T13:14:28+00:00,43.51112958043814,16.363746179267764,104,2026-05-12T13:15:45.056318+00:00,736,1,2.779,1546.324,166.74,166.951
2026-05-12T13:14:29+00:00,43.511105231009424,16.363753960467875,104,2026-05-12T13:15:45.056318+00:00,736,1,2.779,1549.103,166.74,166.951
2026-05-12T13:14:30+00:00,43.51108088158071,16.363761741667986,104,2026-05-12T13:15:45.056318+00:00,736,1,2.779,1551.882,166.74,166.951
2026-05-12T13:14:31+00:00,43.5110573284328,16.36376920156181,102,2026-05-12T13:15:45.056318+00:00,736,1,2.687,1554.569,161.22,167.063
2026-05-12T13:14:32+00:00,43.511033775284886,16.36377666145563,99,2026-05-12T13:15:45.056318+00:00,736,1,2.687,1557.257,161.22,167.063
2026-05-12T13:14:33+00:00,43.511018310673535,16.363778044469655,97,2026-05-12T13:15:45.056318+00:00,736,1,1.723,1558.98,103.38,176.289
2026-05-12T13:14:34+00:00,43.51100284606218,16.363779427483678,95,2026-05-12T13:15:45.056318+00:00,736,1,1.723,1560.703,103.38,176.289
2026-05-12T13:14:35+00:00,43.51098415441811,16.363777332007885,94,2026-05-12T13:15:45.056318+00:00,736,1,2.085,1562.788,125.1,184.648
2026-05-12T13:14:36+00:00,43.51096820086241,16.3637759629637,94,2026-05-12T13:15:45.056318+00:00,736,1,1.777,1564.566,106.62,183.561
2026-05-12T13:14:37+00:00,43.510952247306705,16.363774593919516,94,2026-05-12T13:15:45.056318+00:00,736,1,1.777,1566.343,106.62,183.561
2026-05-12T13:14:38+00:00,43.510936293751,16.36377322487533,94,2026-05-12T13:15:45.056318+00:00,736,1,1.777,1568.12,106.62,183.561
2026-05-12T13:14:39+00:00,43.51092242170125,16.363773685880005,92,2026-05-12T13:15:45.056318+00:00,736,1,1.543,1569.663,92.58,178.619
2026-05-12T13:14:40+00:00,43.510908549651504,16.36377414688468,89,2026-05-12T13:15:45.056318+00:00,736,1,1.543,1571.206,92.58,178.619
2026-05-12T13:14:41+00:00,43.51089329458773,16.363773979246616,90,2026-05-12T13:15:45.056318+00:00,736,1,1.696,1572.903,101.76,180.457
2026-05-12T13:14:42+00:00,43.51087803952396,16.363773811608553,92,2026-05-12T13:15:45.056318+00:00,736,1,1.696,1574.599,101.76,180.457
2026-05-12T13:14:43+00:00,43.510864209383726,16.36377343442291,92,2026-05-12T13:15:45.056318+00:00,736,1,1.538,1576.137,92.28,181.133
2026-05-12T13:14:44+00:00,43.51085037924349,16.363773057237267,92,2026-05-12T13:15:45.056318+00:00,736,1,1.538,1577.675,92.28,181.133
2026-05-12T13:14:45+00:00,43.510835375636816,16.363775697536767,90,2026-05-12T13:15:45.056318+00:00,736,1,1.682,1579.357,100.92,172.727
2026-05-12T13:14:46+00:00,43.51082037203014,16.363778337836266,89,2026-05-12T13:15:45.056318+00:00,736,1,1.682,1581.039,100.92,172.727
2026-05-12T13:14:47+00:00,43.510808993596584,16.36378252878785,88,2026-05-12T13:15:45.056318+00:00,736,1,1.31,1582.349,78.6,165.044
2026-05-12T13:14:48+00:00,43.51079761516303,16.363786719739437,88,2026-05-12T13:15:45.056318+00:00,736,1,1.31,1583.658,78.6,165.044
2026-05-12T13:14:49+00:00,43.51078623672947,16.363790910691023,87,2026-05-12T13:15:45.056318+00:00,736,1,1.31,1584.968,78.6,165.044
2026-05-12T13:14:50+00:00,43.51077485829592,16.36379510164261,86,2026-05-12T13:15:45.056318+00:00,736,1,1.31,1586.277,78.6,165.044
2026-05-12T13:14:51+00:00,43.510763752274215,16.36379568837583,84,2026-05-12T13:15:45.056318+00:00,736,1,1.236,1587.513,74.16,177.806
2026-05-12T13:14:52+00:00,43.51075264625251,16.363796275109053,83,2026-05-12T13:15:45.056318+00:00,736,1,1.236,1588.749,74.16,177.806
2026-05-12T13:14:53+00:00,43.51074133068323,16.363796149380505,82,2026-05-12T13:15:45.056318+00:00,736,1,1.258,1590.007,75.48,180.462
2026-05-12T13:14:54+00:00,43.51073001511395,16.363796023651958,80,2026-05-12T13:15:45.056318+00:00,736,1,1.258,1591.266,75.48,180.462
2026-05-12T13:14:55+00:00,43.51072180084884,16.363793509081006,75,2026-05-12T13:15:45.056318+00:00,736,1,0.936,1592.201,56.16,192.517
2026-05-12T13:14:56+00:00,43.510710024274886,16.363797155208886,74,2026-05-12T13:15:45.056318+00:00,736,1,1.342,1593.543,80.52,167.345
2026-05-12T13:14:57+00:00,43.51069824770093,16.363800801336765,72,2026-05-12T13:15:45.056318+00:00,736,1,1.342,1594.885,80.52,167.345
2026-05-12T13:14:58+00:00,43.51069204509258,16.363809686154127,72,2026-05-12T13:15:45.056318+00:00,736,1,0.995,1595.88,59.7,133.908
2026-05-12T13:14:59+00:00,43.51068617776036,16.363814044743776,74,2026-05-12T13:15:45.056318+00:00,736,1,0.741,1596.621,44.46,151.686
2026-05-12T13:15:00+00:00,43.51068031042814,16.363818403333426,77,2026-05-12T13:15:45.056318+00:00,736,1,0.741,1597.362,44.46,151.686
2026-05-12T13:15:01+00:00,43.5106699867174,16.363822789862752,77,2026-05-12T13:15:45.056318+00:00,736,1,1.201,1598.563,72.06,162.873
2026-05-12T13:15:02+00:00,43.51065966300666,16.36382717639208,77,2026-05-12T13:15:45.056318+00:00,736,1,1.201,1599.764,72.06,162.873
2026-05-12T13:15:03+00:00,43.51064933929592,16.363831562921405,76,2026-05-12T13:15:45.056318+00:00,736,1,1.201,1600.966,72.06,162.873
2026-05-12T13:15:04+00:00,43.510639015585184,16.36383594945073,76,2026-05-12T13:15:45.056318+00:00,736,1,1.201,1602.167,72.06,162.873
2026-05-12T13:15:05+00:00,43.510628691874444,16.363840335980058,76,2026-05-12T13:15:45.056318+00:00,736,1,1.201,1603.368,72.06,162.873
2026-05-12T13:15:06+00:00,43.510618368163705,16.363844722509384,76,2026-05-12T13:15:45.056318+00:00,736,1,1.201,1604.569,72.06,162.873
2026-05-12T13:15:07+00:00,43.51060554385185,16.363849751651287,76,2026-05-12T13:15:45.056318+00:00,736,1,1.483,1606.052,88.98,164.124
2026-05-12T13:15:08+00:00,43.51059491978958,16.363854927476496,76,2026-05-12T13:15:45.056318+00:00,736,1,1.253,1607.305,75.18,160.54
2026-05-12T13:15:09+00:00,43.51058429572731,16.363860103301704,76,2026-05-12T13:15:45.056318+00:00,736,1,1.253,1608.558,75.18,160.54
2026-05-12T13:15:10+00:00,43.51057367166504,16.363865279126912,75,2026-05-12T13:15:45.056318+00:00,736,1,1.253,1609.811,75.18,160.54
2026-05-12T13:15:11+00:00,43.51056304760277,16.36387045495212,75,2026-05-12T13:15:45.056318+00:00,736,1,1.253,1611.063,75.18,160.54
2026-05-12T13:15:12+00:00,43.510558060370386,16.363871251232922,74,2026-05-12T13:15:45.056318+00:00,736,1,0.558,1611.622,33.48,173.395
2026-05-12T13:15:13+00:00,43.510553073138,16.363872047513723,73,2026-05-12T13:15:45.056318+00:00,736,1,0.558,1612.18,33.48,173.395
2026-05-12T13:15:14+00:00,43.51054335013032,16.363876406103373,71,2026-05-12T13:15:45.056318+00:00,736,1,1.137,1613.317,68.22,161.99
2026-05-12T13:15:15+00:00,43.510537846013904,16.363877998664975,72,2026-05-12T13:15:45.056318+00:00,736,1,0.625,1613.942,37.5,168.149
2026-05-12T13:15:16+00:00,43.51053234189749,16.363879591226578,73,2026-05-12T13:15:45.056318+00:00,736,1,0.625,1614.568,37.5,168.149
2026-05-12T13:15:17+00:00,43.51052683778107,16.36388118378818,74,2026-05-12T13:15:45.056318+00:00,736,1,0.625,1615.193,37.5,168.149
2026-05-12T13:15:18+00:00,43.510521850548685,16.36388290207833,76,2026-05-12T13:15:45.056318+00:00,736,1,0.572,1615.765,34.32,165.97
2026-05-12T13:15:19+00:00,43.5105168633163,16.36388462036848,77,2026-05-12T13:15:45.056318+00:00,736,1,0.572,1616.336,34.32,165.97
2026-05-12T13:15:20+00:00,43.51051015779376,16.363891074433923,76,2026-05-12T13:15:45.056318+00:00,736,1,0.909,1617.245,54.54,145.083
2026-05-12T13:15:21+00:00,43.510507266037166,16.363895684480667,74,2026-05-12T13:15:45.056318+00:00,736,1,0.492,1617.737,29.52,130.857
2026-05-12T13:15:22+00:00,43.51050437428057,16.36390029452741,73,2026-05-12T13:15:45.056318+00:00,736,1,0.492,1618.229,29.52,130.857
2026-05-12T13:15:23+00:00,43.510501524433494,16.363903689198196,72,2026-05-12T13:15:45.056318+00:00,736,1,0.419,1618.647,25.14,139.176
2026-05-12T13:15:24+00:00,43.510498674586415,16.36390708386898,70,2026-05-12T13:15:45.056318+00:00,736,1,0.419,1619.066,25.14,139.176
2026-05-12T13:15:25+00:00,43.51049792021513,16.363910380750895,69,2026-05-12T13:15:45.056318+00:00,736,1,0.279,1619.345,16.74,107.51
2026-05-12T13:15:26+00:00,43.51049716584384,16.36391367763281,69,2026-05-12T13:15:45.056318+00:00,736,1,0.279,1619.624,16.74,107.51
2026-05-12T13:15:27+00:00,43.51049641147256,16.363916974514723,68,2026-05-12T13:15:45.056318+00:00,736,1,0.279,1619.902,16.74,107.51
2026-05-12T13:15:28+00:00,43.51049481891096,16.363921794109046,70,2026-05-12T13:15:45.056318+00:00,736,1,0.427,1620.33,25.62,114.495
2026-05-12T13:15:29+00:00,43.510493226349354,16.36392661370337,71,2026-05-12T13:15:45.056318+00:00,736,1,0.427,1620.757,25.62,114.495
2026-05-12T13:15:30+00:00,43.51049185730517,16.363928206264973,72,2026-05-12T13:15:45.056318+00:00,736,1,0.199,1620.956,11.94,139.847
2026-05-12T13:15:31+00:00,43.510490488260984,16.363929798826575,73,2026-05-12T13:15:45.056318+00:00,736,1,0.199,1621.155,11.94,139.847
2026-05-12T13:15:32+00:00,43.5104891192168,16.363931391388178,74,2026-05-12T13:15:45.056318+00:00,736,1,0.199,1621.354,11.94,139.847
2026-05-12T13:15:33+00:00,43.51048585027456,16.363935959525406,74,2026-05-12T13:15:45.056318+00:00,736,1,0.518,1621.872,31.08,134.616
2026-05-12T13:15:34+00:00,43.510482581332326,16.363940527662635,74,2026-05-12T13:15:45.056318+00:00,736,1,0.518,1622.389,31.08,134.616
2026-05-12T13:15:35+00:00,43.510481759905815,16.363943243399262,75,2026-05-12T13:15:45.056318+00:00,736,1,0.237,1622.627,14.22,112.639
2026-05-12T13:15:36+00:00,43.510480938479304,16.36394595913589,75,2026-05-12T13:15:45.056318+00:00,736,1,0.237,1622.864,14.22,112.639
2026-05-12T13:15:37+00:00,43.51048011705279,16.363948674872518,76,2026-05-12T13:15:45.056318+00:00,736,1,0.237,1623.101,14.22,112.639
2026-05-12T13:15:38+00:00,43.51047929562628,16.363951390609145,76,2026-05-12T13:15:45.056318+00:00,736,1,0.237,1623.338,14.22,112.639
2026-05-12T13:15:39+00:00,43.51047847419977,16.363954106345773,77,2026-05-12T13:15:45.056318+00:00,736,1,0.237,1623.576,14.22,112.639
2026-05-12T13:15:40+00:00,43.51047260686755,16.363955321721733,78,2026-05-12T13:15:45.056318+00:00,736,1,0.66,1624.235,39.6,171.456
2026-05-12T13:15:41+00:00,43.51046673953533,16.363956537097692,80,2026-05-12T13:15:45.056318+00:00,736,1,0.66,1624.895,39.6,171.456
2026-05-12T13:15:42+00:00,43.51046233903617,16.36395808774978,81,2026-05-12T13:15:45.056318+00:00,736,1,0.505,1625.4,30.3,165.664
2026-05-12T13:15:43+00:00,43.510457938537,16.363959638401866,82,2026-05-12T13:15:45.056318+00:00,736,1,0.505,1625.905,30.3,165.664
2026-05-12T13:15:44+00:00,43.51045061275363,16.363957626745105,83,2026-05-12T13:15:45.056318+00:00,736,1,0.831,1626.736,49.86,191.263
2026-05-12T13:15:45+00:00,43.51044328697026,16.363955615088344,83,2026-05-12T13:15:45.056318+00:00,736,1,0.831,1627.566,49.86,191.263
2026-05-12T13:15:46+00:00,43.510435961186886,16.363953603431582,84,2026-05-12T13:15:45.056318+00:00,736,1,0.831,1628.397,49.86,191.263
2026-05-12T13:15:47+00:00,43.510428635403514,16.36395159177482,84,2026-05-12T13:15:45.056318+00:00,736,1,0.831,1629.228,49.86,191.263
2026-05-12T13:15:48+00:00,43.51042130962014,16.36394958011806,85,2026-05-12T13:15:45.056318+00:00,736,1,0.831,1630.058,49.86,191.263
2026-05-12T13:15:49+00:00,43.510412676259875,16.363946814090014,89,2026-05-12T13:15:45.056318+00:00,736,1,0.986,1631.044,59.16,193.081
2026-05-12T13:15:50+00:00,43.510402366518974,16.363947903737426,89,2026-05-12T13:15:45.056318+00:00,736,1,1.15,1632.194,69.0,175.617
2026-05-12T13:15:51+00:00,43.510393188335,16.363949831575155,90,2026-05-12T13:15:45.056318+00:00,736,1,1.032,1633.226,61.92,171.338
2026-05-12T13:15:52+00:00,43.51038401015103,16.363951759412885,90,2026-05-12T13:15:45.056318+00:00,736,1,1.032,1634.258,61.92,171.338
2026-05-12T13:15:53+00:00,43.51037252694368,16.36395270237699,91,2026-05-12T13:15:45.056318+00:00,736,1,1.279,1635.537,76.74,176.592
2026-05-12T13:15:54+00:00,43.51036104373634,16.3639536453411,92,2026-05-12T13:15:45.056318+00:00,736,1,1.279,1636.816,76.74,176.592
2026-05-12T13:15:55+00:00,43.510349560528994,16.363954588305205,92,2026-05-12T13:15:45.056318+00:00,736,1,1.279,1638.096,76.74,176.592
2026-05-12T13:15:56+00:00,43.51033807732165,16.363955531269312,93,2026-05-12T13:15:45.056318+00:00,736,1,1.279,1639.375,76.74,176.592
2026-05-12T13:15:57+00:00,43.5103321261704,16.36395536363125,92,2026-05-12T13:15:45.056318+00:00,736,1,0.662,1640.037,39.72,181.17
2026-05-12T13:15:58+00:00,43.510326175019145,16.363955195993185,92,2026-05-12T13:15:45.056318+00:00,736,1,0.662,1640.698,39.72,181.17
2026-05-12T13:15:59+00:00,43.51032022386789,16.36395502835512,92,2026-05-12T13:15:45.056318+00:00,736,1,0.662,1641.36,39.72,181.17
2026-05-12T13:16:00+00:00,43.51031427271664,16.363954860717058,91,2026-05-12T13:15:45.056318+00:00,736,1,0.662,1642.022,39.72,181.17
