timestamp_utc,latitude,longitude,heart_rate,finish_time_utc,elapsed_race_time_s,finished_flag,seg_dist_m,dist_from_start_m,SOG_raw_mpm,COG_raw_deg
2026-05-12T13:03:29+00:00,43.518040431663394,16.371695841662586,125,2026-05-12T13:15:23.195745+00:00,714,1,0.0,0.0,0.0,0.0
2026-05-12T13:03:30+00:00,43.51802394725382,16.37169387191534,125,2026-05-12T13:15:23.195745+00:00,714,1,1.84,1.84,110.4,184.952
2026-05-12T13:03:31+00:00,43.51801191922277,16.371686831116676,126,2026-05-12T13:15:23.195745+00:00,714,1,1.453,3.293,87.18,203.0
2026-05-12T13:03:32+00:00,43.51799989119172,16.371679790318012,126,2026-05-12T13:15:23.195745+00:00,714,1,1.453,4.746,87.18,203.0
2026-05-12T13:03:33+00:00,43.51799888536334,16.37166616972536,128,2026-05-12T13:15:23.195745+00:00,714,1,1.104,5.85,66.24,264.185
2026-05-12T13:03:34+00:00,43.51799787953496,16.371652549132705,129,2026-05-12T13:15:23.195745+00:00,714,1,1.104,6.954,66.24,264.185
2026-05-12T13:03:35+00:00,43.51800031028688,16.37164148502052,130,2026-05-12T13:15:23.195745+00:00,714,1,0.932,7.886,55.92,286.855
2026-05-12T13:03:36+00:00,43.51799603551626,16.371630714274943,132,2026-05-12T13:15:23.195745+00:00,714,1,0.99,8.876,59.4,241.308
2026-05-12T13:03:37+00:00,43.517991760745645,16.371619943529367,133,2026-05-12T13:15:23.195745+00:00,714,1,0.99,9.866,59.4,241.308
2026-05-12T13:03:38+00:00,43.517992570996284,16.37160139158368,133,2026-05-12T13:15:23.195745+00:00,714,1,1.499,11.365,89.94,273.447
2026-05-12T13:03:39+00:00,43.51799338124693,16.371582839637995,133,2026-05-12T13:15:23.195745+00:00,714,1,1.499,12.863,89.94,273.447
2026-05-12T13:03:40+00:00,43.51799419149757,16.37156428769231,133,2026-05-12T13:15:23.195745+00:00,714,1,1.499,14.362,89.94,273.447
2026-05-12T13:03:41+00:00,43.517990754917264,16.371554480865598,133,2026-05-12T13:15:23.195745+00:00,714,1,0.878,15.24,52.68,244.208
2026-05-12T13:03:42+00:00,43.51798580959439,16.371542452834547,134,2026-05-12T13:15:23.195745+00:00,714,1,1.115,16.355,66.9,240.448
2026-05-12T13:03:43+00:00,43.51798086427152,16.371530424803495,134,2026-05-12T13:15:23.195745+00:00,714,1,1.115,17.47,66.9,240.448
2026-05-12T13:03:44+00:00,43.51796632166952,16.371530634351075,136,2026-05-12T13:15:23.195745+00:00,714,1,1.617,19.087,97.02,179.401
2026-05-12T13:03:45+00:00,43.51795177906752,16.371530843898654,138,2026-05-12T13:15:23.195745+00:00,714,1,1.617,20.704,97.02,179.401
2026-05-12T13:03:46+00:00,43.51793576963246,16.37153289746493,140,2026-05-12T13:15:23.195745+00:00,714,1,1.788,22.492,107.28,174.686
2026-05-12T13:03:47+00:00,43.5179197601974,16.371534951031208,141,2026-05-12T13:15:23.195745+00:00,714,1,1.788,24.28,107.28,174.686
2026-05-12T13:03:48+00:00,43.51790284970775,16.371532164048404,142,2026-05-12T13:15:23.195745+00:00,714,1,1.894,26.174,113.64,186.815
2026-05-12T13:03:49+00:00,43.517885939218104,16.3715293770656,142,2026-05-12T13:15:23.195745+00:00,714,1,1.894,28.067,113.64,186.815
2026-05-12T13:03:50+00:00,43.517869028728455,16.371526590082794,142,2026-05-12T13:15:23.195745+00:00,714,1,1.894,29.961,113.64,186.815
2026-05-12T13:03:51+00:00,43.51785211823881,16.37152380309999,143,2026-05-12T13:15:23.195745+00:00,714,1,1.894,31.855,113.64,186.815
2026-05-12T13:03:52+00:00,43.51783548016101,16.37151873204857,144,2026-05-12T13:15:23.195745+00:00,714,1,1.895,33.75,113.7,192.463
2026-05-12T13:03:53+00:00,43.517818842083216,16.371513660997152,146,2026-05-12T13:15:23.195745+00:00,714,1,1.895,35.644,113.7,192.463
2026-05-12T13:03:54+00:00,43.51780258119106,16.37151014059782,146,2026-05-12T13:15:23.195745+00:00,714,1,1.83,37.475,109.8,188.922
2026-05-12T13:03:55+00:00,43.51778632029891,16.37150662019849,146,2026-05-12T13:15:23.195745+00:00,714,1,1.83,39.305,109.8,188.922
2026-05-12T13:03:56+00:00,43.51777005940676,16.371503099799156,147,2026-05-12T13:15:23.195745+00:00,714,1,1.83,41.135,109.8,188.922
2026-05-12T13:03:57+00:00,43.517753798514605,16.371499579399824,147,2026-05-12T13:15:23.195745+00:00,714,1,1.83,42.965,109.8,188.922
2026-05-12T13:03:58+00:00,43.51773753762245,16.371496059000492,147,2026-05-12T13:15:23.195745+00:00,714,1,1.83,44.796,109.8,188.922
2026-05-12T13:03:59+00:00,43.517723847180605,16.371490163728595,146,2026-05-12T13:15:23.195745+00:00,714,1,1.595,46.391,95.7,197.342
2026-05-12T13:04:00+00:00,43.51771015673876,16.371484268456697,145,2026-05-12T13:15:23.195745+00:00,714,1,1.595,47.985,95.7,197.342
2026-05-12T13:04:01+00:00,43.51769646629691,16.3714783731848,144,2026-05-12T13:15:23.195745+00:00,714,1,1.595,49.58,95.7,197.342
2026-05-12T13:04:02+00:00,43.51768012158573,16.371472058817744,143,2026-05-12T13:15:23.195745+00:00,714,1,1.887,51.468,113.22,195.65
2026-05-12T13:04:03+00:00,43.51766377687454,16.37146574445069,143,2026-05-12T13:15:23.195745+00:00,714,1,1.887,53.355,113.22,195.65
2026-05-12T13:04:04+00:00,43.51764743216336,16.371459430083632,142,2026-05-12T13:15:23.195745+00:00,714,1,1.887,55.242,113.22,195.65
2026-05-12T13:04:05+00:00,43.51762998383492,16.37145592365414,142,2026-05-12T13:15:23.195745+00:00,714,1,1.961,57.203,117.66,188.291
2026-05-12T13:04:06+00:00,43.51761253550649,16.371452417224646,143,2026-05-12T13:15:23.195745+00:00,714,1,1.961,59.164,117.66,188.291
2026-05-12T13:04:07+00:00,43.51759508717805,16.371448910795152,143,2026-05-12T13:15:23.195745+00:00,714,1,1.961,61.124,117.66,188.291
2026-05-12T13:04:08+00:00,43.517577638849616,16.37144540436566,143,2026-05-12T13:15:23.195745+00:00,714,1,1.961,63.085,117.66,188.291
2026-05-12T13:04:09+00:00,43.51756019052118,16.371441897936165,144,2026-05-12T13:15:23.195745+00:00,714,1,1.961,65.046,117.66,188.291
2026-05-12T13:04:10+00:00,43.517542742192745,16.371438391506672,144,2026-05-12T13:15:23.195745+00:00,714,1,1.961,67.006,117.66,188.291
2026-05-12T13:04:11+00:00,43.5175243858248,16.37143436819315,144,2026-05-12T13:15:23.195745+00:00,714,1,2.067,69.073,124.02,189.031
2026-05-12T13:04:12+00:00,43.51750586181879,16.371430959552526,144,2026-05-12T13:15:23.195745+00:00,714,1,2.078,71.151,124.68,187.601
2026-05-12T13:04:13+00:00,43.51748733781278,16.371427550911903,144,2026-05-12T13:15:23.195745+00:00,714,1,2.078,73.229,124.68,187.601
2026-05-12T13:04:14+00:00,43.51746881380677,16.37142414227128,144,2026-05-12T13:15:23.195745+00:00,714,1,2.078,75.307,124.68,187.601
2026-05-12T13:04:15+00:00,43.51745028980076,16.371420733630657,143,2026-05-12T13:15:23.195745+00:00,714,1,2.078,77.385,124.68,187.601
2026-05-12T13:04:16+00:00,43.517431765794754,16.371417324990034,143,2026-05-12T13:15:23.195745+00:00,714,1,2.078,79.463,124.68,187.601
2026-05-12T13:04:17+00:00,43.517413241788745,16.37141391634941,143,2026-05-12T13:15:23.195745+00:00,714,1,2.078,81.541,124.68,187.601
2026-05-12T13:04:18+00:00,43.51739626843482,16.371413958258927,142,2026-05-12T13:15:23.195745+00:00,714,1,1.887,83.429,113.22,179.897
2026-05-12T13:04:19+00:00,43.5173792950809,16.371414000168443,142,2026-05-12T13:15:23.195745+00:00,714,1,1.887,85.316,113.22,179.897
2026-05-12T13:04:20+00:00,43.51736188866198,16.371414307504892,141,2026-05-12T13:15:23.195745+00:00,714,1,1.936,87.252,116.16,179.266
2026-05-12T13:04:21+00:00,43.51734448224306,16.371414614841342,140,2026-05-12T13:15:23.195745+00:00,714,1,1.936,89.187,116.16,179.266
2026-05-12T13:04:22+00:00,43.51732707582414,16.37141492217779,139,2026-05-12T13:15:23.195745+00:00,714,1,1.936,91.123,116.16,179.266
2026-05-12T13:04:23+00:00,43.51730939000845,16.37141573242843,138,2026-05-12T13:15:23.195745+00:00,714,1,1.968,93.091,118.08,178.097
2026-05-12T13:04:24+00:00,43.51729170419276,16.37141654267907,137,2026-05-12T13:15:23.195745+00:00,714,1,1.968,95.058,118.08,178.097
2026-05-12T13:04:25+00:00,43.517274018377066,16.37141735292971,136,2026-05-12T13:15:23.195745+00:00,714,1,1.968,97.026,118.08,178.097
2026-05-12T13:04:26+00:00,43.51725588552654,16.371415900066495,136,2026-05-12T13:15:23.195745+00:00,714,1,2.02,99.046,121.2,183.325
2026-05-12T13:04:27+00:00,43.51723775267601,16.37141444720328,135,2026-05-12T13:15:23.195745+00:00,714,1,2.02,101.065,121.2,183.325
2026-05-12T13:04:28+00:00,43.51721961982548,16.371412994340062,134,2026-05-12T13:15:23.195745+00:00,714,1,2.02,103.085,121.2,183.325
2026-05-12T13:04:29+00:00,43.517201486974955,16.371411541476846,134,2026-05-12T13:15:23.195745+00:00,714,1,2.02,105.105,121.2,183.325
2026-05-12T13:04:30+00:00,43.51718335412443,16.37141008861363,134,2026-05-12T13:15:23.195745+00:00,714,1,2.02,107.124,121.2,183.325
2026-05-12T13:04:31+00:00,43.5171652212739,16.371408635750413,133,2026-05-12T13:15:23.195745+00:00,714,1,2.02,109.144,121.2,183.325
2026-05-12T13:04:32+00:00,43.51714954711497,16.371407546103,131,2026-05-12T13:15:23.195745+00:00,714,1,1.745,110.889,104.7,182.886
2026-05-12T13:04:33+00:00,43.51713282521814,16.371405366808176,130,2026-05-12T13:15:23.195745+00:00,714,1,1.868,112.757,112.08,185.399
2026-05-12T13:04:34+00:00,43.517116103321314,16.37140318751335,128,2026-05-12T13:15:23.195745+00:00,714,1,1.868,114.625,112.08,185.399
2026-05-12T13:04:35+00:00,43.51709906710312,16.371402433142066,127,2026-05-12T13:15:23.195745+00:00,714,1,1.895,116.52,113.7,181.839
2026-05-12T13:04:36+00:00,43.51708203088492,16.37140167877078,126,2026-05-12T13:15:23.195745+00:00,714,1,1.895,118.415,113.7,181.839
2026-05-12T13:04:37+00:00,43.517064994666725,16.371400924399495,126,2026-05-12T13:15:23.195745+00:00,714,1,1.895,120.31,113.7,181.839
2026-05-12T13:04:38+00:00,43.51704795844853,16.37140017002821,125,2026-05-12T13:15:23.195745+00:00,714,1,1.895,122.206,113.7,181.839
2026-05-12T13:04:39+00:00,43.51702795363963,16.37139824219048,125,2026-05-12T13:15:23.195745+00:00,714,1,2.23,124.436,133.8,183.998
2026-05-12T13:04:40+00:00,43.51700794883072,16.37139631435275,125,2026-05-12T13:15:23.195745+00:00,714,1,2.23,126.666,133.8,183.998
2026-05-12T13:04:41+00:00,43.51698794402182,16.37139438651502,125,2026-05-12T13:15:23.195745+00:00,714,1,2.23,128.895,133.8,183.998
2026-05-12T13:04:42+00:00,43.51696845609695,16.371389203704894,125,2026-05-12T13:15:23.195745+00:00,714,1,2.207,131.102,132.42,190.916
2026-05-12T13:04:43+00:00,43.51694896817207,16.371384020894766,125,2026-05-12T13:15:23.195745+00:00,714,1,2.207,133.309,132.42,190.916
2026-05-12T13:04:44+00:00,43.5169294802472,16.371378838084638,125,2026-05-12T13:15:23.195745+00:00,714,1,2.207,135.516,132.42,190.916
2026-05-12T13:04:45+00:00,43.516909992322326,16.37137365527451,125,2026-05-12T13:15:23.195745+00:00,714,1,2.207,137.723,132.42,190.916
2026-05-12T13:04:46+00:00,43.51689050439745,16.371368472464383,125,2026-05-12T13:15:23.195745+00:00,714,1,2.207,139.93,132.42,190.916
2026-05-12T13:04:47+00:00,43.51687101647258,16.371363289654255,125,2026-05-12T13:15:23.195745+00:00,714,1,2.207,142.137,132.42,190.916
2026-05-12T13:04:48+00:00,43.51685488130897,16.37136081699282,125,2026-05-12T13:15:23.195745+00:00,714,1,1.805,143.942,108.3,186.341
2026-05-12T13:04:49+00:00,43.51683874614537,16.371358344331384,125,2026-05-12T13:15:23.195745+00:00,714,1,1.805,145.747,108.3,186.341
2026-05-12T13:04:50+00:00,43.516820599325,16.371358009055257,126,2026-05-12T13:15:23.195745+00:00,714,1,2.018,147.765,121.08,180.768
2026-05-12T13:04:51+00:00,43.516802452504635,16.37135767377913,127,2026-05-12T13:15:23.195745+00:00,714,1,2.018,149.783,121.08,180.768
2026-05-12T13:04:52+00:00,43.51678430568427,16.371357338503003,128,2026-05-12T13:15:23.195745+00:00,714,1,2.018,151.801,121.08,180.768
2026-05-12T13:04:53+00:00,43.5167661588639,16.371357003226876,129,2026-05-12T13:15:23.195745+00:00,714,1,2.018,153.819,121.08,180.768
2026-05-12T13:04:54+00:00,43.51674785837531,16.371356835588813,129,2026-05-12T13:15:23.195745+00:00,714,1,2.035,155.854,122.1,180.381
2026-05-12T13:04:55+00:00,43.51672955788672,16.37135666795075,128,2026-05-12T13:15:23.195745+00:00,714,1,2.035,157.889,122.1,180.381
2026-05-12T13:04:56+00:00,43.51671125739813,16.371356500312686,128,2026-05-12T13:15:23.195745+00:00,714,1,2.035,159.924,122.1,180.381
2026-05-12T13:04:57+00:00,43.51669244002551,16.371354572474957,126,2026-05-12T13:15:23.195745+00:00,714,1,2.098,162.022,125.88,184.249
2026-05-12T13:04:58+00:00,43.51667362265289,16.371352644637227,124,2026-05-12T13:15:23.195745+00:00,714,1,2.098,164.12,125.88,184.249
2026-05-12T13:04:59+00:00,43.51665702648461,16.371355444192886,124,2026-05-12T13:15:23.195745+00:00,714,1,1.859,165.98,111.54,173.026
2026-05-12T13:05:00+00:00,43.51664043031633,16.371358243748546,123,2026-05-12T13:15:23.195745+00:00,714,1,1.859,167.839,111.54,173.026
2026-05-12T13:05:01+00:00,43.51662383414805,16.371361043304205,123,2026-05-12T13:15:23.195745+00:00,714,1,1.859,169.698,111.54,173.026
2026-05-12T13:05:02+00:00,43.51660723797977,16.371363842859864,122,2026-05-12T13:15:23.195745+00:00,714,1,1.859,171.557,111.54,173.026
2026-05-12T13:05:03+00:00,43.51659064181149,16.371366642415524,122,2026-05-12T13:15:23.195745+00:00,714,1,1.859,173.416,111.54,173.026
2026-05-12T13:05:04+00:00,43.51657748222351,16.371364491060376,121,2026-05-12T13:15:23.195745+00:00,714,1,1.474,174.89,88.44,186.761
2026-05-12T13:05:05+00:00,43.51656432263553,16.37136233970523,119,2026-05-12T13:15:23.195745+00:00,714,1,1.474,176.363,88.44,186.761
2026-05-12T13:05:06+00:00,43.51655116304755,16.37136018835008,118,2026-05-12T13:15:23.195745+00:00,714,1,1.474,177.837,88.44,186.761
2026-05-12T13:05:07+00:00,43.51653628516942,16.37135949684307,118,2026-05-12T13:15:23.195745+00:00,714,1,1.655,179.492,99.3,181.93
2026-05-12T13:05:08+00:00,43.51652140729129,16.371358805336058,118,2026-05-12T13:15:23.195745+00:00,714,1,1.655,181.147,99.3,181.93
2026-05-12T13:05:09+00:00,43.51650652941317,16.371358113829046,119,2026-05-12T13:15:23.195745+00:00,714,1,1.655,182.803,99.3,181.93
2026-05-12T13:05:10+00:00,43.516491651535034,16.371357422322035,119,2026-05-12T13:15:23.195745+00:00,714,1,1.655,184.458,99.3,181.93
2026-05-12T13:05:11+00:00,43.5164772067219,16.37135553639382,119,2026-05-12T13:15:23.195745+00:00,714,1,1.613,186.071,96.78,185.409
2026-05-12T13:05:12+00:00,43.51646276190877,16.371353650465608,118,2026-05-12T13:15:23.195745+00:00,714,1,1.613,187.685,96.78,185.409
2026-05-12T13:05:13+00:00,43.51644831709564,16.371351764537394,118,2026-05-12T13:15:23.195745+00:00,714,1,1.613,189.298,96.78,185.409
2026-05-12T13:05:14+00:00,43.516433872282505,16.37134987860918,118,2026-05-12T13:15:23.195745+00:00,714,1,1.613,190.911,96.78,185.409
2026-05-12T13:05:15+00:00,43.51641942746937,16.371347992680967,117,2026-05-12T13:15:23.195745+00:00,714,1,1.613,192.525,96.78,185.409
2026-05-12T13:05:16+00:00,43.51640498265624,16.371346106752753,117,2026-05-12T13:15:23.195745+00:00,714,1,1.613,194.138,96.78,185.409
2026-05-12T13:05:17+00:00,43.51638947613537,16.371346274390817,118,2026-05-12T13:15:23.195745+00:00,714,1,1.724,195.862,103.44,179.551
2026-05-12T13:05:18+00:00,43.51637294981629,16.37134624645114,118,2026-05-12T13:15:23.195745+00:00,714,1,1.838,197.7,110.28,180.07
2026-05-12T13:05:19+00:00,43.5163564234972,16.371346218511462,119,2026-05-12T13:15:23.195745+00:00,714,1,1.838,199.538,110.28,180.07
2026-05-12T13:05:20+00:00,43.51633989717811,16.371346190571785,120,2026-05-12T13:15:23.195745+00:00,714,1,1.838,201.375,110.28,180.07
2026-05-12T13:05:21+00:00,43.51632337085903,16.371346162632108,120,2026-05-12T13:15:23.195745+00:00,714,1,1.838,203.213,110.28,180.07
2026-05-12T13:05:22+00:00,43.51630684453994,16.37134613469243,120,2026-05-12T13:15:23.195745+00:00,714,1,1.838,205.051,110.28,180.07
2026-05-12T13:05:23+00:00,43.516290318220854,16.371346106752753,121,2026-05-12T13:15:23.195745+00:00,714,1,1.838,206.888,110.28,180.07
2026-05-12T13:05:24+00:00,43.51626959396526,16.37134311022237,120,2026-05-12T13:15:23.195745+00:00,714,1,2.317,209.205,139.02,185.986
2026-05-12T13:05:25+00:00,43.51624886970967,16.371340113691986,120,2026-05-12T13:15:23.195745+00:00,714,1,2.317,211.522,139.02,185.986
2026-05-12T13:05:26+00:00,43.51622814545408,16.371337117161602,119,2026-05-12T13:15:23.195745+00:00,714,1,2.317,213.84,139.02,185.986
2026-05-12T13:05:27+00:00,43.51620742119849,16.371334120631218,118,2026-05-12T13:15:23.195745+00:00,714,1,2.317,216.157,139.02,185.986
2026-05-12T13:05:28+00:00,43.51618945598602,16.371331633999944,117,2026-05-12T13:15:23.195745+00:00,714,1,2.008,218.164,120.48,185.732
2026-05-12T13:05:29+00:00,43.51617149077356,16.37132914736867,116,2026-05-12T13:15:23.195745+00:00,714,1,2.008,220.172,120.48,185.732
2026-05-12T13:05:30+00:00,43.516153525561094,16.371326660737395,115,2026-05-12T13:15:23.195745+00:00,714,1,2.008,222.18,120.48,185.732
2026-05-12T13:05:31+00:00,43.51613173261285,16.371328504756093,116,2026-05-12T13:15:23.195745+00:00,714,1,2.428,224.607,145.68,176.489
2026-05-12T13:05:32+00:00,43.51611035875976,16.371327980887145,117,2026-05-12T13:15:23.195745+00:00,714,1,2.377,226.984,142.62,181.018
2026-05-12T13:05:33+00:00,43.51608898490667,16.371327457018197,118,2026-05-12T13:15:23.195745+00:00,714,1,2.377,229.362,142.62,181.018
2026-05-12T13:05:34+00:00,43.516067611053586,16.37132693314925,118,2026-05-12T13:15:23.195745+00:00,714,1,2.377,231.739,142.62,181.018
2026-05-12T13:05:35+00:00,43.5160462372005,16.3713264092803,119,2026-05-12T13:15:23.195745+00:00,714,1,2.377,234.116,142.62,181.018
2026-05-12T13:05:36+00:00,43.5160278249532,16.37132389470935,119,2026-05-12T13:15:23.195745+00:00,714,1,2.057,236.173,123.42,185.656
2026-05-12T13:05:37+00:00,43.5160094127059,16.371321380138397,119,2026-05-12T13:15:23.195745+00:00,714,1,2.057,238.23,123.42,185.656
2026-05-12T13:05:38+00:00,43.5159910004586,16.371318865567446,119,2026-05-12T13:15:23.195745+00:00,714,1,2.057,240.288,123.42,185.656
2026-05-12T13:05:39+00:00,43.515973314642906,16.371312718838453,118,2026-05-12T13:15:23.195745+00:00,714,1,2.028,242.316,121.68,194.146
2026-05-12T13:05:40+00:00,43.515955628827214,16.37130657210946,117,2026-05-12T13:15:23.195745+00:00,714,1,2.028,244.344,121.68,194.146
2026-05-12T13:05:41+00:00,43.51593794301152,16.37130042538047,116,2026-05-12T13:15:23.195745+00:00,714,1,2.028,246.372,121.68,194.146
2026-05-12T13:05:42+00:00,43.515921032521874,16.371295794378966,116,2026-05-12T13:15:23.195745+00:00,714,1,1.917,248.289,115.02,191.232
2026-05-12T13:05:43+00:00,43.515904122032225,16.371291163377464,116,2026-05-12T13:15:23.195745+00:00,714,1,1.917,250.206,115.02,191.232
2026-05-12T13:05:44+00:00,43.51588721154258,16.37128653237596,116,2026-05-12T13:15:23.195745+00:00,714,1,1.917,252.123,115.02,191.232
2026-05-12T13:05:45+00:00,43.51587030105293,16.37128190137446,116,2026-05-12T13:15:23.195745+00:00,714,1,1.917,254.04,115.02,191.232
2026-05-12T13:05:46+00:00,43.51585255935788,16.371278129518032,117,2026-05-12T13:15:23.195745+00:00,714,1,1.996,256.036,119.76,188.764
2026-05-12T13:05:47+00:00,43.515834817662835,16.371274357661605,118,2026-05-12T13:15:23.195745+00:00,714,1,1.996,258.032,119.76,188.764
2026-05-12T13:05:48+00:00,43.51581707596779,16.371270585805178,119,2026-05-12T13:15:23.195745+00:00,714,1,1.996,260.029,119.76,188.764
2026-05-12T13:05:49+00:00,43.515797378495336,16.371268406510353,120,2026-05-12T13:15:23.195745+00:00,714,1,2.197,262.226,131.82,184.587
2026-05-12T13:05:50+00:00,43.51577768102288,16.37126622721553,120,2026-05-12T13:15:23.195745+00:00,714,1,2.197,264.423,131.82,184.587
2026-05-12T13:05:51+00:00,43.51575798355043,16.371264047920704,121,2026-05-12T13:15:23.195745+00:00,714,1,2.197,266.62,131.82,184.587
2026-05-12T13:05:52+00:00,43.51573904044926,16.37126123998314,121,2026-05-12T13:15:23.195745+00:00,714,1,2.119,268.739,127.14,186.135
2026-05-12T13:05:53+00:00,43.515720097348094,16.37125843204558,121,2026-05-12T13:15:23.195745+00:00,714,1,2.119,270.857,127.14,186.135
2026-05-12T13:05:54+00:00,43.515701154246926,16.371255624108016,122,2026-05-12T13:15:23.195745+00:00,714,1,2.119,272.976,127.14,186.135
2026-05-12T13:05:55+00:00,43.51568221114576,16.371252816170454,122,2026-05-12T13:15:23.195745+00:00,714,1,2.119,275.094,127.14,186.135
2026-05-12T13:05:56+00:00,43.51566326804459,16.37125000823289,122,2026-05-12T13:15:23.195745+00:00,714,1,2.119,277.213,127.14,186.135
2026-05-12T13:05:57+00:00,43.51564432494342,16.37124720029533,122,2026-05-12T13:15:23.195745+00:00,714,1,2.119,279.332,127.14,186.135
2026-05-12T13:05:58+00:00,43.51562395691872,16.371248541399837,123,2026-05-12T13:15:23.195745+00:00,714,1,2.267,281.599,136.02,177.266
2026-05-12T13:05:59+00:00,43.51560565084219,16.37124522216618,122,2026-05-12T13:15:23.195745+00:00,714,1,2.053,283.652,123.18,187.491
2026-05-12T13:06:00+00:00,43.51558734476566,16.371241902932525,122,2026-05-12T13:15:23.195745+00:00,714,1,2.053,285.705,123.18,187.491
2026-05-12T13:06:01+00:00,43.51556903868914,16.37123858369887,121,2026-05-12T13:15:23.195745+00:00,714,1,2.053,287.758,123.18,187.491
2026-05-12T13:06:02+00:00,43.51555073261261,16.371235264465213,121,2026-05-12T13:15:23.195745+00:00,714,1,2.053,289.811,123.18,187.491
2026-05-12T13:06:03+00:00,43.51553242653608,16.371231945231557,120,2026-05-12T13:15:23.195745+00:00,714,1,2.053,291.864,123.18,187.491
2026-05-12T13:06:04+00:00,43.51551407016814,16.371231777593493,117,2026-05-12T13:15:23.195745+00:00,714,1,2.041,293.905,122.46,180.379
2026-05-12T13:06:05+00:00,43.515496090985835,16.37123353779316,116,2026-05-12T13:15:23.195745+00:00,714,1,2.004,295.91,120.24,175.939
2026-05-12T13:06:06+00:00,43.51547811180353,16.371235297992826,116,2026-05-12T13:15:23.195745+00:00,714,1,2.004,297.914,120.24,175.939
2026-05-12T13:06:07+00:00,43.515475653111935,16.37122241780162,117,2026-05-12T13:15:23.195745+00:00,714,1,1.074,298.988,64.44,255.253
2026-05-12T13:06:08+00:00,43.51547319442034,16.37120953761041,118,2026-05-12T13:15:23.195745+00:00,714,1,1.074,300.062,64.44,255.253
2026-05-12T13:06:09+00:00,43.51547073572874,16.371196657419205,119,2026-05-12T13:15:23.195745+00:00,714,1,1.074,301.136,64.44,255.253
2026-05-12T13:06:10+00:00,43.515476142056286,16.37117616366595,122,2026-05-12T13:15:23.195745+00:00,714,1,1.759,302.894,105.54,289.99
2026-05-12T13:06:11+00:00,43.51548154838383,16.371155669912696,124,2026-05-12T13:15:23.195745+00:00,714,1,1.759,304.653,105.54,289.99
2026-05-12T13:06:12+00:00,43.51548699662089,16.37113194912672,127,2026-05-12T13:15:23.195745+00:00,714,1,2.006,306.659,120.36,287.574
2026-05-12T13:06:13+00:00,43.51548955310136,16.37110433075577,128,2026-05-12T13:15:23.195745+00:00,714,1,2.245,308.904,134.7,277.274
2026-05-12T13:06:14+00:00,43.51549210958183,16.37107671238482,130,2026-05-12T13:15:23.195745+00:00,714,1,2.245,311.15,134.7,277.274
2026-05-12T13:06:15+00:00,43.51549076847732,16.371048549190164,130,2026-05-12T13:15:23.195745+00:00,714,1,2.276,313.425,136.56,266.243
2026-05-12T13:06:16+00:00,43.515494680032134,16.371022425591946,131,2026-05-12T13:15:23.195745+00:00,714,1,2.151,315.576,129.06,281.666
2026-05-12T13:06:17+00:00,43.51549859158695,16.370996301993728,133,2026-05-12T13:15:23.195745+00:00,714,1,2.151,317.727,129.06,281.666
2026-05-12T13:06:18+00:00,43.51550250314176,16.37097017839551,134,2026-05-12T13:15:23.195745+00:00,714,1,2.151,319.878,129.06,281.666
2026-05-12T13:06:19+00:00,43.51550342515111,16.370941679924726,134,2026-05-12T13:15:23.195745+00:00,714,1,2.3,322.179,138.0,272.554
2026-05-12T13:06:20+00:00,43.51550434716046,16.370913181453943,135,2026-05-12T13:15:23.195745+00:00,714,1,2.3,324.479,138.0,272.554
2026-05-12T13:06:21+00:00,43.51550526916981,16.37088468298316,136,2026-05-12T13:15:23.195745+00:00,714,1,2.3,326.779,138.0,272.554
2026-05-12T13:06:22+00:00,43.51550619117915,16.370856184512377,136,2026-05-12T13:15:23.195745+00:00,714,1,2.3,329.08,138.0,272.554
2026-05-12T13:06:23+00:00,43.51550726406276,16.37083018384874,135,2026-05-12T13:15:23.195745+00:00,714,1,2.1,331.18,126.0,273.257
2026-05-12T13:06:24+00:00,43.51550833694637,16.3708041831851,135,2026-05-12T13:15:23.195745+00:00,714,1,2.1,333.28,126.0,273.257
2026-05-12T13:06:25+00:00,43.515509409829974,16.370778182521462,134,2026-05-12T13:15:23.195745+00:00,714,1,2.1,335.38,126.0,273.257
2026-05-12T13:06:26+00:00,43.51551048271358,16.370752181857824,134,2026-05-12T13:15:23.195745+00:00,714,1,2.1,337.48,126.0,273.257
2026-05-12T13:06:27+00:00,43.515511555597186,16.370726181194186,133,2026-05-12T13:15:23.195745+00:00,714,1,2.1,339.58,126.0,273.257
2026-05-12T13:06:28+00:00,43.51551130414009,16.370697934180498,133,2026-05-12T13:15:23.195745+00:00,714,1,2.278,341.858,136.68,269.297
2026-05-12T13:06:29+00:00,43.515507666394114,16.370672821998596,133,2026-05-12T13:15:23.195745+00:00,714,1,2.065,343.923,123.9,258.704
2026-05-12T13:06:30+00:00,43.51550402864814,16.370647709816694,133,2026-05-12T13:15:23.195745+00:00,714,1,2.065,345.988,123.9,258.704
2026-05-12T13:06:31+00:00,43.51550039090216,16.370622597634792,132,2026-05-12T13:15:23.195745+00:00,714,1,2.065,348.053,123.9,258.704
2026-05-12T13:06:32+00:00,43.515496753156185,16.37059748545289,132,2026-05-12T13:15:23.195745+00:00,714,1,2.065,350.118,123.9,258.704
2026-05-12T13:06:33+00:00,43.51549311541021,16.37057237327099,132,2026-05-12T13:15:23.195745+00:00,714,1,2.065,352.183,123.9,258.704
2026-05-12T13:06:34+00:00,43.51548448204994,16.370564410462976,133,2026-05-12T13:15:23.195745+00:00,714,1,1.155,353.338,69.3,213.777
2026-05-12T13:06:35+00:00,43.51548045873642,16.370559632778168,135,2026-05-12T13:15:23.195745+00:00,714,1,0.59,353.928,35.4,220.734
2026-05-12T13:06:36+00:00,43.51546696387231,16.37055192142725,138,2026-05-12T13:15:23.195745+00:00,714,1,1.624,355.552,97.44,202.509
2026-05-12T13:06:37+00:00,43.51544655393809,16.370547898113728,140,2026-05-12T13:15:23.195745+00:00,714,1,2.293,357.845,137.58,188.135
2026-05-12T13:06:38+00:00,43.51542614400387,16.370543874800205,141,2026-05-12T13:15:23.195745+00:00,714,1,2.293,360.137,137.58,188.135
2026-05-12T13:06:39+00:00,43.51540636271238,16.370542554650456,142,2026-05-12T13:15:23.195745+00:00,714,1,2.202,362.339,132.12,182.771
2026-05-12T13:06:40+00:00,43.5153865814209,16.370541234500706,143,2026-05-12T13:15:23.195745+00:00,714,1,2.202,364.542,132.12,182.771
2026-05-12T13:06:41+00:00,43.515366800129414,16.370539914350957,144,2026-05-12T13:15:23.195745+00:00,714,1,2.202,366.744,132.12,182.771
2026-05-12T13:06:42+00:00,43.51534701883793,16.370538594201207,145,2026-05-12T13:15:23.195745+00:00,714,1,2.202,368.946,132.12,182.771
2026-05-12T13:06:43+00:00,43.51532788015902,16.370533062145114,145,2026-05-12T13:15:23.195745+00:00,714,1,2.174,371.12,130.44,191.839
2026-05-12T13:06:44+00:00,43.51530874148011,16.37052753008902,146,2026-05-12T13:15:23.195745+00:00,714,1,2.174,373.295,130.44,191.839
2026-05-12T13:06:45+00:00,43.5152896028012,16.370521998032928,146,2026-05-12T13:15:23.195745+00:00,714,1,2.174,375.469,130.44,191.839
2026-05-12T13:06:46+00:00,43.51526794396341,16.370519751682878,147,2026-05-12T13:15:23.195745+00:00,714,1,2.415,377.884,144.9,184.301
2026-05-12T13:06:47+00:00,43.51524628512561,16.370517505332828,147,2026-05-12T13:15:23.195745+00:00,714,1,2.415,380.299,144.9,184.301
2026-05-12T13:06:48+00:00,43.51522462628782,16.370515258982778,148,2026-05-12T13:15:23.195745+00:00,714,1,2.415,382.715,144.9,184.301
2026-05-12T13:06:49+00:00,43.51520296745002,16.370513012632728,148,2026-05-12T13:15:23.195745+00:00,714,1,2.415,385.13,144.9,184.301
2026-05-12T13:06:50+00:00,43.51518130861223,16.370510766282678,149,2026-05-12T13:15:23.195745+00:00,714,1,2.415,387.545,144.9,184.301
2026-05-12T13:06:51+00:00,43.515162309631705,16.370509956032038,148,2026-05-12T13:15:23.195745+00:00,714,1,2.114,389.658,126.84,181.771
2026-05-12T13:06:52+00:00,43.51514331065118,16.370509145781398,147,2026-05-12T13:15:23.195745+00:00,714,1,2.114,391.772,126.84,181.771
2026-05-12T13:06:53+00:00,43.51512431167066,16.370508335530758,146,2026-05-12T13:15:23.195745+00:00,714,1,2.114,393.886,126.84,181.771
2026-05-12T13:06:54+00:00,43.515104125253856,16.370505457744002,146,2026-05-12T13:15:23.195745+00:00,714,1,2.257,396.142,135.42,185.902
2026-05-12T13:06:55+00:00,43.51508393883705,16.370502579957247,146,2026-05-12T13:15:23.195745+00:00,714,1,2.257,398.399,135.42,185.902
2026-05-12T13:06:56+00:00,43.51506375242025,16.37049970217049,146,2026-05-12T13:15:23.195745+00:00,714,1,2.257,400.655,135.42,185.902
2026-05-12T13:06:57+00:00,43.51504356600344,16.370496824383736,146,2026-05-12T13:15:23.195745+00:00,714,1,2.257,402.912,135.42,185.902
2026-05-12T13:06:58+00:00,43.51502337958664,16.37049394659698,146,2026-05-12T13:15:23.195745+00:00,714,1,2.257,405.169,135.42,185.902
2026-05-12T13:06:59+00:00,43.51500319316983,16.370491068810225,146,2026-05-12T13:15:23.195745+00:00,714,1,2.257,407.425,135.42,185.903
2026-05-12T13:07:00+00:00,43.51498873438686,16.370485704392195,146,2026-05-12T13:15:23.195745+00:00,714,1,1.665,409.09,99.9,195.059
2026-05-12T13:07:01+00:00,43.51497427560389,16.370480339974165,146,2026-05-12T13:15:23.195745+00:00,714,1,1.665,410.755,99.9,195.059
2026-05-12T13:07:02+00:00,43.51495512295514,16.370478104799986,146,2026-05-12T13:15:23.195745+00:00,714,1,2.137,412.892,128.22,184.838
2026-05-12T13:07:03+00:00,43.5149359703064,16.370475869625807,146,2026-05-12T13:15:23.195745+00:00,714,1,2.137,415.03,128.22,184.838
2026-05-12T13:07:04+00:00,43.51491681765765,16.370473634451628,146,2026-05-12T13:15:23.195745+00:00,714,1,2.137,417.167,128.22,184.838
2026-05-12T13:07:05+00:00,43.5148976650089,16.37047139927745,145,2026-05-12T13:15:23.195745+00:00,714,1,2.137,419.304,128.22,184.838
2026-05-12T13:07:06+00:00,43.51487851236016,16.37046916410327,145,2026-05-12T13:15:23.195745+00:00,714,1,2.137,421.441,128.22,184.838
2026-05-12T13:07:07+00:00,43.51485935971141,16.37046692892909,145,2026-05-12T13:15:23.195745+00:00,714,1,2.137,423.579,128.22,184.838
2026-05-12T13:07:08+00:00,43.51483737118542,16.370464847423136,145,2026-05-12T13:15:23.195745+00:00,714,1,2.451,426.03,147.06,183.927
2026-05-12T13:07:09+00:00,43.514815382659435,16.370462765917182,145,2026-05-12T13:15:23.195745+00:00,714,1,2.451,428.48,147.06,183.927
2026-05-12T13:07:10+00:00,43.51479339413345,16.370460684411228,146,2026-05-12T13:15:23.195745+00:00,714,1,2.451,430.931,147.06,183.927
2026-05-12T13:07:11+00:00,43.51477140560746,16.370458602905273,146,2026-05-12T13:15:23.195745+00:00,714,1,2.451,433.382,147.06,183.927
2026-05-12T13:07:12+00:00,43.514749417081475,16.37045652139932,146,2026-05-12T13:15:23.195745+00:00,714,1,2.451,435.833,147.06,183.927
2026-05-12T13:07:13+00:00,43.51472742855549,16.370454439893365,146,2026-05-12T13:15:23.195745+00:00,714,1,2.451,438.283,147.06,183.927
2026-05-12T13:07:14+00:00,43.51470496505499,16.37045226059854,146,2026-05-12T13:15:23.195745+00:00,714,1,2.504,440.787,150.24,184.024
2026-05-12T13:07:15+00:00,43.51468380074948,16.370447482913733,146,2026-05-12T13:15:23.195745+00:00,714,1,2.385,443.172,143.1,189.297
2026-05-12T13:07:16+00:00,43.51466263644397,16.370442705228925,145,2026-05-12T13:15:23.195745+00:00,714,1,2.385,445.557,143.1,189.297
2026-05-12T13:07:17+00:00,43.514641472138464,16.370437927544117,144,2026-05-12T13:15:23.195745+00:00,714,1,2.385,447.941,143.1,189.297
2026-05-12T13:07:18+00:00,43.51462030783296,16.37043314985931,144,2026-05-12T13:15:23.195745+00:00,714,1,2.385,450.326,143.1,189.297
2026-05-12T13:07:19+00:00,43.51460044272244,16.37042918242514,144,2026-05-12T13:15:23.195745+00:00,714,1,2.232,452.558,133.92,188.241
2026-05-12T13:07:20+00:00,43.51458057761192,16.370425214990973,143,2026-05-12T13:15:23.195745+00:00,714,1,2.232,454.79,133.92,188.241
2026-05-12T13:07:21+00:00,43.51456071250141,16.370421247556806,143,2026-05-12T13:15:23.195745+00:00,714,1,2.232,457.022,133.92,188.241
2026-05-12T13:07:22+00:00,43.51453749462962,16.37041795067489,143,2026-05-12T13:15:23.195745+00:00,714,1,2.595,459.617,155.7,185.879
2026-05-12T13:07:23+00:00,43.51451427675784,16.370414653792977,142,2026-05-12T13:15:23.195745+00:00,714,1,2.595,462.213,155.7,185.879
2026-05-12T13:07:24+00:00,43.51449105888605,16.370411356911063,142,2026-05-12T13:15:23.195745+00:00,714,1,2.595,464.808,155.7,185.879
2026-05-12T13:07:25+00:00,43.514467841014266,16.37040806002915,142,2026-05-12T13:15:23.195745+00:00,714,1,2.595,467.403,155.7,185.879
2026-05-12T13:07:26+00:00,43.51444462314248,16.370404763147235,141,2026-05-12T13:15:23.195745+00:00,714,1,2.595,469.999,155.7,185.879
2026-05-12T13:07:27+00:00,43.514421405270696,16.37040146626532,141,2026-05-12T13:15:23.195745+00:00,714,1,2.595,472.594,155.7,185.879
2026-05-12T13:07:28+00:00,43.51440103724599,16.37039844878018,141,2026-05-12T13:15:23.195745+00:00,714,1,2.278,474.872,136.68,186.132
2026-05-12T13:07:29+00:00,43.51438026409596,16.370394355617464,141,2026-05-12T13:15:23.195745+00:00,714,1,2.333,477.205,139.98,188.132
2026-05-12T13:07:30+00:00,43.514359490945935,16.370390262454748,142,2026-05-12T13:15:23.195745+00:00,714,1,2.333,479.539,139.98,188.132
2026-05-12T13:07:31+00:00,43.51433871779591,16.370386169292033,142,2026-05-12T13:15:23.195745+00:00,714,1,2.333,481.872,139.98,188.132
2026-05-12T13:07:32+00:00,43.51431794464588,16.370382076129317,142,2026-05-12T13:15:23.195745+00:00,714,1,2.333,484.205,139.98,188.132
2026-05-12T13:07:33+00:00,43.514297171495855,16.370377982966602,143,2026-05-12T13:15:23.195745+00:00,714,1,2.333,486.539,139.98,188.132
2026-05-12T13:07:34+00:00,43.51427639834583,16.370373889803886,143,2026-05-12T13:15:23.195745+00:00,714,1,2.333,488.872,139.98,188.132
2026-05-12T13:07:35+00:00,43.51425568107515,16.370368134230375,143,2026-05-12T13:15:23.195745+00:00,714,1,2.35,491.222,141.0,191.391
2026-05-12T13:07:36+00:00,43.51423496380448,16.370362378656864,144,2026-05-12T13:15:23.195745+00:00,714,1,2.35,493.572,141.0,191.391
2026-05-12T13:07:37+00:00,43.51421424653381,16.370356623083353,144,2026-05-12T13:15:23.195745+00:00,714,1,2.35,495.922,141.0,191.391
2026-05-12T13:07:38+00:00,43.51419352926314,16.370350867509842,144,2026-05-12T13:15:23.195745+00:00,714,1,2.35,498.272,141.0,191.391
2026-05-12T13:07:39+00:00,43.51417281199247,16.37034511193633,145,2026-05-12T13:15:23.195745+00:00,714,1,2.35,500.622,141.0,191.391
2026-05-12T13:07:40+00:00,43.514152094721794,16.37033935636282,145,2026-05-12T13:15:23.195745+00:00,714,1,2.35,502.972,141.0,191.391
2026-05-12T13:07:41+00:00,43.514133570715785,16.370335249230266,144,2026-05-12T13:15:23.195745+00:00,714,1,2.086,505.058,125.16,189.135
2026-05-12T13:07:42+00:00,43.514115046709776,16.37033114209771,142,2026-05-12T13:15:23.195745+00:00,714,1,2.086,507.144,125.16,189.135
2026-05-12T13:07:43+00:00,43.514094376936555,16.37032624706626,142,2026-05-12T13:15:23.195745+00:00,714,1,2.332,509.476,139.92,189.745
2026-05-12T13:07:44+00:00,43.514073707163334,16.370321352034807,142,2026-05-12T13:15:23.195745+00:00,714,1,2.332,511.808,139.92,189.745
2026-05-12T13:07:45+00:00,43.51405303739011,16.370316457003355,141,2026-05-12T13:15:23.195745+00:00,714,1,2.332,514.14,139.92,189.745
2026-05-12T13:07:46+00:00,43.51403236761689,16.370311561971903,141,2026-05-12T13:15:23.195745+00:00,714,1,2.332,516.472,139.92,189.745
2026-05-12T13:07:47+00:00,43.51401169784367,16.37030666694045,141,2026-05-12T13:15:23.195745+00:00,714,1,2.332,518.804,139.92,189.745
2026-05-12T13:07:48+00:00,43.51399125996977,16.370301079005003,141,2026-05-12T13:15:23.195745+00:00,714,1,2.317,521.121,139.02,191.215
2026-05-12T13:07:49+00:00,43.51397082209587,16.370295491069555,141,2026-05-12T13:15:23.195745+00:00,714,1,2.317,523.438,139.02,191.215
2026-05-12T13:07:50+00:00,43.51395038422197,16.370289903134108,142,2026-05-12T13:15:23.195745+00:00,714,1,2.317,525.755,139.02,191.215
2026-05-12T13:07:51+00:00,43.51392994634807,16.37028431519866,142,2026-05-12T13:15:23.195745+00:00,714,1,2.317,528.072,139.02,191.215
2026-05-12T13:07:52+00:00,43.51390950847417,16.370278727263212,142,2026-05-12T13:15:23.195745+00:00,714,1,2.317,530.388,139.02,191.215
2026-05-12T13:07:53+00:00,43.51388907060027,16.370273139327765,142,2026-05-12T13:15:23.195745+00:00,714,1,2.317,532.705,139.02,191.215
2026-05-12T13:07:54+00:00,43.51386870257557,16.37026945129037,141,2026-05-12T13:15:23.195745+00:00,714,1,2.284,534.989,137.04,187.481
2026-05-12T13:07:55+00:00,43.51384833455086,16.370265763252974,140,2026-05-12T13:15:23.195745+00:00,714,1,2.284,537.274,137.04,187.481
2026-05-12T13:07:56+00:00,43.51382846944034,16.37026003561914,140,2026-05-12T13:15:23.195745+00:00,714,1,2.257,539.53,135.42,191.81
2026-05-12T13:07:57+00:00,43.513808604329824,16.370254307985306,140,2026-05-12T13:15:23.195745+00:00,714,1,2.257,541.787,135.42,191.81
2026-05-12T13:07:58+00:00,43.51378873921931,16.370248580351472,140,2026-05-12T13:15:23.195745+00:00,714,1,2.257,544.044,135.42,191.81
2026-05-12T13:07:59+00:00,43.51376887410879,16.370242852717638,139,2026-05-12T13:15:23.195745+00:00,714,1,2.257,546.3,135.42,191.81
2026-05-12T13:08:00+00:00,43.513749008998275,16.370237125083804,139,2026-05-12T13:15:23.195745+00:00,714,1,2.257,548.557,135.42,191.81
2026-05-12T13:08:01+00:00,43.51372914388776,16.37023139744997,139,2026-05-12T13:15:23.195745+00:00,714,1,2.257,550.814,135.42,191.81
2026-05-12T13:08:02+00:00,43.51370902732015,16.370220333337784,139,2026-05-12T13:15:23.195745+00:00,714,1,2.408,553.222,144.48,201.745
2026-05-12T13:08:03+00:00,43.513689120300114,16.370209730230272,139,2026-05-12T13:15:23.195745+00:00,714,1,2.373,555.595,142.38,201.12
2026-05-12T13:08:04+00:00,43.51366921328008,16.37019912712276,139,2026-05-12T13:15:23.195745+00:00,714,1,2.373,557.968,142.38,201.12
2026-05-12T13:08:05+00:00,43.51364930626005,16.370188524015248,139,2026-05-12T13:15:23.195745+00:00,714,1,2.373,560.341,142.38,201.12
2026-05-12T13:08:06+00:00,43.51362939924002,16.370177920907736,139,2026-05-12T13:15:23.195745+00:00,714,1,2.373,562.714,142.38,201.12
2026-05-12T13:08:07+00:00,43.513609492219985,16.370167317800224,139,2026-05-12T13:15:23.195745+00:00,714,1,2.373,565.087,142.38,201.12
2026-05-12T13:08:08+00:00,43.51358958519995,16.370156714692712,139,2026-05-12T13:15:23.195745+00:00,714,1,2.373,567.46,142.38,201.12
2026-05-12T13:08:09+00:00,43.51356938481331,16.37014581821859,140,2026-05-12T13:15:23.195745+00:00,714,1,2.412,569.872,144.72,201.365
2026-05-12T13:08:10+00:00,43.51354813668877,16.370139601640403,140,2026-05-12T13:15:23.195745+00:00,714,1,2.415,572.287,144.9,191.979
2026-05-12T13:08:11+00:00,43.51352688856423,16.370133385062218,140,2026-05-12T13:15:23.195745+00:00,714,1,2.415,574.702,144.9,191.979
2026-05-12T13:08:12+00:00,43.51350564043969,16.370127168484032,140,2026-05-12T13:15:23.195745+00:00,714,1,2.415,577.118,144.9,191.979
2026-05-12T13:08:13+00:00,43.51348439231515,16.370120951905847,139,2026-05-12T13:15:23.195745+00:00,714,1,2.415,579.533,144.9,191.979
2026-05-12T13:08:14+00:00,43.51346314419061,16.37011473532766,139,2026-05-12T13:15:23.195745+00:00,714,1,2.415,581.948,144.9,191.979
2026-05-12T13:08:15+00:00,43.51344189606607,16.370108518749475,139,2026-05-12T13:15:23.195745+00:00,714,1,2.415,584.363,144.9,191.979
2026-05-12T13:08:16+00:00,43.51342015899718,16.37010463513434,138,2026-05-12T13:15:23.195745+00:00,714,1,2.437,586.801,146.22,187.383
2026-05-12T13:08:17+00:00,43.51339842192829,16.370100751519203,137,2026-05-12T13:15:23.195745+00:00,714,1,2.437,589.238,146.22,187.383
2026-05-12T13:08:18+00:00,43.513376684859395,16.370096867904067,136,2026-05-12T13:15:23.195745+00:00,714,1,2.437,591.675,146.22,187.383
2026-05-12T13:08:19+00:00,43.51335276849568,16.37009583413601,136,2026-05-12T13:15:23.195745+00:00,714,1,2.661,594.336,159.66,181.795
2026-05-12T13:08:20+00:00,43.51332885213196,16.37009480036795,136,2026-05-12T13:15:23.195745+00:00,714,1,2.661,596.997,159.66,181.795
2026-05-12T13:08:21+00:00,43.51330493576825,16.370093766599894,136,2026-05-12T13:15:23.195745+00:00,714,1,2.661,599.657,159.66,181.795
2026-05-12T13:08:22+00:00,43.513282254338264,16.370090447366238,137,2026-05-12T13:15:23.195745+00:00,714,1,2.536,602.193,152.16,186.058
2026-05-12T13:08:23+00:00,43.51325957290828,16.37008712813258,137,2026-05-12T13:15:23.195745+00:00,714,1,2.536,604.73,152.16,186.058
2026-05-12T13:08:24+00:00,43.5132368914783,16.370083808898926,138,2026-05-12T13:15:23.195745+00:00,714,1,2.536,607.266,152.16,186.058
2026-05-12T13:08:25+00:00,43.51321421004832,16.37008048966527,138,2026-05-12T13:15:23.195745+00:00,714,1,2.536,609.802,152.16,186.058
2026-05-12T13:08:26+00:00,43.513191528618336,16.370077170431614,139,2026-05-12T13:15:23.195745+00:00,714,1,2.536,612.338,152.16,186.058
2026-05-12T13:08:27+00:00,43.51317308843136,16.370074949227273,138,2026-05-12T13:15:23.195745+00:00,714,1,2.058,614.397,123.48,184.992
2026-05-12T13:08:28+00:00,43.51315464824438,16.370072728022933,138,2026-05-12T13:15:23.195745+00:00,714,1,2.058,616.455,123.48,184.992
2026-05-12T13:08:29+00:00,43.51313523575664,16.37006898969412,137,2026-05-12T13:15:23.195745+00:00,714,1,2.18,618.634,130.8,187.95
2026-05-12T13:08:30+00:00,43.51311582326889,16.370065251365304,137,2026-05-12T13:15:23.195745+00:00,714,1,2.18,620.814,130.8,187.95
2026-05-12T13:08:31+00:00,43.513096410781145,16.37006151303649,136,2026-05-12T13:15:23.195745+00:00,714,1,2.18,622.993,130.8,187.95
2026-05-12T13:08:32+00:00,43.5130769982934,16.370057774707675,136,2026-05-12T13:15:23.195745+00:00,714,1,2.18,625.173,130.8,187.95
2026-05-12T13:08:33+00:00,43.513057585805655,16.37005403637886,135,2026-05-12T13:15:23.195745+00:00,714,1,2.18,627.352,130.8,187.95
2026-05-12T13:08:34+00:00,43.51303696632385,16.370052904821932,134,2026-05-12T13:15:23.195745+00:00,714,1,2.295,629.647,137.7,182.279
2026-05-12T13:08:35+00:00,43.51301634684205,16.370051773265004,133,2026-05-12T13:15:23.195745+00:00,714,1,2.295,631.942,137.7,182.279
2026-05-12T13:08:36+00:00,43.5129958530888,16.370049845427275,133,2026-05-12T13:15:23.195745+00:00,714,1,2.284,634.226,137.04,183.903
2026-05-12T13:08:37+00:00,43.51297535933554,16.370047917589545,134,2026-05-12T13:15:23.195745+00:00,714,1,2.284,636.51,137.04,183.903
2026-05-12T13:08:38+00:00,43.51295486558229,16.370045989751816,134,2026-05-12T13:15:23.195745+00:00,714,1,2.284,638.794,137.04,183.903
2026-05-12T13:08:39+00:00,43.51293437182903,16.370044061914086,134,2026-05-12T13:15:23.195745+00:00,714,1,2.284,641.078,137.04,183.903
2026-05-12T13:08:40+00:00,43.51291387807578,16.370042134076357,135,2026-05-12T13:15:23.195745+00:00,714,1,2.284,643.362,137.04,183.903
2026-05-12T13:08:41+00:00,43.51289338432253,16.370040206238627,135,2026-05-12T13:15:23.195745+00:00,714,1,2.284,645.646,137.04,183.903
2026-05-12T13:08:42+00:00,43.51286987308413,16.37003785930574,136,2026-05-12T13:15:23.195745+00:00,714,1,2.621,648.267,157.26,184.141
2026-05-12T13:08:43+00:00,43.51284636184573,16.37003551237285,136,2026-05-12T13:15:23.195745+00:00,714,1,2.621,650.889,157.26,184.141
2026-05-12T13:08:44+00:00,43.51282433141023,16.37003126554191,136,2026-05-12T13:15:23.195745+00:00,714,1,2.473,653.362,148.38,187.958
2026-05-12T13:08:45+00:00,43.51280230097473,16.37002701871097,137,2026-05-12T13:15:23.195745+00:00,714,1,2.473,655.836,148.38,187.958
2026-05-12T13:08:46+00:00,43.512780270539224,16.37002277188003,137,2026-05-12T13:15:23.195745+00:00,714,1,2.473,658.309,148.38,187.958
2026-05-12T13:08:47+00:00,43.51275824010372,16.37001852504909,137,2026-05-12T13:15:23.195745+00:00,714,1,2.473,660.783,148.38,187.958
2026-05-12T13:08:48+00:00,43.51273620966822,16.37001427821815,138,2026-05-12T13:15:23.195745+00:00,714,1,2.473,663.256,148.38,187.958
2026-05-12T13:08:49+00:00,43.51271417923272,16.37001003138721,138,2026-05-12T13:15:23.195745+00:00,714,1,2.473,665.73,148.38,187.958
2026-05-12T13:08:50+00:00,43.51269314065576,16.370004750788212,138,2026-05-12T13:15:23.195745+00:00,714,1,2.378,668.107,142.68,190.316
2026-05-12T13:08:51+00:00,43.51267153210938,16.369999654591084,138,2026-05-12T13:15:23.195745+00:00,714,1,2.438,670.545,146.28,189.706
2026-05-12T13:08:52+00:00,43.512649923563,16.369994558393955,137,2026-05-12T13:15:23.195745+00:00,714,1,2.438,672.983,146.28,189.706
2026-05-12T13:08:53+00:00,43.51262831501663,16.369989462196827,137,2026-05-12T13:15:23.195745+00:00,714,1,2.438,675.42,146.28,189.706
2026-05-12T13:08:54+00:00,43.51260670647025,16.3699843659997,136,2026-05-12T13:15:23.195745+00:00,714,1,2.438,677.858,146.28,189.706
2026-05-12T13:08:55+00:00,43.512585097923875,16.36997926980257,136,2026-05-12T13:15:23.195745+00:00,714,1,2.438,680.296,146.28,189.706
2026-05-12T13:08:56+00:00,43.512562948744744,16.369976399000734,137,2026-05-12T13:15:23.195745+00:00,714,1,2.474,682.769,148.44,185.37
2026-05-12T13:08:57+00:00,43.51254079956561,16.369973528198898,138,2026-05-12T13:15:23.195745+00:00,714,1,2.474,685.243,148.44,185.37
2026-05-12T13:08:58+00:00,43.51251865038648,16.36997065739706,138,2026-05-12T13:15:23.195745+00:00,714,1,2.474,687.717,148.44,185.37
2026-05-12T13:08:59+00:00,43.51249650120735,16.369967786595225,139,2026-05-12T13:15:23.195745+00:00,714,1,2.474,690.191,148.44,185.37
2026-05-12T13:09:00+00:00,43.51247537881136,16.369966948404908,139,2026-05-12T13:15:23.195745+00:00,714,1,2.35,692.54,141.0,181.648
2026-05-12T13:09:01+00:00,43.51245230063796,16.369964322075248,138,2026-05-12T13:15:23.195745+00:00,714,1,2.575,695.115,154.5,184.718
2026-05-12T13:09:02+00:00,43.51242922246456,16.369961695745587,137,2026-05-12T13:15:23.195745+00:00,714,1,2.575,697.69,154.5,184.718
2026-05-12T13:09:03+00:00,43.51240614429116,16.369959069415927,136,2026-05-12T13:15:23.195745+00:00,714,1,2.575,700.265,154.5,184.718
2026-05-12T13:09:04+00:00,43.51238423958421,16.369955437257886,136,2026-05-12T13:15:23.195745+00:00,714,1,2.453,702.718,147.18,186.857
2026-05-12T13:09:05+00:00,43.51236233487725,16.369951805099845,137,2026-05-12T13:15:23.195745+00:00,714,1,2.453,705.171,147.18,186.857
2026-05-12T13:09:06+00:00,43.5123404301703,16.369948172941804,137,2026-05-12T13:15:23.195745+00:00,714,1,2.453,707.625,147.18,186.857
2026-05-12T13:09:07+00:00,43.51232050918043,16.369944009929895,137,2026-05-12T13:15:23.195745+00:00,714,1,2.24,709.865,134.4,188.618
2026-05-12T13:09:08+00:00,43.51230058819056,16.369939846917987,137,2026-05-12T13:15:23.195745+00:00,714,1,2.24,712.105,134.4,188.618
2026-05-12T13:09:09+00:00,43.512280667200685,16.36993568390608,136,2026-05-12T13:15:23.195745+00:00,714,1,2.24,714.346,134.4,188.618
2026-05-12T13:09:10+00:00,43.51226074621081,16.36993152089417,136,2026-05-12T13:15:23.195745+00:00,714,1,2.24,716.586,134.4,188.618
2026-05-12T13:09:11+00:00,43.51224082522094,16.36992735788226,136,2026-05-12T13:15:23.195745+00:00,714,1,2.24,718.827,134.4,188.618
2026-05-12T13:09:12+00:00,43.51222090423107,16.369923194870353,136,2026-05-12T13:15:23.195745+00:00,714,1,2.24,721.067,134.4,188.618
2026-05-12T13:09:13+00:00,43.51220087148249,16.369919842109084,136,2026-05-12T13:15:23.195745+00:00,714,1,2.244,723.311,134.64,186.921
2026-05-12T13:09:14+00:00,43.51218027994037,16.36991777457297,137,2026-05-12T13:15:23.195745+00:00,714,1,2.296,725.607,137.76,184.165
2026-05-12T13:09:15+00:00,43.51215968839824,16.369915707036853,138,2026-05-12T13:15:23.195745+00:00,714,1,2.296,727.902,137.76,184.165
2026-05-12T13:09:16+00:00,43.51213909685612,16.369913639500737,139,2026-05-12T13:15:23.195745+00:00,714,1,2.296,730.198,137.76,184.165
2026-05-12T13:09:17+00:00,43.51211633998901,16.369911963120103,140,2026-05-12T13:15:23.195745+00:00,714,1,2.534,732.732,152.04,183.058
2026-05-12T13:09:18+00:00,43.512093583121896,16.36991028673947,142,2026-05-12T13:15:23.195745+00:00,714,1,2.534,735.266,152.04,183.058
2026-05-12T13:09:19+00:00,43.51207329891622,16.369911124929786,144,2026-05-12T13:15:23.195745+00:00,714,1,2.257,737.523,135.42,178.283
2026-05-12T13:09:20+00:00,43.512053014710546,16.369911963120103,146,2026-05-12T13:15:23.195745+00:00,714,1,2.257,739.779,135.42,178.283
2026-05-12T13:09:21+00:00,43.512032479047775,16.369913863018155,147,2026-05-12T13:15:23.195745+00:00,714,1,2.289,742.068,137.34,176.161
2026-05-12T13:09:22+00:00,43.512011943385005,16.369915762916207,148,2026-05-12T13:15:23.195745+00:00,714,1,2.289,744.357,137.34,176.161
2026-05-12T13:09:23+00:00,43.511991407722235,16.36991766281426,149,2026-05-12T13:15:23.195745+00:00,714,1,2.289,746.645,137.34,176.161
2026-05-12T13:09:24+00:00,43.51196821080521,16.369924913160503,148,2026-05-12T13:15:23.195745+00:00,714,1,2.645,749.29,158.7,167.228
2026-05-12T13:09:25+00:00,43.51194501388818,16.369932163506746,148,2026-05-12T13:15:23.195745+00:00,714,1,2.645,751.935,158.7,167.228
2026-05-12T13:09:26+00:00,43.51192181697115,16.36993941385299,148,2026-05-12T13:15:23.195745+00:00,714,1,2.645,754.58,158.7,167.228
2026-05-12T13:09:27+00:00,43.511898620054126,16.369946664199233,147,2026-05-12T13:15:23.195745+00:00,714,1,2.645,757.224,158.7,167.228
2026-05-12T13:09:28+00:00,43.51187481544912,16.369946370832622,147,2026-05-12T13:15:23.195745+00:00,714,1,2.647,759.871,158.82,180.512
2026-05-12T13:09:29+00:00,43.51185101084411,16.36994607746601,147,2026-05-12T13:15:23.195745+00:00,714,1,2.647,762.519,158.82,180.512
2026-05-12T13:09:30+00:00,43.511827206239104,16.3699457840994,147,2026-05-12T13:15:23.195745+00:00,714,1,2.647,765.166,158.82,180.512
2026-05-12T13:09:31+00:00,43.5118034016341,16.36994549073279,147,2026-05-12T13:15:23.195745+00:00,714,1,2.647,767.813,158.82,180.512
2026-05-12T13:09:32+00:00,43.51177959702909,16.369945197366178,147,2026-05-12T13:15:23.195745+00:00,714,1,2.647,770.46,158.82,180.512
2026-05-12T13:09:33+00:00,43.51175579242408,16.369944903999567,147,2026-05-12T13:15:23.195745+00:00,714,1,2.647,773.107,158.82,180.512
2026-05-12T13:09:34+00:00,43.51173182018101,16.369951190426946,147,2026-05-12T13:15:23.195745+00:00,714,1,2.713,775.82,162.78,169.232
2026-05-12T13:09:35+00:00,43.51170990150422,16.36995286680758,144,2026-05-12T13:15:23.195745+00:00,714,1,2.441,778.261,146.46,176.825
2026-05-12T13:09:36+00:00,43.511687982827425,16.369954543188214,142,2026-05-12T13:15:23.195745+00:00,714,1,2.441,780.702,146.46,176.825
2026-05-12T13:09:37+00:00,43.51166304666549,16.369953034445643,140,2026-05-12T13:15:23.195745+00:00,714,1,2.775,783.478,166.5,182.513
2026-05-12T13:09:38+00:00,43.511638110503554,16.369951525703073,139,2026-05-12T13:15:23.195745+00:00,714,1,2.775,786.253,166.5,182.513
2026-05-12T13:09:39+00:00,43.511612908914685,16.369952643290162,139,2026-05-12T13:15:23.195745+00:00,714,1,2.804,789.057,168.24,178.158
2026-05-12T13:09:40+00:00,43.511587707325816,16.36995376087725,139,2026-05-12T13:15:23.195745+00:00,714,1,2.804,791.86,168.24,178.158
2026-05-12T13:09:41+00:00,43.51156250573695,16.36995487846434,139,2026-05-12T13:15:23.195745+00:00,714,1,2.804,794.664,168.24,178.158
2026-05-12T13:09:42+00:00,43.51154008414596,16.369954221881926,140,2026-05-12T13:15:23.195745+00:00,714,1,2.494,797.158,149.64,181.217
2026-05-12T13:09:43+00:00,43.51151766255498,16.36995356529951,140,2026-05-12T13:15:23.195745+00:00,714,1,2.494,799.652,149.64,181.217
2026-05-12T13:09:44+00:00,43.511495240963995,16.369952908717096,140,2026-05-12T13:15:23.195745+00:00,714,1,2.494,802.145,149.64,181.217
2026-05-12T13:09:45+00:00,43.51147281937301,16.36995225213468,141,2026-05-12T13:15:23.195745+00:00,714,1,2.494,804.639,149.64,181.217
2026-05-12T13:09:46+00:00,43.51145039778203,16.369951595552266,142,2026-05-12T13:15:23.195745+00:00,714,1,2.494,807.133,149.64,181.217
2026-05-12T13:09:47+00:00,43.51142797619104,16.36995093896985,142,2026-05-12T13:15:23.195745+00:00,714,1,2.494,809.627,149.64,181.217
2026-05-12T13:09:48+00:00,43.51140588987619,16.369950268417597,144,2026-05-12T13:15:23.195745+00:00,714,1,2.456,812.083,147.36,181.261
2026-05-12T13:09:49+00:00,43.51138380356133,16.369949597865343,145,2026-05-12T13:15:23.195745+00:00,714,1,2.456,814.54,147.36,181.261
2026-05-12T13:09:50+00:00,43.51136314217001,16.369949597865343,147,2026-05-12T13:15:23.195745+00:00,714,1,2.297,816.837,137.82,180.0
2026-05-12T13:09:51+00:00,43.511342480778694,16.369949597865343,149,2026-05-12T13:15:23.195745+00:00,714,1,2.297,819.134,137.82,180.0
2026-05-12T13:09:52+00:00,43.51131965406239,16.369949989020824,148,2026-05-12T13:15:23.195745+00:00,714,1,2.538,821.673,152.28,179.288
2026-05-12T13:09:53+00:00,43.51129682734609,16.369950380176306,147,2026-05-12T13:15:23.195745+00:00,714,1,2.538,824.211,152.28,179.288
2026-05-12T13:09:54+00:00,43.51127400062978,16.369950771331787,146,2026-05-12T13:15:23.195745+00:00,714,1,2.538,826.75,152.28,179.288
2026-05-12T13:09:55+00:00,43.51125103421509,16.369947586208582,141,2026-05-12T13:15:23.195745+00:00,714,1,2.567,829.316,154.02,185.744
2026-05-12T13:09:56+00:00,43.51122907362878,16.369944903999567,140,2026-05-12T13:15:23.195745+00:00,714,1,2.451,831.768,147.06,185.062
2026-05-12T13:09:57+00:00,43.511206302791834,16.369949178770185,140,2026-05-12T13:15:23.195745+00:00,714,1,2.555,834.323,153.3,172.247
2026-05-12T13:09:58+00:00,43.511183531954885,16.369953453540802,140,2026-05-12T13:15:23.195745+00:00,714,1,2.555,836.878,153.3,172.247
2026-05-12T13:09:59+00:00,43.511160761117935,16.36995772831142,140,2026-05-12T13:15:23.195745+00:00,714,1,2.555,839.434,153.3,172.247
2026-05-12T13:10:00+00:00,43.511137990280986,16.369962003082037,141,2026-05-12T13:15:23.195745+00:00,714,1,2.555,841.989,153.3,172.247
2026-05-12T13:10:01+00:00,43.51111521944404,16.369966277852654,141,2026-05-12T13:15:23.195745+00:00,714,1,2.555,844.545,153.3,172.247
2026-05-12T13:10:02+00:00,43.51109244860709,16.369970552623272,141,2026-05-12T13:15:23.195745+00:00,714,1,2.555,847.1,153.3,172.247
2026-05-12T13:10:03+00:00,43.51106721907854,16.36997340247035,141,2026-05-12T13:15:23.195745+00:00,714,1,2.815,849.915,168.9,175.317
2026-05-12T13:10:04+00:00,43.51104680914432,16.369974254630506,141,2026-05-12T13:15:23.195745+00:00,714,1,2.271,852.185,136.26,178.266
2026-05-12T13:10:05+00:00,43.511026399210095,16.369975106790662,141,2026-05-12T13:15:23.195745+00:00,714,1,2.271,854.456,136.26,178.266
2026-05-12T13:10:06+00:00,43.51100598927587,16.369975958950818,142,2026-05-12T13:15:23.195745+00:00,714,1,2.271,856.726,136.26,178.266
2026-05-12T13:10:07+00:00,43.51098557934165,16.369976811110973,142,2026-05-12T13:15:23.195745+00:00,714,1,2.271,858.997,136.26,178.266
2026-05-12T13:10:08+00:00,43.51096516940743,16.36997766327113,142,2026-05-12T13:15:23.195745+00:00,714,1,2.271,861.267,136.26,178.266
2026-05-12T13:10:09+00:00,43.510944759473205,16.369978515431285,142,2026-05-12T13:15:23.195745+00:00,714,1,2.271,863.538,136.26,178.266
2026-05-12T13:10:10+00:00,43.5109370900318,16.369968205690384,144,2026-05-12T13:15:23.195745+00:00,714,1,1.191,864.729,71.46,224.272
2026-05-12T13:10:11+00:00,43.5109294205904,16.369957895949483,145,2026-05-12T13:15:23.195745+00:00,714,1,1.191,865.92,71.46,224.272
2026-05-12T13:10:12+00:00,43.510923511348665,16.369938743300736,147,2026-05-12T13:15:23.195745+00:00,714,1,1.678,867.598,100.68,246.954
2026-05-12T13:10:13+00:00,43.51091760210693,16.36991959065199,149,2026-05-12T13:15:23.195745+00:00,714,1,1.678,869.277,100.68,246.954
2026-05-12T13:10:14+00:00,43.510916742961854,16.36989052640274,150,2026-05-12T13:15:23.195745+00:00,714,1,2.346,871.623,140.76,267.666
2026-05-12T13:10:15+00:00,43.51091588381678,16.369861462153494,150,2026-05-12T13:15:23.195745+00:00,714,1,2.346,873.968,140.76,267.666
2026-05-12T13:10:16+00:00,43.510915024671704,16.369832397904247,151,2026-05-12T13:15:23.195745+00:00,714,1,2.346,876.314,140.76,267.666
2026-05-12T13:10:17+00:00,43.51091416552663,16.369803333655,152,2026-05-12T13:15:23.195745+00:00,714,1,2.346,878.66,140.76,267.666
2026-05-12T13:10:18+00:00,43.51091588381678,16.369772613979876,152,2026-05-12T13:15:23.195745+00:00,714,1,2.485,881.145,149.1,274.41
2026-05-12T13:10:19+00:00,43.51091760210693,16.369741894304752,153,2026-05-12T13:15:23.195745+00:00,714,1,2.485,883.629,149.1,274.41
2026-05-12T13:10:20+00:00,43.51091828942299,16.369712624698877,152,2026-05-12T13:15:23.195745+00:00,714,1,2.362,885.991,141.72,271.855
2026-05-12T13:10:21+00:00,43.51091897673905,16.369683355093002,152,2026-05-12T13:15:23.195745+00:00,714,1,2.362,888.353,141.72,271.855
2026-05-12T13:10:22+00:00,43.51091966405511,16.369654085487127,151,2026-05-12T13:15:23.195745+00:00,714,1,2.362,890.714,141.72,271.855
2026-05-12T13:10:23+00:00,43.51092035137117,16.369624815881252,151,2026-05-12T13:15:23.195745+00:00,714,1,2.362,893.076,141.72,271.855
2026-05-12T13:10:24+00:00,43.51092103868723,16.369595546275377,150,2026-05-12T13:15:23.195745+00:00,714,1,2.362,895.438,141.72,271.855
2026-05-12T13:10:25+00:00,43.51092207245529,16.369566349312663,149,2026-05-12T13:15:23.195745+00:00,714,1,2.357,897.795,141.42,272.795
2026-05-12T13:10:26+00:00,43.510923106223345,16.36953715234995,148,2026-05-12T13:15:23.195745+00:00,714,1,2.357,900.152,141.42,272.795
2026-05-12T13:10:27+00:00,43.5109241399914,16.369507955387235,147,2026-05-12T13:15:23.195745+00:00,714,1,2.357,902.51,141.42,272.795
2026-05-12T13:10:28+00:00,43.51092355325818,16.36947937309742,146,2026-05-12T13:15:23.195745+00:00,714,1,2.306,904.815,138.36,268.379
2026-05-12T13:10:29+00:00,43.51092325989157,16.369451880455017,148,2026-05-12T13:15:23.195745+00:00,714,1,2.217,907.033,133.02,269.157
2026-05-12T13:10:30+00:00,43.51092296652496,16.369424387812614,149,2026-05-12T13:15:23.195745+00:00,714,1,2.217,909.25,133.02,269.157
2026-05-12T13:10:31+00:00,43.510923217982054,16.369397090747952,149,2026-05-12T13:15:23.195745+00:00,714,1,2.202,911.452,132.12,270.728
2026-05-12T13:10:32+00:00,43.51092346943915,16.36936979368329,148,2026-05-12T13:15:23.195745+00:00,714,1,2.202,913.653,132.12,270.728
2026-05-12T13:10:33+00:00,43.51092372089624,16.36934249661863,148,2026-05-12T13:15:23.195745+00:00,714,1,2.202,915.855,132.12,270.728
2026-05-12T13:10:34+00:00,43.51092397235334,16.369315199553967,148,2026-05-12T13:15:23.195745+00:00,714,1,2.202,918.056,132.12,270.728
2026-05-12T13:10:35+00:00,43.510924223810434,16.369287902489305,147,2026-05-12T13:15:23.195745+00:00,714,1,2.202,920.258,132.12,270.728
2026-05-12T13:10:36+00:00,43.51092447526753,16.369260605424643,147,2026-05-12T13:15:23.195745+00:00,714,1,2.202,922.459,132.12,270.728
2026-05-12T13:10:37+00:00,43.51092541124672,16.369235361926258,147,2026-05-12T13:15:23.195745+00:00,714,1,2.038,924.498,122.28,272.927
2026-05-12T13:10:38+00:00,43.510926347225904,16.369210118427873,147,2026-05-12T13:15:23.195745+00:00,714,1,2.038,926.536,122.28,272.927
2026-05-12T13:10:39+00:00,43.51092728320509,16.369184874929488,148,2026-05-12T13:15:23.195745+00:00,714,1,2.038,928.574,122.28,272.927
2026-05-12T13:10:40+00:00,43.51092821918428,16.369159631431103,148,2026-05-12T13:15:23.195745+00:00,714,1,2.038,930.613,122.28,272.927
2026-05-12T13:10:41+00:00,43.51092915516347,16.369134387932718,148,2026-05-12T13:15:23.195745+00:00,714,1,2.038,932.651,122.28,272.927
2026-05-12T13:10:42+00:00,43.510930091142654,16.369109144434333,148,2026-05-12T13:15:23.195745+00:00,714,1,2.038,934.689,122.28,272.927
2026-05-12T13:10:43+00:00,43.510931879282,16.369080981239676,148,2026-05-12T13:15:23.195745+00:00,714,1,2.28,936.969,136.8,275.003
2026-05-12T13:10:44+00:00,43.51093366742134,16.36905281804502,147,2026-05-12T13:15:23.195745+00:00,714,1,2.28,939.249,136.8,275.003
2026-05-12T13:10:45+00:00,43.51093545556069,16.369024654850364,147,2026-05-12T13:15:23.195745+00:00,714,1,2.28,941.529,136.8,275.003
2026-05-12T13:10:46+00:00,43.51093724370003,16.368996491655707,147,2026-05-12T13:15:23.195745+00:00,714,1,2.28,943.809,136.8,275.003
2026-05-12T13:10:47+00:00,43.51093903183937,16.36896832846105,146,2026-05-12T13:15:23.195745+00:00,714,1,2.28,946.089,136.8,275.003
2026-05-12T13:10:48+00:00,43.510940819978714,16.368940165266395,146,2026-05-12T13:15:23.195745+00:00,714,1,2.28,948.369,136.8,275.003
2026-05-12T13:10:49+00:00,43.51094102952629,16.368912965990603,146,2026-05-12T13:15:23.195745+00:00,714,1,2.194,950.562,131.64,270.609
2026-05-12T13:10:50+00:00,43.51094123907387,16.36888576671481,146,2026-05-12T13:15:23.195745+00:00,714,1,2.194,952.756,131.64,270.609
2026-05-12T13:10:51+00:00,43.5109395487234,16.36885746382177,146,2026-05-12T13:15:23.195745+00:00,714,1,2.29,955.046,137.4,265.292
2026-05-12T13:10:52+00:00,43.51093785837293,16.368829160928726,146,2026-05-12T13:15:23.195745+00:00,714,1,2.29,957.336,137.4,265.292
2026-05-12T13:10:53+00:00,43.510936168022454,16.368800858035684,146,2026-05-12T13:15:23.195745+00:00,714,1,2.29,959.626,137.4,265.292
2026-05-12T13:10:54+00:00,43.51093447767198,16.36877255514264,145,2026-05-12T13:15:23.195745+00:00,714,1,2.29,961.916,137.4,265.292
2026-05-12T13:10:55+00:00,43.51093278732151,16.3687442522496,145,2026-05-12T13:15:23.195745+00:00,714,1,2.29,964.207,137.4,265.292
2026-05-12T13:10:56+00:00,43.510931096971035,16.368715949356556,145,2026-05-12T13:15:23.195745+00:00,714,1,2.29,966.497,137.4,265.292
2026-05-12T13:10:57+00:00,43.51092506200075,16.36868728324771,143,2026-05-12T13:15:23.195745+00:00,714,1,2.407,968.904,144.42,253.813
2026-05-12T13:10:58+00:00,43.510920060798526,16.368653951212764,143,2026-05-12T13:15:23.195745+00:00,714,1,2.745,971.649,164.7,258.311
2026-05-12T13:10:59+00:00,43.5109150595963,16.36862061917782,144,2026-05-12T13:15:23.195745+00:00,714,1,2.745,974.394,164.7,258.311
2026-05-12T13:11:00+00:00,43.510910058394074,16.368587287142873,144,2026-05-12T13:15:23.195745+00:00,714,1,2.745,977.139,164.7,258.311
2026-05-12T13:11:01+00:00,43.51090505719185,16.368553955107927,144,2026-05-12T13:15:23.195745+00:00,714,1,2.745,979.884,164.7,258.311
2026-05-12T13:11:02+00:00,43.51090005598962,16.368520623072982,145,2026-05-12T13:15:23.195745+00:00,714,1,2.745,982.629,164.7,258.311
2026-05-12T13:11:03+00:00,43.5108950547874,16.368487291038036,145,2026-05-12T13:15:23.195745+00:00,714,1,2.745,985.373,164.7,258.311
2026-05-12T13:11:04+00:00,43.51089402800426,16.36845407774672,146,2026-05-12T13:15:23.195745+00:00,714,1,2.681,988.054,160.86,267.559
2026-05-12T13:11:05+00:00,43.51089300122112,16.368420864455402,146,2026-05-12T13:15:23.195745+00:00,714,1,2.681,990.735,160.86,267.559
2026-05-12T13:11:06+00:00,43.51089197443798,16.368387651164085,147,2026-05-12T13:15:23.195745+00:00,714,1,2.681,993.416,160.86,267.559
2026-05-12T13:11:07+00:00,43.51089094765484,16.368354437872767,148,2026-05-12T13:15:23.195745+00:00,714,1,2.681,996.097,160.86,267.559
2026-05-12T13:11:08+00:00,43.5108897741884,16.36832487769425,149,2026-05-12T13:15:23.195745+00:00,714,1,2.387,998.484,143.22,266.867
2026-05-12T13:11:09+00:00,43.510888600721955,16.36829531751573,150,2026-05-12T13:15:23.195745+00:00,714,1,2.387,1000.872,143.22,266.867
2026-05-12T13:11:10+00:00,43.51088742725551,16.368265757337213,151,2026-05-12T13:15:23.195745+00:00,714,1,2.387,1003.259,143.22,266.867
2026-05-12T13:11:11+00:00,43.510888097807765,16.36823966866359,150,2026-05-12T13:15:23.195745+00:00,714,1,2.105,1005.364,126.3,272.03
2026-05-12T13:11:12+00:00,43.51088876836002,16.36821357998997,150,2026-05-12T13:15:23.195745+00:00,714,1,2.105,1007.47,126.3,272.03
2026-05-12T13:11:13+00:00,43.51088943891227,16.36818749131635,149,2026-05-12T13:15:23.195745+00:00,714,1,2.105,1009.575,126.3,272.03
2026-05-12T13:11:14+00:00,43.510890109464526,16.368161402642727,148,2026-05-12T13:15:23.195745+00:00,714,1,2.105,1011.68,126.3,272.03
2026-05-12T13:11:15+00:00,43.510885667055845,16.368137137033045,147,2026-05-12T13:15:23.195745+00:00,714,1,2.018,1013.698,121.08,255.833
2026-05-12T13:11:16+00:00,43.51088122464717,16.368112871423364,146,2026-05-12T13:15:23.195745+00:00,714,1,2.018,1015.716,121.08,255.833
2026-05-12T13:11:17+00:00,43.510878584347665,16.36808843817562,145,2026-05-12T13:15:23.195745+00:00,714,1,1.992,1017.709,119.52,261.525
2026-05-12T13:11:18+00:00,43.510875944048166,16.368064004927874,144,2026-05-12T13:15:23.195745+00:00,714,1,1.992,1019.701,119.52,261.525
2026-05-12T13:11:19+00:00,43.51087330374867,16.36803957168013,144,2026-05-12T13:15:23.195745+00:00,714,1,1.992,1021.693,119.52,261.525
2026-05-12T13:11:20+00:00,43.51087066344917,16.368015138432384,143,2026-05-12T13:15:23.195745+00:00,714,1,1.992,1023.685,119.52,261.525
2026-05-12T13:11:21+00:00,43.510877368971705,16.36798887513578,143,2026-05-12T13:15:23.195745+00:00,714,1,2.245,1025.93,134.7,289.394
2026-05-12T13:11:22+00:00,43.51088407449424,16.367962611839175,142,2026-05-12T13:15:23.195745+00:00,714,1,2.245,1028.176,134.7,289.394
2026-05-12T13:11:23+00:00,43.51089078001678,16.36793634854257,142,2026-05-12T13:15:23.195745+00:00,714,1,2.245,1030.421,134.7,289.394
2026-05-12T13:11:24+00:00,43.51089424453676,16.3679095543921,143,2026-05-12T13:15:23.195745+00:00,714,1,2.195,1032.616,131.7,280.109
2026-05-12T13:11:25+00:00,43.510897709056735,16.367882760241628,144,2026-05-12T13:15:23.195745+00:00,714,1,2.195,1034.811,131.7,280.109
2026-05-12T13:11:26+00:00,43.51090117357671,16.367855966091156,145,2026-05-12T13:15:23.195745+00:00,714,1,2.195,1037.006,131.7,280.109
2026-05-12T13:11:27+00:00,43.51090261526406,16.367832697927952,145,2026-05-12T13:15:23.195745+00:00,714,1,1.883,1038.889,112.98,274.883
2026-05-12T13:11:28+00:00,43.51090405695141,16.367809429764748,145,2026-05-12T13:15:23.195745+00:00,714,1,1.883,1040.772,112.98,274.883
2026-05-12T13:11:29+00:00,43.51090549863875,16.367786161601543,146,2026-05-12T13:15:23.195745+00:00,714,1,1.883,1042.655,112.98,274.883
2026-05-12T13:11:30+00:00,43.510906940326095,16.36776289343834,146,2026-05-12T13:15:23.195745+00:00,714,1,1.883,1044.539,112.98,274.883
2026-05-12T13:11:31+00:00,43.51090838201344,16.367739625275135,146,2026-05-12T13:15:23.195745+00:00,714,1,1.883,1046.422,112.98,274.883
2026-05-12T13:11:32+00:00,43.510910952463746,16.367714256048203,145,2026-05-12T13:15:23.195745+00:00,714,1,2.066,1048.488,123.96,277.953
2026-05-12T13:11:33+00:00,43.51091352291405,16.36768888682127,144,2026-05-12T13:15:23.195745+00:00,714,1,2.066,1050.553,123.96,277.953
2026-05-12T13:11:34+00:00,43.51091609336436,16.367663517594337,143,2026-05-12T13:15:23.195745+00:00,714,1,2.066,1052.619,123.96,277.953
2026-05-12T13:11:35+00:00,43.510916826780885,16.367636318318546,143,2026-05-12T13:15:23.195745+00:00,714,1,2.195,1054.814,131.7,272.129
2026-05-12T13:11:36+00:00,43.51091756019741,16.367609119042754,142,2026-05-12T13:15:23.195745+00:00,714,1,2.195,1057.009,131.7,272.129
2026-05-12T13:11:37+00:00,43.51091829361394,16.367581919766963,142,2026-05-12T13:15:23.195745+00:00,714,1,2.195,1059.204,131.7,272.129
2026-05-12T13:11:38+00:00,43.51091902703047,16.36755472049117,142,2026-05-12T13:15:23.195745+00:00,714,1,2.195,1061.399,131.7,272.129
2026-05-12T13:11:39+00:00,43.51091559045017,16.367533933371305,142,2026-05-12T13:15:23.195745+00:00,714,1,1.719,1063.118,103.14,257.159
2026-05-12T13:11:40+00:00,43.51091215386987,16.36751314625144,143,2026-05-12T13:15:23.195745+00:00,714,1,1.719,1064.838,103.14,257.159
2026-05-12T13:11:41+00:00,43.510903380811214,16.36750708334148,144,2026-05-12T13:15:23.195745+00:00,714,1,1.091,1065.929,65.46,206.62
2026-05-12T13:11:42+00:00,43.51089460775256,16.36750102043152,145,2026-05-12T13:15:23.195745+00:00,714,1,1.091,1067.02,65.46,206.62
2026-05-12T13:11:43+00:00,43.51088583469391,16.367494957521558,146,2026-05-12T13:15:23.195745+00:00,714,1,1.091,1068.111,65.46,206.62
2026-05-12T13:11:44+00:00,43.51086379028857,16.367492862045765,145,2026-05-12T13:15:23.195745+00:00,714,1,2.457,1070.568,147.42,183.944
2026-05-12T13:11:45+00:00,43.510841745883226,16.367490766569972,144,2026-05-12T13:15:23.195745+00:00,714,1,2.457,1073.025,147.42,183.944
2026-05-12T13:11:46+00:00,43.510819701477885,16.36748867109418,144,2026-05-12T13:15:23.195745+00:00,714,1,2.457,1075.482,147.42,183.944
2026-05-12T13:11:47+00:00,43.510797657072544,16.367486575618386,143,2026-05-12T13:15:23.195745+00:00,714,1,2.457,1077.939,147.42,183.944
2026-05-12T13:11:48+00:00,43.51077544502914,16.367482915520668,142,2026-05-12T13:15:23.195745+00:00,714,1,2.487,1080.427,149.22,186.815
2026-05-12T13:11:49+00:00,43.510753232985735,16.36747925542295,142,2026-05-12T13:15:23.195745+00:00,714,1,2.487,1082.914,149.22,186.815
2026-05-12T13:11:50+00:00,43.51073102094233,16.36747559532523,141,2026-05-12T13:15:23.195745+00:00,714,1,2.487,1085.402,149.22,186.815
2026-05-12T13:11:51+00:00,43.51071556471288,16.36746840365231,141,2026-05-12T13:15:23.195745+00:00,714,1,1.814,1087.216,108.84,198.647
2026-05-12T13:11:52+00:00,43.510700108483434,16.36746121197939,141,2026-05-12T13:15:23.195745+00:00,714,1,1.814,1089.029,108.84,198.647
2026-05-12T13:11:53+00:00,43.510684652253985,16.367454020306468,142,2026-05-12T13:15:23.195745+00:00,714,1,1.814,1090.843,108.84,198.647
2026-05-12T13:11:54+00:00,43.51066919602454,16.367446828633547,142,2026-05-12T13:15:23.195745+00:00,714,1,1.814,1092.657,108.84,198.647
2026-05-12T13:11:55+00:00,43.51065373979509,16.367439636960626,142,2026-05-12T13:15:23.195745+00:00,714,1,1.814,1094.471,108.84,198.647
2026-05-12T13:11:56+00:00,43.510654577985406,16.36741440743208,147,2026-05-12T13:15:23.195745+00:00,714,1,2.037,1096.508,122.22,272.623
2026-05-12T13:11:57+00:00,43.51065122522414,16.367391105741262,148,2026-05-12T13:15:23.195745+00:00,714,1,1.916,1098.424,114.96,258.779
2026-05-12T13:11:58+00:00,43.51065097376704,16.36735886335373,148,2026-05-12T13:15:23.195745+00:00,714,1,2.6,1101.024,156.0,269.384
2026-05-12T13:11:59+00:00,43.51065072230995,16.367326620966196,147,2026-05-12T13:15:23.195745+00:00,714,1,2.6,1103.624,156.0,269.384
2026-05-12T13:12:00+00:00,43.51065047085285,16.367294378578663,147,2026-05-12T13:15:23.195745+00:00,714,1,2.6,1106.224,156.0,269.384
2026-05-12T13:12:01+00:00,43.5106524406001,16.36726265307516,148,2026-05-12T13:15:23.195745+00:00,714,1,2.568,1108.792,154.08,274.893
2026-05-12T13:12:02+00:00,43.51065441034734,16.367230927571654,148,2026-05-12T13:15:23.195745+00:00,714,1,2.568,1111.36,154.08,274.893
2026-05-12T13:12:03+00:00,43.51065638009459,16.36719920206815,149,2026-05-12T13:15:23.195745+00:00,714,1,2.568,1113.928,154.08,274.893
2026-05-12T13:12:04+00:00,43.51065834984183,16.367167476564646,150,2026-05-12T13:15:23.195745+00:00,714,1,2.568,1116.496,154.08,274.893
2026-05-12T13:12:05+00:00,43.51066404953599,16.367135625332594,152,2026-05-12T13:15:23.195745+00:00,714,1,2.646,1119.141,158.76,283.86
2026-05-12T13:12:06+00:00,43.510669749230146,16.367103774100542,153,2026-05-12T13:15:23.195745+00:00,714,1,2.646,1121.787,158.76,283.86
2026-05-12T13:12:07+00:00,43.51067206822336,16.367074828594923,153,2026-05-12T13:15:23.195745+00:00,714,1,2.348,1124.135,140.88,276.304
2026-05-12T13:12:08+00:00,43.51067438721657,16.367045883089304,152,2026-05-12T13:15:23.195745+00:00,714,1,2.348,1126.484,140.88,276.304
2026-05-12T13:12:09+00:00,43.51067670620978,16.367016937583685,152,2026-05-12T13:15:23.195745+00:00,714,1,2.348,1128.832,140.88,276.304
2026-05-12T13:12:10+00:00,43.510680282488465,16.366990813985467,151,2026-05-12T13:15:23.195745+00:00,714,1,2.144,1130.976,128.64,280.689
2026-05-12T13:12:11+00:00,43.51068385876715,16.36696469038725,149,2026-05-12T13:15:23.195745+00:00,714,1,2.144,1133.12,128.64,280.689
2026-05-12T13:12:12+00:00,43.51068743504584,16.36693856678903,148,2026-05-12T13:15:23.195745+00:00,714,1,2.144,1135.264,128.64,280.689
2026-05-12T13:12:13+00:00,43.5106910392642,16.36690671555698,147,2026-05-12T13:15:23.195745+00:00,714,1,2.6,1137.864,156.0,278.868
2026-05-12T13:12:14+00:00,43.510694643482566,16.366874864324927,146,2026-05-12T13:15:23.195745+00:00,714,1,2.6,1140.463,156.0,278.868
2026-05-12T13:12:15+00:00,43.510700021870434,16.366844102740288,146,2026-05-12T13:15:23.195745+00:00,714,1,2.552,1143.015,153.12,283.554
2026-05-12T13:12:16+00:00,43.5107054002583,16.36681334115565,146,2026-05-12T13:15:23.195745+00:00,714,1,2.552,1145.567,153.12,283.554
2026-05-12T13:12:17+00:00,43.51071077864617,16.36678257957101,146,2026-05-12T13:15:23.195745+00:00,714,1,2.552,1148.119,153.12,283.554
2026-05-12T13:12:18+00:00,43.51071615703404,16.36675181798637,146,2026-05-12T13:15:23.195745+00:00,714,1,2.552,1150.671,153.12,283.554
2026-05-12T13:12:19+00:00,43.51072153542191,16.36672105640173,146,2026-05-12T13:15:23.195745+00:00,714,1,2.552,1153.222,153.12,283.554
2026-05-12T13:12:20+00:00,43.510726913809776,16.36669029481709,146,2026-05-12T13:15:23.195745+00:00,714,1,2.552,1155.774,153.12,283.554
2026-05-12T13:12:21+00:00,43.51073251571506,16.3666590442881,146,2026-05-12T13:15:23.195745+00:00,714,1,2.596,1158.37,155.76,283.883
2026-05-12T13:12:22+00:00,43.51073811762035,16.366627793759108,145,2026-05-12T13:15:23.195745+00:00,714,1,2.596,1160.966,155.76,283.883
2026-05-12T13:12:23+00:00,43.510743719525635,16.366596543230116,144,2026-05-12T13:15:23.195745+00:00,714,1,2.596,1163.562,155.76,283.883
2026-05-12T13:12:24+00:00,43.51074932143092,16.366565292701125,144,2026-05-12T13:15:23.195745+00:00,714,1,2.596,1166.158,155.76,283.883
2026-05-12T13:12:25+00:00,43.51075492333621,16.366534042172134,144,2026-05-12T13:15:23.195745+00:00,714,1,2.596,1168.754,155.76,283.883
2026-05-12T13:12:26+00:00,43.510760525241494,16.366502791643143,143,2026-05-12T13:15:23.195745+00:00,714,1,2.596,1171.35,155.76,283.883
2026-05-12T13:12:27+00:00,43.51076419930905,16.366472337394953,143,2026-05-12T13:15:23.195745+00:00,714,1,2.49,1173.84,149.4,279.445
2026-05-12T13:12:28+00:00,43.51076787337661,16.366441883146763,144,2026-05-12T13:15:23.195745+00:00,714,1,2.49,1176.33,149.4,279.445
2026-05-12T13:12:29+00:00,43.510771547444165,16.366411428898573,144,2026-05-12T13:15:23.195745+00:00,714,1,2.49,1178.819,149.4,279.445
2026-05-12T13:12:30+00:00,43.51077522151172,16.366380974650383,144,2026-05-12T13:15:23.195745+00:00,714,1,2.49,1181.309,149.4,279.445
2026-05-12T13:12:31+00:00,43.51077889557928,16.366350520402193,145,2026-05-12T13:15:23.195745+00:00,714,1,2.49,1183.799,149.4,279.445
2026-05-12T13:12:32+00:00,43.510782569646835,16.366320066154003,145,2026-05-12T13:15:23.195745+00:00,714,1,2.49,1186.288,149.4,279.445
2026-05-12T13:12:33+00:00,43.51078332401812,16.366294627077878,147,2026-05-12T13:15:23.195745+00:00,714,1,2.053,1188.342,123.18,272.341
2026-05-12T13:12:34+00:00,43.510784078389406,16.366269188001752,149,2026-05-12T13:15:23.195745+00:00,714,1,2.053,1190.395,123.18,272.341
2026-05-12T13:12:35+00:00,43.51078445557505,16.366240920033306,150,2026-05-12T13:15:23.195745+00:00,714,1,2.28,1192.675,136.8,271.054
2026-05-12T13:12:36+00:00,43.51078483276069,16.36621265206486,151,2026-05-12T13:15:23.195745+00:00,714,1,2.28,1194.955,136.8,271.054
2026-05-12T13:12:37+00:00,43.510785209946334,16.366184384096414,152,2026-05-12T13:15:23.195745+00:00,714,1,2.28,1197.235,136.8,271.054
2026-05-12T13:12:38+00:00,43.51078558713198,16.366156116127968,153,2026-05-12T13:15:23.195745+00:00,714,1,2.28,1199.515,136.8,271.054
2026-05-12T13:12:39+00:00,43.51078755687922,16.366126884240657,152,2026-05-12T13:15:23.195745+00:00,714,1,2.368,1201.882,142.08,275.308
2026-05-12T13:12:40+00:00,43.51078952662647,16.366097652353346,152,2026-05-12T13:15:23.195745+00:00,714,1,2.368,1204.25,142.08,275.308
2026-05-12T13:12:41+00:00,43.51079149637371,16.366068420466036,151,2026-05-12T13:15:23.195745+00:00,714,1,2.368,1206.617,142.08,275.308
2026-05-12T13:12:42+00:00,43.51079346612096,16.366039188578725,150,2026-05-12T13:15:23.195745+00:00,714,1,2.368,1208.985,142.08,275.308
2026-05-12T13:12:43+00:00,43.51079452224076,16.366011947393417,150,2026-05-12T13:15:23.195745+00:00,714,1,2.2,1211.185,132.0,273.06
2026-05-12T13:12:44+00:00,43.51079557836056,16.36598470620811,149,2026-05-12T13:15:23.195745+00:00,714,1,2.2,1213.385,132.0,273.06
2026-05-12T13:12:45+00:00,43.51079663448036,16.365957465022802,149,2026-05-12T13:15:23.195745+00:00,714,1,2.2,1215.585,132.0,273.06
2026-05-12T13:12:46+00:00,43.51079769060016,16.365930223837495,148,2026-05-12T13:15:23.195745+00:00,714,1,2.2,1217.785,132.0,273.06
2026-05-12T13:12:47+00:00,43.51079874671995,16.365902982652187,148,2026-05-12T13:15:23.195745+00:00,714,1,2.2,1219.985,132.0,273.06
2026-05-12T13:12:48+00:00,43.510796441696584,16.365869790315628,147,2026-05-12T13:15:23.195745+00:00,714,1,2.689,1222.674,161.34,264.53
2026-05-12T13:12:49+00:00,43.51079413667321,16.36583659797907,146,2026-05-12T13:15:23.195745+00:00,714,1,2.689,1225.363,161.34,264.53
2026-05-12T13:12:50+00:00,43.51079336134717,16.365804243832827,146,2026-05-12T13:15:23.195745+00:00,714,1,2.611,1227.973,156.66,268.108
2026-05-12T13:12:51+00:00,43.510792586021125,16.365771889686584,145,2026-05-12T13:15:23.195745+00:00,714,1,2.611,1230.584,156.66,268.108
2026-05-12T13:12:52+00:00,43.51079181069508,16.365739535540342,144,2026-05-12T13:15:23.195745+00:00,714,1,2.611,1233.194,156.66,268.108
2026-05-12T13:12:53+00:00,43.51079103536904,16.3657071813941,144,2026-05-12T13:15:23.195745+00:00,714,1,2.611,1235.805,156.66,268.108
2026-05-12T13:12:54+00:00,43.510792397428304,16.365678284782916,144,2026-05-12T13:15:23.195745+00:00,714,1,2.335,1238.14,140.1,273.719
2026-05-12T13:12:55+00:00,43.51079375948757,16.365649388171732,144,2026-05-12T13:15:23.195745+00:00,714,1,2.335,1240.475,140.1,273.719
2026-05-12T13:12:56+00:00,43.510795121546835,16.36562049156055,143,2026-05-12T13:15:23.195745+00:00,714,1,2.335,1242.811,140.1,273.719
2026-05-12T13:12:57+00:00,43.5107964836061,16.365591594949365,143,2026-05-12T13:15:23.195745+00:00,714,1,2.335,1245.146,140.1,273.719
2026-05-12T13:12:58+00:00,43.510801701340824,16.365562782157212,144,2026-05-12T13:15:23.195745+00:00,714,1,2.395,1247.541,143.7,284.02
2026-05-12T13:12:59+00:00,43.51080691907555,16.36553396936506,144,2026-05-12T13:15:23.195745+00:00,714,1,2.395,1249.936,143.7,284.02
2026-05-12T13:13:00+00:00,43.51081213681027,16.365505156572908,144,2026-05-12T13:15:23.195745+00:00,714,1,2.395,1252.331,143.7,284.02
2026-05-12T13:13:01+00:00,43.510817354545,16.365476343780756,145,2026-05-12T13:15:23.195745+00:00,714,1,2.395,1254.726,143.7,284.02
2026-05-12T13:13:02+00:00,43.51082100905478,16.365446085110307,145,2026-05-12T13:15:23.195745+00:00,714,1,2.474,1257.199,148.44,279.455
2026-05-12T13:13:03+00:00,43.51082466356456,16.365415826439857,146,2026-05-12T13:15:23.195745+00:00,714,1,2.474,1259.673,148.44,279.455
2026-05-12T13:13:04+00:00,43.510828318074346,16.36538556776941,146,2026-05-12T13:15:23.195745+00:00,714,1,2.474,1262.147,148.44,279.455
2026-05-12T13:13:05+00:00,43.51083197258413,16.36535530909896,147,2026-05-12T13:15:23.195745+00:00,714,1,2.474,1264.621,148.44,279.455
2026-05-12T13:13:06+00:00,43.51083562709391,16.36532505042851,147,2026-05-12T13:15:23.195745+00:00,714,1,2.474,1267.094,148.44,279.455
2026-05-12T13:13:07+00:00,43.51083891000599,16.365294819697738,147,2026-05-12T13:15:23.195745+00:00,714,1,2.465,1269.56,147.9,278.516
2026-05-12T13:13:08+00:00,43.51084219291806,16.365264588966966,146,2026-05-12T13:15:23.195745+00:00,714,1,2.465,1272.025,147.9,278.516
2026-05-12T13:13:09+00:00,43.51084547583014,16.365234358236194,146,2026-05-12T13:15:23.195745+00:00,714,1,2.465,1274.49,147.9,278.516
2026-05-12T13:13:10+00:00,43.51084875874221,16.36520412750542,146,2026-05-12T13:15:23.195745+00:00,714,1,2.465,1276.955,147.9,278.516
2026-05-12T13:13:11+00:00,43.51085204165429,16.36517389677465,145,2026-05-12T13:15:23.195745+00:00,714,1,2.465,1279.42,147.9,278.516
2026-05-12T13:13:12+00:00,43.51085532456637,16.365143666043878,145,2026-05-12T13:15:23.195745+00:00,714,1,2.465,1281.885,147.9,278.516
2026-05-12T13:13:13+00:00,43.51085918024182,16.36511713732034,145,2026-05-12T13:15:23.195745+00:00,714,1,2.182,1284.067,130.92,281.332
2026-05-12T13:13:14+00:00,43.51086303591728,16.3650906085968,145,2026-05-12T13:15:23.195745+00:00,714,1,2.182,1286.249,130.92,281.332
2026-05-12T13:13:15+00:00,43.51086689159274,16.365064079873264,145,2026-05-12T13:15:23.195745+00:00,714,1,2.182,1288.431,130.92,281.332
2026-05-12T13:13:16+00:00,43.5108707472682,16.365037551149726,145,2026-05-12T13:15:23.195745+00:00,714,1,2.182,1290.613,130.92,281.332
2026-05-12T13:13:17+00:00,43.51087460294366,16.365011022426188,145,2026-05-12T13:15:23.195745+00:00,714,1,2.182,1292.794,130.92,281.332
2026-05-12T13:13:18+00:00,43.51087845861912,16.36498449370265,145,2026-05-12T13:15:23.195745+00:00,714,1,2.182,1294.976,130.92,281.332
2026-05-12T13:13:19+00:00,43.510886281728745,16.364952782168984,145,2026-05-12T13:15:23.195745+00:00,714,1,2.701,1297.678,162.06,288.786
2026-05-12T13:13:20+00:00,43.51089410483837,16.36492107063532,146,2026-05-12T13:15:23.195745+00:00,714,1,2.701,1300.379,162.06,288.786
2026-05-12T13:13:21+00:00,43.510901927948,16.364889359101653,146,2026-05-12T13:15:23.195745+00:00,714,1,2.701,1303.08,162.06,288.786
2026-05-12T13:13:22+00:00,43.51090955547989,16.364855971187353,147,2026-05-12T13:15:23.195745+00:00,714,1,2.823,1305.903,169.38,287.484
2026-05-12T13:13:23+00:00,43.51091718301177,16.364822583273053,148,2026-05-12T13:15:23.195745+00:00,714,1,2.823,1308.726,169.38,287.484
2026-05-12T13:13:24+00:00,43.510924810543656,16.364789195358753,149,2026-05-12T13:15:23.195745+00:00,714,1,2.823,1311.549,169.38,287.484
2026-05-12T13:13:25+00:00,43.51092975586653,16.364754200913012,150,2026-05-12T13:15:23.195745+00:00,714,1,2.875,1314.424,172.5,281.026
2026-05-12T13:13:26+00:00,43.5109347011894,16.36471920646727,150,2026-05-12T13:15:23.195745+00:00,714,1,2.875,1317.299,172.5,281.026
2026-05-12T13:13:27+00:00,43.510936559177935,16.364691155031323,150,2026-05-12T13:15:23.195745+00:00,714,1,2.272,1319.571,136.32,275.218
2026-05-12T13:13:28+00:00,43.51093841716647,16.364663103595376,150,2026-05-12T13:15:23.195745+00:00,714,1,2.272,1321.842,136.32,275.218
2026-05-12T13:13:29+00:00,43.51094027515501,16.36463505215943,150,2026-05-12T13:15:23.195745+00:00,714,1,2.272,1324.114,136.32,275.218
2026-05-12T13:13:30+00:00,43.510942133143544,16.36460700072348,150,2026-05-12T13:15:23.195745+00:00,714,1,2.272,1326.385,136.32,275.218
2026-05-12T13:13:31+00:00,43.51094399113208,16.364578949287534,150,2026-05-12T13:15:23.195745+00:00,714,1,2.272,1328.657,136.32,275.218
2026-05-12T13:13:32+00:00,43.51094584912062,16.364550897851586,150,2026-05-12T13:15:23.195745+00:00,714,1,2.272,1330.929,136.32,275.218
2026-05-12T13:13:33+00:00,43.51094974670559,16.36452049249783,149,2026-05-12T13:15:23.195745+00:00,714,1,2.49,1333.419,149.4,280.024
2026-05-12T13:13:34+00:00,43.510953644290566,16.364490087144077,148,2026-05-12T13:15:23.195745+00:00,714,1,2.49,1335.909,149.4,280.024
2026-05-12T13:13:35+00:00,43.51095754187554,16.364459681790322,148,2026-05-12T13:15:23.195745+00:00,714,1,2.49,1338.399,149.4,280.024
2026-05-12T13:13:36+00:00,43.51096143946051,16.364429276436567,147,2026-05-12T13:15:23.195745+00:00,714,1,2.49,1340.889,149.4,280.024
2026-05-12T13:13:37+00:00,43.51096582598984,16.36439647525549,145,2026-05-12T13:15:23.195745+00:00,714,1,2.69,1343.578,161.4,280.448
2026-05-12T13:13:38+00:00,43.51097021251917,16.36436367407441,144,2026-05-12T13:15:23.195745+00:00,714,1,2.69,1346.268,161.4,280.448
2026-05-12T13:13:39+00:00,43.510974599048495,16.364330872893333,142,2026-05-12T13:15:23.195745+00:00,714,1,2.69,1348.958,161.4,280.448
2026-05-12T13:13:40+00:00,43.51097290869802,16.36430114507675,142,2026-05-12T13:15:23.195745+00:00,714,1,2.405,1351.363,144.3,265.517
2026-05-12T13:13:41+00:00,43.51097121834755,16.36427141726017,142,2026-05-12T13:15:23.195745+00:00,714,1,2.405,1353.767,144.3,265.517
2026-05-12T13:13:42+00:00,43.51096952799708,16.36424168944359,142,2026-05-12T13:15:23.195745+00:00,714,1,2.405,1356.172,144.3,265.517
2026-05-12T13:13:43+00:00,43.51096783764661,16.364211961627007,143,2026-05-12T13:15:23.195745+00:00,714,1,2.405,1358.577,144.3,265.517
2026-05-12T13:13:44+00:00,43.51096614729613,16.364182233810425,143,2026-05-12T13:15:23.195745+00:00,714,1,2.405,1360.982,144.3,265.517
2026-05-12T13:13:45+00:00,43.51096445694566,16.364152505993843,143,2026-05-12T13:15:23.195745+00:00,714,1,2.405,1363.386,144.3,265.517
2026-05-12T13:13:46+00:00,43.51096202619374,16.364123756065965,143,2026-05-12T13:15:23.195745+00:00,714,1,2.334,1365.72,140.04,263.351
2026-05-12T13:13:47+00:00,43.51095869438723,16.36409548809752,143,2026-05-12T13:15:23.195745+00:00,714,1,2.31,1368.03,138.6,260.769
2026-05-12T13:13:48+00:00,43.51095536258072,16.364067220129073,142,2026-05-12T13:15:23.195745+00:00,714,1,2.31,1370.339,138.6,260.769
2026-05-12T13:13:49+00:00,43.510952030774206,16.364038952160627,142,2026-05-12T13:15:23.195745+00:00,714,1,2.31,1372.649,138.6,260.769
2026-05-12T13:13:50+00:00,43.510948698967695,16.36401068419218,142,2026-05-12T13:15:23.195745+00:00,714,1,2.31,1374.959,138.6,260.769
2026-05-12T13:13:51+00:00,43.51094165816903,16.363988304510713,142,2026-05-12T13:15:23.195745+00:00,714,1,1.967,1376.926,118.02,246.549
2026-05-12T13:13:52+00:00,43.51093461737037,16.363965924829245,142,2026-05-12T13:15:23.195745+00:00,714,1,1.967,1378.893,118.02,246.549
2026-05-12T13:13:53+00:00,43.5109278280288,16.363957347348332,142,2026-05-12T13:15:23.195745+00:00,714,1,1.024,1379.917,61.44,222.498
2026-05-12T13:13:54+00:00,43.51092103868723,16.36394876986742,142,2026-05-12T13:15:23.195745+00:00,714,1,1.024,1380.941,61.44,222.498
2026-05-12T13:13:55+00:00,43.51091424934566,16.363940192386508,142,2026-05-12T13:15:23.195745+00:00,714,1,1.024,1381.965,61.44,222.498
2026-05-12T13:13:56+00:00,43.51089836563915,16.36393361259252,143,2026-05-12T13:15:23.195745+00:00,714,1,1.844,1383.809,110.64,196.722
2026-05-12T13:13:57+00:00,43.51088248193264,16.36392703279853,144,2026-05-12T13:15:23.195745+00:00,714,1,1.844,1385.653,110.64,196.722
2026-05-12T13:13:58+00:00,43.510871208272874,16.363926655612886,144,2026-05-12T13:15:23.195745+00:00,714,1,1.254,1386.907,75.24,181.39
2026-05-12T13:13:59+00:00,43.51085993461311,16.363926278427243,143,2026-05-12T13:15:23.195745+00:00,714,1,1.254,1388.161,75.24,181.39
2026-05-12T13:14:00+00:00,43.51084866095334,16.3639259012416,143,2026-05-12T13:15:23.195745+00:00,714,1,1.254,1389.415,75.24,181.39
2026-05-12T13:14:01+00:00,43.51083738729358,16.363925524055958,143,2026-05-12T13:15:23.195745+00:00,714,1,1.254,1390.669,75.24,181.39
2026-05-12T13:14:02+00:00,43.51082611363381,16.363925146870315,142,2026-05-12T13:15:23.195745+00:00,714,1,1.254,1391.923,75.24,181.39
2026-05-12T13:14:03+00:00,43.510814839974046,16.363924769684672,142,2026-05-12T13:15:23.195745+00:00,714,1,1.254,1393.177,75.24,181.39
2026-05-12T13:14:04+00:00,43.5108075896278,16.3639259012416,141,2026-05-12T13:15:23.195745+00:00,714,1,0.811,1393.988,48.66,173.542
2026-05-12T13:14:05+00:00,43.51080033928156,16.36392703279853,140,2026-05-12T13:15:23.195745+00:00,714,1,0.811,1394.8,48.66,173.542
2026-05-12T13:14:06+00:00,43.510790476575494,16.363931111991405,140,2026-05-12T13:15:23.195745+00:00,714,1,1.145,1395.944,68.7,163.303
2026-05-12T13:14:07+00:00,43.51078061386943,16.363935191184282,139,2026-05-12T13:15:23.195745+00:00,714,1,1.145,1397.089,68.7,163.303
2026-05-12T13:14:08+00:00,43.51077075116336,16.36393927037716,139,2026-05-12T13:15:23.195745+00:00,714,1,1.145,1398.234,68.7,163.303
2026-05-12T13:14:09+00:00,43.51076209684834,16.363941051531583,138,2026-05-12T13:15:23.195745+00:00,714,1,0.973,1399.207,58.38,171.511
2026-05-12T13:14:10+00:00,43.510753442533314,16.363942832686007,138,2026-05-12T13:15:23.195745+00:00,714,1,0.973,1400.18,58.38,171.511
2026-05-12T13:14:11+00:00,43.51074478821829,16.36394461384043,137,2026-05-12T13:15:23.195745+00:00,714,1,0.973,1401.153,58.38,171.511
2026-05-12T13:14:12+00:00,43.510736133903265,16.363946394994855,136,2026-05-12T13:15:23.195745+00:00,714,1,0.973,1402.126,58.38,171.511
2026-05-12T13:14:13+00:00,43.51072697667405,16.363946730270982,135,2026-05-12T13:15:23.195745+00:00,714,1,1.019,1403.145,61.14,178.479
2026-05-12T13:14:14+00:00,43.510717819444835,16.36394706554711,134,2026-05-12T13:15:23.195745+00:00,714,1,1.019,1404.163,61.14,178.479
2026-05-12T13:14:15+00:00,43.51070866221562,16.363947400823236,134,2026-05-12T13:15:23.195745+00:00,714,1,1.019,1405.182,61.14,178.479
2026-05-12T13:14:16+00:00,43.510699504986405,16.363947736099362,133,2026-05-12T13:15:23.195745+00:00,714,1,1.019,1406.201,61.14,178.479
2026-05-12T13:14:17+00:00,43.51069246418774,16.3639491610229,131,2026-05-12T13:15:23.195745+00:00,714,1,0.791,1406.992,47.46,171.65
2026-05-12T13:14:18+00:00,43.51068451534957,16.363949943333864,131,2026-05-12T13:15:23.195745+00:00,714,1,0.886,1407.878,53.16,175.917
2026-05-12T13:14:19+00:00,43.51067656651139,16.363950725644827,131,2026-05-12T13:15:23.195745+00:00,714,1,0.886,1408.764,53.16,175.917
2026-05-12T13:14:20+00:00,43.51066861767322,16.36395150795579,130,2026-05-12T13:15:23.195745+00:00,714,1,0.886,1409.65,53.16,175.917
2026-05-12T13:14:21+00:00,43.51066066883504,16.363952290266752,130,2026-05-12T13:15:23.195745+00:00,714,1,0.886,1410.536,53.16,175.917
2026-05-12T13:14:22+00:00,43.51065271999687,16.363953072577715,130,2026-05-12T13:15:23.195745+00:00,714,1,0.886,1411.423,53.16,175.917
2026-05-12T13:14:23+00:00,43.510644771158695,16.363953854888678,130,2026-05-12T13:15:23.195745+00:00,714,1,0.886,1412.309,53.16,175.917
2026-05-12T13:14:24+00:00,43.51063831709325,16.363951675593853,130,2026-05-12T13:15:23.195745+00:00,714,1,0.739,1413.048,44.34,193.76
2026-05-12T13:14:25+00:00,43.51063186302781,16.36394949629903,130,2026-05-12T13:15:23.195745+00:00,714,1,0.739,1413.786,44.34,193.76
2026-05-12T13:14:26+00:00,43.51063043810427,16.363947819918394,130,2026-05-12T13:15:23.195745+00:00,714,1,0.208,1413.995,12.48,220.472
2026-05-12T13:14:27+00:00,43.51062901318073,16.36394614353776,131,2026-05-12T13:15:23.195745+00:00,714,1,0.208,1414.203,12.48,220.472
2026-05-12T13:14:28+00:00,43.510627588257194,16.363944467157125,132,2026-05-12T13:15:23.195745+00:00,714,1,0.208,1414.411,12.48,220.472
2026-05-12T13:14:29+00:00,43.510626163333654,16.36394279077649,132,2026-05-12T13:15:23.195745+00:00,714,1,0.208,1414.62,12.48,220.472
2026-05-12T13:14:30+00:00,43.51062621921301,16.363941337913275,134,2026-05-12T13:15:23.195745+00:00,714,1,0.117,1414.737,7.02,273.036
2026-05-12T13:14:31+00:00,43.51062627509236,16.36393988505006,136,2026-05-12T13:15:23.195745+00:00,714,1,0.117,1414.854,7.02,273.036
2026-05-12T13:14:32+00:00,43.51062633097172,16.363938432186842,138,2026-05-12T13:15:23.195745+00:00,714,1,0.117,1414.972,7.02,273.036
2026-05-12T13:14:33+00:00,43.510626163333654,16.363938851282,138,2026-05-12T13:15:23.195745+00:00,714,1,0.039,1415.01,2.34,118.878
2026-05-12T13:14:34+00:00,43.51063106674701,16.363940946757793,140,2026-05-12T13:15:23.195745+00:00,714,1,0.571,1415.581,34.26,17.22
2026-05-12T13:14:35+00:00,43.510635970160365,16.363943042233586,143,2026-05-12T13:15:23.195745+00:00,714,1,0.571,1416.152,34.26,17.22
2026-05-12T13:14:36+00:00,43.51063803769648,16.363946590572596,144,2026-05-12T13:15:23.195745+00:00,714,1,0.367,1416.519,22.02,51.221
2026-05-12T13:14:37+00:00,43.51064010523259,16.363950138911605,145,2026-05-12T13:15:23.195745+00:00,714,1,0.367,1416.886,22.02,51.221
2026-05-12T13:14:38+00:00,43.51064217276871,16.363953687250614,146,2026-05-12T13:15:23.195745+00:00,714,1,0.367,1417.253,22.02,51.221
2026-05-12T13:14:39+00:00,43.510642033070326,16.363962991163135,146,2026-05-12T13:15:23.195745+00:00,714,1,0.75,1418.003,45.0,91.186
2026-05-12T13:14:40+00:00,43.51064189337194,16.363972295075655,145,2026-05-12T13:15:23.195745+00:00,714,1,0.75,1418.754,45.0,91.186
2026-05-12T13:14:41+00:00,43.51064175367355,16.363981598988175,145,2026-05-12T13:15:23.195745+00:00,714,1,0.75,1419.504,45.0,91.186
2026-05-12T13:14:42+00:00,43.51064272597432,16.36398506909609,145,2026-05-12T13:15:23.195745+00:00,714,1,0.3,1419.804,18.0,68.876
2026-05-12T13:14:43+00:00,43.51064369827509,16.363988539204,144,2026-05-12T13:15:23.195745+00:00,714,1,0.3,1420.104,18.0,68.876
2026-05-12T13:14:44+00:00,43.51064467057586,16.363992009311914,144,2026-05-12T13:15:23.195745+00:00,714,1,0.3,1420.404,18.0,68.876
2026-05-12T13:14:45+00:00,43.510645642876625,16.363995479419827,143,2026-05-12T13:15:23.195745+00:00,714,1,0.3,1420.704,18.0,68.876
2026-05-12T13:14:46+00:00,43.51064661517739,16.36399894952774,143,2026-05-12T13:15:23.195745+00:00,714,1,0.3,1421.004,18.0,68.876
2026-05-12T13:14:47+00:00,43.51064447779208,16.364004900678992,141,2026-05-12T13:15:23.195745+00:00,714,1,0.536,1421.54,32.16,116.345
2026-05-12T13:14:48+00:00,43.510642340406775,16.364010851830244,139,2026-05-12T13:15:23.195745+00:00,714,1,0.536,1422.075,32.16,116.345
2026-05-12T13:14:49+00:00,43.51063379086554,16.36401990428567,135,2026-05-12T13:15:23.195745+00:00,714,1,1.199,1423.274,71.94,142.479
2026-05-12T13:14:50+00:00,43.51063379086554,16.36402283795178,132,2026-05-12T13:15:23.195745+00:00,714,1,0.237,1423.511,14.22,90.0
2026-05-12T13:14:51+00:00,43.51063043810427,16.364028034731746,129,2026-05-12T13:15:23.195745+00:00,714,1,0.561,1424.072,33.66,131.655
2026-05-12T13:14:52+00:00,43.51062427740544,16.364032016135752,128,2026-05-12T13:15:23.195745+00:00,714,1,0.757,1424.828,45.42,154.888
2026-05-12T13:14:53+00:00,43.51061811670661,16.36403599753976,127,2026-05-12T13:15:23.195745+00:00,714,1,0.757,1425.585,45.42,154.888
2026-05-12T13:14:54+00:00,43.5106092877686,16.364038246683776,127,2026-05-12T13:15:23.195745+00:00,714,1,0.998,1426.583,59.88,169.532
2026-05-12T13:14:55+00:00,43.510600458830595,16.364040495827794,127,2026-05-12T13:15:23.195745+00:00,714,1,0.998,1427.581,59.88,169.532
2026-05-12T13:14:56+00:00,43.51059162989259,16.36404274497181,126,2026-05-12T13:15:23.195745+00:00,714,1,0.998,1428.58,59.88,169.532
2026-05-12T13:14:57+00:00,43.51058280095458,16.36404499411583,126,2026-05-12T13:15:23.195745+00:00,714,1,0.998,1429.578,59.88,169.532
2026-05-12T13:14:58+00:00,43.51057397201657,16.364047243259847,126,2026-05-12T13:15:23.195745+00:00,714,1,0.998,1430.576,59.88,169.532
2026-05-12T13:14:59+00:00,43.510565143078566,16.364049492403865,126,2026-05-12T13:15:23.195745+00:00,714,1,0.998,1431.575,59.88,169.532
2026-05-12T13:15:00+00:00,43.51055761612952,16.36405193991959,125,2026-05-12T13:15:23.195745+00:00,714,1,0.86,1432.435,51.6,166.731
2026-05-12T13:15:01+00:00,43.51055008918047,16.364054387435317,124,2026-05-12T13:15:23.195745+00:00,714,1,0.86,1433.295,51.6,166.731
2026-05-12T13:15:02+00:00,43.51054256223142,16.364056834951043,123,2026-05-12T13:15:23.195745+00:00,714,1,0.86,1434.155,51.6,166.731
2026-05-12T13:15:03+00:00,43.51053503528237,16.36405928246677,122,2026-05-12T13:15:23.195745+00:00,714,1,0.86,1435.014,51.6,166.731
2026-05-12T13:15:04+00:00,43.510527508333325,16.364061729982495,121,2026-05-12T13:15:23.195745+00:00,714,1,0.86,1435.874,51.6,166.731
2026-05-12T13:15:05+00:00,43.510521138086915,16.364059885963798,120,2026-05-12T13:15:23.195745+00:00,714,1,0.724,1436.598,43.44,191.856
2026-05-12T13:15:06+00:00,43.510515661910176,16.364059299230576,119,2026-05-12T13:15:23.195745+00:00,714,1,0.611,1437.209,36.66,184.443
2026-05-12T13:15:07+00:00,43.51051018573344,16.364058712497354,117,2026-05-12T13:15:23.195745+00:00,714,1,0.611,1437.82,36.66,184.443
2026-05-12T13:15:08+00:00,43.5105047095567,16.36405812576413,116,2026-05-12T13:15:23.195745+00:00,714,1,0.611,1438.43,36.66,184.443
2026-05-12T13:15:09+00:00,43.510499177500606,16.364059383049607,115,2026-05-12T13:15:23.195745+00:00,714,1,0.623,1439.054,37.38,170.64
2026-05-12T13:15:10+00:00,43.51049364544451,16.364060640335083,114,2026-05-12T13:15:23.195745+00:00,714,1,0.623,1439.677,37.38,170.64
2026-05-12T13:15:11+00:00,43.51048829499632,16.36405946686864,113,2026-05-12T13:15:23.195745+00:00,714,1,0.602,1440.28,36.12,189.038
2026-05-12T13:15:12+00:00,43.51048294454813,16.364058293402195,113,2026-05-12T13:15:23.195745+00:00,714,1,0.602,1440.882,36.12,189.038
2026-05-12T13:15:13+00:00,43.51047759409994,16.36405711993575,112,2026-05-12T13:15:23.195745+00:00,714,1,0.602,1441.485,36.12,189.038
2026-05-12T13:15:14+00:00,43.51047224365175,16.364055946469307,111,2026-05-12T13:15:23.195745+00:00,714,1,0.602,1442.087,36.12,189.038
2026-05-12T13:15:15+00:00,43.51046689320356,16.364054773002863,111,2026-05-12T13:15:23.195745+00:00,714,1,0.602,1442.689,36.12,189.038
2026-05-12T13:15:16+00:00,43.510461542755365,16.36405359953642,110,2026-05-12T13:15:23.195745+00:00,714,1,0.602,1443.292,36.12,189.038
2026-05-12T13:15:17+00:00,43.510458525270224,16.364049911499023,108,2026-05-12T13:15:23.195745+00:00,714,1,0.448,1443.74,26.88,221.554
2026-05-12T13:15:18+00:00,43.51045550778508,16.364046223461628,106,2026-05-12T13:15:23.195745+00:00,714,1,0.448,1444.189,26.88,221.554
2026-05-12T13:15:19+00:00,43.51044898387045,16.364045357331634,106,2026-05-12T13:15:23.195745+00:00,714,1,0.729,1444.917,43.74,185.5
2026-05-12T13:15:20+00:00,43.51044245995581,16.36404449120164,105,2026-05-12T13:15:23.195745+00:00,714,1,0.729,1445.646,43.74,185.5
2026-05-12T13:15:21+00:00,43.510435936041176,16.364043625071645,105,2026-05-12T13:15:23.195745+00:00,714,1,0.729,1446.375,43.74,185.5
2026-05-12T13:15:22+00:00,43.51042941212654,16.36404275894165,105,2026-05-12T13:15:23.195745+00:00,714,1,0.729,1447.104,43.74,185.5
2026-05-12T13:15:23+00:00,43.510422888211906,16.364041892811656,104,2026-05-12T13:15:23.195745+00:00,714,1,0.729,1447.832,43.74,185.5
2026-05-12T13:15:24+00:00,43.51041636429727,16.36404102668166,104,2026-05-12T13:15:23.195745+00:00,714,1,0.729,1448.561,43.74,185.5
2026-05-12T13:15:25+00:00,43.51040840148926,16.36404052376747,106,2026-05-12T13:15:23.195745+00:00,714,1,0.886,1449.448,53.16,182.623
2026-05-12T13:15:26+00:00,43.510400438681245,16.36404002085328,107,2026-05-12T13:15:23.195745+00:00,714,1,0.886,1450.334,53.16,182.623
2026-05-12T13:15:27+00:00,43.51039222441614,16.364040607586503,110,2026-05-12T13:15:23.195745+00:00,714,1,0.915,1451.249,54.9,177.035
2026-05-12T13:15:28+00:00,43.51038715336472,16.364039455074817,110,2026-05-12T13:15:23.195745+00:00,714,1,0.571,1451.82,34.26,189.36
2026-05-12T13:15:29+00:00,43.5103820823133,16.36403830256313,111,2026-05-12T13:15:23.195745+00:00,714,1,0.571,1452.392,34.26,189.36
2026-05-12T13:15:30+00:00,43.51037701126188,16.364037150051445,112,2026-05-12T13:15:23.195745+00:00,714,1,0.571,1452.963,34.26,189.36
2026-05-12T13:15:31+00:00,43.51037194021046,16.36403599753976,112,2026-05-12T13:15:23.195745+00:00,714,1,0.571,1453.534,34.26,189.36
2026-05-12T13:15:32+00:00,43.51036950945854,16.364038372412324,111,2026-05-12T13:15:23.195745+00:00,714,1,0.331,1453.866,19.86,144.679
2026-05-12T13:15:33+00:00,43.51036707870662,16.36404074728489,109,2026-05-12T13:15:23.195745+00:00,714,1,0.331,1454.197,19.86,144.679
2026-05-12T13:15:34+00:00,43.5103646479547,16.364043122157454,108,2026-05-12T13:15:23.195745+00:00,714,1,0.331,1454.528,19.86,144.679
2026-05-12T13:15:35+00:00,43.51035889238119,16.364048374816775,108,2026-05-12T13:15:23.195745+00:00,714,1,0.767,1455.296,46.02,146.5
2026-05-12T13:15:36+00:00,43.51035313680768,16.364053627476096,108,2026-05-12T13:15:23.195745+00:00,714,1,0.767,1456.063,46.02,146.5
2026-05-12T13:15:37+00:00,43.51034738123417,16.364058880135417,108,2026-05-12T13:15:23.195745+00:00,714,1,0.767,1456.831,46.02,146.5
2026-05-12T13:15:38+00:00,43.510335478931665,16.364069832488894,109,2026-05-12T13:15:23.195745+00:00,714,1,1.591,1458.422,95.46,146.282
2026-05-12T13:15:39+00:00,43.51032357662916,16.364080784842372,111,2026-05-12T13:15:23.195745+00:00,714,1,1.591,1460.013,95.46,146.282
2026-05-12T13:15:40+00:00,43.51031167432666,16.36409173719585,112,2026-05-12T13:15:23.195745+00:00,714,1,1.591,1461.604,95.46,146.282
2026-05-12T13:15:41+00:00,43.510315236635506,16.36412492953241,112,2026-05-12T13:15:23.195745+00:00,714,1,2.706,1464.31,162.36,81.582
2026-05-12T13:15:42+00:00,43.510318798944354,16.364158121868968,111,2026-05-12T13:15:23.195745+00:00,714,1,2.706,1467.016,162.36,81.582
2026-05-12T13:15:43+00:00,43.510329402051866,16.364187416620553,108,2026-05-12T13:15:23.195745+00:00,714,1,2.64,1469.656,158.4,63.478
2026-05-12T13:15:44+00:00,43.51034000515938,16.364216711372137,106,2026-05-12T13:15:23.195745+00:00,714,1,2.64,1472.297,158.4,63.478
2026-05-12T13:15:45+00:00,43.51034511812031,16.364240515977144,106,2026-05-12T13:15:23.195745+00:00,714,1,2.002,1474.299,120.12,73.503
2026-05-12T13:15:46+00:00,43.51035266183317,16.364257195964456,108,2026-05-12T13:15:23.195745+00:00,714,1,1.585,1475.884,95.1,58.053
2026-05-12T13:15:47+00:00,43.51036020554602,16.364273875951767,109,2026-05-12T13:15:23.195745+00:00,714,1,1.585,1477.469,95.1,58.053
2026-05-12T13:15:48+00:00,43.5103749576956,16.364279156550765,114,2026-05-12T13:15:23.195745+00:00,714,1,1.695,1479.164,101.7,14.553
2026-05-12T13:15:49+00:00,43.51039172150195,16.36427798308432,120,2026-05-12T13:15:23.195745+00:00,714,1,1.866,1481.03,111.96,357.094
2026-05-12T13:15:50+00:00,43.51040848530829,16.364260129630566,125,2026-05-12T13:15:23.195745+00:00,714,1,2.355,1483.386,141.3,322.318
2026-05-12T13:15:51+00:00,43.5104243690148,16.36424755677581,126,2026-05-12T13:15:23.195745+00:00,714,1,2.037,1485.422,122.22,330.141
2026-05-12T13:15:52+00:00,43.51044025272131,16.36423498392105,128,2026-05-12T13:15:23.195745+00:00,714,1,2.037,1487.459,122.22,330.141
2026-05-12T13:15:53+00:00,43.510452350601554,16.364216418005526,128,2026-05-12T13:15:23.195745+00:00,714,1,2.013,1489.472,120.78,311.939
2026-05-12T13:15:54+00:00,43.5104644484818,16.36419785209,129,2026-05-12T13:15:23.195745+00:00,714,1,2.013,1491.484,120.78,311.939
2026-05-12T13:15:55+00:00,43.51047654636204,16.364179286174476,129,2026-05-12T13:15:23.195745+00:00,714,1,2.013,1493.497,120.78,311.939
2026-05-12T13:15:56+00:00,43.51048864424229,16.36416072025895,129,2026-05-12T13:15:23.195745+00:00,714,1,2.013,1495.51,120.78,311.939
2026-05-12T13:15:57+00:00,43.51050074212253,16.364142154343426,130,2026-05-12T13:15:23.195745+00:00,714,1,2.013,1497.523,120.78,311.939
2026-05-12T13:15:58+00:00,43.510512840002775,16.3641235884279,130,2026-05-12T13:15:23.195745+00:00,714,1,2.013,1499.536,120.78,311.939
2026-05-12T13:15:59+00:00,43.51052142307162,16.364104863256216,130,2026-05-12T13:15:23.195745+00:00,714,1,1.786,1501.322,107.16,302.294
2026-05-12T13:16:00+00:00,43.51053000614047,16.36408613808453,130,2026-05-12T13:15:23.195745+00:00,714,1,1.786,1503.108,107.16,302.294
